<module>
  <!-- Inherit the core Web Toolkit stuff.                  -->
  <inherits name="com.google.gwt.user.User"/>
  <inherits name="com.google.gwt.i18n.I18N"/>

  <!-- Inherit the core Kuali Student UI library, which contains the MVC framework, etc -->
  <inherits name="org.kuali.student.commons.ui.UICommons"/>
  <inherits name="org.kuali.student.brms.InternalCommon"/>

  <inherits name='org.kuali.student.brms.FactFinder'/>
  <inherits name='org.kuali.student.brms.RuleManagement'/>
  <inherits name='org.kuali.student.brms.RuleExecution'/>

  <!-- disable warnings -->
  <set-property name="gwt.suppressNonStaticFinalFieldWarnings" value="true" /> 

  <!-- Specify the app entry point class.                   -->
  <entry-point class="org.kuali.student.brms.devgui.client.DevelopersGuiEntryPoint"/>
  
  <servlet class="org.kuali.student.brms.devgui.server.gwt.DevelopersGuiServiceImplGWT" path="/DevelopersGuiService"/>  
</module>
