<?xml version="1.0" encoding="UTF-8"?>
<beans xmlns="http://www.springframework.org/schema/beans"
	xmlns:xsi="http://www.w3.org/2001/XMLSchema-instance"
	xmlns:context="http://www.springframework.org/schema/context"
	xsi:schemaLocation="
          http://www.springframework.org/schema/context http://www.springframework.org/schema/context/spring-context-2.5.xsd
		  http://www.springframework.org/schema/beans http://www.springframework.org/schema/beans/spring-beans-2.5.xsd">

	<context:property-placeholder
		location="classpath:application.properties" />

	<bean id="developersGuiService"			class="org.kuali.student.brms.devgui.server.impl.DevelopersGuiServiceImpl">
		<property name="ruleManagementService" ref="ruleManagementClient" />		<property name="factFinderService" ref="factFinderClient" />
		<property name="ruleExecutionService" ref="ruleExecutionClient" />
	</bean>

   <bean id="ruleManagementClient"
		 class="org.kuali.student.poc.common.ws.beans.JaxWsClientFactoryBean">
		 <property name="wsdlLocation"
		     value="classpath:wsdl/RuleManagementService.wsdl" />
		 <property name="serviceEndpointInterface"
		     value="org.kuali.student.brms.rulemanagement.service.RuleManagementService" />
		 <property name="serviceQNameString"
		     value="{http://student.kuali.org/wsdl/brms/RuleManagement}RuleManagementService" />
		 <property name="address"
		     value="${ks.servicelocation.RuleManagementService}" />
    </bean>
    
   <bean id="factFinderClient"
		 class="org.kuali.student.poc.common.ws.beans.JaxWsClientFactoryBean">
		 <property name="wsdlLocation"
		     value="classpath:wsdl/FactFinderService.wsdl" />
		 <property name="serviceEndpointInterface"
		     value="org.kuali.student.brms.factfinder.service.FactFinderService" />
		 <property name="serviceQNameString"
		     value="{http://student.kuali.org/wsdl/brms/FactFinder}FactFinderService" />
		 <property name="address"
		     value="${ks.servicelocation.FactFinderService}" />
    </bean>    
    
   <bean id="ruleExecutionClient"
		 class="org.kuali.student.poc.common.ws.beans.JaxWsClientFactoryBean">
		 <property name="wsdlLocation"
		     value="classpath:wsdl/RuleExecutionService.wsdl" />
		 <property name="serviceEndpointInterface"
		     value="org.kuali.student.brms.ruleexecution.service.RuleExecutionService" />
		 <property name="serviceQNameString"
		     value="{http://student.kuali.org/wsdl/brms/RuleExecution}RuleExecutionService" />
		 <property name="address"
		     value="http://localhost:8080/brms-web/services/RuleExecutionService" />
    </bean>        
	
</beans>
