--
-- Copyright 2011 The Kuali Foundation Licensed under the
-- Educational Community License, Version 2.0 (the "License"); you may
-- not use this file except in compliance with the License. You may
-- obtain a copy of the License at
--
-- http://www.osedu.org/licenses/ECL-2.0
--
-- Unless required by applicable law or agreed to in writing,
-- software distributed under the License is distributed on an "AS IS"
-- BASIS, WITHOUT WARRANTIES OR CONDITIONS OF ANY KIND, either express
-- or implied. See the License for the specific language governing
-- permissions and limitations under the License.
--

//AtpTypeEntity
INSERT INTO KSEN_ATP_TYPE(TYPE_KEY, NAME, TYPE_DESC, REF_OBJECT_URI, VER_NBR) VALUES ('kuali.atp.type.AcademicCalendar', 'Academic Calendar', 'Academic Calendar', 'http://student.kuali.org/wsdl/atp/AtpInfo', 0)
INSERT INTO KSEN_ATP_TYPE(TYPE_KEY, NAME, TYPE_DESC, REF_OBJECT_URI, VER_NBR) VALUES ('kuali.atp.type.HolidayCalendar', 'Holiday Calendar', 'Holiday Calendar', 'http://student.kuali.org/wsdl/atp/AtpInfo', 0)
INSERT INTO KSEN_ATP_TYPE(TYPE_KEY, NAME, TYPE_DESC, REF_OBJECT_URI, VER_NBR) VALUES ('kuali.atp.type.Fall', 'Fall', 'Fall Semester', 'http://student.kuali.org/wsdl/atp/AtpInfo', 0)
INSERT INTO KSEN_ATP_TYPE(TYPE_KEY, NAME, TYPE_DESC, REF_OBJECT_URI, VER_NBR) VALUES ('kuali.atp.type.Spring', 'Spring', 'Spring Semester', 'http://student.kuali.org/wsdl/atp/AtpInfo', 0)
INSERT INTO KSEN_ATP_TYPE(TYPE_KEY, NAME, TYPE_DESC, REF_OBJECT_URI, VER_NBR) VALUES ('kuali.atp.type.FallSpring', 'Fall-Spring', 'Fall & Spring Semesters', 'http://student.kuali.org/wsdl/atp/AtpInfo', 0)
INSERT INTO KSEN_ATP_TYPE(TYPE_KEY, NAME, TYPE_DESC, REF_OBJECT_URI, VER_NBR) VALUES ('kuali.atp.type.AY', 'AY', 'Full Academic Year', 'http://student.kuali.org/wsdl/atp/AtpInfo', 0)
INSERT INTO KSEN_ATP_TYPE(TYPE_KEY, NAME, TYPE_DESC, REF_OBJECT_URI, VER_NBR) VALUES ('kuali.atp.type.FY', 'FY', 'Fiscal Year', 'http://student.kuali.org/wsdl/atp/AtpInfo', 0)
INSERT INTO KSEN_ATP_TYPE(TYPE_KEY, NAME, TYPE_DESC, REF_OBJECT_URI, VER_NBR) VALUES ('kuali.atp.type.Holiday', 'Holiday', 'Holiday', 'http://student.kuali.org/wsdl/atp/AtpInfo', 0)
INSERT INTO KSEN_ATP_TYPE(TYPE_KEY, NAME, TYPE_DESC, REF_OBJECT_URI, VER_NBR) VALUES ('kuali.atp.type.SpringBreak', 'SpringBreak', 'Spring Break', 'http://student.kuali.org/wsdl/atp/AtpInfo', 0)
INSERT INTO KSEN_ATP_TYPE(TYPE_KEY, NAME, TYPE_DESC, REF_OBJECT_URI, VER_NBR) VALUES ('kuali.atp.type.Thanksgiving', 'Thanksgiving', 'Thanksgiving', 'http://student.kuali.org/wsdl/atp/AtpInfo', 0)
INSERT INTO KSEN_ATP_TYPE(TYPE_KEY, NAME, TYPE_DESC, REF_OBJECT_URI, VER_NBR) VALUES ('kuali.atp.type.HalfFall1', 'Fall Half-Semester 1', 'Fall Half-Semester 1', 'http://student.kuali.org/wsdl/atp/AtpInfo', 0)
INSERT INTO KSEN_ATP_TYPE(TYPE_KEY, NAME, TYPE_DESC, REF_OBJECT_URI, VER_NBR) VALUES ('kuali.atp.type.HalfFall2', 'Fall Half-Semester 2', 'Fall Half-Semester 2', 'http://student.kuali.org/wsdl/atp/AtpInfo', 0)
INSERT INTO KSEN_ATP_TYPE(TYPE_KEY, NAME, TYPE_DESC, REF_OBJECT_URI, VER_NBR) VALUES ('kuali.atp.type.HalfSpring1', 'Spring Half-Semester 1', 'Spring Half-Semester 1', 'http://student.kuali.org/wsdl/atp/AtpInfo', 0)
INSERT INTO KSEN_ATP_TYPE(TYPE_KEY, NAME, TYPE_DESC, REF_OBJECT_URI, VER_NBR) VALUES ('kuali.atp.type.HalfSpring2', 'Spring Half-Semester 1', 'Spring Half-Semester 2', 'http://student.kuali.org/wsdl/atp/AtpInfo', 0)
INSERT INTO KSEN_ATP_TYPE(TYPE_KEY, NAME, TYPE_DESC, REF_OBJECT_URI, VER_NBR) VALUES ('kuali.atp.type.Mini-mester1A', 'Mini Semester 1A', 'Mini Semester 1A', 'http://student.kuali.org/wsdl/atp/AtpInfo', 0)
INSERT INTO KSEN_ATP_TYPE(TYPE_KEY, NAME, TYPE_DESC, REF_OBJECT_URI, VER_NBR) VALUES ('kuali.atp.type.Mini-mester1B', 'Mini Semester 1B', 'Mini Semester 1B', 'http://student.kuali.org/wsdl/atp/AtpInfo', 0)
INSERT INTO KSEN_ATP_TYPE(TYPE_KEY, NAME, TYPE_DESC, REF_OBJECT_URI, VER_NBR) VALUES ('kuali.atp.type.Mini-mester2C', 'Mini Semester 2C', 'Mini Semester 2C', 'http://student.kuali.org/wsdl/atp/AtpInfo', 0)
INSERT INTO KSEN_ATP_TYPE(TYPE_KEY, NAME, TYPE_DESC, REF_OBJECT_URI, VER_NBR) VALUES ('kuali.atp.type.Mini-mester2D', 'Mini Semester 2D', 'Mini Semester 2D', 'http://student.kuali.org/wsdl/atp/AtpInfo', 0)
INSERT INTO KSEN_ATP_TYPE(TYPE_KEY, NAME, TYPE_DESC, REF_OBJECT_URI, VER_NBR) VALUES ('kuali.atp.type.Session1', 'Session 1', 'Session 1', 'http://student.kuali.org/wsdl/atp/AtpInfo', 0)
INSERT INTO KSEN_ATP_TYPE(TYPE_KEY, NAME, TYPE_DESC, REF_OBJECT_URI, VER_NBR) VALUES ('kuali.atp.type.Session2', 'Session 2', 'Session 2', 'http://student.kuali.org/wsdl/atp/AtpInfo', 0)
INSERT INTO KSEN_ATP_TYPE(TYPE_KEY, NAME, TYPE_DESC, REF_OBJECT_URI, VER_NBR) VALUES ('kuali.atp.type.SessionG1', 'Session G1', 'Session G1', 'http://student.kuali.org/wsdl/atp/AtpInfo', 0)
INSERT INTO KSEN_ATP_TYPE(TYPE_KEY, NAME, TYPE_DESC, REF_OBJECT_URI, VER_NBR) VALUES ('kuali.atp.type.SessionG2', 'Session G2', 'Session G2', 'http://student.kuali.org/wsdl/atp/AtpInfo', 0)
INSERT INTO KSEN_ATP_TYPE(TYPE_KEY, NAME, TYPE_DESC, REF_OBJECT_URI, VER_NBR) VALUES ('kuali.atp.type.Summer', 'Summer', 'Summer Semester', 'http://student.kuali.org/wsdl/atp/AtpInfo', 0)
INSERT INTO KSEN_ATP_TYPE(TYPE_KEY, NAME, TYPE_DESC, REF_OBJECT_URI, VER_NBR) VALUES ('kuali.atp.type.SummerEve', 'Summer Eve', 'Summer Eve', 'http://student.kuali.org/wsdl/atp/AtpInfo', 0)
INSERT INTO KSEN_ATP_TYPE(TYPE_KEY, NAME, TYPE_DESC, REF_OBJECT_URI, VER_NBR) VALUES ('kuali.atp.type.Winter', 'Winter', 'Winter', 'http://student.kuali.org/wsdl/atp/AtpInfo', 0)
INSERT INTO KSEN_ATP_TYPE(TYPE_KEY, NAME, TYPE_DESC, REF_OBJECT_URI, VER_NBR) VALUES ('kuali.atp.type.Adhoc', 'Ad hoc', 'Ad hoc', 'http://student.kuali.org/wsdl/atp/AtpInfo', 0)
-- AtpTypes for Milestones
INSERT INTO KSEN_ATP_TYPE(TYPE_KEY, NAME, TYPE_DESC, REF_OBJECT_URI, VER_NBR) VALUES ('kuali.atp.milestone.AdvanceRegistrationPeriod', 'Advance Registration Period', 'Advance Registration Period', 'http://student.kuali.org/wsdl/atp/MilestoneInfo', 0) 
INSERT INTO KSEN_ATP_TYPE(TYPE_KEY, NAME, TYPE_DESC, REF_OBJECT_URI, VER_NBR) VALUES ('kuali.atp.milestone.RegistrationPeriod', 'Registration Period', 'Registration Period', 'http://student.kuali.org/wsdl/atp/MilestoneInfo', 0)
INSERT INTO KSEN_ATP_TYPE(TYPE_KEY, NAME, TYPE_DESC, REF_OBJECT_URI, VER_NBR) VALUES ('kuali.atp.milestone.DropDate', 'Drop Date', 'Drop Period Ends', 'http://student.kuali.org/wsdl/atp/MilestoneInfo', 0)
INSERT INTO KSEN_ATP_TYPE(TYPE_KEY, NAME, TYPE_DESC, REF_OBJECT_URI, VER_NBR) VALUES ('kuali.atp.milestone.GradesDue', 'Grades Due', 'Grades Due', 'http://student.kuali.org/wsdl/atp/MilestoneInfo', 0)
INSERT INTO KSEN_ATP_TYPE(TYPE_KEY, NAME, TYPE_DESC, REF_OBJECT_URI, VER_NBR) VALUES ('kuali.atp.milestone.Commencement', 'Commencement', 'Commencement', 'http://student.kuali.org/wsdl/atp/MilestoneInfo', 0)
INSERT INTO KSEN_ATP_TYPE(TYPE_KEY, NAME, TYPE_DESC, REF_OBJECT_URI, VER_NBR) VALUES ('kuali.atp.milestone.InstructionalPeriod', 'Instructional Period', 'Instructional Period', 'http://student.kuali.org/wsdl/atp/MilestoneInfo', 0)
INSERT INTO KSEN_ATP_TYPE(TYPE_KEY, NAME, TYPE_DESC, REF_OBJECT_URI, VER_NBR) VALUES ('kuali.atp.milestone.CourseSelectionPeriodEnd', 'Course Selection Period End', 'Course Selection Period End', 'http://student.kuali.org/wsdl/atp/MilestoneInfo', 0)
INSERT INTO KSEN_ATP_TYPE(TYPE_KEY, NAME, TYPE_DESC, REF_OBJECT_URI, VER_NBR) VALUES ('kuali.atp.milestone.ThanksgivingBreak', 'Thanksgiving Break', 'Thanksgiving Break', 'http://student.kuali.org/wsdl/atp/MilestoneInfo', 0)
INSERT INTO KSEN_ATP_TYPE(TYPE_KEY, NAME, TYPE_DESC, REF_OBJECT_URI, VER_NBR) VALUES ('kuali.atp.milestone.FinalExamPeriod', 'Final Exam Period', 'Final Examinations', 'http://student.kuali.org/wsdl/atp/MilestoneInfo', 0)
-- AtpTypes for AtpAtpRelations
INSERT INTO KSEN_ATP_TYPE(TYPE_KEY, NAME, TYPE_DESC, REF_OBJECT_URI, VER_NBR) values ('kuali.atp.atp.relation.includes', 'kuali.atp.atp.relation.includes', 'kuali.atp.atp.relation.includes', 'http://student.kuali.org/wsdl/atp/AtpAtpRelationInfo', 0)
INSERT INTO KSEN_ATP_TYPE(TYPE_KEY, NAME, TYPE_DESC, REF_OBJECT_URI, VER_NBR) values ('kuali.atp.atp.relation.associated', 'kuali.atp.atp.relation.associated', 'kuali.atp.atp.relation.associated', 'http://student.kuali.org/wsdl/atp/AtpAtpRelationInfo', 0)
-- AtpTypes for AtpMilestoneRelations
INSERT INTO KSEN_ATP_TYPE(TYPE_KEY, NAME, TYPE_DESC, REF_OBJECT_URI, VER_NBR) values ('kuali.atp.milestone.relation.owns', 'Owns', 'Indicates the ATP owns the specified milestone', 'http://student.kuali.org/wsdl/atp/AtpMilestoneRelationInfo', 0)
INSERT INTO KSEN_ATP_TYPE(TYPE_KEY, NAME, TYPE_DESC, REF_OBJECT_URI, VER_NBR) values ('kuali.atp.milestone.relation.reuses', 'Reuses', 'Indicates the ATP reuses the specified milestone that another ATP owns ', 'http://student.kuali.org/wsdl/atp/AtpMilestoneRelationInfo', 0)
INSERT INTO KSEN_ATP_TYPE(TYPE_KEY, NAME, TYPE_DESC, REF_OBJECT_URI, VER_NBR) values ('kuali.atp.milestone.relation.uses', 'Uses', 'Indicates the ATP uses the specified milestone', 'http://student.kuali.org/wsdl/atp/AtpMilestoneRelationInfo', 0)

//AtpRichTextEntity
INSERT INTO KSEN_RICH_TEXT_T (ID, FORMATTED, PLAIN,VER_NBR) VALUES ('RICHTEXT-101', '<p>Desc 101</p>', 'Desc 101',0)
INSERT INTO KSEN_RICH_TEXT_T (ID, FORMATTED, PLAIN,VER_NBR) VALUES ('RICHTEXT-102', '<p>Desc 102</p>', 'Desc 102',0)
INSERT INTO KSEN_RICH_TEXT_T (ID, FORMATTED, PLAIN,VER_NBR) VALUES ('RICHTEXT-103', '<p>Desc 103</p>', 'Desc 103',0)
INSERT INTO KSEN_RICH_TEXT_T (ID, FORMATTED, PLAIN,VER_NBR) VALUES ('RICHTEXT-104', '<p>Desc 104</p>', 'Desc 104',0)
INSERT INTO KSEN_RICH_TEXT_T (ID, FORMATTED, PLAIN,VER_NBR) VALUES ('RICHTEXT-105', '<p>Desc 105</p>', 'Desc 105',0)
INSERT INTO KSEN_RICH_TEXT_T (ID, FORMATTED, PLAIN,VER_NBR) VALUES ('RICHTEXT-106', '<p>Desc 106</p>', 'Desc 106',0)
INSERT INTO KSEN_RICH_TEXT_T (ID, FORMATTED, PLAIN,VER_NBR) VALUES ('RICHTEXT-107', '<p>Desc 107</p>', 'Desc 107',0)
INSERT INTO KSEN_RICH_TEXT_T (ID, FORMATTED, PLAIN,VER_NBR) VALUES ('RICHTEXT-108', '<p>Desc 108</p>', 'Desc 108',0)
INSERT INTO KSEN_RICH_TEXT_T (ID, FORMATTED, PLAIN,VER_NBR) VALUES ('RICHTEXT-201', '<p>Desc 2</p>', 'Desc 2',0)
INSERT INTO KSEN_RICH_TEXT_T (ID, FORMATTED, PLAIN,VER_NBR) VALUES ('RICHTEXT-301', '<p>Desc 3</p>', 'Desc 3',0)

INSERT INTO KSEN_RICH_TEXT_T (ID, FORMATTED, PLAIN,VER_NBR) VALUES ('RICHTEXT-2001', '<p>Desc 2001</p>', 'Desc 2001',0)
INSERT INTO KSEN_RICH_TEXT_T (ID, FORMATTED, PLAIN,VER_NBR) VALUES ('RICHTEXT-2002', '<p>Desc 2002</p>', 'Desc 2002',0)
INSERT INTO KSEN_RICH_TEXT_T (ID, FORMATTED, PLAIN,VER_NBR) VALUES ('RICHTEXT-2003', '<p>Desc 2003</p>', 'Desc 2003',0)
INSERT INTO KSEN_RICH_TEXT_T (ID, FORMATTED, PLAIN,VER_NBR) VALUES ('RICHTEXT-2004', '<p>Desc 2004</p>', 'Desc 2004',0)
INSERT INTO KSEN_RICH_TEXT_T (ID, FORMATTED, PLAIN,VER_NBR) VALUES ('RICHTEXT-2005', '<p>Desc 2005</p>', 'Desc 2005',0)
INSERT INTO KSEN_RICH_TEXT_T (ID, FORMATTED, PLAIN,VER_NBR) VALUES ('RICHTEXT-2006', '<p>Desc 2006</p>', 'Desc 2006',0)
INSERT INTO KSEN_RICH_TEXT_T (ID, FORMATTED, PLAIN,VER_NBR) VALUES ('RICHTEXT-2007', '<p>Desc 2007</p>', 'Desc 2007',0)
INSERT INTO KSEN_RICH_TEXT_T (ID, FORMATTED, PLAIN,VER_NBR) VALUES ('RICHTEXT-2008', '<p>Desc 2008</p>', 'Desc 2008',0)
INSERT INTO KSEN_RICH_TEXT_T (ID, FORMATTED, PLAIN,VER_NBR) VALUES ('RICHTEXT-2009', '<p>Desc 2009</p>', 'Desc 2009',0)
INSERT INTO KSEN_RICH_TEXT_T (ID, FORMATTED, PLAIN,VER_NBR) VALUES ('RICHTEXT-2010', '<p>Desc 2010</p>', 'Desc 2010',0)

//StateProcessEntity
INSERT INTO KSEN_STATE_PROCESS (ID, DESCR, VER_NBR) VALUES ('kuali.atp.process', 'kuali atp state process', 0)
INSERT INTO KSEN_STATE_PROCESS (ID, DESCR, VER_NBR) VALUES ('kuali.milestone.process',  'kuali milestone state process', 0)
INSERT INTO KSEN_STATE_PROCESS (ID, DESCR, VER_NBR) VALUES ('kuali.atp.atp.relation.process', 'kuali atp-atp relation state process', 0)
INSERT INTO KSEN_STATE_PROCESS (ID, DESCR, VER_NBR) VALUES ('kuali.atp.milestone.relation.process', 'kuali atp-milestone relation state process', 0)

INSERT INTO KSEN_STATE_PROCESS_NAME (ID, LOCALE, NAME, OBJ_ID, OWNER) VALUES ('kuali.atp.process.name', 'en', 'kuali.atp.process', '', 'kuali.atp.process')
INSERT INTO KSEN_STATE_PROCESS_NAME (ID, LOCALE, NAME, OBJ_ID, OWNER) VALUES ('kuali.milestone.process.name', 'en', 'kuali.milestone.process' ,'','kuali.milestone.process')
INSERT INTO KSEN_STATE_PROCESS_NAME (ID, LOCALE, NAME, OBJ_ID, OWNER) VALUES ('kuali.atp.atp.relation.process.name', 'en', 'kuali.atp.atp.relation.process','','kuali.atp.atp.relation.process')
INSERT INTO KSEN_STATE_PROCESS_NAME (ID, LOCALE, NAME, OBJ_ID, OWNER) VALUES ('kuali.atp.milestone.relation.process.name', 'en', 'kuali.atp.milestone.relation.process','','kuali.atp.milestone.relation.process')


//HOLD Process
INSERT INTO KSEN_STATE_PROCESS (ID, DESCR, VER_NBR) VALUES ('kuali.hold.restriction.process', 'kuali hold restriction process', 0)
INSERT INTO KSEN_STATE_PROCESS (ID, DESCR, VER_NBR) VALUES ('kuali.hold.issue.process', 'kuali hold issue process', 0)
INSERT INTO KSEN_STATE_PROCESS (ID, DESCR, VER_NBR) VALUES ('kuali.hold.process.student', 'kuali hold process student', 0)

INSERT INTO KSEN_STATE_PROCESS_NAME (ID, LOCALE, NAME, OBJ_ID, OWNER) VALUES ('kuali.hold.restriction.process.name', 'en', 'kuali.hold.restriction.process', '', 'kuali.hold.restriction.process')
INSERT INTO KSEN_STATE_PROCESS_NAME (ID, LOCALE, NAME, OBJ_ID, OWNER) VALUES ('kuali.hold.issue.process.name', 'en', 'kuali.hold.issue.process', '', 'kuali.hold.issue.process')
INSERT INTO KSEN_STATE_PROCESS_NAME (ID, LOCALE, NAME, OBJ_ID, OWNER) VALUES ('kuali.hold.process.student.name', 'en', 'kuali.hold.process.student' ,'','kuali.hold.process.student')


//StateEntity
INSERT INTO KSEN_COMM_STATE (ID, NAME, PROCESS_KEY, DESCR, VER_NBR) VALUES ('kuali.atp.state.Draft', 'Draft', 'kuali.atp.process', 'Indicates that this Time Period is just tentative', 0)
INSERT INTO KSEN_COMM_STATE (ID, NAME, PROCESS_KEY, DESCR, VER_NBR) VALUES ('kuali.atp.state.Official', 'Official', 'kuali.atp.process', 'Indicates that this Time Period has been established', 0)

INSERT INTO KSEN_COMM_STATE (ID, NAME, PROCESS_KEY, DESCR, VER_NBR) VALUES ('kuali.milestone.state.Draft', 'Draft', 'kuali.milestone.process', 'Indicates that this milestone is just tentative', 0)
INSERT INTO KSEN_COMM_STATE (ID, NAME, PROCESS_KEY, DESCR, VER_NBR) VALUES ('kuali.milestone.state.Official', 'Official', 'kuali.milestone.process', 'Indicates that this milestone has been established', 0)

INSERT INTO KSEN_COMM_STATE (ID, NAME, PROCESS_KEY, DESCR, VER_NBR) VALUES ('kuali.atp.atp.relation.state.active', 'Active', 'kuali.atp.atp.relation.process', 'Indicates that this Atp-Atp relation is active', 0)
INSERT INTO KSEN_COMM_STATE (ID, NAME, PROCESS_KEY, DESCR, VER_NBR) VALUES ('kuali.atp.atp.relation.state.inactive', 'Inactive', 'kuali.atp.atp.relation.process', 'Indicates that this Atp-Atp relation is inactive', 0)

INSERT INTO KSEN_COMM_STATE (ID, NAME, PROCESS_KEY, DESCR, VER_NBR) VALUES ('kuali.atp.milestone.relation.state.active', 'Active', 'kuali.atp.milestone.relation.process', 'Indicates that this Atp-Milestone relation is active', 0)
INSERT INTO KSEN_COMM_STATE (ID, NAME, PROCESS_KEY, DESCR, VER_NBR) VALUES ('kuali.atp.milestone.relation.state.inactive', 'Inactive', 'kuali.atp.milestone.relation.process', 'Indicates that this Atp-Milestone relation is inactive', 0)
//HOLD States
INSERT INTO KSEN_COMM_STATE (ID, NAME, PROCESS_KEY, DESCR, VER_NBR) VALUES ('kuali.hold.restriction.state.active', 'Active', 'kuali.hold.restriction.process', 'This restriction is active and should be enforced', 0)
INSERT INTO KSEN_COMM_STATE (ID, NAME, PROCESS_KEY, DESCR, VER_NBR) VALUES ('kuali.hold.restriction.state.inactive', 'Inactive', 'kuali.hold.restriction.process', 'The restriction is inactive and should not be enforced', 0)

//StateProcessRelationEntity
INSERT INTO KSEN_STATEPROCESS_RELTN(ID, PROCESS_KEY, PRIOR_STATEKEY, NEXT_STATEKEY, VER_NBR)VALUES('PROCESS-1', 'kuali.atp.process', null, 'kuali.atp.state.Draft', 0)
INSERT INTO KSEN_STATEPROCESS_RELTN(ID, PROCESS_KEY, PRIOR_STATEKEY, NEXT_STATEKEY, VER_NBR)VALUES('PROCESS-2', 'kuali.atp.process', 'kuali.atp.state.Draft', 'kuali.atp.state.Official', 0)
//HOLD StateProcessRelation
INSERT INTO KSEN_STATEPROCESS_RELTN(ID, PROCESS_KEY, PRIOR_STATEKEY, NEXT_STATEKEY, VER_NBR)VALUES('PROCESS-3', 'kuali.hold.restriction.process', null, 'kuali.hold.restriction.state.active', 0)
INSERT INTO KSEN_STATEPROCESS_RELTN(ID, PROCESS_KEY, PRIOR_STATEKEY, NEXT_STATEKEY, VER_NBR)VALUES('PROCESS-4', 'kuali.hold.restriction.process', 'kuali.hold.restriction.state.active', 'kuali.hold.restriction.state.inactive', 0)

// TypeTypeRelationEntity - TODO: move to object-URI-neutral sql file
INSERT INTO KSEN_TYPETYPE_RELTN(ID, VER_NBR, EFF_DT, EXPIR_DT, TYPETYPE_RELATION_TYPE, OWNER_TYPE_ID, RELATED_TYPE_ID, RANK) values ('TYPETYPEREL-0', 0, {ts '2011-01-01 00:00:00.0'}, {ts '2100-01-01 00:00:00.0'}, 'kuali.atp.atp.relation.precedes', 'kuali.atp.type.Fall', 'kuali.atp.type.Spring', 0)
INSERT INTO KSEN_TYPETYPE_RELTN(ID, VER_NBR, EFF_DT, EXPIR_DT, TYPETYPE_RELATION_TYPE, OWNER_TYPE_ID, RELATED_TYPE_ID, RANK) values ('TYPETYPEREL-1', 0, {ts '2011-01-01 00:00:00.0'}, {ts '2100-01-01 00:00:00.0'}, 'kuali.type.type.relation.type.contains', 'kuali.atp.type.AY', 'kuali.atp.type.Fall', 0)
INSERT INTO KSEN_TYPETYPE_RELTN(ID, VER_NBR, EFF_DT, EXPIR_DT, TYPETYPE_RELATION_TYPE, OWNER_TYPE_ID, RELATED_TYPE_ID, RANK) values ('TYPETYPEREL-2', 0, {ts '2011-01-01 00:00:00.0'}, {ts '2100-01-01 00:00:00.0'}, 'kuali.type.type.relation.type.contains', 'kuali.atp.type.AY', 'kuali.atp.type.Spring', 1)
INSERT INTO KSEN_TYPETYPE_RELTN(ID, VER_NBR, EFF_DT, EXPIR_DT, TYPETYPE_RELATION_TYPE, OWNER_TYPE_ID, RELATED_TYPE_ID, RANK) values ('TYPETYPEREL-3', 0, {ts '2011-01-01 00:00:00.0'}, {ts '2100-01-01 00:00:00.0'}, 'kuali.type.type.relation.type.contains', 'kuali.atp.type.AY', 'kuali.atp.type.Summer', 2)
INSERT INTO KSEN_TYPETYPE_RELTN(ID, VER_NBR, EFF_DT, EXPIR_DT, TYPETYPE_RELATION_TYPE, OWNER_TYPE_ID, RELATED_TYPE_ID, RANK) values ('TYPETYPEREL-4', 0, {ts '2011-01-01 00:00:00.0'}, {ts '2100-01-01 00:00:00.0'}, 'kuali.type.type.relation.type.group', 'kuali.atp.type.Holiday', 'kuali.atp.type.SpringBreak' , 0)
INSERT INTO KSEN_TYPETYPE_RELTN(ID, VER_NBR, EFF_DT, EXPIR_DT, TYPETYPE_RELATION_TYPE, OWNER_TYPE_ID, RELATED_TYPE_ID, RANK) values ('TYPETYPEREL-5', 0, {ts '2011-01-01 00:00:00.0'}, {ts '2100-01-01 00:00:00.0'}, 'kuali.type.type.relation.type.group', 'kuali.atp.type.Holiday', 'kuali.atp.type.Thanksgiving' , 0)
INSERT INTO KSEN_TYPETYPE_RELTN(ID, VER_NBR, EFF_DT, EXPIR_DT, TYPETYPE_RELATION_TYPE, OWNER_TYPE_ID, RELATED_TYPE_ID, RANK) values ('kuali.termtype.group.member.1', 0, {ts '2011-01-01 00:00:00.0'}, {ts '2100-01-01 00:00:00.0'}, 'kuali.type.type.relation.type.group', 'kuali.atp.type.group.term', 'kuali.atp.type.Fall' , 0)
INSERT INTO KSEN_TYPETYPE_RELTN(ID, VER_NBR, EFF_DT, EXPIR_DT, TYPETYPE_RELATION_TYPE, OWNER_TYPE_ID, RELATED_TYPE_ID, RANK) values ('kuali.termtype.group.member.2', 0, {ts '2011-01-01 00:00:00.0'}, {ts '2100-01-01 00:00:00.0'}, 'kuali.type.type.relation.type.group', 'kuali.atp.type.group.term', 'kuali.atp.type.HalfFall1' , 0)
INSERT INTO KSEN_TYPETYPE_RELTN(ID, VER_NBR, EFF_DT, EXPIR_DT, TYPETYPE_RELATION_TYPE, OWNER_TYPE_ID, RELATED_TYPE_ID, RANK) values ('kuali.termtype.group.member.3', 0, {ts '2011-01-01 00:00:00.0'}, {ts '2100-01-01 00:00:00.0'}, 'kuali.type.type.relation.type.group', 'kuali.atp.type.group.term', 'kuali.atp.type.HalfFall2' , 0)
INSERT INTO KSEN_TYPETYPE_RELTN(ID, VER_NBR, EFF_DT, EXPIR_DT, TYPETYPE_RELATION_TYPE, OWNER_TYPE_ID, RELATED_TYPE_ID, RANK) values ('kuali.termtype.group.member.4', 0, {ts '2011-01-01 00:00:00.0'}, {ts '2100-01-01 00:00:00.0'}, 'kuali.type.type.relation.type.group', 'kuali.atp.type.group.term', 'kuali.atp.type.HalfSpring1' , 0)
INSERT INTO KSEN_TYPETYPE_RELTN(ID, VER_NBR, EFF_DT, EXPIR_DT, TYPETYPE_RELATION_TYPE, OWNER_TYPE_ID, RELATED_TYPE_ID, RANK) values ('kuali.termtype.group.member.5', 0, {ts '2011-01-01 00:00:00.0'}, {ts '2100-01-01 00:00:00.0'}, 'kuali.type.type.relation.type.group', 'kuali.atp.type.group.term', 'kuali.atp.type.HalfSpring2' , 0)
INSERT INTO KSEN_TYPETYPE_RELTN(ID, VER_NBR, EFF_DT, EXPIR_DT, TYPETYPE_RELATION_TYPE, OWNER_TYPE_ID, RELATED_TYPE_ID, RANK) values ('kuali.termtype.group.member.6', 0, {ts '2011-01-01 00:00:00.0'}, {ts '2100-01-01 00:00:00.0'}, 'kuali.type.type.relation.type.group', 'kuali.atp.type.group.term', 'kuali.atp.type.Mini-mester1A' , 0)
INSERT INTO KSEN_TYPETYPE_RELTN(ID, VER_NBR, EFF_DT, EXPIR_DT, TYPETYPE_RELATION_TYPE, OWNER_TYPE_ID, RELATED_TYPE_ID, RANK) values ('kuali.termtype.group.member.7', 0, {ts '2011-01-01 00:00:00.0'}, {ts '2100-01-01 00:00:00.0'}, 'kuali.type.type.relation.type.group', 'kuali.atp.type.group.term', 'kuali.atp.type.Mini-mester1B' , 0)
INSERT INTO KSEN_TYPETYPE_RELTN(ID, VER_NBR, EFF_DT, EXPIR_DT, TYPETYPE_RELATION_TYPE, OWNER_TYPE_ID, RELATED_TYPE_ID, RANK) values ('kuali.termtype.group.member.8', 0, {ts '2011-01-01 00:00:00.0'}, {ts '2100-01-01 00:00:00.0'}, 'kuali.type.type.relation.type.group', 'kuali.atp.type.group.term', 'kuali.atp.type.Mini-mester2C' , 0)
INSERT INTO KSEN_TYPETYPE_RELTN(ID, VER_NBR, EFF_DT, EXPIR_DT, TYPETYPE_RELATION_TYPE, OWNER_TYPE_ID, RELATED_TYPE_ID, RANK) values ('kuali.termtype.group.member.9', 0, {ts '2011-01-01 00:00:00.0'}, {ts '2100-01-01 00:00:00.0'}, 'kuali.type.type.relation.type.group', 'kuali.atp.type.group.term', 'kuali.atp.type.Mini-mester2D' , 0)
INSERT INTO KSEN_TYPETYPE_RELTN(ID, VER_NBR, EFF_DT, EXPIR_DT, TYPETYPE_RELATION_TYPE, OWNER_TYPE_ID, RELATED_TYPE_ID, RANK) values ('kuali.termtype.group.member.10', 0, {ts '2011-01-01 00:00:00.0'}, {ts '2100-01-01 00:00:00.0'}, 'kuali.type.type.relation.type.group', 'kuali.atp.type.group.term', 'kuali.atp.type.Session1' , 0)
INSERT INTO KSEN_TYPETYPE_RELTN(ID, VER_NBR, EFF_DT, EXPIR_DT, TYPETYPE_RELATION_TYPE, OWNER_TYPE_ID, RELATED_TYPE_ID, RANK) values ('kuali.termtype.group.member.11', 0, {ts '2011-01-01 00:00:00.0'}, {ts '2100-01-01 00:00:00.0'}, 'kuali.type.type.relation.type.group', 'kuali.atp.type.group.term', 'kuali.atp.type.Session2' , 0)
INSERT INTO KSEN_TYPETYPE_RELTN(ID, VER_NBR, EFF_DT, EXPIR_DT, TYPETYPE_RELATION_TYPE, OWNER_TYPE_ID, RELATED_TYPE_ID, RANK) values ('kuali.termtype.group.member.12', 0, {ts '2011-01-01 00:00:00.0'}, {ts '2100-01-01 00:00:00.0'}, 'kuali.type.type.relation.type.group', 'kuali.atp.type.group.term', 'kuali.atp.type.SessionG1' , 0)
INSERT INTO KSEN_TYPETYPE_RELTN(ID, VER_NBR, EFF_DT, EXPIR_DT, TYPETYPE_RELATION_TYPE, OWNER_TYPE_ID, RELATED_TYPE_ID, RANK) values ('kuali.termtype.group.member.13', 0, {ts '2011-01-01 00:00:00.0'}, {ts '2100-01-01 00:00:00.0'}, 'kuali.type.type.relation.type.group', 'kuali.atp.type.group.term', 'kuali.atp.type.SessionG2' , 0)
INSERT INTO KSEN_TYPETYPE_RELTN(ID, VER_NBR, EFF_DT, EXPIR_DT, TYPETYPE_RELATION_TYPE, OWNER_TYPE_ID, RELATED_TYPE_ID, RANK) values ('kuali.termtype.group.member.14', 0, {ts '2011-01-01 00:00:00.0'}, {ts '2100-01-01 00:00:00.0'}, 'kuali.type.type.relation.type.group', 'kuali.atp.type.group.term', 'kuali.atp.type.Spring' , 0)
INSERT INTO KSEN_TYPETYPE_RELTN(ID, VER_NBR, EFF_DT, EXPIR_DT, TYPETYPE_RELATION_TYPE, OWNER_TYPE_ID, RELATED_TYPE_ID, RANK) values ('kuali.termtype.group.member.15', 0, {ts '2011-01-01 00:00:00.0'}, {ts '2100-01-01 00:00:00.0'}, 'kuali.type.type.relation.type.group', 'kuali.atp.type.group.term', 'kuali.atp.type.SpringBreak' , 0)
INSERT INTO KSEN_TYPETYPE_RELTN(ID, VER_NBR, EFF_DT, EXPIR_DT, TYPETYPE_RELATION_TYPE, OWNER_TYPE_ID, RELATED_TYPE_ID, RANK) values ('kuali.termtype.group.member.16', 0, {ts '2011-01-01 00:00:00.0'}, {ts '2100-01-01 00:00:00.0'}, 'kuali.type.type.relation.type.group', 'kuali.atp.type.group.term', 'kuali.atp.type.Summer' , 0)
INSERT INTO KSEN_TYPETYPE_RELTN(ID, VER_NBR, EFF_DT, EXPIR_DT, TYPETYPE_RELATION_TYPE, OWNER_TYPE_ID, RELATED_TYPE_ID, RANK) values ('kuali.termtype.group.member.17', 0, {ts '2011-01-01 00:00:00.0'}, {ts '2100-01-01 00:00:00.0'}, 'kuali.type.type.relation.type.group', 'kuali.atp.type.group.term', 'kuali.atp.type.SummerEve' , 0)
INSERT INTO KSEN_TYPETYPE_RELTN(ID, VER_NBR, EFF_DT, EXPIR_DT, TYPETYPE_RELATION_TYPE, OWNER_TYPE_ID, RELATED_TYPE_ID, RANK) values ('kuali.termtype.group.member.18', 0, {ts '2011-01-01 00:00:00.0'}, {ts '2100-01-01 00:00:00.0'}, 'kuali.type.type.relation.type.group', 'kuali.atp.type.group.term', 'kuali.atp.type.Winter' , 0)
INSERT INTO KSEN_TYPETYPE_RELTN(ID, VER_NBR, EFF_DT, EXPIR_DT, TYPETYPE_RELATION_TYPE, OWNER_TYPE_ID, RELATED_TYPE_ID, RANK) values ('kuali.termtype.group.member.19', 0, {ts '2011-01-01 00:00:00.0'}, {ts '2100-01-01 00:00:00.0'}, 'kuali.type.type.relation.type.group', 'kuali.atp.type.group.term', 'kuali.atp.type.Adhoc' , 0)

// KS_EN_TYPE_NAME
INSERT INTO KSEN_TYPE_NAME(ID, LOCALE, NAME, OBJ_ID, OWNER) VALUES ('TYPETYPEREL-0.name', 'en', 'Fall precedes Spring','','TYPETYPEREL-0')
INSERT INTO KSEN_TYPE_NAME(ID, LOCALE, NAME, OBJ_ID, OWNER) VALUES ('TYPETYPEREL-1.name', 'en', 'Academic year contains semester','','TYPETYPEREL-1')
INSERT INTO KSEN_TYPE_NAME(ID, LOCALE, NAME, OBJ_ID, OWNER) VALUES ('TYPETYPEREL-2.name', 'en', 'Academic year contains semester','','TYPETYPEREL-2')
INSERT INTO KSEN_TYPE_NAME(ID, LOCALE, NAME, OBJ_ID, OWNER) VALUES ('TYPETYPEREL-3.name', 'en', 'Academic year contains semester','','TYPETYPEREL-3')
INSERT INTO KSEN_TYPE_NAME(ID, LOCALE, NAME, OBJ_ID, OWNER) VALUES ('TYPETYPEREL-4.name', 'en', 'Spring break is a holiday','','TYPETYPEREL-4')
INSERT INTO KSEN_TYPE_NAME(ID, LOCALE, NAME, OBJ_ID, OWNER) VALUES ('TYPETYPEREL-5.name', 'en', 'Thanksgiving is a holiday','','TYPETYPEREL-5')
INSERT INTO KSEN_TYPE_NAME(ID, LOCALE, NAME, OBJ_ID, OWNER) VALUES ('kuali.termtype.group.member.1.name', 'en', 'kuali.atp.type.Fall is a type of Term','','kuali.termtype.group.member.1')
INSERT INTO KSEN_TYPE_NAME(ID, LOCALE, NAME, OBJ_ID, OWNER) VALUES ('kuali.termtype.group.member.2.name', 'en', 'kuali.atp.type.HalfFall1 is a type of Term','','kuali.termtype.group.member.2')
INSERT INTO KSEN_TYPE_NAME(ID, LOCALE, NAME, OBJ_ID, OWNER) VALUES ('kuali.termtype.group.member.3.name', 'en', 'kuali.atp.type.HalfFall2 is a type of Term','','kuali.termtype.group.member.3')
INSERT INTO KSEN_TYPE_NAME(ID, LOCALE, NAME, OBJ_ID, OWNER) VALUES ('kuali.termtype.group.member.4.name', 'en', 'kuali.atp.type.HalfSpring1 is a type of Term','','kuali.termtype.group.member.4')
INSERT INTO KSEN_TYPE_NAME(ID, LOCALE, NAME, OBJ_ID, OWNER) VALUES ('kuali.termtype.group.member.5.name', 'en', 'kuali.atp.type.HalfSpring2 is a type of Term','','kuali.termtype.group.member.5')
INSERT INTO KSEN_TYPE_NAME(ID, LOCALE, NAME, OBJ_ID, OWNER) VALUES ('kuali.termtype.group.member.6.name', 'en', 'kuali.atp.type.Mini-mester1A is a type of Term','','kuali.termtype.group.member.6')
INSERT INTO KSEN_TYPE_NAME(ID, LOCALE, NAME, OBJ_ID, OWNER) VALUES ('kuali.termtype.group.member.7.name', 'en', 'kuali.atp.type.Mini-mester1B is a type of Term','','kuali.termtype.group.member.7')
INSERT INTO KSEN_TYPE_NAME(ID, LOCALE, NAME, OBJ_ID, OWNER) VALUES ('kuali.termtype.group.member.8.name', 'en', 'kuali.atp.type.Mini-mester2C is a type of Term','','kuali.termtype.group.member.8')
INSERT INTO KSEN_TYPE_NAME(ID, LOCALE, NAME, OBJ_ID, OWNER) VALUES ('kuali.termtype.group.member.9.name', 'en', 'kuali.atp.type.Mini-mester2D is a type of Term','','kuali.termtype.group.member.9')
INSERT INTO KSEN_TYPE_NAME(ID, LOCALE, NAME, OBJ_ID, OWNER) VALUES ('kuali.termtype.group.member.10.name', 'en', 'kuali.atp.type.Session1 is a type of Term','','kuali.termtype.group.member.10')
INSERT INTO KSEN_TYPE_NAME(ID, LOCALE, NAME, OBJ_ID, OWNER) VALUES ('kuali.termtype.group.member.11.name', 'en', 'kuali.atp.type.Session2 is a type of Term','','kuali.termtype.group.member.11')
INSERT INTO KSEN_TYPE_NAME(ID, LOCALE, NAME, OBJ_ID, OWNER) VALUES ('kuali.termtype.group.member.12.name', 'en', 'kuali.atp.type.SessionG1 is a type of Term','','kuali.termtype.group.member.12')
INSERT INTO KSEN_TYPE_NAME(ID, LOCALE, NAME, OBJ_ID, OWNER) VALUES ('kuali.termtype.group.member.13.name', 'en', 'kuali.atp.type.SessionG2 is a type of Term','','kuali.termtype.group.member.13')
INSERT INTO KSEN_TYPE_NAME(ID, LOCALE, NAME, OBJ_ID, OWNER) VALUES ('kuali.termtype.group.member.14.name', 'en', 'kuali.atp.type.Spring is a type of Term','','kuali.termtype.group.member.14')
INSERT INTO KSEN_TYPE_NAME(ID, LOCALE, NAME, OBJ_ID, OWNER) VALUES ('kuali.termtype.group.member.15.name', 'en', 'kuali.atp.type.SpringBreak is a type of Term','','kuali.termtype.group.member.15')
INSERT INTO KSEN_TYPE_NAME(ID, LOCALE, NAME, OBJ_ID, OWNER) VALUES ('kuali.termtype.group.member.16.name', 'en', 'kuali.atp.type.Summer is a type of Term','','kuali.termtype.group.member.16')
INSERT INTO KSEN_TYPE_NAME(ID, LOCALE, NAME, OBJ_ID, OWNER) VALUES ('kuali.termtype.group.member.17.name', 'en', 'kuali.atp.type.SummerEve is a type of Term','','kuali.termtype.group.member.17')
INSERT INTO KSEN_TYPE_NAME(ID, LOCALE, NAME, OBJ_ID, OWNER) VALUES ('kuali.termtype.group.member.18.name', 'en', 'kuali.atp.type.Winter is a type of Term','','kuali.termtype.group.member.18')
INSERT INTO KSEN_TYPE_NAME(ID, LOCALE, NAME, OBJ_ID, OWNER) VALUES ('kuali.termtype.group.member.19.name', 'en', 'kuali.atp.type.Adhoc is a type of Term','','kuali.termtype.group.member.19')


// Allowed type relations
INSERT INTO KSEN_TYPETYPE_RELTN (ID, VER_NBR, EFF_DT, EXPIR_DT, TYPETYPE_RELATION_TYPE, OWNER_TYPE_ID, RELATED_TYPE_ID, RANK) values ('kuali.atp.type.type.relation.allowed.1', 0, {ts '2011-01-01 00:00:00.0'}, {ts '2100-01-01 00:00:00.0'}, 'kuali.type.type.relation.type.allowed','kuali.atp.type.AcademicCalendar', 'kuali.atp.type.FallSpring', 1);
INSERT INTO KSEN_TYPETYPE_RELTN (ID, VER_NBR, EFF_DT, EXPIR_DT, TYPETYPE_RELATION_TYPE, OWNER_TYPE_ID, RELATED_TYPE_ID, RANK) values ('kuali.atp.type.type.relation.allowed.2', 0, {ts '2011-01-01 00:00:00.0'}, {ts '2100-01-01 00:00:00.0'}, 'kuali.type.type.relation.type.allowed','kuali.atp.type.AcademicCalendar', 'kuali.atp.type.Fall', 2);
INSERT INTO KSEN_TYPETYPE_RELTN (ID, VER_NBR, EFF_DT, EXPIR_DT, TYPETYPE_RELATION_TYPE, OWNER_TYPE_ID, RELATED_TYPE_ID, RANK) values ('kuali.atp.type.type.relation.allowed.3', 0, {ts '2011-01-01 00:00:00.0'}, {ts '2100-01-01 00:00:00.0'}, 'kuali.type.type.relation.type.allowed','kuali.atp.type.Fall', 'kuali.atp.type.HalfFall1', 1);
INSERT INTO KSEN_TYPETYPE_RELTN (ID, VER_NBR, EFF_DT, EXPIR_DT, TYPETYPE_RELATION_TYPE, OWNER_TYPE_ID, RELATED_TYPE_ID, RANK) values ('kuali.atp.type.type.relation.allowed.4', 0, {ts '2011-01-01 00:00:00.0'}, {ts '2100-01-01 00:00:00.0'}, 'kuali.type.type.relation.type.allowed','kuali.atp.type.Fall', 'kuali.atp.type.HalfFall2', 2);
INSERT INTO KSEN_TYPETYPE_RELTN (ID, VER_NBR, EFF_DT, EXPIR_DT, TYPETYPE_RELATION_TYPE, OWNER_TYPE_ID, RELATED_TYPE_ID, RANK) values ('kuali.atp.type.type.relation.allowed.5', 0, {ts '2011-01-01 00:00:00.0'}, {ts '2100-01-01 00:00:00.0'}, 'kuali.type.type.relation.type.allowed','kuali.atp.type.AcademicCalendar', 'kuali.atp.type.Winter', 3);
INSERT INTO KSEN_TYPETYPE_RELTN (ID, VER_NBR, EFF_DT, EXPIR_DT, TYPETYPE_RELATION_TYPE, OWNER_TYPE_ID, RELATED_TYPE_ID, RANK) values ('kuali.atp.type.type.relation.allowed.6', 0, {ts '2011-01-01 00:00:00.0'}, {ts '2100-01-01 00:00:00.0'}, 'kuali.type.type.relation.type.allowed','kuali.atp.type.AcademicCalendar', 'kuali.atp.type.Spring', 4);
INSERT INTO KSEN_TYPETYPE_RELTN (ID, VER_NBR, EFF_DT, EXPIR_DT, TYPETYPE_RELATION_TYPE, OWNER_TYPE_ID, RELATED_TYPE_ID, RANK) values ('kuali.atp.type.type.relation.allowed.7', 0, {ts '2011-01-01 00:00:00.0'}, {ts '2100-01-01 00:00:00.0'}, 'kuali.type.type.relation.type.allowed','kuali.atp.type.Spring', 'kuali.atp.type.HalfSpring1', 1);
INSERT INTO KSEN_TYPETYPE_RELTN (ID, VER_NBR, EFF_DT, EXPIR_DT, TYPETYPE_RELATION_TYPE, OWNER_TYPE_ID, RELATED_TYPE_ID, RANK) values ('kuali.atp.type.type.relation.allowed.8', 0, {ts '2011-01-01 00:00:00.0'}, {ts '2100-01-01 00:00:00.0'}, 'kuali.type.type.relation.type.allowed','kuali.atp.type.Spring', 'kuali.atp.type.SpringBreak', 2);
INSERT INTO KSEN_TYPETYPE_RELTN (ID, VER_NBR, EFF_DT, EXPIR_DT, TYPETYPE_RELATION_TYPE, OWNER_TYPE_ID, RELATED_TYPE_ID, RANK) values ('kuali.atp.type.type.relation.allowed.9', 0, {ts '2011-01-01 00:00:00.0'}, {ts '2100-01-01 00:00:00.0'}, 'kuali.type.type.relation.type.allowed','kuali.atp.type.Spring', 'kuali.atp.type.HalfSpring2', 3);
INSERT INTO KSEN_TYPETYPE_RELTN (ID, VER_NBR, EFF_DT, EXPIR_DT, TYPETYPE_RELATION_TYPE, OWNER_TYPE_ID, RELATED_TYPE_ID, RANK) values ('kuali.atp.type.type.relation.allowed.10', 0, {ts '2011-01-01 00:00:00.0'}, {ts '2100-01-01 00:00:00.0'}, 'kuali.type.type.relation.type.allowed','kuali.atp.type.AcademicCalendar', 'kuali.atp.type.Session1', 5);
INSERT INTO KSEN_TYPETYPE_RELTN (ID, VER_NBR, EFF_DT, EXPIR_DT, TYPETYPE_RELATION_TYPE, OWNER_TYPE_ID, RELATED_TYPE_ID, RANK) values ('kuali.atp.type.type.relation.allowed.11', 0, {ts '2011-01-01 00:00:00.0'}, {ts '2100-01-01 00:00:00.0'}, 'kuali.type.type.relation.type.allowed','kuali.atp.type.Session1', 'kuali.atp.type.Mini-mester1A', 1);
INSERT INTO KSEN_TYPETYPE_RELTN (ID, VER_NBR, EFF_DT, EXPIR_DT, TYPETYPE_RELATION_TYPE, OWNER_TYPE_ID, RELATED_TYPE_ID, RANK) values ('kuali.atp.type.type.relation.allowed.12', 0, {ts '2011-01-01 00:00:00.0'}, {ts '2100-01-01 00:00:00.0'}, 'kuali.type.type.relation.type.allowed','kuali.atp.type.Session1', 'kuali.atp.type.Mini-mester1B', 2);
INSERT INTO KSEN_TYPETYPE_RELTN (ID, VER_NBR, EFF_DT, EXPIR_DT, TYPETYPE_RELATION_TYPE, OWNER_TYPE_ID, RELATED_TYPE_ID, RANK) values ('kuali.atp.type.type.relation.allowed.13', 0, {ts '2011-01-01 00:00:00.0'}, {ts '2100-01-01 00:00:00.0'}, 'kuali.type.type.relation.type.allowed','kuali.atp.type.Summer', 'kuali.atp.type.Session2', 2);
INSERT INTO KSEN_TYPETYPE_RELTN (ID, VER_NBR, EFF_DT, EXPIR_DT, TYPETYPE_RELATION_TYPE, OWNER_TYPE_ID, RELATED_TYPE_ID, RANK) values ('kuali.atp.type.type.relation.allowed.14', 0, {ts '2011-01-01 00:00:00.0'}, {ts '2100-01-01 00:00:00.0'}, 'kuali.type.type.relation.type.allowed','kuali.atp.type.Session2', 'kuali.atp.type.Mini-mester2C', 1);
INSERT INTO KSEN_TYPETYPE_RELTN (ID, VER_NBR, EFF_DT, EXPIR_DT, TYPETYPE_RELATION_TYPE, OWNER_TYPE_ID, RELATED_TYPE_ID, RANK) values ('kuali.atp.type.type.relation.allowed.15', 0, {ts '2011-01-01 00:00:00.0'}, {ts '2100-01-01 00:00:00.0'}, 'kuali.type.type.relation.type.allowed','kuali.atp.type.Session2', 'kuali.atp.type.Mini-mester2D', 2);
INSERT INTO KSEN_TYPETYPE_RELTN (ID, VER_NBR, EFF_DT, EXPIR_DT, TYPETYPE_RELATION_TYPE, OWNER_TYPE_ID, RELATED_TYPE_ID, RANK) values ('kuali.atp.type.type.relation.allowed.16', 0, {ts '2011-01-01 00:00:00.0'}, {ts '2100-01-01 00:00:00.0'}, 'kuali.type.type.relation.type.allowed','kuali.atp.type.AcademicCalendar', 'kuali.atp.type.SummerEve', 6);
INSERT INTO KSEN_TYPETYPE_RELTN (ID, VER_NBR, EFF_DT, EXPIR_DT, TYPETYPE_RELATION_TYPE, OWNER_TYPE_ID, RELATED_TYPE_ID, RANK) values ('kuali.atp.type.type.relation.allowed.17', 0, {ts '2011-01-01 00:00:00.0'}, {ts '2100-01-01 00:00:00.0'}, 'kuali.type.type.relation.type.allowed','kuali.atp.type.SummerEve', 'kuali.atp.type.SessionG1', 1);
INSERT INTO KSEN_TYPETYPE_RELTN (ID, VER_NBR, EFF_DT, EXPIR_DT, TYPETYPE_RELATION_TYPE, OWNER_TYPE_ID, RELATED_TYPE_ID, RANK) values ('kuali.atp.type.type.relation.allowed.18', 0, {ts '2011-01-01 00:00:00.0'}, {ts '2100-01-01 00:00:00.0'}, 'kuali.type.type.relation.type.allowed','kuali.atp.type.SummerEve', 'kuali.atp.type.SessionG2', 2);

// KS_EN_TYPE_NAME
INSERT INTO KSEN_TYPE_NAME(ID, LOCALE, NAME, OBJ_ID, OWNER) VALUES ('kuali.atp.type.type.relation.allowed.1.name', 'en', 'AcademicCalendar can contain FallSpring','','kuali.atp.type.type.relation.allowed.1')
INSERT INTO KSEN_TYPE_NAME(ID, LOCALE, NAME, OBJ_ID, OWNER) VALUES ('kuali.atp.type.type.relation.allowed.2.name', 'en', 'AcademicCalendar can contain Fall','','kuali.atp.type.type.relation.allowed.2')
INSERT INTO KSEN_TYPE_NAME(ID, LOCALE, NAME, OBJ_ID, OWNER) VALUES ('kuali.atp.type.type.relation.allowed.3.name', 'en', 'Fall can contain HalfFall1','','kuali.atp.type.type.relation.allowed.3')
INSERT INTO KSEN_TYPE_NAME(ID, LOCALE, NAME, OBJ_ID, OWNER) VALUES ('kuali.atp.type.type.relation.allowed.4.name', 'en', 'Fall can contain HalfFall2','','kuali.atp.type.type.relation.allowed.4')
INSERT INTO KSEN_TYPE_NAME(ID, LOCALE, NAME, OBJ_ID, OWNER) VALUES ('kuali.atp.type.type.relation.allowed.5.name', 'en', 'AcademicCalendar can contain Winter','','kuali.atp.type.type.relation.allowed.5')
INSERT INTO KSEN_TYPE_NAME(ID, LOCALE, NAME, OBJ_ID, OWNER) VALUES ('kuali.atp.type.type.relation.allowed.6.name', 'en', 'AcademicCalendar can contain Spring','','kuali.atp.type.type.relation.allowed.6')
INSERT INTO KSEN_TYPE_NAME(ID, LOCALE, NAME, OBJ_ID, OWNER) VALUES ('kuali.atp.type.type.relation.allowed.7.name', 'en', 'Spring can contain HalfSpring1','','kuali.atp.type.type.relation.allowed.7')
INSERT INTO KSEN_TYPE_NAME(ID, LOCALE, NAME, OBJ_ID, OWNER) VALUES ('kuali.atp.type.type.relation.allowed.8.name', 'en', 'Spring can contain SpringBreak','','kuali.atp.type.type.relation.allowed.8')
INSERT INTO KSEN_TYPE_NAME(ID, LOCALE, NAME, OBJ_ID, OWNER) VALUES ('kuali.atp.type.type.relation.allowed.9.name', 'en', 'Spring can contain HalfSpring2','','kuali.atp.type.type.relation.allowed.9')
INSERT INTO KSEN_TYPE_NAME(ID, LOCALE, NAME, OBJ_ID, OWNER) VALUES ('kuali.atp.type.type.relation.allowed.10.name', 'en', 'AcademicCalendar can contain Session1','','kuali.atp.type.type.relation.allowed.10')
INSERT INTO KSEN_TYPE_NAME(ID, LOCALE, NAME, OBJ_ID, OWNER) VALUES ('kuali.atp.type.type.relation.allowed.11.name', 'en', 'Session1 can contain Mini-mester1A','','kuali.atp.type.type.relation.allowed.11')
INSERT INTO KSEN_TYPE_NAME(ID, LOCALE, NAME, OBJ_ID, OWNER) VALUES ('kuali.atp.type.type.relation.allowed.12.name', 'en', 'Session1 can contain Mini-mester1B','','kuali.atp.type.type.relation.allowed.12')
INSERT INTO KSEN_TYPE_NAME(ID, LOCALE, NAME, OBJ_ID, OWNER) VALUES ('kuali.atp.type.type.relation.allowed.13.name', 'en', 'Summer can contain Session2','','kuali.atp.type.type.relation.allowed.13')
INSERT INTO KSEN_TYPE_NAME(ID, LOCALE, NAME, OBJ_ID, OWNER) VALUES ('kuali.atp.type.type.relation.allowed.14.name', 'en', 'Session2 can contain Mini-mester2C','','kuali.atp.type.type.relation.allowed.14')
INSERT INTO KSEN_TYPE_NAME(ID, LOCALE, NAME, OBJ_ID, OWNER) VALUES ('kuali.atp.type.type.relation.allowed.15.name', 'en', 'Session2 can contain Mini-mester2D','','kuali.atp.type.type.relation.allowed.15')
INSERT INTO KSEN_TYPE_NAME(ID, LOCALE, NAME, OBJ_ID, OWNER) VALUES ('kuali.atp.type.type.relation.allowed.16.name', 'en', 'AcademicCalendar can contain SummerEve','','kuali.atp.type.type.relation.allowed.16')
INSERT INTO KSEN_TYPE_NAME(ID, LOCALE, NAME, OBJ_ID, OWNER) VALUES ('kuali.atp.type.type.relation.allowed.17.name', 'en', 'SummerEve can contain SessionG1','','kuali.atp.type.type.relation.allowed.17')
INSERT INTO KSEN_TYPE_NAME(ID, LOCALE, NAME, OBJ_ID, OWNER) VALUES ('kuali.atp.type.type.relation.allowed.18.name', 'en', 'SummerEve can contain SessionG2','','kuali.atp.type.type.relation.allowed.18')

// Term Rich Text entities
INSERT INTO KSEN_RICH_TEXT_T (ID, FORMATTED, PLAIN,VER_NBR) VALUES ('RICHTEXT-TRT-1', '<p>Desc term rich text 1</p>', 'Desc term rich text 1',0)
INSERT INTO KSEN_RICH_TEXT_T (ID, FORMATTED, PLAIN,VER_NBR) VALUES ('RICHTEXT-TRT-2', '<p>Desc term rich text 2</p>', 'Desc term rich text 2',0)
INSERT INTO KSEN_RICH_TEXT_T (ID, FORMATTED, PLAIN,VER_NBR) VALUES ('RICHTEXT-TRT-3', '<p>Desc term rich text 3</p>', 'Desc term rich text 3',0)
INSERT INTO KSEN_RICH_TEXT_T (ID, FORMATTED, PLAIN,VER_NBR) VALUES ('RICHTEXT-TRT-4', '<p>Desc term rich text 4</p>', 'Desc term rich text 4',0)
INSERT INTO KSEN_RICH_TEXT_T (ID, FORMATTED, PLAIN,VER_NBR) VALUES ('RICHTEXT-TRT-5', '<p>Desc term rich text 5</p>', 'Desc term rich text 5',0)
INSERT INTO KSEN_RICH_TEXT_T (ID, FORMATTED, PLAIN,VER_NBR) VALUES ('RICHTEXT-TRT-6', '<p>Desc term rich text 6</p>', 'Desc term rich text 6',0)
INSERT INTO KSEN_RICH_TEXT_T (ID, FORMATTED, PLAIN,VER_NBR) VALUES ('RICHTEXT-TRT-7', '<p>Desc term rich text 7</p>', 'Desc term rich text 7',0)
INSERT INTO KSEN_RICH_TEXT_T (ID, FORMATTED, PLAIN,VER_NBR) VALUES ('RICHTEXT-TRT-8', '<p>Desc term rich text 8</p>', 'Desc term rich text 8',0)
INSERT INTO KSEN_RICH_TEXT_T (ID, FORMATTED, PLAIN,VER_NBR) VALUES ('RICHTEXT-TRT-9', '<p>Desc term rich text 9</p>', 'Desc term rich text 9',0)
INSERT INTO KSEN_RICH_TEXT_T (ID, FORMATTED, PLAIN,VER_NBR) VALUES ('RICHTEXT-TRT-10', '<p>Desc term rich text 10</p>', 'Desc term rich text 10',0)
INSERT INTO KSEN_RICH_TEXT_T (ID, FORMATTED, PLAIN,VER_NBR) VALUES ('RICHTEXT-TRT-11', '<p>Desc term rich text 11</p>', 'Desc term rich text 11',0)
INSERT INTO KSEN_RICH_TEXT_T (ID, FORMATTED, PLAIN,VER_NBR) VALUES ('RICHTEXT-Hold-101', '<p>Hold Desc 101</p>', 'Hold Desc 101',0)
INSERT INTO KSEN_RICH_TEXT_T (ID, FORMATTED, PLAIN,VER_NBR) VALUES ('RICHTEXT-Hold-201', '<p>Hold Desc for deletion test</p>', 'Hold Desc for deletion test',0)

//AtpEntity
INSERT INTO KSEN_ATP (ID, START_DT, END_DT, ATP_TYPE_ID, ATP_STATE_ID, RT_DESCR_ID, VER_NBR) VALUES ('testAtpId1', {ts '2000-01-01 00:00:00.0'}, {ts '2100-12-31 00:00:00.0'}, 'kuali.atp.type.AcademicCalendar', 'kuali.atp.state.Draft', 'RICHTEXT-101', 0)
INSERT INTO KSEN_ATP (ID, START_DT, END_DT, ATP_TYPE_ID, ATP_STATE_ID, RT_DESCR_ID, VER_NBR) VALUES ('testAtpId2',{ts '2000-01-01 00:00:00.0'}, {ts '2100-12-31 00:00:00.0'}, 'kuali.atp.type.HolidayCalendar', 'kuali.atp.state.Draft', 'RICHTEXT-102', 0)
INSERT INTO KSEN_ATP (ID, START_DT, END_DT, ATP_TYPE_ID, ATP_STATE_ID, RT_DESCR_ID, VER_NBR) VALUES ('testDeleteAtpId1', {ts '2012-01-01 00:00:00.0'}, {ts '2100-12-31 00:00:00.0'}, 'kuali.atp.type.HolidayCalendar', 'kuali.atp.state.Draft', 'RICHTEXT-103', 0)
INSERT INTO KSEN_ATP (ID, START_DT, END_DT, ATP_TYPE_ID, ATP_STATE_ID, RT_DESCR_ID, VER_NBR) VALUES ('testDeleteAtpId2', {ts '2012-01-01 00:00:00.0'}, {ts '2100-12-31 00:00:00.0'}, 'kuali.atp.type.HolidayCalendar', 'kuali.atp.state.Draft', 'RICHTEXT-104', 0)
INSERT INTO KSEN_ATP (ID, START_DT, END_DT, ATP_TYPE_ID, ATP_STATE_ID, RT_DESCR_ID, VER_NBR) VALUES ('testTermId1', {ts '2000-01-01 00:00:00.0'}, {ts '2100-12-31 00:00:00.0'}, 'kuali.atp.type.Fall', 'kuali.atp.state.Draft', 'RICHTEXT-201', 0)
INSERT INTO KSEN_ATP (ID, START_DT, END_DT, ATP_TYPE_ID, ATP_STATE_ID, RT_DESCR_ID, VER_NBR) VALUES ('testTermId2', {ts '2000-01-01 00:00:00.0'}, {ts '2100-12-31 00:00:00.0'}, 'kuali.atp.type.Spring', 'kuali.atp.state.Draft', 'RICHTEXT-301', 0)

INSERT INTO KSEN_ATP_NAME(ID, LOCALE, NAME, OBJ_ID, OWNER) VALUES ('testAtpId1.name', 'en', 'testAtp1','','testAtpId1')
INSERT INTO KSEN_ATP_NAME(ID, LOCALE, NAME, OBJ_ID, OWNER) VALUES ('testAtpId2.name', 'en', 'testAtp2','','testAtpId2')
INSERT INTO KSEN_ATP_NAME(ID, LOCALE, NAME, OBJ_ID, OWNER) VALUES ('testDeleteAtpId1.name', 'en', 'testDeleteAtp1','','testDeleteAtpId1')
INSERT INTO KSEN_ATP_NAME(ID, LOCALE, NAME, OBJ_ID, OWNER) VALUES ('testDeleteAtpId2.name', 'en', 'testDeleteAtp2','','testDeleteAtpId2')
INSERT INTO KSEN_ATP_NAME(ID, LOCALE, NAME, OBJ_ID, OWNER) VALUES ('testTermId1.name', 'en', 'testTerm1','','testTermId1')
INSERT INTO KSEN_ATP_NAME(ID, LOCALE, NAME, OBJ_ID, OWNER) VALUES ('testTermId2.name', 'en', 'testTerm2','','testTermId2')


// AtpAttributeEntity - can''t get this to execute for some reason
-- INSERT INTO KSEN_ATP_ATTR (ID, ATTR_KEY, ATTR_VALUE, OWNER) VALUES ('testAtpAttr1', 'CredentialProgramType', 'kuali.lu.type.credential.Baccalaureate', 'testAtpId1')

// AtpAtpRelationEntity
//INSERT INTO KSEN_ATPATP_RELTN(ID, VER_NBR, EFF_DT, EXPIR_DT, ATP_STATE_ID, ATP_ID, ATP_RELTN_TYPE_ID, RELATED_ATP_ID) VALUES ('ATPATPREL-1', 0, {ts '2011-01-01 00:00:00.0'}, {ts '2100-01-01 00:00:00.0'}, 'kuali.atp.atp.relation.state.active', 'testAtpId1', 'kuali.atp.atp.relation.associated', 'testAtpId2')
INSERT INTO KSEN_ATPATP_RELTN(ID, VER_NBR, EFF_DT, EXPIR_DT, ATP_STATE_ID, ATP_ID, ATP_RELTN_TYPE_ID, RELATED_ATP_ID) VALUES ('ATPATPREL-2', 0, {ts '2011-01-01 00:00:00.0'}, {ts '2100-01-01 00:00:00.0'}, 'kuali.atp.atp.relation.state.active', 'testAtpId1', 'kuali.atp.atp.relation.includes', 'testTermId1')
INSERT INTO KSEN_ATPATP_RELTN(ID, VER_NBR, EFF_DT, EXPIR_DT, ATP_STATE_ID, ATP_ID, ATP_RELTN_TYPE_ID, RELATED_ATP_ID) VALUES ('ATPATPREL-3', 0, {ts '2011-01-01 00:00:00.0'}, {ts '2100-01-01 00:00:00.0'}, 'kuali.atp.atp.relation.state.active', 'testTermId1', 'kuali.atp.atp.relation.includes', 'testTermId2')
INSERT INTO KSEN_ATPATP_RELTN(ID, VER_NBR, EFF_DT, EXPIR_DT, ATP_STATE_ID, ATP_ID, ATP_RELTN_TYPE_ID, RELATED_ATP_ID) VALUES ('ATPATPREL-4', 0, {ts '2011-01-01 00:00:00.0'}, {ts '2100-01-01 00:00:00.0'}, 'kuali.atp.atp.relation.state.active', 'testAtpId1', 'kuali.atp.atp.relation.includes', 'testDeleteAtpId1')
INSERT INTO KSEN_ATPATP_RELTN(ID, VER_NBR, EFF_DT, EXPIR_DT, ATP_STATE_ID, ATP_ID, ATP_RELTN_TYPE_ID, RELATED_ATP_ID) VALUES ('ATPATPREL-5', 0, {ts '2011-01-01 00:00:00.0'}, {ts '2100-01-01 00:00:00.0'}, 'kuali.atp.atp.relation.state.active', 'testAtpId1', 'kuali.atp.atp.relation.includes', 'testDeleteAtpId2')

// MilestoneEntity
INSERT INTO KSEN_MSTONE(ID, START_DT, END_DT, MILESTONE_TYPE_ID, MILESTONE_STATE_ID, IS_ALL_DAY, IS_DATE_RANGE, RT_DESCR_ID, VER_NBR) values ('testId', {ts '2011-07-10 00:00:00.0'}, {ts '2011-07-20 00:00:00.0'}, 'kuali.atp.milestone.AdvanceRegistrationPeriod', 'kuali.milestone.state.Draft', 0, 1, 'RICHTEXT-105', 0)
INSERT INTO KSEN_MSTONE(ID, START_DT, END_DT, MILESTONE_TYPE_ID, MILESTONE_STATE_ID, IS_ALL_DAY, IS_DATE_RANGE, RT_DESCR_ID, VER_NBR) values ('testId2', {ts '2011-08-01 00:00:00.0'}, {ts '2011-10-01 00:00:00.0'}, 'kuali.atp.milestone.RegistrationPeriod', 'kuali.milestone.state.Draft', 0, 1, 'RICHTEXT-106', 0)
INSERT INTO KSEN_MSTONE(ID, START_DT, END_DT, MILESTONE_TYPE_ID, MILESTONE_STATE_ID, IS_ALL_DAY, IS_DATE_RANGE, RT_DESCR_ID, VER_NBR) values ('testId3', {ts '2011-11-01 00:00:00.0'}, null, 'kuali.atp.milestone.DropDate', 'kuali.milestone.state.Draft', 1, 0, 'RICHTEXT-107', 0)
INSERT INTO KSEN_MSTONE(ID, START_DT, END_DT, MILESTONE_TYPE_ID, MILESTONE_STATE_ID, IS_ALL_DAY, IS_DATE_RANGE, RT_DESCR_ID, VER_NBR) values ('testDeleteId', {ts '2011-11-01 00:00:00.0'}, null, 'kuali.atp.milestone.RegistrationPeriod', 'kuali.milestone.state.Draft', 0, 0, 'RICHTEXT-108', 0)

INSERT INTO KSEN_MSTONE_NAME(ID, LOCALE, NAME, OBJ_ID, OWNER) VALUES ('testId.name', 'en', 'testId','','testId')
INSERT INTO KSEN_MSTONE_NAME(ID, LOCALE, NAME, OBJ_ID, OWNER) VALUES ('testId2.name', 'en', 'testId2','','testId2')
INSERT INTO KSEN_MSTONE_NAME(ID, LOCALE, NAME, OBJ_ID, OWNER) VALUES ('testId3.name', 'en', 'testId3','','testId3')
INSERT INTO KSEN_MSTONE_NAME(ID, LOCALE, NAME, OBJ_ID, OWNER) VALUES ('testDeleteId.name', 'en', 'testDeleteId','','testDeleteId')

// AtpMilestoneRelationEntity
INSERT INTO KSEN_ATPMSTONE_RELTN (ID, VER_NBR, EFF_DT, EXPIR_DT, ATP_STATE_ID, ATP_ID, MSTONE_ID, AM_RELTN_TYPE_ID) values ('ATPMSTONEREL-1', 0, {ts '2011-01-01 00:00:00.0'}, {ts '2100-01-01 00:00:00.0'}, 'kuali.atp.milestone.relation.state.active', 'testAtpId1', 'testId', 'kuali.atp.milestone.relation.owns')
INSERT INTO KSEN_ATPMSTONE_RELTN (ID, VER_NBR, EFF_DT, EXPIR_DT, ATP_STATE_ID, ATP_ID, MSTONE_ID, AM_RELTN_TYPE_ID) values ('ATPMSTONEREL-2', 0, {ts '2011-01-01 00:00:00.0'}, {ts '2100-01-01 00:00:00.0'}, 'kuali.atp.milestone.relation.state.active', 'testAtpId2', 'testId2', 'kuali.atp.milestone.relation.owns')
INSERT INTO KSEN_ATPMSTONE_RELTN (ID, VER_NBR, EFF_DT, EXPIR_DT, ATP_STATE_ID, ATP_ID, MSTONE_ID, AM_RELTN_TYPE_ID) values ('ATPMSTONEREL-3', 0, {ts '2011-01-01 00:00:00.0'}, {ts '2100-01-01 00:00:00.0'}, 'kuali.atp.milestone.relation.state.active', 'testDeleteAtpId1', 'testId', 'kuali.atp.milestone.relation.owns')
INSERT INTO KSEN_ATPMSTONE_RELTN (ID, VER_NBR, EFF_DT, EXPIR_DT, ATP_STATE_ID, ATP_ID, MSTONE_ID, AM_RELTN_TYPE_ID) values ('ATPMSTONEREL-4', 0, {ts '2011-01-01 00:00:00.0'}, {ts '2100-01-01 00:00:00.0'}, 'kuali.atp.milestone.relation.state.active', 'testDeleteAtpId2', 'testId2', 'kuali.atp.milestone.relation.owns')

// Term Atps for testing
INSERT INTO KSEN_ATP (ID, START_DT, END_DT, ATP_TYPE_ID, ATP_STATE_ID, RT_DESCR_ID, VER_NBR) VALUES ('termRelationTestingTerm1', {ts '2000-09-01 00:00:00.0'}, {ts '2000-12-31 00:00:00.0'}, 'kuali.atp.type.Fall', 'kuali.atp.state.Draft', 'RICHTEXT-TRT-1', 0)
INSERT INTO KSEN_ATP (ID, START_DT, END_DT, ATP_TYPE_ID, ATP_STATE_ID, RT_DESCR_ID, VER_NBR) VALUES ('termRelationTestingTerm2', {ts '2001-01-01 00:00:00.0'}, {ts '2001-05-31 00:00:00.0'}, 'kuali.atp.type.Spring', 'kuali.atp.state.Draft', 'RICHTEXT-TRT-2', 0)
INSERT INTO KSEN_ATP (ID, START_DT, END_DT, ATP_TYPE_ID, ATP_STATE_ID, RT_DESCR_ID, VER_NBR) VALUES ('termRelationTestingTerm3', {ts '2000-09-01 00:00:00.0'}, {ts '2000-12-31 00:00:00.0'}, 'kuali.atp.type.Fall', 'kuali.atp.state.Official', 'RICHTEXT-TRT-7', 0)
INSERT INTO KSEN_ATP (ID, START_DT, END_DT, ATP_TYPE_ID, ATP_STATE_ID, RT_DESCR_ID, VER_NBR) VALUES ('termRelationTestingTerm4', {ts '2011-01-01 00:00:00.0'}, {ts '2011-05-31 00:00:00.0'}, 'kuali.atp.type.HalfFall1', 'kuali.atp.state.Draft', 'RICHTEXT-TRT-8', 0)
INSERT INTO KSEN_ATP (ID, START_DT, END_DT, ATP_TYPE_ID, ATP_STATE_ID, RT_DESCR_ID, VER_NBR) VALUES ('termRelationTestingTermDelete', {ts '2031-01-01 00:00:00.0'}, {ts '2031-05-31 00:00:00.0'}, 'kuali.atp.type.HalfFall1', 'kuali.atp.state.Draft', 'RICHTEXT-TRT-9', 0)
INSERT INTO KSEN_ATP (ID, START_DT, END_DT, ATP_TYPE_ID, ATP_STATE_ID, RT_DESCR_ID, VER_NBR) VALUES ('termRelationTestingTerm5', {ts '2000-09-01 00:00:00.0'}, {ts '2000-12-31 00:00:00.0'}, 'kuali.atp.type.Fall', 'kuali.atp.state.Official', 'RICHTEXT-TRT-10', 0)
INSERT INTO KSEN_ATP (ID, START_DT, END_DT, ATP_TYPE_ID, ATP_STATE_ID, RT_DESCR_ID, VER_NBR) VALUES ('termRelationTestingTerm6', {ts '2011-01-01 00:00:00.0'}, {ts '2011-05-31 00:00:00.0'}, 'kuali.atp.type.HalfFall2', 'kuali.atp.state.Draft', 'RICHTEXT-TRT-11', 0)

INSERT INTO KSEN_ATP_NAME(ID, LOCALE, NAME, OBJ_ID, OWNER) VALUES ('termRelationTestingTerm1.name', 'en', 'testingTerm1','','termRelationTestingTerm1')
INSERT INTO KSEN_ATP_NAME(ID, LOCALE, NAME, OBJ_ID, OWNER) VALUES ('termRelationTestingTerm2.name', 'en', 'testingTerm2','','termRelationTestingTerm2')
INSERT INTO KSEN_ATP_NAME(ID, LOCALE, NAME, OBJ_ID, OWNER) VALUES ('termRelationTestingTerm3.name', 'en', 'testingTerm3','','termRelationTestingTerm3')
INSERT INTO KSEN_ATP_NAME(ID, LOCALE, NAME, OBJ_ID, OWNER) VALUES ('termRelationTestingTerm4.name', 'en', 'testingTerm4','','termRelationTestingTerm4')
INSERT INTO KSEN_ATP_NAME(ID, LOCALE, NAME, OBJ_ID, OWNER) VALUES ('termRelationTestingTermDelete.name', 'en', 'testingTermDelete','','termRelationTestingTerm5')
INSERT INTO KSEN_ATP_NAME(ID, LOCALE, NAME, OBJ_ID, OWNER) VALUES ('termRelationTestingTerm5.name', 'en', 'testingTerm3','','termRelationTestingTerm5')
INSERT INTO KSEN_ATP_NAME(ID, LOCALE, NAME, OBJ_ID, OWNER) VALUES ('termRelationTestingTerm6.name', 'en', 'testingTerm4','','termRelationTestingTerm6')

INSERT INTO KSEN_ATP (ID, START_DT, END_DT, ATP_TYPE_ID, ATP_STATE_ID, RT_DESCR_ID, VER_NBR) VALUES ('termRelationTestingAcal1', {ts '2000-09-01 00:00:00.0'}, {ts '2001-06-01 00:00:00.0'}, 'kuali.atp.type.AcademicCalendar', 'kuali.atp.state.Draft', 'RICHTEXT-TRT-3', 0)
INSERT INTO KSEN_ATP (ID, START_DT, END_DT, ATP_TYPE_ID, ATP_STATE_ID, RT_DESCR_ID, VER_NBR) VALUES ('termRelationTestingAcal2', {ts '2001-09-01 00:00:00.0'}, {ts '2002-06-01 00:00:00.0'}, 'kuali.atp.type.AcademicCalendar', 'kuali.atp.state.Draft', 'RICHTEXT-TRT-4', 0)

INSERT INTO KSEN_ATP_NAME(ID, LOCALE, NAME, OBJ_ID, OWNER) VALUES ('termRelationTestingAcal1.name', 'en', 'testingAcal1','','termRelationTestingAcal1')
INSERT INTO KSEN_ATP_NAME(ID, LOCALE, NAME, OBJ_ID, OWNER) VALUES ('termRelationTestingAcal2.name', 'en', 'testingAcal2','','termRelationTestingAcal2')

INSERT INTO KSEN_MSTONE(ID, START_DT, END_DT, MILESTONE_TYPE_ID, MILESTONE_STATE_ID, IS_ALL_DAY, IS_DATE_RANGE, RT_DESCR_ID, VER_NBR) values ('testKeyDate1', {ts '2001-09-10 00:00:00.0'}, {ts '2001-09-20 00:00:00.0'}, 'kuali.atp.milestone.AdvanceRegistrationPeriod', 'kuali.milestone.state.Draft', 0, 1, 'RICHTEXT-TRT-5', 0)
INSERT INTO KSEN_MSTONE(ID, START_DT, END_DT, MILESTONE_TYPE_ID, MILESTONE_STATE_ID, IS_ALL_DAY, IS_DATE_RANGE, RT_DESCR_ID, VER_NBR) values ('testKeyDate2', {ts '2001-08-01 00:00:00.0'}, {ts '2001-10-01 00:00:00.0'}, 'kuali.atp.milestone.RegistrationPeriod', 'kuali.milestone.state.Draft', 0, 1, 'RICHTEXT-TRT-6', 0)

INSERT INTO KSEN_MSTONE_NAME(ID, LOCALE, NAME, OBJ_ID, OWNER) VALUES ('testKeyDate1.name', 'en', 'testKeyDate1','','testKeyDate1')
INSERT INTO KSEN_MSTONE_NAME(ID, LOCALE, NAME, OBJ_ID, OWNER) VALUES ('testKeyDate2.name', 'en', 'testKeyDate2','','testKeyDate2')

// Term to Term AtpAtpRelations for testing
INSERT INTO KSEN_ATPATP_RELTN(ID, VER_NBR, EFF_DT, EXPIR_DT, ATP_STATE_ID, ATP_ID, ATP_RELTN_TYPE_ID, RELATED_ATP_ID) VALUES ('termRelationTestingRel-TermTerm-1', 0, {ts '2011-01-01 00:00:00.0'}, {ts '2100-01-01 00:00:00.0'}, 'kuali.atp.atp.relation.state.active', 'termRelationTestingTerm1', 'kuali.atp.atp.relation.includes', 'termRelationTestingTerm2')
INSERT INTO KSEN_ATPATP_RELTN(ID, VER_NBR, EFF_DT, EXPIR_DT, ATP_STATE_ID, ATP_ID, ATP_RELTN_TYPE_ID, RELATED_ATP_ID) VALUES ('termRelationTestingRel-TermTerm-2', 0, {ts '2011-01-01 00:00:00.0'}, {ts '2100-01-01 00:00:00.0'}, 'kuali.atp.atp.relation.state.active', 'termRelationTestingTerm3', 'kuali.atp.atp.relation.includes', 'termRelationTestingTerm4')

// Acal to Term AtpAtpRelations for testing
INSERT INTO KSEN_ATPATP_RELTN(ID, VER_NBR, EFF_DT, EXPIR_DT, ATP_STATE_ID, ATP_ID, ATP_RELTN_TYPE_ID, RELATED_ATP_ID) VALUES ('termRelationTestingRel-AcalTerm-1', 0, {ts '2011-01-01 00:00:00.0'}, {ts '2100-01-01 00:00:00.0'}, 'kuali.atp.atp.relation.state.active', 'termRelationTestingAcal1', 'kuali.atp.atp.relation.includes', 'termRelationTestingTerm1')
INSERT INTO KSEN_ATPATP_RELTN(ID, VER_NBR, EFF_DT, EXPIR_DT, ATP_STATE_ID, ATP_ID, ATP_RELTN_TYPE_ID, RELATED_ATP_ID) VALUES ('termRelationTestingRel-AcalTerm-2', 0, {ts '2011-01-01 00:00:00.0'}, {ts '2100-01-01 00:00:00.0'}, 'kuali.atp.atp.relation.state.active', 'termRelationTestingAcal2', 'kuali.atp.atp.relation.includes', 'termRelationTestingTerm2')

// Term to KeyDate AtpMilestoneRelations for testing
INSERT INTO KSEN_ATPMSTONE_RELTN (ID, VER_NBR, EFF_DT, EXPIR_DT, ATP_STATE_ID, ATP_ID, MSTONE_ID, AM_RELTN_TYPE_ID) values ('termRelationTestingRel-TermDate-1', 0, {ts '2011-01-01 00:00:00.0'}, {ts '2100-01-01 00:00:00.0'}, 'kuali.atp.milestone.relation.state.active', 'termRelationTestingTerm1', 'testKeyDate1', 'kuali.atp.milestone.relation.owns')

// Acedemic calendars for range testing
INSERT INTO KSEN_ATP (ID, START_DT, END_DT, ATP_TYPE_ID, ATP_STATE_ID, RT_DESCR_ID, VER_NBR) VALUES ('testEdgeAtpId1', {ts '1980-06-01 00:00:00.0'}, {ts '1980-06-30 00:00:00.0'}, 'kuali.atp.type.AcademicCalendar', 'kuali.atp.state.Official', 'RICHTEXT-2001', 0)
INSERT INTO KSEN_ATP (ID, START_DT, END_DT, ATP_TYPE_ID, ATP_STATE_ID, RT_DESCR_ID, VER_NBR) VALUES ('testEdgeAtpId2', {ts '1979-12-01 00:00:00.0'}, {ts '1981-01-31 00:00:00.0'}, 'kuali.atp.type.AcademicCalendar', 'kuali.atp.state.Official', 'RICHTEXT-2002', 0)
INSERT INTO KSEN_ATP (ID, START_DT, END_DT, ATP_TYPE_ID, ATP_STATE_ID, RT_DESCR_ID, VER_NBR) VALUES ('testEdgeAtpId3', {ts '1979-12-01 00:00:00.0'}, {ts '1980-01-31 00:00:00.0'}, 'kuali.atp.type.AcademicCalendar', 'kuali.atp.state.Official', 'RICHTEXT-2003', 0)
INSERT INTO KSEN_ATP (ID, START_DT, END_DT, ATP_TYPE_ID, ATP_STATE_ID, RT_DESCR_ID, VER_NBR) VALUES ('testEdgeAtpId4', {ts '1980-12-01 00:00:00.0'}, {ts '1981-01-31 00:00:00.0'}, 'kuali.atp.type.AcademicCalendar', 'kuali.atp.state.Official', 'RICHTEXT-2004', 0)
INSERT INTO KSEN_ATP (ID, START_DT, END_DT, ATP_TYPE_ID, ATP_STATE_ID, RT_DESCR_ID, VER_NBR) VALUES ('testEdgeAtpId5', {ts '1979-12-01 00:00:00.0'}, {ts '1980-01-01 00:00:00.0'}, 'kuali.atp.type.AcademicCalendar', 'kuali.atp.state.Official', 'RICHTEXT-2005', 0)
INSERT INTO KSEN_ATP (ID, START_DT, END_DT, ATP_TYPE_ID, ATP_STATE_ID, RT_DESCR_ID, VER_NBR) VALUES ('testEdgeAtpId6', {ts '1980-12-31 00:00:00.0'}, {ts '1981-01-31 00:00:00.0'}, 'kuali.atp.type.AcademicCalendar', 'kuali.atp.state.Official', 'RICHTEXT-2006', 0)
INSERT INTO KSEN_ATP (ID, START_DT, END_DT, ATP_TYPE_ID, ATP_STATE_ID, RT_DESCR_ID, VER_NBR) VALUES ('testEdgeAtpId7', {ts '1980-01-01 00:00:00.0'}, {ts '1980-06-30 00:00:00.0'}, 'kuali.atp.type.AcademicCalendar', 'kuali.atp.state.Official', 'RICHTEXT-2007', 0)
INSERT INTO KSEN_ATP (ID, START_DT, END_DT, ATP_TYPE_ID, ATP_STATE_ID, RT_DESCR_ID, VER_NBR) VALUES ('testEdgeAtpId8', {ts '1980-06-01 00:00:00.0'}, {ts '1980-12-31 00:00:00.0'}, 'kuali.atp.type.AcademicCalendar', 'kuali.atp.state.Official', 'RICHTEXT-2008', 0)
INSERT INTO KSEN_ATP (ID, START_DT, END_DT, ATP_TYPE_ID, ATP_STATE_ID, RT_DESCR_ID, VER_NBR) VALUES ('testEdgeAtpId9', {ts '1979-12-01 00:00:00.0'}, {ts '1979-12-31 00:00:00.0'}, 'kuali.atp.type.AcademicCalendar', 'kuali.atp.state.Official', 'RICHTEXT-2009', 0)
INSERT INTO KSEN_ATP (ID, START_DT, END_DT, ATP_TYPE_ID, ATP_STATE_ID, RT_DESCR_ID, VER_NBR) VALUES ('testEdgeAtpId10', {ts '1981-01-01 00:00:00.0'}, {ts '1981-01-31 00:00:00.0'}, 'kuali.atp.type.AcademicCalendar', 'kuali.atp.state.Official', 'RICHTEXT-2010', 0)

INSERT INTO KSEN_ATP_NAME(ID, LOCALE, NAME, OBJ_ID, OWNER) VALUES ('testEdgeAtpId1.name', 'en', 'testEdgeAtpId1','','testEdgeAtpId1')
INSERT INTO KSEN_ATP_NAME(ID, LOCALE, NAME, OBJ_ID, OWNER) VALUES ('testEdgeAtpId2.name', 'en', 'testEdgeAtpId2','','testEdgeAtpId2')
INSERT INTO KSEN_ATP_NAME(ID, LOCALE, NAME, OBJ_ID, OWNER) VALUES ('testEdgeAtpId3.name', 'en', 'testEdgeAtpId3','','testEdgeAtpId3')
INSERT INTO KSEN_ATP_NAME(ID, LOCALE, NAME, OBJ_ID, OWNER) VALUES ('testEdgeAtpId4.name', 'en', 'testEdgeAtpId4','','testEdgeAtpId4')
INSERT INTO KSEN_ATP_NAME(ID, LOCALE, NAME, OBJ_ID, OWNER) VALUES ('testEdgeAtpId5.name', 'en', 'testEdgeAtpId5','','testEdgeAtpId5')
INSERT INTO KSEN_ATP_NAME(ID, LOCALE, NAME, OBJ_ID, OWNER) VALUES ('testEdgeAtpId6.name', 'en', 'testEdgeAtpId6','','testEdgeAtpId6')
INSERT INTO KSEN_ATP_NAME(ID, LOCALE, NAME, OBJ_ID, OWNER) VALUES ('testEdgeAtpId7.name', 'en', 'testEdgeAtpId7','','testEdgeAtpId7')
INSERT INTO KSEN_ATP_NAME(ID, LOCALE, NAME, OBJ_ID, OWNER) VALUES ('testEdgeAtpId8.name', 'en', 'testEdgeAtpId8','','testEdgeAtpId8')
INSERT INTO KSEN_ATP_NAME(ID, LOCALE, NAME, OBJ_ID, OWNER) VALUES ('testEdgeAtpId9.name', 'en', 'testEdgeAtpId9','','testEdgeAtpId9')
INSERT INTO KSEN_ATP_NAME(ID, LOCALE, NAME, OBJ_ID, OWNER) VALUES ('testEdgeAtpId10.name', 'en', 'testEdgeAtpId10','','testEdgeAtpId10')

// Academic Calendar
INSERT INTO KSEN_RICH_TEXT_T (ID, FORMATTED, PLAIN,VER_NBR) VALUES ('ACADEMICCALENDAR1990DESC', '<p>1990 Academic Calendar</p>', '1990 Academic Calendar', 0)
INSERT INTO KSEN_ATP (ID, START_DT, END_DT, ATP_TYPE_ID, ATP_STATE_ID, RT_DESCR_ID, VER_NBR) VALUES ('ACADEMICCALENDAR1990', {ts '1990-08-01 00:00:00.0'}, {ts '1991-12-31 00:00:00.0'}, 'kuali.atp.type.AcademicCalendar', 'kuali.atp.state.Official', 'ACADEMICCALENDAR1990DESC', 0)
INSERT INTO KSEN_ATP_NAME(ID, LOCALE, NAME, OBJ_ID, OWNER) VALUES ('ACADEMICCALENDAR1990.name', 'en', '1990 Academic Calendar','','ACADEMICCALENDAR1990')

// Fall Term
INSERT INTO KSEN_RICH_TEXT_T (ID, FORMATTED, PLAIN,VER_NBR) VALUES ('FALLTERM1990DESC', '<p>Fall Term 1990</p>', 'Fall Term 1990', 0)
INSERT INTO KSEN_ATP (ID, START_DT, END_DT, ATP_TYPE_ID, ATP_STATE_ID, RT_DESCR_ID, VER_NBR) VALUES ('FALLTERM1990', {ts '1990-08-01 00:00:00.0'}, {ts '1990-12-31 00:00:00.0'}, 'kuali.atp.type.Fall', 'kuali.atp.state.Official', 'FALLTERM1990DESC', 0)
INSERT INTO KSEN_ATP_NAME(ID, LOCALE, NAME, OBJ_ID, OWNER) VALUES ('FALLTERM1990.name', 'en', 'Fall Term 1990','','FALLTERM1990')
INSERT INTO KSEN_ATPATP_RELTN(ID, VER_NBR, EFF_DT, ATP_STATE_ID, ATP_ID, ATP_RELTN_TYPE_ID, RELATED_ATP_ID) VALUES ('ACADEMICCALENDAR1990FALLTERM1990RELATION', 0, {ts '1988-01-01 00:00:00.0'}, 'kuali.atp.atp.relation.state.active', 'ACADEMICCALENDAR1990', 'kuali.atp.atp.relation.includes', 'FALLTERM1990')

// Term Key Dates
INSERT INTO KSEN_RICH_TEXT_T (ID, FORMATTED, PLAIN,VER_NBR) VALUES ('FALLTERM1990COMMENCEMENTDESC', '<p>Commencement</p>', 'Commencement', 0)
INSERT INTO KSEN_MSTONE(ID, START_DT, END_DT, MILESTONE_TYPE_ID, MILESTONE_STATE_ID, IS_ALL_DAY, IS_DATE_RANGE, RT_DESCR_ID, VER_NBR) values ('FALLTERM1990COMMENCEMENT', {ts '1990-12-15 10:00:00.0'}, {ts '1990-12-15 11:00:00.0'}, 'kuali.atp.milestone.Commencement', 'kuali.milestone.state.Official', 0, 0, 'FALLTERM1990COMMENCEMENTDESC', 0)
INSERT INTO KSEN_MSTONE_NAME(ID, LOCALE, NAME, OBJ_ID, OWNER) VALUES ('FALLTERM1990COMMENCEMENT.name', 'en', 'Fall Commencement 1990','','FALLTERM1990COMMENCEMENT')
INSERT INTO KSEN_ATPMSTONE_RELTN (ID, VER_NBR, EFF_DT, ATP_STATE_ID, ATP_ID, MSTONE_ID, AM_RELTN_TYPE_ID) values ('FALLTERM1990FALLTERM1990COMMENCEMENTRELATION', 0, {ts '1988-01-01 00:00:00.0'}, 'kuali.atp.milestone.relation.state.active', 'FALLTERM1990', 'FALLTERM1990COMMENCEMENT', 'kuali.atp.milestone.relation.owns')

// Term Registration Date Group
INSERT INTO KSEN_RICH_TEXT_T (ID, FORMATTED, PLAIN,VER_NBR) VALUES ('FALLTERM1990REGISTRATIONDESC', '<p>Fall 1990 Registration</p>', 'Fall 1990 Registration', 0)
INSERT INTO KSEN_MSTONE(ID, START_DT, END_DT, MILESTONE_TYPE_ID, MILESTONE_STATE_ID, IS_ALL_DAY, IS_DATE_RANGE, RT_DESCR_ID, VER_NBR) values ('FALLTERM1990REGISTRATION', {ts '1990-08-01 00:00:00.0'}, {ts '1990-09-09 00:00:00.0'}, 'kuali.atp.milestone.RegistrationPeriod', 'kuali.milestone.state.Official', 0, 1, 'FALLTERM1990REGISTRATIONDESC', 0)
INSERT INTO KSEN_MSTONE_NAME(ID, LOCALE, NAME, OBJ_ID, OWNER) VALUES ('FALLTERM1990REGISTRATION.name', 'en', 'Fall Term Registration Period','','FALLTERM1990REGISTRATION')
INSERT INTO KSEN_ATPMSTONE_RELTN (ID, VER_NBR, EFF_DT, ATP_STATE_ID, ATP_ID, MSTONE_ID, AM_RELTN_TYPE_ID) values ('FALLTERM1990FALLTERM1990REGISTRATIONRELATION', 0, {ts '1988-01-01 00:00:00.0'}, 'kuali.atp.milestone.relation.state.active', 'FALLTERM1990', 'FALLTERM1990REGISTRATION', 'kuali.atp.milestone.relation.owns')
INSERT INTO KSEN_RICH_TEXT_T (ID, FORMATTED, PLAIN,VER_NBR) VALUES ('FALLTERM1990COURSESELECTIONENDDESC', '<p>Fall Course Selection</p>', 'Fall Course Selection', 0)
INSERT INTO KSEN_MSTONE(ID, START_DT, END_DT, MILESTONE_TYPE_ID, MILESTONE_STATE_ID, IS_ALL_DAY, IS_DATE_RANGE, RT_DESCR_ID, VER_NBR) values ('FALLTERM1990COURSESELECTIONEND', {ts '1990-09-10 00:00:00.0'}, {ts '1990-09-10 00:00:00.0'}, 'kuali.atp.milestone.CourseSelectionPeriodEnd', 'kuali.milestone.state.Official', 0, 0, 'FALLTERM1990COURSESELECTIONENDDESC', 0)
INSERT INTO KSEN_MSTONE_NAME(ID, LOCALE, NAME, OBJ_ID, OWNER) VALUES ('FALLTERM1990COURSESELECTIONEND.name', 'en', 'Fall Term Course Selection Period Ends','','FALLTERM1990COURSESELECTIONEND')
INSERT INTO KSEN_ATPMSTONE_RELTN (ID, VER_NBR, EFF_DT, ATP_STATE_ID, ATP_ID, MSTONE_ID, AM_RELTN_TYPE_ID) values ('FALLTERM1990FALLTERM1990COURSESELECTIONENDRELATION', 0, {ts '1988-01-01 00:00:00.0'}, 'kuali.atp.milestone.relation.state.active', 'FALLTERM1990', 'FALLTERM1990COURSESELECTIONEND', 'kuali.atp.milestone.relation.owns')
INSERT INTO KSEN_RICH_TEXT_T (ID, FORMATTED, PLAIN,VER_NBR) VALUES ('FALLTERM1990INSTRUCTIONPERIODDESC', '<p>Instruction Period</p>', 'Instruction Period', 0)
INSERT INTO KSEN_MSTONE(ID, START_DT, END_DT, MILESTONE_TYPE_ID, MILESTONE_STATE_ID, IS_ALL_DAY, IS_DATE_RANGE, RT_DESCR_ID, VER_NBR) values ('FALLTERM1990INSTRUCTIONPERIOD', {ts '1990-09-03 00:00:00.0'}, {ts '1990-12-01 00:00:00.0'}, 'kuali.atp.milestone.InstructionalPeriod', 'kuali.milestone.state.Official', 1, 1, 'FALLTERM1990INSTRUCTIONPERIODDESC', 0)
INSERT INTO KSEN_MSTONE_NAME(ID, LOCALE, NAME, OBJ_ID, OWNER) VALUES ('FALLTERM1990INSTRUCTIONPERIOD.name', 'en', 'Fall Term Instructional Period','','FALLTERM1990INSTRUCTIONPERIOD')
INSERT INTO KSEN_ATPMSTONE_RELTN (ID, VER_NBR, EFF_DT, ATP_STATE_ID, ATP_ID, MSTONE_ID, AM_RELTN_TYPE_ID) values ('FALLTERM1990FALLTERM1990INSTRUCTIONPERIODRELATION', 0, {ts '1988-01-01 00:00:00.0'}, 'kuali.atp.milestone.relation.state.active', 'FALLTERM1990', 'FALLTERM1990INSTRUCTIONPERIOD', 'kuali.atp.milestone.relation.owns')
INSERT INTO KSEN_RICH_TEXT_T (ID, FORMATTED, PLAIN,VER_NBR) VALUES ('FALLTERM1990DROPDATEDESC', '<p>Deadline to Drop Fall Term Classes</p>', 'Deadline to Drop Fall Term Classes', 0)
INSERT INTO KSEN_MSTONE(ID, START_DT, END_DT, MILESTONE_TYPE_ID, MILESTONE_STATE_ID, IS_ALL_DAY, IS_DATE_RANGE, RT_DESCR_ID, VER_NBR) values ('FALLTERM1990DROPDATE', {ts '1990-09-10 00:00:00.0'}, {ts '1990-09-10 00:00:00.0'}, 'kuali.atp.milestone.DropDate', 'kuali.milestone.state.Official', 0, 0, 'FALLTERM1990DROPDATEDESC', 0)
INSERT INTO KSEN_MSTONE_NAME(ID, LOCALE, NAME, OBJ_ID, OWNER) VALUES ('FALLTERM1990DROPDATE.name', 'en', 'Drop Deadlin','','FALLTERM1990DROPDATE')
INSERT INTO KSEN_ATPMSTONE_RELTN (ID, VER_NBR, EFF_DT, ATP_STATE_ID, ATP_ID, MSTONE_ID, AM_RELTN_TYPE_ID) values ('FALLTERM1990FALLTERM1990DROPDATERELATION', 0, {ts '1988-01-01 00:00:00.0'}, 'kuali.atp.milestone.relation.state.active', 'FALLTERM1990', 'FALLTERM1990DROPDATE', 'kuali.atp.milestone.relation.owns')
INSERT INTO KSEN_RICH_TEXT_T (ID, FORMATTED, PLAIN,VER_NBR) VALUES ('FALLTERM1990FINALSDESC', '<p>Fall Finals</p>', 'Fall Finals', 0)
INSERT INTO KSEN_MSTONE(ID, START_DT, END_DT, MILESTONE_TYPE_ID, MILESTONE_STATE_ID, IS_ALL_DAY, IS_DATE_RANGE, RT_DESCR_ID, VER_NBR) values ('FALLTERM1990FINALS', {ts '1990-12-10 00:00:00.0'}, {ts '1990-12-15 00:00:00.0'}, 'kuali.atp.milestone.FinalExamPeriod', 'kuali.milestone.state.Official', 1, 1, 'FALLTERM1990FINALSDESC', 0)
INSERT INTO KSEN_MSTONE_NAME(ID, LOCALE, NAME, OBJ_ID, OWNER) VALUES ('FALLTERM1990FINALS.name', 'en', 'Fall Finals','','FALLTERM1990FINALS')
INSERT INTO KSEN_ATPMSTONE_RELTN (ID, VER_NBR, EFF_DT, ATP_STATE_ID, ATP_ID, MSTONE_ID, AM_RELTN_TYPE_ID) values ('FALLTERM1990FALLTERM1990FINALSRELATION', 0, {ts '1988-01-01 00:00:00.0'}, 'kuali.atp.milestone.relation.state.active', 'FALLTERM1990', 'FALLTERM1990FINALS', 'kuali.atp.milestone.relation.owns')
INSERT INTO KSEN_RICH_TEXT_T (ID, FORMATTED, PLAIN,VER_NBR) VALUES ('FALLTERM1990GRADESDUEDESC', '<p>Grades Due</p>', 'Grades Due', 0)
INSERT INTO KSEN_MSTONE(ID, START_DT, END_DT, MILESTONE_TYPE_ID, MILESTONE_STATE_ID, IS_ALL_DAY, IS_DATE_RANGE, RT_DESCR_ID, VER_NBR) values ('FALLTERM1990GRADESDUE', {ts '1990-12-15 00:00:00.0'}, {ts '1990-12-22 00:00:00.0'}, 'kuali.atp.milestone.GradesDue', 'kuali.milestone.state.Official', 1, 1, 'FALLTERM1990GRADESDUEDESC', 0)
INSERT INTO KSEN_MSTONE_NAME(ID, LOCALE, NAME, OBJ_ID, OWNER) VALUES ('FALLTERM1990GRADESDUE.name', 'en', 'Fall Grades Due','','FALLTERM1990GRADESDUE')
INSERT INTO KSEN_ATPMSTONE_RELTN (ID, VER_NBR, EFF_DT, ATP_STATE_ID, ATP_ID, MSTONE_ID, AM_RELTN_TYPE_ID) values ('FALLTERM1990FALLTERM1990GRADESDUERELATION', 0, {ts '1988-01-01 00:00:00.0'}, 'kuali.atp.milestone.relation.state.active', 'FALLTERM1990', 'FALLTERM1990GRADESDUE', 'kuali.atp.milestone.relation.owns')

// Holiday Calendar
INSERT INTO KSEN_RICH_TEXT_T (ID, FORMATTED, PLAIN,VER_NBR) VALUES ('CAMPUSCALENDAR19901991DESC', '<p>1990-1991 Holiday Calendar</p>', '1990-1991 Holiday Calendar', 0)
INSERT INTO KSEN_ATP (ID, START_DT, END_DT, ATP_TYPE_ID, ATP_STATE_ID, RT_DESCR_ID, VER_NBR) VALUES ('CAMPUSCALENDAR19901991', {ts '1990-08-01 00:00:00.0'}, {ts '1991-12-31 00:00:00.0'}, 'kuali.atp.type.HolidayCalendar', 'kuali.atp.state.Official', 'CAMPUSCALENDAR19901991DESC', 0)
INSERT INTO KSEN_ATP_NAME(ID, LOCALE, NAME, OBJ_ID, OWNER) VALUES ('CAMPUSCALENDAR19901991.name', 'en', 'Holiday Calendar 1990-1991','','CAMPUSCALENDAR19901991')
INSERT INTO KSEN_ATPATP_RELTN(ID, VER_NBR, EFF_DT, ATP_STATE_ID, ATP_ID, ATP_RELTN_TYPE_ID, RELATED_ATP_ID) VALUES ('ACADEMICCALENDAR1990CAMPUSCALENDAR19901991RELATION', 0, {ts '1988-01-01 00:00:00.0'}, 'kuali.atp.atp.relation.state.active', 'ACADEMICCALENDAR1990', 'kuali.atp.atp.relation.associated', 'CAMPUSCALENDAR19901991')

// Holidays
INSERT INTO KSEN_RICH_TEXT_T (ID, FORMATTED, PLAIN,VER_NBR) VALUES ('THANKSGIVING1990DESC', '<p>Thanksgiving Break</p>', 'Thanksgiving Break', 0)
INSERT INTO KSEN_MSTONE(ID, START_DT, END_DT, MILESTONE_TYPE_ID, MILESTONE_STATE_ID, IS_ALL_DAY, IS_DATE_RANGE, RT_DESCR_ID, VER_NBR) values ('THANKSGIVING1990', {ts '1990-11-21 00:00:00.0'}, {ts '1990-11-26 00:00:00.0'}, 'kuali.atp.milestone.ThanksgivingBreak', 'kuali.milestone.state.Official', 1, 1, 'THANKSGIVING1990DESC', 0)
INSERT INTO KSEN_MSTONE_NAME(ID, LOCALE, NAME, OBJ_ID, OWNER) VALUES ('THANKSGIVING1990.name', 'en', 'Thanksgiving 1990','','THANKSGIVING1990')
INSERT INTO KSEN_ATPMSTONE_RELTN (ID, VER_NBR, EFF_DT, ATP_STATE_ID, ATP_ID, MSTONE_ID, AM_RELTN_TYPE_ID) values ('CAMPUSCALENDAR19901991THANKSGIVING1990RELATION', 0, {ts '1988-01-01 00:00:00.0'}, 'kuali.atp.milestone.relation.state.active', 'CAMPUSCALENDAR19901991', 'THANKSGIVING1990', 'kuali.atp.milestone.relation.owns')

-- -----------------------------------------------------------------------------------------------
-- incomplete RegistrationDateGroup for testUpdateRegistrationDateGroup
-- -----------------------------------------------------------------------------------------------
// Fall First Block
INSERT INTO KSEN_RICH_TEXT_T (ID, FORMATTED, PLAIN,VER_NBR) VALUES ('FALLFIRSTBLOCK1990DESC', '<p>Fall First Block 1990</p>', 'Fall First Block 1990', 0)
INSERT INTO KSEN_ATP (ID, START_DT, END_DT, ATP_TYPE_ID, ATP_STATE_ID, RT_DESCR_ID, VER_NBR) VALUES ('FALLFIRSTBLOCK1990', {ts '1990-08-01 00:00:00.0'}, {ts '1990-12-31 00:00:00.0'}, 'kuali.atp.type.HalfFall1', 'kuali.atp.state.Official', 'FALLFIRSTBLOCK1990DESC', 0)
INSERT INTO KSEN_ATP_NAME(ID, LOCALE, NAME, OBJ_ID, OWNER) VALUES ('FALLFIRSTBLOCK1990.name', 'en', 'Fall First Block 1990','','FALLFIRSTBLOCK1990')
INSERT INTO KSEN_ATPATP_RELTN(ID, VER_NBR, EFF_DT, ATP_STATE_ID, ATP_ID, ATP_RELTN_TYPE_ID, RELATED_ATP_ID) VALUES ('FALLFIRSTBLOCK1990FALLFIRSTBLOCK1990RELATION', 0, {ts '1988-01-01 00:00:00.0'}, 'kuali.atp.atp.relation.state.active', 'FALLFIRSTBLOCK1990', 'kuali.atp.atp.relation.includes', 'FALLFIRSTBLOCK1990')

// Fall First Block Registration Date Group
INSERT INTO KSEN_RICH_TEXT_T (ID, FORMATTED, PLAIN,VER_NBR) VALUES ('FALLFIRSTBLOCK1990REGISTRATIONDESC', '<p>Fall First Block 1990 Registration</p>', 'Fall First Block 1990 Registration', 0)
INSERT INTO KSEN_MSTONE(ID, START_DT, END_DT, MILESTONE_TYPE_ID, MILESTONE_STATE_ID, IS_ALL_DAY, IS_DATE_RANGE, RT_DESCR_ID, VER_NBR) values ('FALLFIRSTBLOCK1990REGISTRATION', {ts '1990-08-01 00:00:00.0'}, {ts '1990-09-09 00:00:00.0'}, 'kuali.atp.milestone.RegistrationPeriod', 'kuali.milestone.state.Official', 0, 1, 'FALLFIRSTBLOCK1990REGISTRATIONDESC', 0)
INSERT INTO KSEN_MSTONE_NAME(ID, LOCALE, NAME, OBJ_ID, OWNER) VALUES ('FALLFIRSTBLOCK1990REGISTRATION.name', 'en', 'Fall First Block Registration Period','','FALLFIRSTBLOCK1990REGISTRATION')
INSERT INTO KSEN_ATPMSTONE_RELTN (ID, VER_NBR, EFF_DT, ATP_STATE_ID, ATP_ID, MSTONE_ID, AM_RELTN_TYPE_ID) values ('FALLFIRSTBLOCK1990FALLFIRSTBLOCK1990REGISTRATIONRELATION', 0, {ts '1988-01-01 00:00:00.0'}, 'kuali.atp.milestone.relation.state.active', 'FALLFIRSTBLOCK1990', 'FALLFIRSTBLOCK1990REGISTRATION', 'kuali.atp.milestone.relation.owns')
INSERT INTO KSEN_RICH_TEXT_T (ID, FORMATTED, PLAIN,VER_NBR) VALUES ('FALLFIRSTBLOCK1990COURSESELECTIONENDDESC', '<p>Fall First Block Course Selection</p>', 'Fall First Block Course Selection', 0)
INSERT INTO KSEN_MSTONE(ID, START_DT, END_DT, MILESTONE_TYPE_ID, MILESTONE_STATE_ID, IS_ALL_DAY, IS_DATE_RANGE, RT_DESCR_ID, VER_NBR) values ('FALLFIRSTBLOCK1990COURSESELECTIONEND', {ts '1990-09-10 00:00:00.0'}, {ts '1990-09-10 00:00:00.0'}, 'kuali.atp.milestone.CourseSelectionPeriodEnd', 'kuali.milestone.state.Official', 0, 0, 'FALLFIRSTBLOCK1990COURSESELECTIONENDDESC', 0)
INSERT INTO KSEN_MSTONE_NAME(ID, LOCALE, NAME, OBJ_ID, OWNER) VALUES ('FALLFIRSTBLOCK1990COURSESELECTIONEND.name', 'en', 'Fall First Block Course Selection Period Ends','','FALLFIRSTBLOCK1990COURSESELECTIONEND')
INSERT INTO KSEN_ATPMSTONE_RELTN (ID, VER_NBR, EFF_DT, ATP_STATE_ID, ATP_ID, MSTONE_ID, AM_RELTN_TYPE_ID) values ('FALLFIRSTBLOCK1990FALLFIRSTBLOCK1990COURSESELECTIONENDRELATION', 0, {ts '1988-01-01 00:00:00.0'}, 'kuali.atp.milestone.relation.state.active', 'FALLFIRSTBLOCK1990', 'FALLFIRSTBLOCK1990COURSESELECTIONEND', 'kuali.atp.milestone.relation.owns')
INSERT INTO KSEN_RICH_TEXT_T (ID, FORMATTED, PLAIN,VER_NBR) VALUES ('FALLFIRSTBLOCK1990INSTRUCTIONPERIODDESC', '<p>Instruction Period</p>', 'Instruction Period', 0)
INSERT INTO KSEN_MSTONE(ID, START_DT, END_DT, MILESTONE_TYPE_ID, MILESTONE_STATE_ID, IS_ALL_DAY, IS_DATE_RANGE, RT_DESCR_ID, VER_NBR) values ('FALLFIRSTBLOCK1990INSTRUCTIONPERIOD', {ts '1990-09-03 00:00:00.0'}, {ts '1990-11-01 00:00:00.0'}, 'kuali.atp.milestone.InstructionalPeriod', 'kuali.milestone.state.Official', 1, 1, 'FALLFIRSTBLOCK1990INSTRUCTIONPERIODDESC', 0)
INSERT INTO KSEN_MSTONE_NAME(ID, LOCALE, NAME, OBJ_ID, OWNER) VALUES ('FALLFIRSTBLOCK1990INSTRUCTIONPERIOD.name', 'en', 'Fall First Block Instructional Period','','FALLFIRSTBLOCK1990INSTRUCTIONPERIOD')
INSERT INTO KSEN_ATPMSTONE_RELTN (ID, VER_NBR, EFF_DT, ATP_STATE_ID, ATP_ID, MSTONE_ID, AM_RELTN_TYPE_ID) values ('FALLFIRSTBLOCK1990FALLFIRSTBLOCK1990INSTRUCTIONPERIODRELATION', 0, {ts '1988-01-01 00:00:00.0'}, 'kuali.atp.milestone.relation.state.active', 'FALLFIRSTBLOCK1990', 'FALLFIRSTBLOCK1990INSTRUCTIONPERIOD', 'kuali.atp.milestone.relation.owns')
INSERT INTO KSEN_RICH_TEXT_T (ID, FORMATTED, PLAIN,VER_NBR) VALUES ('FALLFIRSTBLOCK1990DROPDATEDESC', '<p>Deadline to Drop Fall First Block Classes</p>', 'Deadline to Drop Fall First Block Classes', 0)
INSERT INTO KSEN_MSTONE(ID, START_DT, END_DT, MILESTONE_TYPE_ID, MILESTONE_STATE_ID, IS_ALL_DAY, IS_DATE_RANGE, RT_DESCR_ID, VER_NBR) values ('FALLFIRSTBLOCK1990DROPDATE', {ts '1990-09-10 00:00:00.0'}, {ts '1990-09-10 00:00:00.0'}, 'kuali.atp.milestone.DropDate', 'kuali.milestone.state.Official', 0, 0, 'FALLFIRSTBLOCK1990DROPDATEDESC', 0)
INSERT INTO KSEN_MSTONE_NAME(ID, LOCALE, NAME, OBJ_ID, OWNER) VALUES ('FALLFIRSTBLOCK1990DROPDATE.name', 'en', 'Drop Deadlin','','FALLFIRSTBLOCK1990DROPDATE')
INSERT INTO KSEN_ATPMSTONE_RELTN (ID, VER_NBR, EFF_DT, ATP_STATE_ID, ATP_ID, MSTONE_ID, AM_RELTN_TYPE_ID) values ('FALLFIRSTBLOCK1990FALLFIRSTBLOCK1990DROPDATERELATION', 0, {ts '1988-01-01 00:00:00.0'}, 'kuali.atp.milestone.relation.state.active', 'FALLFIRSTBLOCK1990', 'FALLFIRSTBLOCK1990DROPDATE', 'kuali.atp.milestone.relation.owns')
INSERT INTO KSEN_RICH_TEXT_T (ID, FORMATTED, PLAIN,VER_NBR) VALUES ('FALLFIRSTBLOCK1990GRADESDUEDESC', '<p>First Block Grades Due</p>', 'First Block Grades Due', 0)
INSERT INTO KSEN_MSTONE(ID, START_DT, END_DT, MILESTONE_TYPE_ID, MILESTONE_STATE_ID, IS_ALL_DAY, IS_DATE_RANGE, RT_DESCR_ID, VER_NBR) values ('FALLFIRSTBLOCK1990GRADESDUE', {ts '1990-11-01 00:00:00.0'}, {ts '1990-11-05 00:00:00.0'}, 'kuali.atp.milestone.GradesDue', 'kuali.milestone.state.Official', 0, 1, 'FALLFIRSTBLOCK1990GRADESDUEDESC', 0)
INSERT INTO KSEN_MSTONE_NAME(ID, LOCALE, NAME, OBJ_ID, OWNER) VALUES ('FALLFIRSTBLOCK1990GRADESDUE.name', 'en', 'Fall Grades Due','','FALLFIRSTBLOCK1990GRADESDUE')
INSERT INTO KSEN_ATPMSTONE_RELTN (ID, VER_NBR, EFF_DT, ATP_STATE_ID, ATP_ID, MSTONE_ID, AM_RELTN_TYPE_ID) values ('FALLFIRSTBLOCK1990FALLFIRSTBLOCK1990GRADESDUERELATION', 0, {ts '1988-01-01 00:00:00.0'}, 'kuali.atp.milestone.relation.state.active', 'FALLFIRSTBLOCK1990', 'FALLFIRSTBLOCK1990GRADESDUE', 'kuali.atp.milestone.relation.owns')

