<?xml version="1.0" encoding="UTF-8"?>
<persistence version="1.0"
	xmlns="http://java.sun.com/xml/ns/persistence"
	xmlns:xsi="http://www.w3.org/2001/XMLSchema-instance"
	xsi:schemaLocation="http://java.sun.com/xml/ns/persistence http://java.sun.com/xml/ns/persistence/persistence_1_0.xsd">
    <persistence-unit name="RuleManagement" transaction-type="JTA">
		<class>org.kuali.student.core.entity.Type</class>
		<class>org.kuali.student.core.entity.Attribute</class>
		<class>org.kuali.student.core.entity.Meta</class>
		<class>org.kuali.student.core.entity.MetaEntity</class>
		<class>org.kuali.student.core.entity.RichText</class>
		<class>org.kuali.student.core.entity.TimeAmount</class>
    
      	<class>org.kuali.student.brms.rulemanagement.entity.Agenda</class>
      	<class>org.kuali.student.brms.rulemanagement.entity.AgendaDetermination</class>
      	<class>org.kuali.student.brms.internal.common.entity.AgendaType</class>
      	<class>org.kuali.student.brms.rulemanagement.entity.BusinessRuleAttribute</class>
      	<class>org.kuali.student.brms.internal.common.entity.AnchorTypeKey</class>
      	<class>org.kuali.student.brms.rulemanagement.entity.BusinessRule</class>
	    <class>org.kuali.student.brms.rulemanagement.entity.BusinessRuleType</class>
	    <class>org.kuali.student.brms.rulemanagement.entity.BusinessRuleTypeFactTypeKey</class>
    	<class>org.kuali.student.brms.internal.common.entity.BusinessRuleTypeKey</class>
      	<class>org.kuali.student.brms.internal.common.entity.ComparisonOperator</class>
      	<class>org.kuali.student.brms.rulemanagement.entity.FactStructure</class>
      	<class>org.kuali.student.brms.rulemanagement.entity.FactStructureVariable</class>
      	<class>org.kuali.student.brms.rulemanagement.entity.FactStructureTranslationKey</class>
      	<class>org.kuali.student.brms.rulemanagement.entity.LeftHandSide</class>
      	<class>org.kuali.student.brms.rulemanagement.entity.RightHandSide</class>
      	<class>org.kuali.student.brms.rulemanagement.entity.RuleElement</class>
      	<class>org.kuali.student.brms.internal.common.entity.RuleElementType</class>
      	<class>org.kuali.student.brms.rulemanagement.entity.RuleProposition</class>
      	<class>org.kuali.student.brms.rulemanagement.entity.YieldValueFunction</class>
      	<class>org.kuali.student.brms.internal.common.entity.YieldValueFunctionType</class>
    </persistence-unit>
</persistence>
