--------------------------------------------------------
--  File created - Tuesday-April-10-2012   
--------------------------------------------------------

---------------------------------------------------
--   DATA FOR TABLE KSSA_ACNT_PROTECTED_INFO
--   FILTER = none used
---------------------------------------------------
REM INSERTING into KSSA_ACNT_PROTECTED_INFO
Insert into KSSA_ACNT_PROTECTED_INFO (ID,BANK_DETAILS,TAX_REFERENCE,BANK_TYPE_ID_FK,TAX_TYPE_ID_FK,ID_TYPE_ID_FK) values ('admin','0992122:20100020101:C','698-00-9834',1,1,1);
Insert into KSSA_ACNT_PROTECTED_INFO (ID,BANK_DETAILS,TAX_REFERENCE,BANK_TYPE_ID_FK,TAX_TYPE_ID_FK,ID_TYPE_ID_FK) values ('user2','00000548:382389883:C','412-55-5658',1,1,2);
Insert into KSSA_ACNT_PROTECTED_INFO (ID,BANK_DETAILS,TAX_REFERENCE,BANK_TYPE_ID_FK,TAX_TYPE_ID_FK,ID_TYPE_ID_FK) values ('user3','000000121:00000010201:S','666-85-7754',1,1,3);
Insert into KSSA_ACNT_PROTECTED_INFO (ID,BANK_DETAILS,TAX_REFERENCE,BANK_TYPE_ID_FK,TAX_TYPE_ID_FK,ID_TYPE_ID_FK) values ('user1','0019921:20100020101:C','192-54-6666',1,1,4);

---------------------------------------------------
--   END DATA FOR TABLE KSSA_ACNT_PROTECTED_INFO
---------------------------------------------------

---------------------------------------------------
--   DATA FOR TABLE KSSA_ACNT
--   FILTER = none used
---------------------------------------------------
REM INSERTING into KSSA_ACNT
Insert into KSSA_ACNT (TYPE,ID,CAN_AUTHENTICATE,CREATION_DATE,CREDIT_LIMIT,ENTITY_ID,IS_KIM_ACNT,LAST_KIM_UPDATE,LATE1,LATE2,LATE3,DUE,LATE_LAST_UPDATE,OUTSTANDING,LATE_PERIOD_ID_FK,ACNT_STATUS_TYPE_ID_FK) values ('ACD','user1','N',to_timestamp('02-APR-12 12.00.00.000000000 AM','DD-MON-RR HH.MI.SS.FF AM'),0,'pgriffin','N',null,null,null,null,null,null,null,1,1);
Insert into KSSA_ACNT (TYPE,ID,CAN_AUTHENTICATE,CREATION_DATE,CREDIT_LIMIT,ENTITY_ID,IS_KIM_ACNT,LAST_KIM_UPDATE,LATE1,LATE2,LATE3,DUE,LATE_LAST_UPDATE,OUTSTANDING,LATE_PERIOD_ID_FK,ACNT_STATUS_TYPE_ID_FK) values ('ACD','user2','N',to_timestamp('02-APR-12 12.00.00.000000000 AM','DD-MON-RR HH.MI.SS.FF AM'),0,'lgriffin','N',null,null,null,null,null,null,null,1,1);
Insert into KSSA_ACNT (TYPE,ID,CAN_AUTHENTICATE,CREATION_DATE,CREDIT_LIMIT,ENTITY_ID,IS_KIM_ACNT,LAST_KIM_UPDATE,LATE1,LATE2,LATE3,DUE,LATE_LAST_UPDATE,OUTSTANDING,LATE_PERIOD_ID_FK,ACNT_STATUS_TYPE_ID_FK) values ('ACD','user3','N',to_timestamp('02-APR-12 12.00.00.000000000 AM','DD-MON-RR HH.MI.SS.FF AM'),0,'mgriffin','N',null,null,null,null,null,null,null,1,1);
INSERT INTO KSSA_ACNT (TYPE, ID, CAN_AUTHENTICATE, CREATION_DATE, CREATOR_ID, CREDIT_LIMIT, ENTITY_ID, IS_KIM_ACNT, LATE_PERIOD_ID_FK, ACNT_STATUS_TYPE_ID_FK) VALUES ('ACD', 'user4', 'N', TO_TIMESTAMP('22-JAN-2013', 'DD-MON-RR HH.MI.SS.FF AM'), 'pheald', 0, 'gquagmire', 'N', 1, 1);
INSERT INTO KSSA_ACNT (TYPE, ID, CAN_AUTHENTICATE, CREATION_DATE, CREATOR_ID, CREDIT_LIMIT, ENTITY_ID, IS_KIM_ACNT, LATE_PERIOD_ID_FK, ACNT_STATUS_TYPE_ID_FK) VALUES ('ACD', 'user5', 'N', TO_TIMESTAMP('22-JAN-2013', 'DD-MON-RR HH.MI.SS.FF AM'), 'pheald', 0, 'cbrown', 'N', 1, 1);
INSERT INTO KSSA_ACNT (TYPE, ID, CAN_AUTHENTICATE, CREATION_DATE, CREATOR_ID, CREDIT_LIMIT, ENTITY_ID, IS_KIM_ACNT, LATE_PERIOD_ID_FK, ACNT_STATUS_TYPE_ID_FK) VALUES ('ACD', 'user6', 'N', TO_TIMESTAMP('22-JAN-2013', 'DD-MON-RR HH.MI.SS.FF AM'), 'pheald', 0, 'lbrown', 'N', 1, 1);
INSERT INTO KSSA_ACNT (TYPE, ID, CAN_AUTHENTICATE, CREATION_DATE, CREATOR_ID, CREDIT_LIMIT, ENTITY_ID, IS_KIM_ACNT, LATE_PERIOD_ID_FK, ACNT_STATUS_TYPE_ID_FK) VALUES ('ACD', 'user7', 'N', TO_TIMESTAMP('22-JAN-2013', 'DD-MON-RR HH.MI.SS.FF AM'), 'pheald', 0, 'dsymonds', 'N', 1, 1);
INSERT INTO KSSA_ACNT (TYPE, ID, CAN_AUTHENTICATE, CREATION_DATE, CREATOR_ID, CREDIT_LIMIT, ENTITY_ID, IS_KIM_ACNT, LATE_PERIOD_ID_FK, ACNT_STATUS_TYPE_ID_FK) VALUES ('ACD', 'user8', 'N', TO_TIMESTAMP('22-JAN-2013', 'DD-MON-RR HH.MI.SS.FF AM'), 'pheald', 0, 'ttucker', 'N', 1, 1);
INSERT INTO KSSA_ACNT (TYPE, ID, CAN_AUTHENTICATE, CREATION_DATE, CREATOR_ID, CREDIT_LIMIT, ENTITY_ID, IS_KIM_ACNT, LATE_PERIOD_ID_FK, ACNT_STATUS_TYPE_ID_FK) VALUES ('ACD', 'user9', 'N', TO_TIMESTAMP('22-JAN-2013', 'DD-MON-RR HH.MI.SS.FF AM'), 'pheald', 0, 'sgriffin', 'N', 1, 1);
INSERT INTO KSSA_ACNT (TYPE, ID, CAN_AUTHENTICATE, CREATION_DATE, CREATOR_ID, CREDIT_LIMIT, ENTITY_ID, IS_KIM_ACNT, LATE_PERIOD_ID_FK, ACNT_STATUS_TYPE_ID_FK) VALUES ('ACD', 'user10', 'N', TO_TIMESTAMP('22-JAN-2013', 'DD-MON-RR HH.MI.SS.FF AM'), 'pheald', 0, 'cpewterschmitt', 'N', 2, 1);


---------------------------------------------------
--   END DATA FOR TABLE KSSA_ACNT
---------------------------------------------------

---------------------------------------------------
--   DATA FOR TABLE KSSA_BANK_TYPE
--   FILTER = none used
---------------------------------------------------
REM INSERTING into KSSA_BANK_TYPE
Insert into KSSA_BANK_TYPE (ID,CREATOR_ID,DESCRIPTION,EDITOR_ID,CREATION_DATE,NAME,CODE) values (1,'pheald','This type of field is used to record automated clearing house transactions for payments to accounts within the United States of America. The required information for this type of transaction is the routing number, the account number, and the account type.',null,to_timestamp('03-APR-12 12.00.00.000000000 AM','DD-MON-RR HH.MI.SS.FF AM'),'US ACH.','ACH');
Insert into KSSA_BANK_TYPE (ID,CREATOR_ID,DESCRIPTION,EDITOR_ID,CREATION_DATE,NAME,CODE) values (2,'pheald','This type of field is used to record UK banking information in order to send money directly to a UK bank account using BACS. The format of the number requires a valid six-digit sort code, and a valid eight-digit account number.',null,to_timestamp('03-APR-12 12.00.00.000000000 AM','DD-MON-RR HH.MI.SS.FF AM'),'UK BACS','BACS');


---------------------------------------------------
--   END DATA FOR TABLE KSSA_BANK_TYPE
---------------------------------------------------

---------------------------------------------------
--   DATA FOR TABLE KSSA_ID_TYPE
--   FILTER = none used
---------------------------------------------------
REM INSERTING into KSSA_ID_TYPE
Insert into KSSA_ID_TYPE (ID,CREATOR_ID,DESCRIPTION,EDITOR_ID,CREATION_DATE,NAME,CODE) values (1,'pheald','Any country''s passport may be used as identification. Please store the country code as listed in the passport (three letters, on identification page, ex. GBR, USA, FRA) as the issuing authority,  and the passport number as the serial.',null,to_timestamp('03-APR-12 12.00.00.000000000 AM','DD-MON-RR HH.MI.SS.FF AM'),'Passport.','PAS');
Insert into KSSA_ID_TYPE (ID,CREATOR_ID,DESCRIPTION,EDITOR_ID,CREATION_DATE,NAME,CODE) values (2,'pheald','Please store the driver''s license number as the serial and the state or country of issue as the issuing authority.',null,to_timestamp('03-APR-12 12.00.00.000000000 AM','DD-MON-RR HH.MI.SS.FF AM'),'Driver''s License.','DL');
Insert into KSSA_ID_TYPE (ID,CREATOR_ID,DESCRIPTION,EDITOR_ID,CREATION_DATE,NAME,CODE) values (3,'pheald','Please store the serial of the identificaition card as the serial, and the country or state of issue as the issuing authority.',null,to_timestamp('03-APR-12 12.00.00.000000000 AM','DD-MON-RR HH.MI.SS.FF AM'),'Identification card.','ID');
Insert into KSSA_ID_TYPE (ID,CREATOR_ID,DESCRIPTION,EDITOR_ID,CREATION_DATE,NAME,CODE) values (4,'pheald','Only U.S. military identification. Please store the serial of the document and under issuing authority, the branch of the military (i.e. ARMY, NAVY, etc.)',null,to_timestamp('03-APR-12 12.00.00.000000000 AM','DD-MON-RR HH.MI.SS.FF AM'),'U.S. Military Identification.','MID');

---------------------------------------------------
--   END DATA FOR TABLE KSSA_ID_TYPE
---------------------------------------------------



---------------------------------------------------
--   DATA FOR TABLE KSSA_ACNT_STATUS_TYPE
--   FILTER = none used
---------------------------------------------------
REM INSERTING into KSSA_ACNT_STATUS_TYPE
Insert into KSSA_ACNT_STATUS_TYPE (ID,CREATOR_ID,DESCRIPTION,EDITOR_ID,CREATION_DATE,NAME) values (2,'pheald','Account is in good standing but has a history of delinquency',null,to_timestamp('03-APR-12 12.00.00.000000000 AM','DD-MON-RR HH.MI.SS.FF AM'),'Currently In Good Standing');
Insert into KSSA_ACNT_STATUS_TYPE (ID,CREATOR_ID,DESCRIPTION,EDITOR_ID,CREATION_DATE,NAME) values (3,'pheald','Account is in collections.',null,to_timestamp('03-APR-12 12.00.00.000000000 AM','DD-MON-RR HH.MI.SS.FF AM'),'In Collections');
Insert into KSSA_ACNT_STATUS_TYPE (ID,CREATOR_ID,DESCRIPTION,EDITOR_ID,CREATION_DATE,NAME) values (4,'pheald','Account is in process of being closed.',null,to_timestamp('03-APR-12 12.00.00.000000000 AM','DD-MON-RR HH.MI.SS.FF AM'),'Closing');
Insert into KSSA_ACNT_STATUS_TYPE (ID,CREATOR_ID,DESCRIPTION,EDITOR_ID,CREATION_DATE,NAME) values (5,'pheald','Account is closed.',null,to_timestamp('03-APR-12 12.00.00.000000000 AM','DD-MON-RR HH.MI.SS.FF AM'),'Closed');
Insert into KSSA_ACNT_STATUS_TYPE (ID,CREATOR_ID,DESCRIPTION,EDITOR_ID,CREATION_DATE,NAME) values (1,'pheald','Account is in good standing',null,to_timestamp('03-APR-12 12.00.00.000000000 AM','DD-MON-RR HH.MI.SS.FF AM'),'In Good Standing');

---------------------------------------------------
--   END DATA FOR TABLE KSSA_ACNT_STATUS_TYPE
---------------------------------------------------

---------------------------------------------------
--   DATA FOR TABLE KSSA_TRANSACTION
--   FILTER = none used
---------------------------------------------------
REM INSERTING into KSSA_TRANSACTION
Insert into KSSA_TRANSACTION (TYPE,ID,ACNT_ID_FK,ALLOCATED,AMOUNT,CREATION_DATE,CREATOR_ID,EFFECTIVE_DATE,EXTN_ID,GL_ENTRY_GENERATED,IS_GL_OVERRIDDEN,IS_INTERNAL_TRN,LOCKED_ALLOCATED,NATIVE_AMOUNT,ORIG_DATE,RECOGNITION_DATE,STATEMENT_TXT,STATUS,EXPIRATION_DATE,CLEAR_DATE,REFUND_RULE,IS_REFUNDABLE,CANCELLATION_RULE,CURRENCY_ID_FK,DOCUMENT_ID_FK,GL_TYPE_ID_FK,ROLLUP_ID_FK,TRANSACTION_TYPE_ID_FK,TRANSACTION_TYPE_SUB_CODE_FK) values ('TCP',6,'user1',null,1000,to_timestamp('03-APR-12 12.00.00.000000000 AM','DD-MON-RR HH.MI.SS.FF AM'),'pheald',to_timestamp('03-APR-13 12.00.00.000000000 PM','DD-MON-RR HH.MI.SS.FF AM'),'PROSAM-100291','N','N','N',null,1000,to_timestamp('03-APR-20 12.00.00.000000000 PM','DD-MON-RR HH.MI.SS.FF AM'),to_timestamp('05-APR-12 12.00.00.000000000 AM','DD-MON-RR HH.MI.SS.FF AM'),'Financial Aid Payment',null,null,to_timestamp('03-APR-20 12.00.00.000000000 PM','DD-MON-RR HH.MI.SS.FF AM'),null,'Y',null,1,null,1,2,'finaid',1);
Insert into KSSA_TRANSACTION (TYPE,ID,ACNT_ID_FK,ALLOCATED,AMOUNT,CREATION_DATE,CREATOR_ID,EFFECTIVE_DATE,EXTN_ID,GL_ENTRY_GENERATED,IS_GL_OVERRIDDEN,IS_INTERNAL_TRN,LOCKED_ALLOCATED,NATIVE_AMOUNT,ORIG_DATE,RECOGNITION_DATE,STATEMENT_TXT,STATUS,EXPIRATION_DATE,CLEAR_DATE,REFUND_RULE,IS_REFUNDABLE,CANCELLATION_RULE,CURRENCY_ID_FK,DOCUMENT_ID_FK,GL_TYPE_ID_FK,ROLLUP_ID_FK,TRANSACTION_TYPE_ID_FK,TRANSACTION_TYPE_SUB_CODE_FK) values ('TCP',7,'user1',null,1500,to_timestamp('03-APR-12 12.00.00.000000000 AM','DD-MON-RR HH.MI.SS.FF AM'),'pheald',to_timestamp('03-APR-13 12.00.00.000000000 PM','DD-MON-RR HH.MI.SS.FF AM'),'ACH-20019201092','N','N','N',null,1500,to_timestamp('03-APR-20 12.00.00.000000000 PM','DD-MON-RR HH.MI.SS.FF AM'),to_timestamp('05-APR-12 12.00.00.000000000 AM','DD-MON-RR HH.MI.SS.FF AM'),'ACH Payment',null,null,to_timestamp('03-APR-20 12.00.00.000000000 PM','DD-MON-RR HH.MI.SS.FF AM'),null,'Y',null,1,null,1,6,'ach',1);
Insert into KSSA_TRANSACTION (TYPE,ID,ACNT_ID_FK,ALLOCATED,AMOUNT,CREATION_DATE,CREATOR_ID,EFFECTIVE_DATE,EXTN_ID,GL_ENTRY_GENERATED,IS_GL_OVERRIDDEN,IS_INTERNAL_TRN,LOCKED_ALLOCATED,NATIVE_AMOUNT,ORIG_DATE,RECOGNITION_DATE,STATEMENT_TXT,STATUS,EXPIRATION_DATE,CLEAR_DATE,REFUND_RULE,IS_REFUNDABLE,CANCELLATION_RULE,CURRENCY_ID_FK,DOCUMENT_ID_FK,GL_TYPE_ID_FK,ROLLUP_ID_FK,TRANSACTION_TYPE_ID_FK,TRANSACTION_TYPE_SUB_CODE_FK) values ('TCP',8,'user1',null,2500,to_timestamp('03-APR-12 12.00.00.000000000 AM','DD-MON-RR HH.MI.SS.FF AM'),'pheald',to_timestamp('03-APR-13 12.00.00.000000000 PM','DD-MON-RR HH.MI.SS.FF AM'),'521521','N','N','N',null,2500,to_timestamp('03-APR-20 12.00.00.000000000 PM','DD-MON-RR HH.MI.SS.FF AM'),to_timestamp('05-APR-12 12.00.00.000000000 AM','DD-MON-RR HH.MI.SS.FF AM'),'Credit Card (In Person Payment)',null,null,to_timestamp('03-APR-20 12.00.00.000000000 PM','DD-MON-RR HH.MI.SS.FF AM'),null,'Y',null,1,null,1,5,'ccip',1);
Insert into KSSA_TRANSACTION (TYPE,ID,ACNT_ID_FK,ALLOCATED,AMOUNT,CREATION_DATE,CREATOR_ID,EFFECTIVE_DATE,EXTN_ID,GL_ENTRY_GENERATED,IS_GL_OVERRIDDEN,IS_INTERNAL_TRN,LOCKED_ALLOCATED,NATIVE_AMOUNT,ORIG_DATE,RECOGNITION_DATE,STATEMENT_TXT,STATUS,EXPIRATION_DATE,CLEAR_DATE,REFUND_RULE,IS_REFUNDABLE,CANCELLATION_RULE,CURRENCY_ID_FK,DOCUMENT_ID_FK,GL_TYPE_ID_FK,ROLLUP_ID_FK,TRANSACTION_TYPE_ID_FK,TRANSACTION_TYPE_SUB_CODE_FK) values ('TDC',9,'user1',null,50,to_timestamp('03-APR-12 12.00.00.000000000 AM','DD-MON-RR HH.MI.SS.FF AM'),'pheald',to_timestamp('03-APR-12 12.00.00.000000000 AM','DD-MON-RR HH.MI.SS.FF AM'),null,'N','N','N',50,37,to_timestamp('03-APR-12 12.00.00.000000000 AM','DD-MON-RR HH.MI.SS.FF AM'),to_timestamp('05-APR-12 12.00.00.000000000 AM','DD-MON-RR HH.MI.SS.FF AM'),'Study Abroad Charge',null,null,null,null,null,null,2,null,1,null,'1356',1);
Insert into KSSA_TRANSACTION (TYPE,ID,ACNT_ID_FK,ALLOCATED,AMOUNT,CREATION_DATE,CREATOR_ID,EFFECTIVE_DATE,EXTN_ID,GL_ENTRY_GENERATED,IS_GL_OVERRIDDEN,IS_INTERNAL_TRN,LOCKED_ALLOCATED,NATIVE_AMOUNT,ORIG_DATE,RECOGNITION_DATE,STATEMENT_TXT,STATUS,EXPIRATION_DATE,CLEAR_DATE,REFUND_RULE,IS_REFUNDABLE,CANCELLATION_RULE,CURRENCY_ID_FK,DOCUMENT_ID_FK,GL_TYPE_ID_FK,ROLLUP_ID_FK,TRANSACTION_TYPE_ID_FK,TRANSACTION_TYPE_SUB_CODE_FK) values ('TDC',10,'user1',null,132,to_timestamp('21-DEC-12 01.45.33.000000000 PM','DD-MON-RR HH.MI.SS.FF AM'),'pheald',to_timestamp('21-DEC-12 01.45.33.000000000 PM','DD-MON-RR HH.MI.SS.FF AM'),null,'N','N','N',null,132,to_timestamp('21-DEC-12 01.45.33.000000000 PM','DD-MON-RR HH.MI.SS.FF AM'),to_timestamp('05-APR-12 12.00.00.000000000 AM','DD-MON-RR HH.MI.SS.FF AM'),'Technology Fee',null,null,null,null,null,null,1,null,1,null,'1356',1);
Insert into KSSA_TRANSACTION (TYPE,ID,ACNT_ID_FK,ALLOCATED,AMOUNT,CREATION_DATE,CREATOR_ID,EFFECTIVE_DATE,EXTN_ID,GL_ENTRY_GENERATED,IS_GL_OVERRIDDEN,IS_INTERNAL_TRN,LOCKED_ALLOCATED,NATIVE_AMOUNT,ORIG_DATE,RECOGNITION_DATE,STATEMENT_TXT,STATUS,EXPIRATION_DATE,CLEAR_DATE,REFUND_RULE,IS_REFUNDABLE,CANCELLATION_RULE,CURRENCY_ID_FK,DOCUMENT_ID_FK,GL_TYPE_ID_FK,ROLLUP_ID_FK,TRANSACTION_TYPE_ID_FK,TRANSACTION_TYPE_SUB_CODE_FK) values ('TDC',11,'user1',null,35.52,to_timestamp('21-NOV-12 01.45.33.000000000 PM','DD-MON-RR HH.MI.SS.FF AM'),'pheald',to_timestamp('21-NOV-12 01.45.33.000000000 PM','DD-MON-RR HH.MI.SS.FF AM'),null,'N','N','N',null,35.62,to_timestamp('21-NOV-12 01.45.33.000000000 PM','DD-MON-RR HH.MI.SS.FF AM'),to_timestamp('05-APR-12 12.00.00.000000000 AM','DD-MON-RR HH.MI.SS.FF AM'),'Performing Arts',null,null,null,null,null,null,1,null,1,null,'1356',1);
Insert into KSSA_TRANSACTION (TYPE,ID,ACNT_ID_FK,ALLOCATED,AMOUNT,CREATION_DATE,CREATOR_ID,EFFECTIVE_DATE,EXTN_ID,GL_ENTRY_GENERATED,IS_GL_OVERRIDDEN,IS_INTERNAL_TRN,LOCKED_ALLOCATED,NATIVE_AMOUNT,ORIG_DATE,RECOGNITION_DATE,STATEMENT_TXT,STATUS,EXPIRATION_DATE,CLEAR_DATE,REFUND_RULE,IS_REFUNDABLE,CANCELLATION_RULE,CURRENCY_ID_FK,DOCUMENT_ID_FK,GL_TYPE_ID_FK,ROLLUP_ID_FK,TRANSACTION_TYPE_ID_FK,TRANSACTION_TYPE_SUB_CODE_FK) values ('TDC',12,'user1',null,17.6,to_timestamp('22-OCT-12 01.45.33.000000000 PM','DD-MON-RR HH.MI.SS.FF AM'),'pheald',to_timestamp('22-OCT-12 01.45.33.000000000 PM','DD-MON-RR HH.MI.SS.FF AM'),null,'N','N','N',null,17.6,to_timestamp('22-OCT-12 01.45.33.000000000 PM','DD-MON-RR HH.MI.SS.FF AM'),to_timestamp('05-APR-12 12.00.00.000000000 AM','DD-MON-RR HH.MI.SS.FF AM'),'Health Center',null,null,null,null,null,null,1,null,1,null,'1356',1);
Insert into KSSA_TRANSACTION (TYPE,ID,ACNT_ID_FK,ALLOCATED,AMOUNT,CREATION_DATE,CREATOR_ID,EFFECTIVE_DATE,EXTN_ID,GL_ENTRY_GENERATED,IS_GL_OVERRIDDEN,IS_INTERNAL_TRN,LOCKED_ALLOCATED,NATIVE_AMOUNT,ORIG_DATE,RECOGNITION_DATE,STATEMENT_TXT,STATUS,EXPIRATION_DATE,CLEAR_DATE,REFUND_RULE,IS_REFUNDABLE,CANCELLATION_RULE,CURRENCY_ID_FK,DOCUMENT_ID_FK,GL_TYPE_ID_FK,ROLLUP_ID_FK,TRANSACTION_TYPE_ID_FK,TRANSACTION_TYPE_SUB_CODE_FK) values ('TDC',1,'user1',null,10000,to_timestamp('03-APR-12 12.00.00.000000000 AM','DD-MON-RR HH.MI.SS.FF AM'),'pheald',to_timestamp('03-APR-12 12.00.00.000000000 AM','DD-MON-RR HH.MI.SS.FF AM'),'FA-10200291','N','N','N',null,10000,to_timestamp('03-APR-12 12.00.00.000000000 AM','DD-MON-RR HH.MI.SS.FF AM'),to_timestamp('05-APR-12 12.00.00.000000000 AM','DD-MON-RR HH.MI.SS.FF AM'),'Tuition',null,null,null,null,null,null,1,null,1,3,'1020',1);
Insert into KSSA_TRANSACTION (TYPE,ID,ACNT_ID_FK,ALLOCATED,AMOUNT,CREATION_DATE,CREATOR_ID,EFFECTIVE_DATE,EXTN_ID,GL_ENTRY_GENERATED,IS_GL_OVERRIDDEN,IS_INTERNAL_TRN,LOCKED_ALLOCATED,NATIVE_AMOUNT,ORIG_DATE,RECOGNITION_DATE,STATEMENT_TXT,STATUS,EXPIRATION_DATE,CLEAR_DATE,REFUND_RULE,IS_REFUNDABLE,CANCELLATION_RULE,CURRENCY_ID_FK,DOCUMENT_ID_FK,GL_TYPE_ID_FK,ROLLUP_ID_FK,TRANSACTION_TYPE_ID_FK,TRANSACTION_TYPE_SUB_CODE_FK) values ('TDC',2,'user2',null,10000,to_timestamp('03-APR-12 12.00.00.000000000 AM','DD-MON-RR HH.MI.SS.FF AM'),'pheald',to_timestamp('03-APR-12 12.00.00.000000000 AM','DD-MON-RR HH.MI.SS.FF AM'),'FA-10029919','N','N','N',null,10000,to_timestamp('03-APR-12 12.00.00.000000000 AM','DD-MON-RR HH.MI.SS.FF AM'),to_timestamp('05-APR-12 12.00.00.000000000 AM','DD-MON-RR HH.MI.SS.FF AM'),'Tuition',null,null,null,null,null,null,1,null,1,3,'1020',1);
Insert into KSSA_TRANSACTION (TYPE,ID,ACNT_ID_FK,ALLOCATED,AMOUNT,CREATION_DATE,CREATOR_ID,EFFECTIVE_DATE,EXTN_ID,GL_ENTRY_GENERATED,IS_GL_OVERRIDDEN,IS_INTERNAL_TRN,LOCKED_ALLOCATED,NATIVE_AMOUNT,ORIG_DATE,RECOGNITION_DATE,STATEMENT_TXT,STATUS,EXPIRATION_DATE,CLEAR_DATE,REFUND_RULE,IS_REFUNDABLE,CANCELLATION_RULE,CURRENCY_ID_FK,DOCUMENT_ID_FK,GL_TYPE_ID_FK,ROLLUP_ID_FK,TRANSACTION_TYPE_ID_FK,TRANSACTION_TYPE_SUB_CODE_FK) values ('TDC',4,'user3',null,2000,to_timestamp('03-APR-12 12.00.00.000000000 AM','DD-MON-RR HH.MI.SS.FF AM'),'pheald',to_timestamp('03-APR-12 12.00.00.000000000 AM','DD-MON-RR HH.MI.SS.FF AM'),'FA-01299101','N','N','N',null,2000,to_timestamp('03-APR-12 12.00.00.000000000 AM','DD-MON-RR HH.MI.SS.FF AM'),to_timestamp('05-APR-12 12.00.00.000000000 AM','DD-MON-RR HH.MI.SS.FF AM'),'Mandatory Fee',null,null,null,null,null,null,1,null,1,3,'1001',1);
Insert into KSSA_TRANSACTION (TYPE,ID,ACNT_ID_FK,ALLOCATED,AMOUNT,CREATION_DATE,CREATOR_ID,EFFECTIVE_DATE,EXTN_ID,GL_ENTRY_GENERATED,IS_GL_OVERRIDDEN,IS_INTERNAL_TRN,LOCKED_ALLOCATED,NATIVE_AMOUNT,ORIG_DATE,RECOGNITION_DATE,STATEMENT_TXT,STATUS,EXPIRATION_DATE,CLEAR_DATE,REFUND_RULE,IS_REFUNDABLE,CANCELLATION_RULE,CURRENCY_ID_FK,DOCUMENT_ID_FK,GL_TYPE_ID_FK,ROLLUP_ID_FK,TRANSACTION_TYPE_ID_FK,TRANSACTION_TYPE_SUB_CODE_FK) values ('TDC',3,'user3',null,15000,to_timestamp('03-APR-12 12.00.00.000000000 AM','DD-MON-RR HH.MI.SS.FF AM'),'pheald',to_timestamp('03-APR-12 12.00.00.000000000 AM','DD-MON-RR HH.MI.SS.FF AM'),'FA-10200222','N','N','N',null,15000,to_timestamp('03-APR-12 12.00.00.000000000 AM','DD-MON-RR HH.MI.SS.FF AM'),to_timestamp('05-APR-12 12.00.00.000000000 AM','DD-MON-RR HH.MI.SS.FF AM'),'Tuition',null,null,null,null,null,null,1,null,1,3,'1020',1);
Insert into KSSA_TRANSACTION (TYPE,ID,ACNT_ID_FK,ALLOCATED,AMOUNT,CREATION_DATE,CREATOR_ID,EFFECTIVE_DATE,EXTN_ID,GL_ENTRY_GENERATED,IS_GL_OVERRIDDEN,IS_INTERNAL_TRN,LOCKED_ALLOCATED,NATIVE_AMOUNT,ORIG_DATE,RECOGNITION_DATE,STATEMENT_TXT,STATUS,EXPIRATION_DATE,CLEAR_DATE,REFUND_RULE,IS_REFUNDABLE,CANCELLATION_RULE,CURRENCY_ID_FK,DOCUMENT_ID_FK,GL_TYPE_ID_FK,ROLLUP_ID_FK,TRANSACTION_TYPE_ID_FK,TRANSACTION_TYPE_SUB_CODE_FK) values ('TDC',13,'user3',0,999.99,to_timestamp('22-JAN-13 03.30.31.599000000 PM','DD-MON-RR HH.MI.SS.FF AM'),'admin',to_timestamp('21-JAN-13 12.00.00.000000000 AM','DD-MON-RR HH.MI.SS.FF AM'),null,'N','N','N',0,999.99,null,to_timestamp('21-JAN-13 12.00.00.000000000 AM','DD-MON-RR HH.MI.SS.FF AM'),'TUITION','ACTIVE',null,null,null,null,null,1,null,1,3,'1020',1);
Insert into KSSA_TRANSACTION (TYPE,ID,ACNT_ID_FK,ALLOCATED,AMOUNT,CREATION_DATE,CREATOR_ID,EFFECTIVE_DATE,EXTN_ID,GL_ENTRY_GENERATED,IS_GL_OVERRIDDEN,IS_INTERNAL_TRN,LOCKED_ALLOCATED,NATIVE_AMOUNT,ORIG_DATE,RECOGNITION_DATE,STATEMENT_TXT,STATUS,EXPIRATION_DATE,CLEAR_DATE,REFUND_RULE,IS_REFUNDABLE,CANCELLATION_RULE,CURRENCY_ID_FK,DOCUMENT_ID_FK,GL_TYPE_ID_FK,ROLLUP_ID_FK,TRANSACTION_TYPE_ID_FK,TRANSACTION_TYPE_SUB_CODE_FK) values ('TCP',5,'user1',null,50,to_timestamp('03-APR-12 12.00.00.000000000 AM','DD-MON-RR HH.MI.SS.FF AM'),'pheald',to_timestamp('03-APR-13 12.00.00.000000000 PM','DD-MON-RR HH.MI.SS.FF AM'),null,'N',null,'N',50,50,to_timestamp('03-APR-12 12.00.00.000000000 AM','DD-MON-RR HH.MI.SS.FF AM'),to_timestamp('05-APR-12 12.00.00.000000000 AM','DD-MON-RR HH.MI.SS.FF AM'),'Cash Payment',null,null,to_timestamp('03-APR-12 12.00.00.000000000 AM','DD-MON-RR HH.MI.SS.FF AM'),null,'Y',null,1,null,1,5,'cash',1);

---------------------------------------------------
--   END DATA FOR TABLE KSSA_TRANSACTION
---------------------------------------------------

---------------------------------------------------
--   DATA FOR TABLE KSSA_TAG
--   FILTER = none used
---------------------------------------------------
REM INSERTING into KSSA_TAG
Insert into KSSA_TAG (ID,CREATOR_ID,DESCRIPTION,EDITOR_ID,CREATION_DATE,NAME,ACCESS_LEVEL, CODE) values (1,'admin','This item will be reported on IRS form 1098T',null,to_timestamp('03-APR-12 12.00.00.000000000 AM','DD-MON-RR HH.MI.SS.FF AM'),'1098T',3,'1098T');
Insert into KSSA_TAG (ID,CREATOR_ID,DESCRIPTION,EDITOR_ID,CREATION_DATE,NAME,ACCESS_LEVEL, CODE) values (2,'admin','This item is considered cash for the combined-cash limit tracking requirement.',null,to_timestamp('03-APR-12 12.00.00.000000000 AM','DD-MON-RR HH.MI.SS.FF AM'),'Cash or Equivalent',5, 'Cash');
Insert into KSSA_TAG (ID,CREATOR_ID,DESCRIPTION,EDITOR_ID,CREATION_DATE,NAME,ACCESS_LEVEL, CODE) values (3,'admin','This is the IRS1098T Tag for Billed Amounts',null,to_timestamp('03-APR-12 12.00.00.000000000 AM','DD-MON-RR HH.MI.SS.FF AM'),'1098T Billed Amounts',5,'Billed1098');
Insert into KSSA_TAG (ID,CREATOR_ID,DESCRIPTION,EDITOR_ID,CREATION_DATE,NAME,ACCESS_LEVEL, CODE) values (4,'admin','This is the IRS1098T Tag for Insurance Refunds',null,to_timestamp('03-APR-12 12.00.00.000000000 AM','DD-MON-RR HH.MI.SS.FF AM'),'1098T Insurance',5,'InsRef1098');
Insert into KSSA_TAG (ID,CREATOR_ID,DESCRIPTION,EDITOR_ID,CREATION_DATE,NAME,ACCESS_LEVEL, CODE) values (5,'admin','This is the IRS1098T Tag for Scholarships and grants',null,to_timestamp('03-APR-12 12.00.00.000000000 AM','DD-MON-RR HH.MI.SS.FF AM'),'1098T Scholarships',5,'Scholarship1098');
Insert into KSSA_TAG (ID,CREATOR_ID,DESCRIPTION,EDITOR_ID,CREATION_DATE,NAME,ACCESS_LEVEL, CODE) values (6,'admin','This is the Financial Aid Tag',null,to_timestamp('13-DEC-12 12.00.00.000000000 AM','DD-MON-RR HH.MI.SS.FF AM'),'Financial Aid',2,'FinAid');


---------------------------------------------------
--   END DATA FOR TABLE KSSA_TAG
---------------------------------------------------

---------------------------------------------------
--   DATA FOR TABLE KSSA_TRANSACTION_TAG
--   FILTER = none used
---------------------------------------------------
REM INSERTING into KSSA_TRANSACTION_TAG
Insert into KSSA_TRANSACTION_TAG (TRANSACTION_ID_FK, TAG_ID_FK) VALUES (8, 2);
Insert into KSSA_TRANSACTION_TAG (TRANSACTION_ID_FK, TAG_ID_FK) VALUES (8, 6);
Insert Into KSSA_TRANSACTION_TAG (TRANSACTION_ID_FK, TAG_ID_FK) VALUES (8, 3);

---------------------------------------------------
--   END DATA FOR TABLE KSSA_TRANSACTION_TAG
---------------------------------------------------

---------------------------------------------------
--   DATA FOR TABLE KSSA_TAX_TYPE
--   FILTER = none used
---------------------------------------------------
REM INSERTING into KSSA_TAX_TYPE
Insert into KSSA_TAX_TYPE (ID,CREATOR_ID,DESCRIPTION,EDITOR_ID,CREATION_DATE,NAME,CODE) values (1,'pheald','US Social Security Number',null,to_timestamp('03-APR-12 12.00.00.000000000 AM','DD-MON-RR HH.MI.SS.FF AM'),'US Social SecurityNumber','SSN');
Insert into KSSA_TAX_TYPE (ID,CREATOR_ID,DESCRIPTION,EDITOR_ID,CREATION_DATE,NAME,CODE) values (2,'pheald','UK National Insurance Number',null,to_timestamp('03-APR-12 12.00.00.000000000 AM','DD-MON-RR HH.MI.SS.FF AM'),'US NI Number','UKNIN');
Insert into KSSA_TAX_TYPE (ID,CREATOR_ID,DESCRIPTION,EDITOR_ID,CREATION_DATE,NAME,CODE) values (3,'pheald','French tax identifier (numéro fiscal)',null,to_timestamp('03-APR-12 12.00.00.000000000 AM','DD-MON-RR HH.MI.SS.FF AM'),'French Numéro Fiscal','FRNF');


---------------------------------------------------
--   END DATA FOR TABLE KSSA_TAX_TYPE
---------------------------------------------------

---------------------------------------------------
--   DATA FOR TABLE KSSA_TRANSACTION_TYPE
--   FILTER = none used
---------------------------------------------------
Insert into KSSA_TRANSACTION_TYPE (TYPE,ID,SUB_CODE,CREATOR_ID,DESCRIPTION,EDITOR_ID,END_DATE,LAST_UPDATE,START_DATE,AUTH_TXT,CLEAR_PERIOD,REFUND_RULE,PRIORITY,DEF_ROLLUP_ID_FK, UNALLOCATED_GL_ACCOUNT) values ('C','DEF',1,'admin','DEFAULT DEFERMENT TYPE',null,null,to_timestamp('1-JAN-00 12.00.00.000000000 AM','DD-MON-RR HH.MI.SS.FF AM'),to_timestamp('1-JAN-00 12.00.00.000000000 AM','DD-MON-RR HH.MI.SS.FF AM'),null,null,null,1,3, '01-0-998870 7723');
Insert into KSSA_TRANSACTION_TYPE (TYPE,ID,SUB_CODE,CREATOR_ID,DESCRIPTION,EDITOR_ID,END_DATE,LAST_UPDATE,START_DATE,AUTH_TXT,CLEAR_PERIOD,REFUND_RULE,PRIORITY,DEF_ROLLUP_ID_FK) values ('D','1553',1,'pheald','PHYSICS LAB FEE',null,null,to_timestamp('1-JAN-00 12.00.00.000000000 AM','DD-MON-RR HH.MI.SS.FF AM'),to_timestamp('1-JAN-00 12.00.00.000000000 AM','DD-MON-RR HH.MI.SS.FF AM'),null,null,null,1,3);
Insert into KSSA_TRANSACTION_TYPE (TYPE,ID,SUB_CODE,CREATOR_ID,DESCRIPTION,EDITOR_ID,END_DATE,LAST_UPDATE,START_DATE,AUTH_TXT,CLEAR_PERIOD,REFUND_RULE,PRIORITY,DEF_ROLLUP_ID_FK) values ('D','1554',1,'pheald','AOSC LAB FEE',null,null,to_timestamp('1-JAN-00 12.00.00.000000000 AM','DD-MON-RR HH.MI.SS.FF AM'),to_timestamp('1-JAN-00 12.00.00.000000000 AM','DD-MON-RR HH.MI.SS.FF AM'),null,null,null,1,3);
Insert into KSSA_TRANSACTION_TYPE (TYPE,ID,SUB_CODE,CREATOR_ID,DESCRIPTION,EDITOR_ID,END_DATE,LAST_UPDATE,START_DATE,AUTH_TXT,CLEAR_PERIOD,REFUND_RULE,PRIORITY,DEF_ROLLUP_ID_FK) values ('D','1555',1,'pheald','CLICKER FEE',null,null,to_timestamp('1-JAN-00 12.00.00.000000000 AM','DD-MON-RR HH.MI.SS.FF AM'),to_timestamp('1-JAN-00 12.00.00.000000000 AM','DD-MON-RR HH.MI.SS.FF AM'),null,null,null,1,3);
Insert into KSSA_TRANSACTION_TYPE (TYPE,ID,SUB_CODE,CREATOR_ID,DESCRIPTION,EDITOR_ID,END_DATE,LAST_UPDATE,START_DATE,AUTH_TXT,CLEAR_PERIOD,REFUND_RULE,PRIORITY,DEF_ROLLUP_ID_FK) values ('D','1556',1,'pheald','JOUR PROF FEE',null,null,to_timestamp('1-JAN-00 12.00.00.000000000 AM','DD-MON-RR HH.MI.SS.FF AM'),to_timestamp('1-JAN-00 12.00.00.000000000 AM','DD-MON-RR HH.MI.SS.FF AM'),null,null,null,1,3);
Insert into KSSA_TRANSACTION_TYPE (TYPE,ID,SUB_CODE,CREATOR_ID,DESCRIPTION,EDITOR_ID,END_DATE,LAST_UPDATE,START_DATE,AUTH_TXT,CLEAR_PERIOD,REFUND_RULE,PRIORITY,DEF_ROLLUP_ID_FK) values ('D','1557',1,'pheald','MCERT INTERNSHIP LAB FEE',null,null,to_timestamp('1-JAN-00 12.00.00.000000000 AM','DD-MON-RR HH.MI.SS.FF AM'),to_timestamp('1-JAN-00 12.00.00.000000000 AM','DD-MON-RR HH.MI.SS.FF AM'),null,null,null,1,3);
Insert into KSSA_TRANSACTION_TYPE (TYPE,ID,SUB_CODE,CREATOR_ID,DESCRIPTION,EDITOR_ID,END_DATE,LAST_UPDATE,START_DATE,AUTH_TXT,CLEAR_PERIOD,REFUND_RULE,PRIORITY,DEF_ROLLUP_ID_FK) values ('D','1558',1,'pheald','EDCP 692',null,null,to_timestamp('1-JAN-00 12.00.00.000000000 AM','DD-MON-RR HH.MI.SS.FF AM'),to_timestamp('1-JAN-00 12.00.00.000000000 AM','DD-MON-RR HH.MI.SS.FF AM'),null,null,null,1,3);
Insert into KSSA_TRANSACTION_TYPE (TYPE,ID,SUB_CODE,CREATOR_ID,DESCRIPTION,EDITOR_ID,END_DATE,LAST_UPDATE,START_DATE,AUTH_TXT,CLEAR_PERIOD,REFUND_RULE,PRIORITY,DEF_ROLLUP_ID_FK) values ('D','1559',1,'pheald','GRAD FEE STUDIO',null,null,to_timestamp('1-JAN-00 12.00.00.000000000 AM','DD-MON-RR HH.MI.SS.FF AM'),to_timestamp('1-JAN-00 12.00.00.000000000 AM','DD-MON-RR HH.MI.SS.FF AM'),null,null,null,1,3);
Insert into KSSA_TRANSACTION_TYPE (TYPE,ID,SUB_CODE,CREATOR_ID,DESCRIPTION,EDITOR_ID,END_DATE,LAST_UPDATE,START_DATE,AUTH_TXT,CLEAR_PERIOD,REFUND_RULE,PRIORITY,DEF_ROLLUP_ID_FK) values ('D','1560',1,'pheald','PERFORMANCE ASSESSMENT SYS FEE',null,null,to_timestamp('1-JAN-00 12.00.00.000000000 AM','DD-MON-RR HH.MI.SS.FF AM'),to_timestamp('1-JAN-00 12.00.00.000000000 AM','DD-MON-RR HH.MI.SS.FF AM'),null,null,null,1,3);
Insert into KSSA_TRANSACTION_TYPE (TYPE,ID,SUB_CODE,CREATOR_ID,DESCRIPTION,EDITOR_ID,END_DATE,LAST_UPDATE,START_DATE,AUTH_TXT,CLEAR_PERIOD,REFUND_RULE,PRIORITY,DEF_ROLLUP_ID_FK) values ('D','1561',1,'pheald','ANSC LAB FEE',null,null,to_timestamp('1-JAN-00 12.00.00.000000000 AM','DD-MON-RR HH.MI.SS.FF AM'),to_timestamp('1-JAN-00 12.00.00.000000000 AM','DD-MON-RR HH.MI.SS.FF AM'),null,null,null,1,3);
Insert into KSSA_TRANSACTION_TYPE (TYPE,ID,SUB_CODE,CREATOR_ID,DESCRIPTION,EDITOR_ID,END_DATE,LAST_UPDATE,START_DATE,AUTH_TXT,CLEAR_PERIOD,REFUND_RULE,PRIORITY,DEF_ROLLUP_ID_FK) values ('D','1562',1,'pheald','GRAD FEE STUDIO',null,null,to_timestamp('1-JAN-00 12.00.00.000000000 AM','DD-MON-RR HH.MI.SS.FF AM'),to_timestamp('1-JAN-00 12.00.00.000000000 AM','DD-MON-RR HH.MI.SS.FF AM'),null,null,null,1,3);
Insert into KSSA_TRANSACTION_TYPE (TYPE,ID,SUB_CODE,CREATOR_ID,DESCRIPTION,EDITOR_ID,END_DATE,LAST_UPDATE,START_DATE,AUTH_TXT,CLEAR_PERIOD,REFUND_RULE,PRIORITY,DEF_ROLLUP_ID_FK) values ('D','1563',1,'pheald','AOSC MPAO TUITION',null,null,to_timestamp('1-JAN-00 12.00.00.000000000 AM','DD-MON-RR HH.MI.SS.FF AM'),to_timestamp('1-JAN-00 12.00.00.000000000 AM','DD-MON-RR HH.MI.SS.FF AM'),null,null,null,1,3);
Insert into KSSA_TRANSACTION_TYPE (TYPE,ID,SUB_CODE,CREATOR_ID,DESCRIPTION,EDITOR_ID,END_DATE,LAST_UPDATE,START_DATE,AUTH_TXT,CLEAR_PERIOD,REFUND_RULE,PRIORITY,DEF_ROLLUP_ID_FK) values ('D','1564',1,'pheald','PLSC 433 TECH FRUIT + VEG PRO',null,null,to_timestamp('1-JAN-00 12.00.00.000000000 AM','DD-MON-RR HH.MI.SS.FF AM'),to_timestamp('1-JAN-00 12.00.00.000000000 AM','DD-MON-RR HH.MI.SS.FF AM'),null,null,null,1,3);
Insert into KSSA_TRANSACTION_TYPE (TYPE,ID,SUB_CODE,CREATOR_ID,DESCRIPTION,EDITOR_ID,END_DATE,LAST_UPDATE,START_DATE,AUTH_TXT,CLEAR_PERIOD,REFUND_RULE,PRIORITY,DEF_ROLLUP_ID_FK) values ('D','1565',1,'pheald','PLSC 244 HERBACEOUS PLANTS',null,null,to_timestamp('1-JAN-00 12.00.00.000000000 AM','DD-MON-RR HH.MI.SS.FF AM'),to_timestamp('1-JAN-00 12.00.00.000000000 AM','DD-MON-RR HH.MI.SS.FF AM'),null,null,null,1,3);
Insert into KSSA_TRANSACTION_TYPE (TYPE,ID,SUB_CODE,CREATOR_ID,DESCRIPTION,EDITOR_ID,END_DATE,LAST_UPDATE,START_DATE,AUTH_TXT,CLEAR_PERIOD,REFUND_RULE,PRIORITY,DEF_ROLLUP_ID_FK) values ('D','1566',1,'pheald','PLSC452 LANDSCAPE EST + MAINT',null,null,to_timestamp('1-JAN-00 12.00.00.000000000 AM','DD-MON-RR HH.MI.SS.FF AM'),to_timestamp('1-JAN-00 12.00.00.000000000 AM','DD-MON-RR HH.MI.SS.FF AM'),null,null,null,1,3);
Insert into KSSA_TRANSACTION_TYPE (TYPE,ID,SUB_CODE,CREATOR_ID,DESCRIPTION,EDITOR_ID,END_DATE,LAST_UPDATE,START_DATE,AUTH_TXT,CLEAR_PERIOD,REFUND_RULE,PRIORITY,DEF_ROLLUP_ID_FK) values ('D','1567',1,'pheald','PLSC 361 COMM PRINCIPLES OF LM',null,null,to_timestamp('1-JAN-00 12.00.00.000000000 AM','DD-MON-RR HH.MI.SS.FF AM'),to_timestamp('1-JAN-00 12.00.00.000000000 AM','DD-MON-RR HH.MI.SS.FF AM'),null,null,null,1,3);
Insert into KSSA_TRANSACTION_TYPE (TYPE,ID,SUB_CODE,CREATOR_ID,DESCRIPTION,EDITOR_ID,END_DATE,LAST_UPDATE,START_DATE,AUTH_TXT,CLEAR_PERIOD,REFUND_RULE,PRIORITY,DEF_ROLLUP_ID_FK) values ('D','1568',1,'pheald','MPS LEAD TUITION',null,null,to_timestamp('1-JAN-00 12.00.00.000000000 AM','DD-MON-RR HH.MI.SS.FF AM'),to_timestamp('1-JAN-00 12.00.00.000000000 AM','DD-MON-RR HH.MI.SS.FF AM'),null,null,null,1,3);
Insert into KSSA_TRANSACTION_TYPE (TYPE,ID,SUB_CODE,CREATOR_ID,DESCRIPTION,EDITOR_ID,END_DATE,LAST_UPDATE,START_DATE,AUTH_TXT,CLEAR_PERIOD,REFUND_RULE,PRIORITY,DEF_ROLLUP_ID_FK) values ('D','1600',1,'pheald','UNDERGRADUATE APPLICATION FEE',null,null,to_timestamp('1-JAN-00 12.00.00.000000000 AM','DD-MON-RR HH.MI.SS.FF AM'),to_timestamp('1-JAN-00 12.00.00.000000000 AM','DD-MON-RR HH.MI.SS.FF AM'),null,null,null,1,3);
Insert into KSSA_TRANSACTION_TYPE (TYPE,ID,SUB_CODE,CREATOR_ID,DESCRIPTION,EDITOR_ID,END_DATE,LAST_UPDATE,START_DATE,AUTH_TXT,CLEAR_PERIOD,REFUND_RULE,PRIORITY,DEF_ROLLUP_ID_FK) values ('D','1602',1,'pheald','GRAD SCHOOL APPLICATION FEE',null,null,to_timestamp('1-JAN-00 12.00.00.000000000 AM','DD-MON-RR HH.MI.SS.FF AM'),to_timestamp('1-JAN-00 12.00.00.000000000 AM','DD-MON-RR HH.MI.SS.FF AM'),null,null,null,1,3);
Insert into KSSA_TRANSACTION_TYPE (TYPE,ID,SUB_CODE,CREATOR_ID,DESCRIPTION,EDITOR_ID,END_DATE,LAST_UPDATE,START_DATE,AUTH_TXT,CLEAR_PERIOD,REFUND_RULE,PRIORITY,DEF_ROLLUP_ID_FK) values ('D','1604',1,'pheald','GRAD SCHOOL CONTINUOUS REG',null,null,to_timestamp('1-JAN-00 12.00.00.000000000 AM','DD-MON-RR HH.MI.SS.FF AM'),to_timestamp('1-JAN-00 12.00.00.000000000 AM','DD-MON-RR HH.MI.SS.FF AM'),null,null,null,1,3);
Insert into KSSA_TRANSACTION_TYPE (TYPE,ID,SUB_CODE,CREATOR_ID,DESCRIPTION,EDITOR_ID,END_DATE,LAST_UPDATE,START_DATE,AUTH_TXT,CLEAR_PERIOD,REFUND_RULE,PRIORITY,DEF_ROLLUP_ID_FK) values ('D','1606',1,'pheald','LATE REGISTRATION FEE',null,null,to_timestamp('1-JAN-00 12.00.00.000000000 AM','DD-MON-RR HH.MI.SS.FF AM'),to_timestamp('1-JAN-00 12.00.00.000000000 AM','DD-MON-RR HH.MI.SS.FF AM'),null,null,null,1,3);
Insert into KSSA_TRANSACTION_TYPE (TYPE,ID,SUB_CODE,CREATOR_ID,DESCRIPTION,EDITOR_ID,END_DATE,LAST_UPDATE,START_DATE,AUTH_TXT,CLEAR_PERIOD,REFUND_RULE,PRIORITY,DEF_ROLLUP_ID_FK) values ('D','1608',1,'pheald','SHADY GROVE UG APPLICATION FEE',null,null,to_timestamp('1-JAN-00 12.00.00.000000000 AM','DD-MON-RR HH.MI.SS.FF AM'),to_timestamp('1-JAN-00 12.00.00.000000000 AM','DD-MON-RR HH.MI.SS.FF AM'),null,null,null,1,3);
Insert into KSSA_TRANSACTION_TYPE (TYPE,ID,SUB_CODE,CREATOR_ID,DESCRIPTION,EDITOR_ID,END_DATE,LAST_UPDATE,START_DATE,AUTH_TXT,CLEAR_PERIOD,REFUND_RULE,PRIORITY,DEF_ROLLUP_ID_FK) values ('D','1609',1,'pheald','MULTIMEDIA JOUR',null,null,to_timestamp('1-JAN-00 12.00.00.000000000 AM','DD-MON-RR HH.MI.SS.FF AM'),to_timestamp('1-JAN-00 12.00.00.000000000 AM','DD-MON-RR HH.MI.SS.FF AM'),null,null,null,1,3);
Insert into KSSA_TRANSACTION_TYPE (TYPE,ID,SUB_CODE,CREATOR_ID,DESCRIPTION,EDITOR_ID,END_DATE,LAST_UPDATE,START_DATE,AUTH_TXT,CLEAR_PERIOD,REFUND_RULE,PRIORITY,DEF_ROLLUP_ID_FK) values ('D','1610',1,'pheald','LAW PREP WORKSHOP',null,null,to_timestamp('1-JAN-00 12.00.00.000000000 AM','DD-MON-RR HH.MI.SS.FF AM'),to_timestamp('1-JAN-00 12.00.00.000000000 AM','DD-MON-RR HH.MI.SS.FF AM'),null,null,null,1,3);
Insert into KSSA_TRANSACTION_TYPE (TYPE,ID,SUB_CODE,CREATOR_ID,DESCRIPTION,EDITOR_ID,END_DATE,LAST_UPDATE,START_DATE,AUTH_TXT,CLEAR_PERIOD,REFUND_RULE,PRIORITY,DEF_ROLLUP_ID_FK) values ('D','1611',1,'pheald','LSAT PREP WRKSHP',null,null,to_timestamp('1-JAN-00 12.00.00.000000000 AM','DD-MON-RR HH.MI.SS.FF AM'),to_timestamp('1-JAN-00 12.00.00.000000000 AM','DD-MON-RR HH.MI.SS.FF AM'),null,null,null,1,3);
Insert into KSSA_TRANSACTION_TYPE (TYPE,ID,SUB_CODE,CREATOR_ID,DESCRIPTION,EDITOR_ID,END_DATE,LAST_UPDATE,START_DATE,AUTH_TXT,CLEAR_PERIOD,REFUND_RULE,PRIORITY,DEF_ROLLUP_ID_FK) values ('D','1612',1,'pheald','PROF PROG UG REG FEE',null,null,to_timestamp('1-JAN-00 12.00.00.000000000 AM','DD-MON-RR HH.MI.SS.FF AM'),to_timestamp('1-JAN-00 12.00.00.000000000 AM','DD-MON-RR HH.MI.SS.FF AM'),null,null,null,1,3);
Insert into KSSA_TRANSACTION_TYPE (TYPE,ID,SUB_CODE,CREATOR_ID,DESCRIPTION,EDITOR_ID,END_DATE,LAST_UPDATE,START_DATE,AUTH_TXT,CLEAR_PERIOD,REFUND_RULE,PRIORITY,DEF_ROLLUP_ID_FK) values ('D','1613',1,'pheald','PROF PROG GR REG FEE',null,null,to_timestamp('1-JAN-00 12.00.00.000000000 AM','DD-MON-RR HH.MI.SS.FF AM'),to_timestamp('1-JAN-00 12.00.00.000000000 AM','DD-MON-RR HH.MI.SS.FF AM'),null,null,null,1,3);
Insert into KSSA_TRANSACTION_TYPE (TYPE,ID,SUB_CODE,CREATOR_ID,DESCRIPTION,EDITOR_ID,END_DATE,LAST_UPDATE,START_DATE,AUTH_TXT,CLEAR_PERIOD,REFUND_RULE,PRIORITY,DEF_ROLLUP_ID_FK) values ('D','1614',1,'pheald','STUDENT SVC FEES',null,null,to_timestamp('1-JAN-00 12.00.00.000000000 AM','DD-MON-RR HH.MI.SS.FF AM'),to_timestamp('1-JAN-00 12.00.00.000000000 AM','DD-MON-RR HH.MI.SS.FF AM'),null,null,null,1,3);
Insert into KSSA_TRANSACTION_TYPE (TYPE,ID,SUB_CODE,CREATOR_ID,DESCRIPTION,EDITOR_ID,END_DATE,LAST_UPDATE,START_DATE,AUTH_TXT,CLEAR_PERIOD,REFUND_RULE,PRIORITY,DEF_ROLLUP_ID_FK) values ('D','1700',1,'pheald','TUITION AND FEES',null,null,to_timestamp('1-JAN-00 12.00.00.000000000 AM','DD-MON-RR HH.MI.SS.FF AM'),to_timestamp('1-JAN-00 12.00.00.000000000 AM','DD-MON-RR HH.MI.SS.FF AM'),null,null,null,1,3);
Insert into KSSA_TRANSACTION_TYPE (TYPE,ID,SUB_CODE,CREATOR_ID,DESCRIPTION,EDITOR_ID,END_DATE,LAST_UPDATE,START_DATE,AUTH_TXT,CLEAR_PERIOD,REFUND_RULE,PRIORITY,DEF_ROLLUP_ID_FK) values ('D','1701',1,'pheald','TUITION AND FEES',null,null,to_timestamp('1-JAN-00 12.00.00.000000000 AM','DD-MON-RR HH.MI.SS.FF AM'),to_timestamp('1-JAN-00 12.00.00.000000000 AM','DD-MON-RR HH.MI.SS.FF AM'),null,null,null,1,3);
Insert into KSSA_TRANSACTION_TYPE (TYPE,ID,SUB_CODE,CREATOR_ID,DESCRIPTION,EDITOR_ID,END_DATE,LAST_UPDATE,START_DATE,AUTH_TXT,CLEAR_PERIOD,REFUND_RULE,PRIORITY,DEF_ROLLUP_ID_FK) values ('D','1702',1,'pheald','EARLY COLLEGE PROGRAM OUTREACH',null,null,to_timestamp('1-JAN-00 12.00.00.000000000 AM','DD-MON-RR HH.MI.SS.FF AM'),to_timestamp('1-JAN-00 12.00.00.000000000 AM','DD-MON-RR HH.MI.SS.FF AM'),null,null,null,1,3);
Insert into KSSA_TRANSACTION_TYPE (TYPE,ID,SUB_CODE,CREATOR_ID,DESCRIPTION,EDITOR_ID,END_DATE,LAST_UPDATE,START_DATE,AUTH_TXT,CLEAR_PERIOD,REFUND_RULE,PRIORITY,DEF_ROLLUP_ID_FK) values ('D','1050',1,'pheald','TUITION',null,null,to_timestamp('1-JAN-00 12.00.00.000000000 AM','DD-MON-RR HH.MI.SS.FF AM'),to_timestamp('1-JAN-00 12.00.00.000000000 AM','DD-MON-RR HH.MI.SS.FF AM'),null,null,null,1,3);
Insert into KSSA_TRANSACTION_TYPE (TYPE,ID,SUB_CODE,CREATOR_ID,DESCRIPTION,EDITOR_ID,END_DATE,LAST_UPDATE,START_DATE,AUTH_TXT,CLEAR_PERIOD,REFUND_RULE,PRIORITY,DEF_ROLLUP_ID_FK) values ('D','1051',1,'pheald','MANDATORY FEES',null,null,to_timestamp('1-JAN-00 12.00.00.000000000 AM','DD-MON-RR HH.MI.SS.FF AM'),to_timestamp('1-JAN-00 12.00.00.000000000 AM','DD-MON-RR HH.MI.SS.FF AM'),null,null,null,1,3);
Insert into KSSA_TRANSACTION_TYPE (TYPE,ID,SUB_CODE,CREATOR_ID,DESCRIPTION,EDITOR_ID,END_DATE,LAST_UPDATE,START_DATE,AUTH_TXT,CLEAR_PERIOD,REFUND_RULE,PRIORITY,DEF_ROLLUP_ID_FK) values ('D','1060',1,'pheald','GOLDEN ID FEE',null,null,to_timestamp('1-JAN-00 12.00.00.000000000 AM','DD-MON-RR HH.MI.SS.FF AM'),to_timestamp('1-JAN-00 12.00.00.000000000 AM','DD-MON-RR HH.MI.SS.FF AM'),null,null,null,1,3);
Insert into KSSA_TRANSACTION_TYPE (TYPE,ID,SUB_CODE,CREATOR_ID,DESCRIPTION,EDITOR_ID,END_DATE,LAST_UPDATE,START_DATE,AUTH_TXT,CLEAR_PERIOD,REFUND_RULE,PRIORITY,DEF_ROLLUP_ID_FK) values ('D','1070',1,'pheald','SHADY GROVE TUITION',null,null,to_timestamp('1-JAN-00 12.00.00.000000000 AM','DD-MON-RR HH.MI.SS.FF AM'),to_timestamp('1-JAN-00 12.00.00.000000000 AM','DD-MON-RR HH.MI.SS.FF AM'),null,null,null,1,3);
Insert into KSSA_TRANSACTION_TYPE (TYPE,ID,SUB_CODE,CREATOR_ID,DESCRIPTION,EDITOR_ID,END_DATE,LAST_UPDATE,START_DATE,AUTH_TXT,CLEAR_PERIOD,REFUND_RULE,PRIORITY,DEF_ROLLUP_ID_FK) values ('D','1071',1,'pheald','SHADY GROVE AUXILIARY FEE',null,null,to_timestamp('1-JAN-00 12.00.00.000000000 AM','DD-MON-RR HH.MI.SS.FF AM'),to_timestamp('1-JAN-00 12.00.00.000000000 AM','DD-MON-RR HH.MI.SS.FF AM'),null,null,null,1,3);
Insert into KSSA_TRANSACTION_TYPE (TYPE,ID,SUB_CODE,CREATOR_ID,DESCRIPTION,EDITOR_ID,END_DATE,LAST_UPDATE,START_DATE,AUTH_TXT,CLEAR_PERIOD,REFUND_RULE,PRIORITY,DEF_ROLLUP_ID_FK) values ('D','1072',1,'pheald','SHADY GROVE FT FACILITIES FEE',null,null,to_timestamp('1-JAN-00 12.00.00.000000000 AM','DD-MON-RR HH.MI.SS.FF AM'),to_timestamp('1-JAN-00 12.00.00.000000000 AM','DD-MON-RR HH.MI.SS.FF AM'),null,null,null,1,3);
Insert into KSSA_TRANSACTION_TYPE (TYPE,ID,SUB_CODE,CREATOR_ID,DESCRIPTION,EDITOR_ID,END_DATE,LAST_UPDATE,START_DATE,AUTH_TXT,CLEAR_PERIOD,REFUND_RULE,PRIORITY,DEF_ROLLUP_ID_FK) values ('D','1073',1,'pheald','SHADY GROVE PT FACILITIES FEE',null,null,to_timestamp('1-JAN-00 12.00.00.000000000 AM','DD-MON-RR HH.MI.SS.FF AM'),to_timestamp('1-JAN-00 12.00.00.000000000 AM','DD-MON-RR HH.MI.SS.FF AM'),null,null,null,1,3);
Insert into KSSA_TRANSACTION_TYPE (TYPE,ID,SUB_CODE,CREATOR_ID,DESCRIPTION,EDITOR_ID,END_DATE,LAST_UPDATE,START_DATE,AUTH_TXT,CLEAR_PERIOD,REFUND_RULE,PRIORITY,DEF_ROLLUP_ID_FK) values ('D','1080',1,'pheald','SHADY GROVE TUITION',null,null,to_timestamp('1-JAN-00 12.00.00.000000000 AM','DD-MON-RR HH.MI.SS.FF AM'),to_timestamp('1-JAN-00 12.00.00.000000000 AM','DD-MON-RR HH.MI.SS.FF AM'),null,null,null,1,3);
Insert into KSSA_TRANSACTION_TYPE (TYPE,ID,SUB_CODE,CREATOR_ID,DESCRIPTION,EDITOR_ID,END_DATE,LAST_UPDATE,START_DATE,AUTH_TXT,CLEAR_PERIOD,REFUND_RULE,PRIORITY,DEF_ROLLUP_ID_FK) values ('D','1100',1,'pheald','TUITION',null,null,to_timestamp('1-JAN-00 12.00.00.000000000 AM','DD-MON-RR HH.MI.SS.FF AM'),to_timestamp('1-JAN-00 12.00.00.000000000 AM','DD-MON-RR HH.MI.SS.FF AM'),null,null,null,1,3);
Insert into KSSA_TRANSACTION_TYPE (TYPE,ID,SUB_CODE,CREATOR_ID,DESCRIPTION,EDITOR_ID,END_DATE,LAST_UPDATE,START_DATE,AUTH_TXT,CLEAR_PERIOD,REFUND_RULE,PRIORITY,DEF_ROLLUP_ID_FK) values ('D','1101',1,'pheald','MANDATORY FEES',null,null,to_timestamp('1-JAN-00 12.00.00.000000000 AM','DD-MON-RR HH.MI.SS.FF AM'),to_timestamp('1-JAN-00 12.00.00.000000000 AM','DD-MON-RR HH.MI.SS.FF AM'),null,null,null,1,3);
Insert into KSSA_TRANSACTION_TYPE (TYPE,ID,SUB_CODE,CREATOR_ID,DESCRIPTION,EDITOR_ID,END_DATE,LAST_UPDATE,START_DATE,AUTH_TXT,CLEAR_PERIOD,REFUND_RULE,PRIORITY,DEF_ROLLUP_ID_FK) values ('D','1120',1,'pheald','TUITION',null,null,to_timestamp('1-JAN-00 12.00.00.000000000 AM','DD-MON-RR HH.MI.SS.FF AM'),to_timestamp('1-JAN-00 12.00.00.000000000 AM','DD-MON-RR HH.MI.SS.FF AM'),null,null,null,1,3);
Insert into KSSA_TRANSACTION_TYPE (TYPE,ID,SUB_CODE,CREATOR_ID,DESCRIPTION,EDITOR_ID,END_DATE,LAST_UPDATE,START_DATE,AUTH_TXT,CLEAR_PERIOD,REFUND_RULE,PRIORITY,DEF_ROLLUP_ID_FK) values ('D','1121',1,'pheald','MANDATORY FEES',null,null,to_timestamp('1-JAN-00 12.00.00.000000000 AM','DD-MON-RR HH.MI.SS.FF AM'),to_timestamp('1-JAN-00 12.00.00.000000000 AM','DD-MON-RR HH.MI.SS.FF AM'),null,null,null,1,3);
Insert into KSSA_TRANSACTION_TYPE (TYPE,ID,SUB_CODE,CREATOR_ID,DESCRIPTION,EDITOR_ID,END_DATE,LAST_UPDATE,START_DATE,AUTH_TXT,CLEAR_PERIOD,REFUND_RULE,PRIORITY,DEF_ROLLUP_ID_FK) values ('D','1140',1,'pheald','TUITION',null,null,to_timestamp('1-JAN-00 12.00.00.000000000 AM','DD-MON-RR HH.MI.SS.FF AM'),to_timestamp('1-JAN-00 12.00.00.000000000 AM','DD-MON-RR HH.MI.SS.FF AM'),null,null,null,1,3);
Insert into KSSA_TRANSACTION_TYPE (TYPE,ID,SUB_CODE,CREATOR_ID,DESCRIPTION,EDITOR_ID,END_DATE,LAST_UPDATE,START_DATE,AUTH_TXT,CLEAR_PERIOD,REFUND_RULE,PRIORITY,DEF_ROLLUP_ID_FK) values ('D','1141',1,'pheald','MANDATORY FEES',null,null,to_timestamp('1-JAN-00 12.00.00.000000000 AM','DD-MON-RR HH.MI.SS.FF AM'),to_timestamp('1-JAN-00 12.00.00.000000000 AM','DD-MON-RR HH.MI.SS.FF AM'),null,null,null,1,3);
Insert into KSSA_TRANSACTION_TYPE (TYPE,ID,SUB_CODE,CREATOR_ID,DESCRIPTION,EDITOR_ID,END_DATE,LAST_UPDATE,START_DATE,AUTH_TXT,CLEAR_PERIOD,REFUND_RULE,PRIORITY,DEF_ROLLUP_ID_FK) values ('D','1160',1,'pheald','TUITION',null,null,to_timestamp('1-JAN-00 12.00.00.000000000 AM','DD-MON-RR HH.MI.SS.FF AM'),to_timestamp('1-JAN-00 12.00.00.000000000 AM','DD-MON-RR HH.MI.SS.FF AM'),null,null,null,1,3);
Insert into KSSA_TRANSACTION_TYPE (TYPE,ID,SUB_CODE,CREATOR_ID,DESCRIPTION,EDITOR_ID,END_DATE,LAST_UPDATE,START_DATE,AUTH_TXT,CLEAR_PERIOD,REFUND_RULE,PRIORITY,DEF_ROLLUP_ID_FK) values ('D','1161',1,'pheald','MANDATORY FEES',null,null,to_timestamp('1-JAN-00 12.00.00.000000000 AM','DD-MON-RR HH.MI.SS.FF AM'),to_timestamp('1-JAN-00 12.00.00.000000000 AM','DD-MON-RR HH.MI.SS.FF AM'),null,null,null,1,3);
Insert into KSSA_TRANSACTION_TYPE (TYPE,ID,SUB_CODE,CREATOR_ID,DESCRIPTION,EDITOR_ID,END_DATE,LAST_UPDATE,START_DATE,AUTH_TXT,CLEAR_PERIOD,REFUND_RULE,PRIORITY,DEF_ROLLUP_ID_FK) values ('D','1162',1,'pheald','BELIZE TRAVEL-STUDY',null,null,to_timestamp('1-JAN-00 12.00.00.000000000 AM','DD-MON-RR HH.MI.SS.FF AM'),to_timestamp('1-JAN-00 12.00.00.000000000 AM','DD-MON-RR HH.MI.SS.FF AM'),null,null,null,1,3);
Insert into KSSA_TRANSACTION_TYPE (TYPE,ID,SUB_CODE,CREATOR_ID,DESCRIPTION,EDITOR_ID,END_DATE,LAST_UPDATE,START_DATE,AUTH_TXT,CLEAR_PERIOD,REFUND_RULE,PRIORITY,DEF_ROLLUP_ID_FK) values ('D','1165',1,'pheald','PUBLIC POLICY TUITION',null,null,to_timestamp('1-JAN-00 12.00.00.000000000 AM','DD-MON-RR HH.MI.SS.FF AM'),to_timestamp('1-JAN-00 12.00.00.000000000 AM','DD-MON-RR HH.MI.SS.FF AM'),null,null,null,1,3);
Insert into KSSA_TRANSACTION_TYPE (TYPE,ID,SUB_CODE,CREATOR_ID,DESCRIPTION,EDITOR_ID,END_DATE,LAST_UPDATE,START_DATE,AUTH_TXT,CLEAR_PERIOD,REFUND_RULE,PRIORITY,DEF_ROLLUP_ID_FK) values ('D','1166',1,'pheald','PUB POLICY TUIT DIFFERENTIAL',null,null,to_timestamp('1-JAN-00 12.00.00.000000000 AM','DD-MON-RR HH.MI.SS.FF AM'),to_timestamp('1-JAN-00 12.00.00.000000000 AM','DD-MON-RR HH.MI.SS.FF AM'),null,null,null,1,3);
Insert into KSSA_TRANSACTION_TYPE (TYPE,ID,SUB_CODE,CREATOR_ID,DESCRIPTION,EDITOR_ID,END_DATE,LAST_UPDATE,START_DATE,AUTH_TXT,CLEAR_PERIOD,REFUND_RULE,PRIORITY,DEF_ROLLUP_ID_FK) values ('D','1167',1,'pheald','PUBLIC POLICY TUITION',null,null,to_timestamp('1-JAN-00 12.00.00.000000000 AM','DD-MON-RR HH.MI.SS.FF AM'),to_timestamp('1-JAN-00 12.00.00.000000000 AM','DD-MON-RR HH.MI.SS.FF AM'),null,null,null,1,3);
Insert into KSSA_TRANSACTION_TYPE (TYPE,ID,SUB_CODE,CREATOR_ID,DESCRIPTION,EDITOR_ID,END_DATE,LAST_UPDATE,START_DATE,AUTH_TXT,CLEAR_PERIOD,REFUND_RULE,PRIORITY,DEF_ROLLUP_ID_FK) values ('D','1168',1,'pheald','PUB POLICY TUIT DIFFERENTIAL',null,null,to_timestamp('1-JAN-00 12.00.00.000000000 AM','DD-MON-RR HH.MI.SS.FF AM'),to_timestamp('1-JAN-00 12.00.00.000000000 AM','DD-MON-RR HH.MI.SS.FF AM'),null,null,null,1,3);
Insert into KSSA_TRANSACTION_TYPE (TYPE,ID,SUB_CODE,CREATOR_ID,DESCRIPTION,EDITOR_ID,END_DATE,LAST_UPDATE,START_DATE,AUTH_TXT,CLEAR_PERIOD,REFUND_RULE,PRIORITY,DEF_ROLLUP_ID_FK) values ('D','1170',1,'pheald','MBA TUITION DIFFERENTIAL RES',null,null,to_timestamp('1-JAN-00 12.00.00.000000000 AM','DD-MON-RR HH.MI.SS.FF AM'),to_timestamp('1-JAN-00 12.00.00.000000000 AM','DD-MON-RR HH.MI.SS.FF AM'),null,null,null,1,3);
Insert into KSSA_TRANSACTION_TYPE (TYPE,ID,SUB_CODE,CREATOR_ID,DESCRIPTION,EDITOR_ID,END_DATE,LAST_UPDATE,START_DATE,AUTH_TXT,CLEAR_PERIOD,REFUND_RULE,PRIORITY,DEF_ROLLUP_ID_FK) values ('D','1171',1,'pheald','MBA TUITION',null,null,to_timestamp('1-JAN-00 12.00.00.000000000 AM','DD-MON-RR HH.MI.SS.FF AM'),to_timestamp('1-JAN-00 12.00.00.000000000 AM','DD-MON-RR HH.MI.SS.FF AM'),null,null,null,1,3);
Insert into KSSA_TRANSACTION_TYPE (TYPE,ID,SUB_CODE,CREATOR_ID,DESCRIPTION,EDITOR_ID,END_DATE,LAST_UPDATE,START_DATE,AUTH_TXT,CLEAR_PERIOD,REFUND_RULE,PRIORITY,DEF_ROLLUP_ID_FK) values ('D','1172',1,'pheald','MBA TUITION DIFFERENTIAL NRES',null,null,to_timestamp('1-JAN-00 12.00.00.000000000 AM','DD-MON-RR HH.MI.SS.FF AM'),to_timestamp('1-JAN-00 12.00.00.000000000 AM','DD-MON-RR HH.MI.SS.FF AM'),null,null,null,1,3);
Insert into KSSA_TRANSACTION_TYPE (TYPE,ID,SUB_CODE,CREATOR_ID,DESCRIPTION,EDITOR_ID,END_DATE,LAST_UPDATE,START_DATE,AUTH_TXT,CLEAR_PERIOD,REFUND_RULE,PRIORITY,DEF_ROLLUP_ID_FK) values ('D','1173',1,'pheald','MBA TUITION',null,null,to_timestamp('1-JAN-00 12.00.00.000000000 AM','DD-MON-RR HH.MI.SS.FF AM'),to_timestamp('1-JAN-00 12.00.00.000000000 AM','DD-MON-RR HH.MI.SS.FF AM'),null,null,null,1,3);
Insert into KSSA_TRANSACTION_TYPE (TYPE,ID,SUB_CODE,CREATOR_ID,DESCRIPTION,EDITOR_ID,END_DATE,LAST_UPDATE,START_DATE,AUTH_TXT,CLEAR_PERIOD,REFUND_RULE,PRIORITY,DEF_ROLLUP_ID_FK) values ('D','1174',1,'pheald','MBA TUITION DIFFERENTIAL',null,null,to_timestamp('1-JAN-00 12.00.00.000000000 AM','DD-MON-RR HH.MI.SS.FF AM'),to_timestamp('1-JAN-00 12.00.00.000000000 AM','DD-MON-RR HH.MI.SS.FF AM'),null,null,null,1,3);
Insert into KSSA_TRANSACTION_TYPE (TYPE,ID,SUB_CODE,CREATOR_ID,DESCRIPTION,EDITOR_ID,END_DATE,LAST_UPDATE,START_DATE,AUTH_TXT,CLEAR_PERIOD,REFUND_RULE,PRIORITY,DEF_ROLLUP_ID_FK) values ('D','1175',1,'pheald','MBA SHADY GROVE TUITION',null,null,to_timestamp('1-JAN-00 12.00.00.000000000 AM','DD-MON-RR HH.MI.SS.FF AM'),to_timestamp('1-JAN-00 12.00.00.000000000 AM','DD-MON-RR HH.MI.SS.FF AM'),null,null,null,1,3);
Insert into KSSA_TRANSACTION_TYPE (TYPE,ID,SUB_CODE,CREATOR_ID,DESCRIPTION,EDITOR_ID,END_DATE,LAST_UPDATE,START_DATE,AUTH_TXT,CLEAR_PERIOD,REFUND_RULE,PRIORITY,DEF_ROLLUP_ID_FK) values ('D','1176',1,'pheald','BALTIMORE TUITION',null,null,to_timestamp('1-JAN-00 12.00.00.000000000 AM','DD-MON-RR HH.MI.SS.FF AM'),to_timestamp('1-JAN-00 12.00.00.000000000 AM','DD-MON-RR HH.MI.SS.FF AM'),null,null,null,1,3);
Insert into KSSA_TRANSACTION_TYPE (TYPE,ID,SUB_CODE,CREATOR_ID,DESCRIPTION,EDITOR_ID,END_DATE,LAST_UPDATE,START_DATE,AUTH_TXT,CLEAR_PERIOD,REFUND_RULE,PRIORITY,DEF_ROLLUP_ID_FK) values ('D','1177',1,'pheald','BALTIMORE ADMINISTRATION FEE',null,null,to_timestamp('1-JAN-00 12.00.00.000000000 AM','DD-MON-RR HH.MI.SS.FF AM'),to_timestamp('1-JAN-00 12.00.00.000000000 AM','DD-MON-RR HH.MI.SS.FF AM'),null,null,null,1,3);
Insert into KSSA_TRANSACTION_TYPE (TYPE,ID,SUB_CODE,CREATOR_ID,DESCRIPTION,EDITOR_ID,END_DATE,LAST_UPDATE,START_DATE,AUTH_TXT,CLEAR_PERIOD,REFUND_RULE,PRIORITY,DEF_ROLLUP_ID_FK) values ('D','1178',1,'pheald','EXEC MASTERS PUBLIC POLICY',null,null,to_timestamp('1-JAN-00 12.00.00.000000000 AM','DD-MON-RR HH.MI.SS.FF AM'),to_timestamp('1-JAN-00 12.00.00.000000000 AM','DD-MON-RR HH.MI.SS.FF AM'),null,null,null,1,3);
Insert into KSSA_TRANSACTION_TYPE (TYPE,ID,SUB_CODE,CREATOR_ID,DESCRIPTION,EDITOR_ID,END_DATE,LAST_UPDATE,START_DATE,AUTH_TXT,CLEAR_PERIOD,REFUND_RULE,PRIORITY,DEF_ROLLUP_ID_FK) values ('D','1179',1,'pheald','EXECUTIVE MBA TUITION',null,null,to_timestamp('1-JAN-00 12.00.00.000000000 AM','DD-MON-RR HH.MI.SS.FF AM'),to_timestamp('1-JAN-00 12.00.00.000000000 AM','DD-MON-RR HH.MI.SS.FF AM'),null,null,null,1,3);
Insert into KSSA_TRANSACTION_TYPE (TYPE,ID,SUB_CODE,CREATOR_ID,DESCRIPTION,EDITOR_ID,END_DATE,LAST_UPDATE,START_DATE,AUTH_TXT,CLEAR_PERIOD,REFUND_RULE,PRIORITY,DEF_ROLLUP_ID_FK) values ('D','1180',1,'pheald','TUITION',null,null,to_timestamp('1-JAN-00 12.00.00.000000000 AM','DD-MON-RR HH.MI.SS.FF AM'),to_timestamp('1-JAN-00 12.00.00.000000000 AM','DD-MON-RR HH.MI.SS.FF AM'),null,null,null,1,3);
Insert into KSSA_TRANSACTION_TYPE (TYPE,ID,SUB_CODE,CREATOR_ID,DESCRIPTION,EDITOR_ID,END_DATE,LAST_UPDATE,START_DATE,AUTH_TXT,CLEAR_PERIOD,REFUND_RULE,PRIORITY,DEF_ROLLUP_ID_FK) values ('D','1181',1,'pheald','COLLABORATIVE ENGR TUITION',null,null,to_timestamp('1-JAN-00 12.00.00.000000000 AM','DD-MON-RR HH.MI.SS.FF AM'),to_timestamp('1-JAN-00 12.00.00.000000000 AM','DD-MON-RR HH.MI.SS.FF AM'),null,null,null,5,3);
Insert into KSSA_TRANSACTION_TYPE (TYPE,ID,SUB_CODE,CREATOR_ID,DESCRIPTION,EDITOR_ID,END_DATE,LAST_UPDATE,START_DATE,AUTH_TXT,CLEAR_PERIOD,REFUND_RULE,PRIORITY,DEF_ROLLUP_ID_FK) values ('D','1182',1,'pheald','PUAF EXEC CERTIFICATE TUITION',null,null,to_timestamp('1-JAN-00 12.00.00.000000000 AM','DD-MON-RR HH.MI.SS.FF AM'),to_timestamp('1-JAN-00 12.00.00.000000000 AM','DD-MON-RR HH.MI.SS.FF AM'),null,null,null,1,3);
Insert into KSSA_TRANSACTION_TYPE (TYPE,ID,SUB_CODE,CREATOR_ID,DESCRIPTION,EDITOR_ID,END_DATE,LAST_UPDATE,START_DATE,AUTH_TXT,CLEAR_PERIOD,REFUND_RULE,PRIORITY,DEF_ROLLUP_ID_FK) values ('D','1183',1,'pheald','JPSM GRAD NONRESIDENT TUITION',null,null,to_timestamp('1-JAN-00 12.00.00.000000000 AM','DD-MON-RR HH.MI.SS.FF AM'),to_timestamp('1-JAN-00 12.00.00.000000000 AM','DD-MON-RR HH.MI.SS.FF AM'),null,null,null,1,3);
Insert into KSSA_TRANSACTION_TYPE (TYPE,ID,SUB_CODE,CREATOR_ID,DESCRIPTION,EDITOR_ID,END_DATE,LAST_UPDATE,START_DATE,AUTH_TXT,CLEAR_PERIOD,REFUND_RULE,PRIORITY,DEF_ROLLUP_ID_FK) values ('D','1184',1,'pheald','JPSM GRAD RESIDENT TUITION',null,null,to_timestamp('1-JAN-00 12.00.00.000000000 AM','DD-MON-RR HH.MI.SS.FF AM'),to_timestamp('1-JAN-00 12.00.00.000000000 AM','DD-MON-RR HH.MI.SS.FF AM'),null,null,null,1,3);
Insert into KSSA_TRANSACTION_TYPE (TYPE,ID,SUB_CODE,CREATOR_ID,DESCRIPTION,EDITOR_ID,END_DATE,LAST_UPDATE,START_DATE,AUTH_TXT,CLEAR_PERIOD,REFUND_RULE,PRIORITY,DEF_ROLLUP_ID_FK) values ('D','1186',1,'pheald','PUBLIC POLICY-DC',null,null,to_timestamp('1-JAN-00 12.00.00.000000000 AM','DD-MON-RR HH.MI.SS.FF AM'),to_timestamp('1-JAN-00 12.00.00.000000000 AM','DD-MON-RR HH.MI.SS.FF AM'),null,null,null,1,3);
Insert into KSSA_TRANSACTION_TYPE (TYPE,ID,SUB_CODE,CREATOR_ID,DESCRIPTION,EDITOR_ID,END_DATE,LAST_UPDATE,START_DATE,AUTH_TXT,CLEAR_PERIOD,REFUND_RULE,PRIORITY,DEF_ROLLUP_ID_FK) values ('D','1187',1,'pheald','PUAF DC ADMINISTRATIVE FEE',null,null,to_timestamp('1-JAN-00 12.00.00.000000000 AM','DD-MON-RR HH.MI.SS.FF AM'),to_timestamp('1-JAN-00 12.00.00.000000000 AM','DD-MON-RR HH.MI.SS.FF AM'),null,null,null,1,3);
Insert into KSSA_TRANSACTION_TYPE (TYPE,ID,SUB_CODE,CREATOR_ID,DESCRIPTION,EDITOR_ID,END_DATE,LAST_UPDATE,START_DATE,AUTH_TXT,CLEAR_PERIOD,REFUND_RULE,PRIORITY,DEF_ROLLUP_ID_FK) values ('D','1188',1,'pheald','MLS SG GRAD RESIDENT TUITION',null,null,to_timestamp('1-JAN-00 12.00.00.000000000 AM','DD-MON-RR HH.MI.SS.FF AM'),to_timestamp('1-JAN-00 12.00.00.000000000 AM','DD-MON-RR HH.MI.SS.FF AM'),null,null,null,1,3);
Insert into KSSA_TRANSACTION_TYPE (TYPE,ID,SUB_CODE,CREATOR_ID,DESCRIPTION,EDITOR_ID,END_DATE,LAST_UPDATE,START_DATE,AUTH_TXT,CLEAR_PERIOD,REFUND_RULE,PRIORITY,DEF_ROLLUP_ID_FK) values ('D','1189',1,'pheald','MLS SG GRAD NONRES TUITION',null,null,to_timestamp('1-JAN-00 12.00.00.000000000 AM','DD-MON-RR HH.MI.SS.FF AM'),to_timestamp('1-JAN-00 12.00.00.000000000 AM','DD-MON-RR HH.MI.SS.FF AM'),null,null,null,1,3);
Insert into KSSA_TRANSACTION_TYPE (TYPE,ID,SUB_CODE,CREATOR_ID,DESCRIPTION,EDITOR_ID,END_DATE,LAST_UPDATE,START_DATE,AUTH_TXT,CLEAR_PERIOD,REFUND_RULE,PRIORITY,DEF_ROLLUP_ID_FK) values ('D','1190',1,'pheald','MLS SG SPECIAL PROGRAM FEE',null,null,to_timestamp('1-JAN-00 12.00.00.000000000 AM','DD-MON-RR HH.MI.SS.FF AM'),to_timestamp('1-JAN-00 12.00.00.000000000 AM','DD-MON-RR HH.MI.SS.FF AM'),null,null,null,1,3);
Insert into KSSA_TRANSACTION_TYPE (TYPE,ID,SUB_CODE,CREATOR_ID,DESCRIPTION,EDITOR_ID,END_DATE,LAST_UPDATE,START_DATE,AUTH_TXT,CLEAR_PERIOD,REFUND_RULE,PRIORITY,DEF_ROLLUP_ID_FK) values ('D','1191',1,'pheald','EXECUTIVE MBA TUITION INTL',null,null,to_timestamp('1-JAN-00 12.00.00.000000000 AM','DD-MON-RR HH.MI.SS.FF AM'),to_timestamp('1-JAN-00 12.00.00.000000000 AM','DD-MON-RR HH.MI.SS.FF AM'),null,null,null,1,3);
Insert into KSSA_TRANSACTION_TYPE (TYPE,ID,SUB_CODE,CREATOR_ID,DESCRIPTION,EDITOR_ID,END_DATE,LAST_UPDATE,START_DATE,AUTH_TXT,CLEAR_PERIOD,REFUND_RULE,PRIORITY,DEF_ROLLUP_ID_FK) values ('D','1192',1,'pheald','MLS ONLINE RESIDENT TUITION',null,null,to_timestamp('1-JAN-00 12.00.00.000000000 AM','DD-MON-RR HH.MI.SS.FF AM'),to_timestamp('1-JAN-00 12.00.00.000000000 AM','DD-MON-RR HH.MI.SS.FF AM'),null,null,null,1,3);
Insert into KSSA_TRANSACTION_TYPE (TYPE,ID,SUB_CODE,CREATOR_ID,DESCRIPTION,EDITOR_ID,END_DATE,LAST_UPDATE,START_DATE,AUTH_TXT,CLEAR_PERIOD,REFUND_RULE,PRIORITY,DEF_ROLLUP_ID_FK) values ('D','1193',1,'pheald','MLS ONLINE NON-RES TUITION',null,null,to_timestamp('1-JAN-00 12.00.00.000000000 AM','DD-MON-RR HH.MI.SS.FF AM'),to_timestamp('1-JAN-00 12.00.00.000000000 AM','DD-MON-RR HH.MI.SS.FF AM'),null,null,null,1,3);
Insert into KSSA_TRANSACTION_TYPE (TYPE,ID,SUB_CODE,CREATOR_ID,DESCRIPTION,EDITOR_ID,END_DATE,LAST_UPDATE,START_DATE,AUTH_TXT,CLEAR_PERIOD,REFUND_RULE,PRIORITY,DEF_ROLLUP_ID_FK) values ('D','1194',1,'pheald','MLS ONLINE PROGRAM FEE',null,null,to_timestamp('1-JAN-00 12.00.00.000000000 AM','DD-MON-RR HH.MI.SS.FF AM'),to_timestamp('1-JAN-00 12.00.00.000000000 AM','DD-MON-RR HH.MI.SS.FF AM'),null,null,null,1,3);
Insert into KSSA_TRANSACTION_TYPE (TYPE,ID,SUB_CODE,CREATOR_ID,DESCRIPTION,EDITOR_ID,END_DATE,LAST_UPDATE,START_DATE,AUTH_TXT,CLEAR_PERIOD,REFUND_RULE,PRIORITY,DEF_ROLLUP_ID_FK) values ('D','1195',1,'pheald','GOLDEN ID FEE',null,null,to_timestamp('1-JAN-00 12.00.00.000000000 AM','DD-MON-RR HH.MI.SS.FF AM'),to_timestamp('1-JAN-00 12.00.00.000000000 AM','DD-MON-RR HH.MI.SS.FF AM'),null,null,null,1,3);
Insert into KSSA_TRANSACTION_TYPE (TYPE,ID,SUB_CODE,CREATOR_ID,DESCRIPTION,EDITOR_ID,END_DATE,LAST_UPDATE,START_DATE,AUTH_TXT,CLEAR_PERIOD,REFUND_RULE,PRIORITY,DEF_ROLLUP_ID_FK) values ('D','1196',1,'pheald','ACADEMIC SERVICES FEE - UG',null,null,to_timestamp('1-JAN-00 12.00.00.000000000 AM','DD-MON-RR HH.MI.SS.FF AM'),to_timestamp('1-JAN-00 12.00.00.000000000 AM','DD-MON-RR HH.MI.SS.FF AM'),null,null,null,1,3);
Insert into KSSA_TRANSACTION_TYPE (TYPE,ID,SUB_CODE,CREATOR_ID,DESCRIPTION,EDITOR_ID,END_DATE,LAST_UPDATE,START_DATE,AUTH_TXT,CLEAR_PERIOD,REFUND_RULE,PRIORITY,DEF_ROLLUP_ID_FK) values ('D','1198',1,'pheald','ACADEMIC SERVICES FEE - GRAD',null,null,to_timestamp('1-JAN-00 12.00.00.000000000 AM','DD-MON-RR HH.MI.SS.FF AM'),to_timestamp('1-JAN-00 12.00.00.000000000 AM','DD-MON-RR HH.MI.SS.FF AM'),null,null,null,1,3);
Insert into KSSA_TRANSACTION_TYPE (TYPE,ID,SUB_CODE,CREATOR_ID,DESCRIPTION,EDITOR_ID,END_DATE,LAST_UPDATE,START_DATE,AUTH_TXT,CLEAR_PERIOD,REFUND_RULE,PRIORITY,DEF_ROLLUP_ID_FK) values ('D','1202',1,'pheald','ACADEMIC SERVICES FEE',null,null,to_timestamp('1-JAN-00 12.00.00.000000000 AM','DD-MON-RR HH.MI.SS.FF AM'),to_timestamp('1-JAN-00 12.00.00.000000000 AM','DD-MON-RR HH.MI.SS.FF AM'),null,null,null,1,3);
Insert into KSSA_TRANSACTION_TYPE (TYPE,ID,SUB_CODE,CREATOR_ID,DESCRIPTION,EDITOR_ID,END_DATE,LAST_UPDATE,START_DATE,AUTH_TXT,CLEAR_PERIOD,REFUND_RULE,PRIORITY,DEF_ROLLUP_ID_FK) values ('D','1204',1,'pheald','ATHLETIC FEE',null,null,to_timestamp('1-JAN-00 12.00.00.000000000 AM','DD-MON-RR HH.MI.SS.FF AM'),to_timestamp('1-JAN-00 12.00.00.000000000 AM','DD-MON-RR HH.MI.SS.FF AM'),null,null,null,2,3);
Insert into KSSA_TRANSACTION_TYPE (TYPE,ID,SUB_CODE,CREATOR_ID,DESCRIPTION,EDITOR_ID,END_DATE,LAST_UPDATE,START_DATE,AUTH_TXT,CLEAR_PERIOD,REFUND_RULE,PRIORITY,DEF_ROLLUP_ID_FK) values ('D','1206',1,'pheald','HEALTH FEE',null,null,to_timestamp('1-JAN-00 12.00.00.000000000 AM','DD-MON-RR HH.MI.SS.FF AM'),to_timestamp('1-JAN-00 12.00.00.000000000 AM','DD-MON-RR HH.MI.SS.FF AM'),null,null,null,2,3);
Insert into KSSA_TRANSACTION_TYPE (TYPE,ID,SUB_CODE,CREATOR_ID,DESCRIPTION,EDITOR_ID,END_DATE,LAST_UPDATE,START_DATE,AUTH_TXT,CLEAR_PERIOD,REFUND_RULE,PRIORITY,DEF_ROLLUP_ID_FK) values ('D','1208',1,'pheald','SHUTTLE BUS FEE',null,null,to_timestamp('1-JAN-00 12.00.00.000000000 AM','DD-MON-RR HH.MI.SS.FF AM'),to_timestamp('1-JAN-00 12.00.00.000000000 AM','DD-MON-RR HH.MI.SS.FF AM'),null,null,null,1,3);
Insert into KSSA_TRANSACTION_TYPE (TYPE,ID,SUB_CODE,CREATOR_ID,DESCRIPTION,EDITOR_ID,END_DATE,LAST_UPDATE,START_DATE,AUTH_TXT,CLEAR_PERIOD,REFUND_RULE,PRIORITY,DEF_ROLLUP_ID_FK) values ('D','1210',1,'pheald','S.U. AND RECREATION FEE',null,null,to_timestamp('1-JAN-00 12.00.00.000000000 AM','DD-MON-RR HH.MI.SS.FF AM'),to_timestamp('1-JAN-00 12.00.00.000000000 AM','DD-MON-RR HH.MI.SS.FF AM'),null,null,null,1,3);
Insert into KSSA_TRANSACTION_TYPE (TYPE,ID,SUB_CODE,CREATOR_ID,DESCRIPTION,EDITOR_ID,END_DATE,LAST_UPDATE,START_DATE,AUTH_TXT,CLEAR_PERIOD,REFUND_RULE,PRIORITY,DEF_ROLLUP_ID_FK) values ('D','1212',1,'pheald','STUDENT ACTIVITY FEE - UG',null,null,to_timestamp('1-JAN-00 12.00.00.000000000 AM','DD-MON-RR HH.MI.SS.FF AM'),to_timestamp('1-JAN-00 12.00.00.000000000 AM','DD-MON-RR HH.MI.SS.FF AM'),null,null,null,1,3);
Insert into KSSA_TRANSACTION_TYPE (TYPE,ID,SUB_CODE,CREATOR_ID,DESCRIPTION,EDITOR_ID,END_DATE,LAST_UPDATE,START_DATE,AUTH_TXT,CLEAR_PERIOD,REFUND_RULE,PRIORITY,DEF_ROLLUP_ID_FK) values ('D','1213',1,'pheald','STUDENT ACTIVITY FEE - GRAD',null,null,to_timestamp('1-JAN-00 12.00.00.000000000 AM','DD-MON-RR HH.MI.SS.FF AM'),to_timestamp('1-JAN-00 12.00.00.000000000 AM','DD-MON-RR HH.MI.SS.FF AM'),null,null,null,1,3);
Insert into KSSA_TRANSACTION_TYPE (TYPE,ID,SUB_CODE,CREATOR_ID,DESCRIPTION,EDITOR_ID,END_DATE,LAST_UPDATE,START_DATE,AUTH_TXT,CLEAR_PERIOD,REFUND_RULE,PRIORITY,DEF_ROLLUP_ID_FK) values ('D','1214',1,'pheald','AUXILIARY FACILITIES FEE',null,null,to_timestamp('1-JAN-00 12.00.00.000000000 AM','DD-MON-RR HH.MI.SS.FF AM'),to_timestamp('1-JAN-00 12.00.00.000000000 AM','DD-MON-RR HH.MI.SS.FF AM'),null,null,null,1,3);
Insert into KSSA_TRANSACTION_TYPE (TYPE,ID,SUB_CODE,CREATOR_ID,DESCRIPTION,EDITOR_ID,END_DATE,LAST_UPDATE,START_DATE,AUTH_TXT,CLEAR_PERIOD,REFUND_RULE,PRIORITY,DEF_ROLLUP_ID_FK) values ('D','1215',1,'pheald','BUILDING SERVICES FEE',null,null,to_timestamp('1-JAN-00 12.00.00.000000000 AM','DD-MON-RR HH.MI.SS.FF AM'),to_timestamp('1-JAN-00 12.00.00.000000000 AM','DD-MON-RR HH.MI.SS.FF AM'),null,null,null,1,3);
Insert into KSSA_TRANSACTION_TYPE (TYPE,ID,SUB_CODE,CREATOR_ID,DESCRIPTION,EDITOR_ID,END_DATE,LAST_UPDATE,START_DATE,AUTH_TXT,CLEAR_PERIOD,REFUND_RULE,PRIORITY,DEF_ROLLUP_ID_FK) values ('D','1216',1,'pheald','INSTRUCTIONAL MATERIALS FEE',null,null,to_timestamp('1-JAN-00 12.00.00.000000000 AM','DD-MON-RR HH.MI.SS.FF AM'),to_timestamp('1-JAN-00 12.00.00.000000000 AM','DD-MON-RR HH.MI.SS.FF AM'),null,null,null,1,3);
Insert into KSSA_TRANSACTION_TYPE (TYPE,ID,SUB_CODE,CREATOR_ID,DESCRIPTION,EDITOR_ID,END_DATE,LAST_UPDATE,START_DATE,AUTH_TXT,CLEAR_PERIOD,REFUND_RULE,PRIORITY,DEF_ROLLUP_ID_FK) values ('D','1218',1,'pheald','NON RESIDENT FEE',null,null,to_timestamp('1-JAN-00 12.00.00.000000000 AM','DD-MON-RR HH.MI.SS.FF AM'),to_timestamp('1-JAN-00 12.00.00.000000000 AM','DD-MON-RR HH.MI.SS.FF AM'),null,null,null,1,3);
Insert into KSSA_TRANSACTION_TYPE (TYPE,ID,SUB_CODE,CREATOR_ID,DESCRIPTION,EDITOR_ID,END_DATE,LAST_UPDATE,START_DATE,AUTH_TXT,CLEAR_PERIOD,REFUND_RULE,PRIORITY,DEF_ROLLUP_ID_FK) values ('D','1240',1,'pheald','MD ENGL INST INTENSIVE',null,null,to_timestamp('1-JAN-00 12.00.00.000000000 AM','DD-MON-RR HH.MI.SS.FF AM'),to_timestamp('1-JAN-00 12.00.00.000000000 AM','DD-MON-RR HH.MI.SS.FF AM'),null,null,null,1,3);
Insert into KSSA_TRANSACTION_TYPE (TYPE,ID,SUB_CODE,CREATOR_ID,DESCRIPTION,EDITOR_ID,END_DATE,LAST_UPDATE,START_DATE,AUTH_TXT,CLEAR_PERIOD,REFUND_RULE,PRIORITY,DEF_ROLLUP_ID_FK) values ('D','1242',1,'pheald','MD ENGL INST SEMI-INTENSIVE',null,null,to_timestamp('1-JAN-00 12.00.00.000000000 AM','DD-MON-RR HH.MI.SS.FF AM'),to_timestamp('1-JAN-00 12.00.00.000000000 AM','DD-MON-RR HH.MI.SS.FF AM'),null,null,null,1,3);
Insert into KSSA_TRANSACTION_TYPE (TYPE,ID,SUB_CODE,CREATOR_ID,DESCRIPTION,EDITOR_ID,END_DATE,LAST_UPDATE,START_DATE,AUTH_TXT,CLEAR_PERIOD,REFUND_RULE,PRIORITY,DEF_ROLLUP_ID_FK) values ('D','1244',1,'pheald','MD ENGL INST FLUENCY PROGRAM',null,null,to_timestamp('1-JAN-00 12.00.00.000000000 AM','DD-MON-RR HH.MI.SS.FF AM'),to_timestamp('1-JAN-00 12.00.00.000000000 AM','DD-MON-RR HH.MI.SS.FF AM'),null,null,null,1,3);
Insert into KSSA_TRANSACTION_TYPE (TYPE,ID,SUB_CODE,CREATOR_ID,DESCRIPTION,EDITOR_ID,END_DATE,LAST_UPDATE,START_DATE,AUTH_TXT,CLEAR_PERIOD,REFUND_RULE,PRIORITY,DEF_ROLLUP_ID_FK) values ('D','1245',1,'pheald','MEI ADVANCED WRITING ONLINE',null,null,to_timestamp('1-JAN-00 12.00.00.000000000 AM','DD-MON-RR HH.MI.SS.FF AM'),to_timestamp('1-JAN-00 12.00.00.000000000 AM','DD-MON-RR HH.MI.SS.FF AM'),null,null,null,1,3);
Insert into KSSA_TRANSACTION_TYPE (TYPE,ID,SUB_CODE,CREATOR_ID,DESCRIPTION,EDITOR_ID,END_DATE,LAST_UPDATE,START_DATE,AUTH_TXT,CLEAR_PERIOD,REFUND_RULE,PRIORITY,DEF_ROLLUP_ID_FK) values ('D','1246',1,'pheald','MD ENGL INST ADVANCED WRITING',null,null,to_timestamp('1-JAN-00 12.00.00.000000000 AM','DD-MON-RR HH.MI.SS.FF AM'),to_timestamp('1-JAN-00 12.00.00.000000000 AM','DD-MON-RR HH.MI.SS.FF AM'),null,null,null,1,3);
Insert into KSSA_TRANSACTION_TYPE (TYPE,ID,SUB_CODE,CREATOR_ID,DESCRIPTION,EDITOR_ID,END_DATE,LAST_UPDATE,START_DATE,AUTH_TXT,CLEAR_PERIOD,REFUND_RULE,PRIORITY,DEF_ROLLUP_ID_FK) values ('D','1247',1,'pheald','MD ENGL INST ORAL COMM',null,null,to_timestamp('1-JAN-00 12.00.00.000000000 AM','DD-MON-RR HH.MI.SS.FF AM'),to_timestamp('1-JAN-00 12.00.00.000000000 AM','DD-MON-RR HH.MI.SS.FF AM'),null,null,null,1,3);
Insert into KSSA_TRANSACTION_TYPE (TYPE,ID,SUB_CODE,CREATOR_ID,DESCRIPTION,EDITOR_ID,END_DATE,LAST_UPDATE,START_DATE,AUTH_TXT,CLEAR_PERIOD,REFUND_RULE,PRIORITY,DEF_ROLLUP_ID_FK) values ('D','1248',1,'pheald','ACTIVITY/LAB FEE',null,null,to_timestamp('1-JAN-00 12.00.00.000000000 AM','DD-MON-RR HH.MI.SS.FF AM'),to_timestamp('1-JAN-00 12.00.00.000000000 AM','DD-MON-RR HH.MI.SS.FF AM'),null,null,null,1,3);
Insert into KSSA_TRANSACTION_TYPE (TYPE,ID,SUB_CODE,CREATOR_ID,DESCRIPTION,EDITOR_ID,END_DATE,LAST_UPDATE,START_DATE,AUTH_TXT,CLEAR_PERIOD,REFUND_RULE,PRIORITY,DEF_ROLLUP_ID_FK) values ('D','1256',1,'pheald','S/Y EXCH PGM SAO FEE',null,null,to_timestamp('1-JAN-00 12.00.00.000000000 AM','DD-MON-RR HH.MI.SS.FF AM'),to_timestamp('1-JAN-00 12.00.00.000000000 AM','DD-MON-RR HH.MI.SS.FF AM'),null,null,null,1,3);
Insert into KSSA_TRANSACTION_TYPE (TYPE,ID,SUB_CODE,CREATOR_ID,DESCRIPTION,EDITOR_ID,END_DATE,LAST_UPDATE,START_DATE,AUTH_TXT,CLEAR_PERIOD,REFUND_RULE,PRIORITY,DEF_ROLLUP_ID_FK) values ('D','1257',1,'pheald','AFFIL ST PGM SAO FEE',null,null,to_timestamp('1-JAN-00 12.00.00.000000000 AM','DD-MON-RR HH.MI.SS.FF AM'),to_timestamp('1-JAN-00 12.00.00.000000000 AM','DD-MON-RR HH.MI.SS.FF AM'),null,null,null,1,3);
Insert into KSSA_TRANSACTION_TYPE (TYPE,ID,SUB_CODE,CREATOR_ID,DESCRIPTION,EDITOR_ID,END_DATE,LAST_UPDATE,START_DATE,AUTH_TXT,CLEAR_PERIOD,REFUND_RULE,PRIORITY,DEF_ROLLUP_ID_FK) values ('D','1258',1,'pheald','NON-UM AFFIL ST PGM SAO FEE',null,null,to_timestamp('1-JAN-00 12.00.00.000000000 AM','DD-MON-RR HH.MI.SS.FF AM'),to_timestamp('1-JAN-00 12.00.00.000000000 AM','DD-MON-RR HH.MI.SS.FF AM'),null,null,null,1,3);
Insert into KSSA_TRANSACTION_TYPE (TYPE,ID,SUB_CODE,CREATOR_ID,DESCRIPTION,EDITOR_ID,END_DATE,LAST_UPDATE,START_DATE,AUTH_TXT,CLEAR_PERIOD,REFUND_RULE,PRIORITY,DEF_ROLLUP_ID_FK) values ('D','1259',1,'pheald','S/Y NON-UM AFFIL PGM SAO FEE',null,null,to_timestamp('1-JAN-00 12.00.00.000000000 AM','DD-MON-RR HH.MI.SS.FF AM'),to_timestamp('1-JAN-00 12.00.00.000000000 AM','DD-MON-RR HH.MI.SS.FF AM'),null,null,null,1,3);
Insert into KSSA_TRANSACTION_TYPE (TYPE,ID,SUB_CODE,CREATOR_ID,DESCRIPTION,EDITOR_ID,END_DATE,LAST_UPDATE,START_DATE,AUTH_TXT,CLEAR_PERIOD,REFUND_RULE,PRIORITY,DEF_ROLLUP_ID_FK) values ('D','1260',1,'pheald','MARYLAND IN LONDON',null,null,to_timestamp('1-JAN-00 12.00.00.000000000 AM','DD-MON-RR HH.MI.SS.FF AM'),to_timestamp('1-JAN-00 12.00.00.000000000 AM','DD-MON-RR HH.MI.SS.FF AM'),null,null,null,1,3);
Insert into KSSA_TRANSACTION_TYPE (TYPE,ID,SUB_CODE,CREATOR_ID,DESCRIPTION,EDITOR_ID,END_DATE,LAST_UPDATE,START_DATE,AUTH_TXT,CLEAR_PERIOD,REFUND_RULE,PRIORITY,DEF_ROLLUP_ID_FK) values ('D','1261',1,'pheald','MARYLAND IN LONDON PAYMENT',null,null,to_timestamp('1-JAN-00 12.00.00.000000000 AM','DD-MON-RR HH.MI.SS.FF AM'),to_timestamp('1-JAN-00 12.00.00.000000000 AM','DD-MON-RR HH.MI.SS.FF AM'),null,null,null,1,3);
Insert into KSSA_TRANSACTION_TYPE (TYPE,ID,SUB_CODE,CREATOR_ID,DESCRIPTION,EDITOR_ID,END_DATE,LAST_UPDATE,START_DATE,AUTH_TXT,CLEAR_PERIOD,REFUND_RULE,PRIORITY,DEF_ROLLUP_ID_FK) values ('D','1262',1,'pheald','UM SHORT TERM STUDY ABROAD FEE',null,null,to_timestamp('1-JAN-00 12.00.00.000000000 AM','DD-MON-RR HH.MI.SS.FF AM'),to_timestamp('1-JAN-00 12.00.00.000000000 AM','DD-MON-RR HH.MI.SS.FF AM'),null,null,null,1,3);
Insert into KSSA_TRANSACTION_TYPE (TYPE,ID,SUB_CODE,CREATOR_ID,DESCRIPTION,EDITOR_ID,END_DATE,LAST_UPDATE,START_DATE,AUTH_TXT,CLEAR_PERIOD,REFUND_RULE,PRIORITY,DEF_ROLLUP_ID_FK) values ('D','1263',1,'pheald','MARYLAND IN NICE PAYMENT',null,null,to_timestamp('1-JAN-00 12.00.00.000000000 AM','DD-MON-RR HH.MI.SS.FF AM'),to_timestamp('1-JAN-00 12.00.00.000000000 AM','DD-MON-RR HH.MI.SS.FF AM'),null,null,null,1,3);
Insert into KSSA_TRANSACTION_TYPE (TYPE,ID,SUB_CODE,CREATOR_ID,DESCRIPTION,EDITOR_ID,END_DATE,LAST_UPDATE,START_DATE,AUTH_TXT,CLEAR_PERIOD,REFUND_RULE,PRIORITY,DEF_ROLLUP_ID_FK) values ('D','1264',1,'pheald','MARYLAND IN NICE',null,null,to_timestamp('1-JAN-00 12.00.00.000000000 AM','DD-MON-RR HH.MI.SS.FF AM'),to_timestamp('1-JAN-00 12.00.00.000000000 AM','DD-MON-RR HH.MI.SS.FF AM'),null,null,null,1,3);
Insert into KSSA_TRANSACTION_TYPE (TYPE,ID,SUB_CODE,CREATOR_ID,DESCRIPTION,EDITOR_ID,END_DATE,LAST_UPDATE,START_DATE,AUTH_TXT,CLEAR_PERIOD,REFUND_RULE,PRIORITY,DEF_ROLLUP_ID_FK) values ('D','1265',1,'pheald','MARYLAND IN BERLIN PAYMENT',null,null,to_timestamp('1-JAN-00 12.00.00.000000000 AM','DD-MON-RR HH.MI.SS.FF AM'),to_timestamp('1-JAN-00 12.00.00.000000000 AM','DD-MON-RR HH.MI.SS.FF AM'),null,null,null,1,3);
Insert into KSSA_TRANSACTION_TYPE (TYPE,ID,SUB_CODE,CREATOR_ID,DESCRIPTION,EDITOR_ID,END_DATE,LAST_UPDATE,START_DATE,AUTH_TXT,CLEAR_PERIOD,REFUND_RULE,PRIORITY,DEF_ROLLUP_ID_FK) values ('D','1266',1,'pheald','MARYLAND IN BERLIN',null,null,to_timestamp('1-JAN-00 12.00.00.000000000 AM','DD-MON-RR HH.MI.SS.FF AM'),to_timestamp('1-JAN-00 12.00.00.000000000 AM','DD-MON-RR HH.MI.SS.FF AM'),null,null,null,1,3);
Insert into KSSA_TRANSACTION_TYPE (TYPE,ID,SUB_CODE,CREATOR_ID,DESCRIPTION,EDITOR_ID,END_DATE,LAST_UPDATE,START_DATE,AUTH_TXT,CLEAR_PERIOD,REFUND_RULE,PRIORITY,DEF_ROLLUP_ID_FK) values ('D','1267',1,'pheald','MARYLAND IN ROME PAYMENT',null,null,to_timestamp('1-JAN-00 12.00.00.000000000 AM','DD-MON-RR HH.MI.SS.FF AM'),to_timestamp('1-JAN-00 12.00.00.000000000 AM','DD-MON-RR HH.MI.SS.FF AM'),null,null,null,1,3);
Insert into KSSA_TRANSACTION_TYPE (TYPE,ID,SUB_CODE,CREATOR_ID,DESCRIPTION,EDITOR_ID,END_DATE,LAST_UPDATE,START_DATE,AUTH_TXT,CLEAR_PERIOD,REFUND_RULE,PRIORITY,DEF_ROLLUP_ID_FK) values ('D','1268',1,'pheald','MARYLAND IN ROME',null,null,to_timestamp('1-JAN-00 12.00.00.000000000 AM','DD-MON-RR HH.MI.SS.FF AM'),to_timestamp('1-JAN-00 12.00.00.000000000 AM','DD-MON-RR HH.MI.SS.FF AM'),null,null,null,1,3);
Insert into KSSA_TRANSACTION_TYPE (TYPE,ID,SUB_CODE,CREATOR_ID,DESCRIPTION,EDITOR_ID,END_DATE,LAST_UPDATE,START_DATE,AUTH_TXT,CLEAR_PERIOD,REFUND_RULE,PRIORITY,DEF_ROLLUP_ID_FK) values ('D','1269',1,'pheald','STUDY ABROAD PAYMENT',null,null,to_timestamp('1-JAN-00 12.00.00.000000000 AM','DD-MON-RR HH.MI.SS.FF AM'),to_timestamp('1-JAN-00 12.00.00.000000000 AM','DD-MON-RR HH.MI.SS.FF AM'),null,null,null,1,3);
Insert into KSSA_TRANSACTION_TYPE (TYPE,ID,SUB_CODE,CREATOR_ID,DESCRIPTION,EDITOR_ID,END_DATE,LAST_UPDATE,START_DATE,AUTH_TXT,CLEAR_PERIOD,REFUND_RULE,PRIORITY,DEF_ROLLUP_ID_FK) values ('D','1270',1,'pheald','STUDY ABROAD EXCHANGE PROGRAM',null,null,to_timestamp('1-JAN-00 12.00.00.000000000 AM','DD-MON-RR HH.MI.SS.FF AM'),to_timestamp('1-JAN-00 12.00.00.000000000 AM','DD-MON-RR HH.MI.SS.FF AM'),null,null,null,1,3);
Insert into KSSA_TRANSACTION_TYPE (TYPE,ID,SUB_CODE,CREATOR_ID,DESCRIPTION,EDITOR_ID,END_DATE,LAST_UPDATE,START_DATE,AUTH_TXT,CLEAR_PERIOD,REFUND_RULE,PRIORITY,DEF_ROLLUP_ID_FK) values ('D','1271',1,'pheald','I E S STUDENT SERVICES FEE',null,null,to_timestamp('1-JAN-00 12.00.00.000000000 AM','DD-MON-RR HH.MI.SS.FF AM'),to_timestamp('1-JAN-00 12.00.00.000000000 AM','DD-MON-RR HH.MI.SS.FF AM'),null,null,null,1,3);
Insert into KSSA_TRANSACTION_TYPE (TYPE,ID,SUB_CODE,CREATOR_ID,DESCRIPTION,EDITOR_ID,END_DATE,LAST_UPDATE,START_DATE,AUTH_TXT,CLEAR_PERIOD,REFUND_RULE,PRIORITY,DEF_ROLLUP_ID_FK) values ('D','1272',1,'pheald','STUDY IN ISRAEL PROGRAM',null,null,to_timestamp('1-JAN-00 12.00.00.000000000 AM','DD-MON-RR HH.MI.SS.FF AM'),to_timestamp('1-JAN-00 12.00.00.000000000 AM','DD-MON-RR HH.MI.SS.FF AM'),null,null,null,1,3);
Insert into KSSA_TRANSACTION_TYPE (TYPE,ID,SUB_CODE,CREATOR_ID,DESCRIPTION,EDITOR_ID,END_DATE,LAST_UPDATE,START_DATE,AUTH_TXT,CLEAR_PERIOD,REFUND_RULE,PRIORITY,DEF_ROLLUP_ID_FK) values ('D','1273',1,'pheald','STUDY ABROAD PAYMENT',null,null,to_timestamp('1-JAN-00 12.00.00.000000000 AM','DD-MON-RR HH.MI.SS.FF AM'),to_timestamp('1-JAN-00 12.00.00.000000000 AM','DD-MON-RR HH.MI.SS.FF AM'),null,null,null,1,3);
Insert into KSSA_TRANSACTION_TYPE (TYPE,ID,SUB_CODE,CREATOR_ID,DESCRIPTION,EDITOR_ID,END_DATE,LAST_UPDATE,START_DATE,AUTH_TXT,CLEAR_PERIOD,REFUND_RULE,PRIORITY,DEF_ROLLUP_ID_FK) values ('D','1274',1,'pheald','MARYLAND IN HAIFA PAYMENT',null,null,to_timestamp('1-JAN-00 12.00.00.000000000 AM','DD-MON-RR HH.MI.SS.FF AM'),to_timestamp('1-JAN-00 12.00.00.000000000 AM','DD-MON-RR HH.MI.SS.FF AM'),null,null,null,1,3);
Insert into KSSA_TRANSACTION_TYPE (TYPE,ID,SUB_CODE,CREATOR_ID,DESCRIPTION,EDITOR_ID,END_DATE,LAST_UPDATE,START_DATE,AUTH_TXT,CLEAR_PERIOD,REFUND_RULE,PRIORITY,DEF_ROLLUP_ID_FK) values ('D','1275',1,'pheald','STUDY ABROAD PAYMENT',null,null,to_timestamp('1-JAN-00 12.00.00.000000000 AM','DD-MON-RR HH.MI.SS.FF AM'),to_timestamp('1-JAN-00 12.00.00.000000000 AM','DD-MON-RR HH.MI.SS.FF AM'),null,null,null,1,3);
Insert into KSSA_TRANSACTION_TYPE (TYPE,ID,SUB_CODE,CREATOR_ID,DESCRIPTION,EDITOR_ID,END_DATE,LAST_UPDATE,START_DATE,AUTH_TXT,CLEAR_PERIOD,REFUND_RULE,PRIORITY,DEF_ROLLUP_ID_FK) values ('D','1276',1,'pheald','STUDY IN GENOA',null,null,to_timestamp('1-JAN-00 12.00.00.000000000 AM','DD-MON-RR HH.MI.SS.FF AM'),to_timestamp('1-JAN-00 12.00.00.000000000 AM','DD-MON-RR HH.MI.SS.FF AM'),null,null,null,1,3);
Insert into KSSA_TRANSACTION_TYPE (TYPE,ID,SUB_CODE,CREATOR_ID,DESCRIPTION,EDITOR_ID,END_DATE,LAST_UPDATE,START_DATE,AUTH_TXT,CLEAR_PERIOD,REFUND_RULE,PRIORITY,DEF_ROLLUP_ID_FK) values ('D','1277',1,'pheald','MARYLAND IN HAIFA',null,null,to_timestamp('1-JAN-00 12.00.00.000000000 AM','DD-MON-RR HH.MI.SS.FF AM'),to_timestamp('1-JAN-00 12.00.00.000000000 AM','DD-MON-RR HH.MI.SS.FF AM'),null,null,null,1,3);
Insert into KSSA_TRANSACTION_TYPE (TYPE,ID,SUB_CODE,CREATOR_ID,DESCRIPTION,EDITOR_ID,END_DATE,LAST_UPDATE,START_DATE,AUTH_TXT,CLEAR_PERIOD,REFUND_RULE,PRIORITY,DEF_ROLLUP_ID_FK) values ('D','1278',1,'pheald','STUDY IN KIPLIN HALL',null,null,to_timestamp('1-JAN-00 12.00.00.000000000 AM','DD-MON-RR HH.MI.SS.FF AM'),to_timestamp('1-JAN-00 12.00.00.000000000 AM','DD-MON-RR HH.MI.SS.FF AM'),null,null,null,1,3);
Insert into KSSA_TRANSACTION_TYPE (TYPE,ID,SUB_CODE,CREATOR_ID,DESCRIPTION,EDITOR_ID,END_DATE,LAST_UPDATE,START_DATE,AUTH_TXT,CLEAR_PERIOD,REFUND_RULE,PRIORITY,DEF_ROLLUP_ID_FK) values ('D','1279',1,'pheald','STUDY IN KIPLIN HALL PAYMENT',null,null,to_timestamp('1-JAN-00 12.00.00.000000000 AM','DD-MON-RR HH.MI.SS.FF AM'),to_timestamp('1-JAN-00 12.00.00.000000000 AM','DD-MON-RR HH.MI.SS.FF AM'),null,null,null,1,3);
Insert into KSSA_TRANSACTION_TYPE (TYPE,ID,SUB_CODE,CREATOR_ID,DESCRIPTION,EDITOR_ID,END_DATE,LAST_UPDATE,START_DATE,AUTH_TXT,CLEAR_PERIOD,REFUND_RULE,PRIORITY,DEF_ROLLUP_ID_FK) values ('D','1280',1,'pheald','NATL TECH UNIV PROGRAM FEES',null,null,to_timestamp('1-JAN-00 12.00.00.000000000 AM','DD-MON-RR HH.MI.SS.FF AM'),to_timestamp('1-JAN-00 12.00.00.000000000 AM','DD-MON-RR HH.MI.SS.FF AM'),null,null,null,1,3);
Insert into KSSA_TRANSACTION_TYPE (TYPE,ID,SUB_CODE,CREATOR_ID,DESCRIPTION,EDITOR_ID,END_DATE,LAST_UPDATE,START_DATE,AUTH_TXT,CLEAR_PERIOD,REFUND_RULE,PRIORITY,DEF_ROLLUP_ID_FK) values ('D','1282',1,'pheald','NATL TECH UNIV PROGRAM REM',null,null,to_timestamp('1-JAN-00 12.00.00.000000000 AM','DD-MON-RR HH.MI.SS.FF AM'),to_timestamp('1-JAN-00 12.00.00.000000000 AM','DD-MON-RR HH.MI.SS.FF AM'),null,null,null,1,3);
Insert into KSSA_TRANSACTION_TYPE (TYPE,ID,SUB_CODE,CREATOR_ID,DESCRIPTION,EDITOR_ID,END_DATE,LAST_UPDATE,START_DATE,AUTH_TXT,CLEAR_PERIOD,REFUND_RULE,PRIORITY,DEF_ROLLUP_ID_FK) values ('D','1283',1,'pheald','MARYLAND IN CHINA',null,null,to_timestamp('1-JAN-00 12.00.00.000000000 AM','DD-MON-RR HH.MI.SS.FF AM'),to_timestamp('1-JAN-00 12.00.00.000000000 AM','DD-MON-RR HH.MI.SS.FF AM'),null,null,null,1,3);
Insert into KSSA_TRANSACTION_TYPE (TYPE,ID,SUB_CODE,CREATOR_ID,DESCRIPTION,EDITOR_ID,END_DATE,LAST_UPDATE,START_DATE,AUTH_TXT,CLEAR_PERIOD,REFUND_RULE,PRIORITY,DEF_ROLLUP_ID_FK) values ('D','1284',1,'pheald','MARYLAND IN SHANGHAI PAYMENT',null,null,to_timestamp('1-JAN-00 12.00.00.000000000 AM','DD-MON-RR HH.MI.SS.FF AM'),to_timestamp('1-JAN-00 12.00.00.000000000 AM','DD-MON-RR HH.MI.SS.FF AM'),null,null,null,1,3);
Insert into KSSA_TRANSACTION_TYPE (TYPE,ID,SUB_CODE,CREATOR_ID,DESCRIPTION,EDITOR_ID,END_DATE,LAST_UPDATE,START_DATE,AUTH_TXT,CLEAR_PERIOD,REFUND_RULE,PRIORITY,DEF_ROLLUP_ID_FK) values ('D','1287',1,'pheald','THE EDUCATION ABROAD NETWORK',null,null,to_timestamp('1-JAN-00 12.00.00.000000000 AM','DD-MON-RR HH.MI.SS.FF AM'),to_timestamp('1-JAN-00 12.00.00.000000000 AM','DD-MON-RR HH.MI.SS.FF AM'),null,null,null,1,3);
Insert into KSSA_TRANSACTION_TYPE (TYPE,ID,SUB_CODE,CREATOR_ID,DESCRIPTION,EDITOR_ID,END_DATE,LAST_UPDATE,START_DATE,AUTH_TXT,CLEAR_PERIOD,REFUND_RULE,PRIORITY,DEF_ROLLUP_ID_FK) values ('D','1288',1,'pheald','EDUCATION ABROAD NETWORK PMT',null,null,to_timestamp('1-JAN-00 12.00.00.000000000 AM','DD-MON-RR HH.MI.SS.FF AM'),to_timestamp('1-JAN-00 12.00.00.000000000 AM','DD-MON-RR HH.MI.SS.FF AM'),null,null,null,1,3);
Insert into KSSA_TRANSACTION_TYPE (TYPE,ID,SUB_CODE,CREATOR_ID,DESCRIPTION,EDITOR_ID,END_DATE,LAST_UPDATE,START_DATE,AUTH_TXT,CLEAR_PERIOD,REFUND_RULE,PRIORITY,DEF_ROLLUP_ID_FK) values ('D','1289',1,'pheald','NON AFFILIATED EDUC ABR FEES',null,null,to_timestamp('1-JAN-00 12.00.00.000000000 AM','DD-MON-RR HH.MI.SS.FF AM'),to_timestamp('1-JAN-00 12.00.00.000000000 AM','DD-MON-RR HH.MI.SS.FF AM'),null,null,null,1,3);
Insert into KSSA_TRANSACTION_TYPE (TYPE,ID,SUB_CODE,CREATOR_ID,DESCRIPTION,EDITOR_ID,END_DATE,LAST_UPDATE,START_DATE,AUTH_TXT,CLEAR_PERIOD,REFUND_RULE,PRIORITY,DEF_ROLLUP_ID_FK) values ('D','1290',1,'pheald','NON AFFIL''D EA FEES PAYMENT',null,null,to_timestamp('1-JAN-00 12.00.00.000000000 AM','DD-MON-RR HH.MI.SS.FF AM'),to_timestamp('1-JAN-00 12.00.00.000000000 AM','DD-MON-RR HH.MI.SS.FF AM'),null,null,null,1,3);
Insert into KSSA_TRANSACTION_TYPE (TYPE,ID,SUB_CODE,CREATOR_ID,DESCRIPTION,EDITOR_ID,END_DATE,LAST_UPDATE,START_DATE,AUTH_TXT,CLEAR_PERIOD,REFUND_RULE,PRIORITY,DEF_ROLLUP_ID_FK) values ('D','1291',1,'pheald','MACQUARIE UNIVERSITY',null,null,to_timestamp('1-JAN-00 12.00.00.000000000 AM','DD-MON-RR HH.MI.SS.FF AM'),to_timestamp('1-JAN-00 12.00.00.000000000 AM','DD-MON-RR HH.MI.SS.FF AM'),null,null,null,1,3);
Insert into KSSA_TRANSACTION_TYPE (TYPE,ID,SUB_CODE,CREATOR_ID,DESCRIPTION,EDITOR_ID,END_DATE,LAST_UPDATE,START_DATE,AUTH_TXT,CLEAR_PERIOD,REFUND_RULE,PRIORITY,DEF_ROLLUP_ID_FK) values ('D','1001',1,'pheald','MANDATORY FEES',null,null,to_timestamp('1-JAN-00 12.00.00.000000000 AM','DD-MON-RR HH.MI.SS.FF AM'),to_timestamp('1-JAN-00 12.00.00.000000000 AM','DD-MON-RR HH.MI.SS.FF AM'),null,null,null,1,3);
Insert into KSSA_TRANSACTION_TYPE (TYPE,ID,SUB_CODE,CREATOR_ID,DESCRIPTION,EDITOR_ID,END_DATE,LAST_UPDATE,START_DATE,AUTH_TXT,CLEAR_PERIOD,REFUND_RULE,PRIORITY,DEF_ROLLUP_ID_FK) values ('D','1020',1,'pheald','TUITION',null,null,to_timestamp('1-JAN-00 12.00.00.000000000 AM','DD-MON-RR HH.MI.SS.FF AM'),to_timestamp('1-JAN-00 12.00.00.000000000 AM','DD-MON-RR HH.MI.SS.FF AM'),null,null,null,5,3);
Insert into KSSA_TRANSACTION_TYPE (TYPE,ID,SUB_CODE,CREATOR_ID,DESCRIPTION,EDITOR_ID,END_DATE,LAST_UPDATE,START_DATE,AUTH_TXT,CLEAR_PERIOD,REFUND_RULE,PRIORITY,DEF_ROLLUP_ID_FK) values ('D','1021',1,'pheald','MANDATORY FEES',null,null,to_timestamp('1-JAN-00 12.00.00.000000000 AM','DD-MON-RR HH.MI.SS.FF AM'),to_timestamp('1-JAN-00 12.00.00.000000000 AM','DD-MON-RR HH.MI.SS.FF AM'),null,null,null,5,3);
Insert into KSSA_TRANSACTION_TYPE (TYPE,ID,SUB_CODE,CREATOR_ID,DESCRIPTION,EDITOR_ID,END_DATE,LAST_UPDATE,START_DATE,AUTH_TXT,CLEAR_PERIOD,REFUND_RULE,PRIORITY,DEF_ROLLUP_ID_FK) values ('D','1040',1,'pheald','TUITION',null,null,to_timestamp('1-JAN-00 12.00.00.000000000 AM','DD-MON-RR HH.MI.SS.FF AM'),to_timestamp('1-JAN-00 12.00.00.000000000 AM','DD-MON-RR HH.MI.SS.FF AM'),null,null,null,1,3);
Insert into KSSA_TRANSACTION_TYPE (TYPE,ID,SUB_CODE,CREATOR_ID,DESCRIPTION,EDITOR_ID,END_DATE,LAST_UPDATE,START_DATE,AUTH_TXT,CLEAR_PERIOD,REFUND_RULE,PRIORITY,DEF_ROLLUP_ID_FK) values ('D','1041',1,'pheald','MANDATORY FEES',null,null,to_timestamp('1-JAN-00 12.00.00.000000000 AM','DD-MON-RR HH.MI.SS.FF AM'),to_timestamp('1-JAN-00 12.00.00.000000000 AM','DD-MON-RR HH.MI.SS.FF AM'),null,null,null,1,3);
Insert into KSSA_TRANSACTION_TYPE (TYPE,ID,SUB_CODE,CREATOR_ID,DESCRIPTION,EDITOR_ID,END_DATE,LAST_UPDATE,START_DATE,AUTH_TXT,CLEAR_PERIOD,REFUND_RULE,PRIORITY,DEF_ROLLUP_ID_FK) values ('D','1045',1,'pheald','ARCHITECTURE KEA LOAN',null,null,to_timestamp('1-JAN-00 12.00.00.000000000 AM','DD-MON-RR HH.MI.SS.FF AM'),to_timestamp('1-JAN-00 12.00.00.000000000 AM','DD-MON-RR HH.MI.SS.FF AM'),null,null,null,1,3);
Insert into KSSA_TRANSACTION_TYPE (TYPE,ID,SUB_CODE,CREATOR_ID,DESCRIPTION,EDITOR_ID,END_DATE,LAST_UPDATE,START_DATE,AUTH_TXT,CLEAR_PERIOD,REFUND_RULE,PRIORITY,DEF_ROLLUP_ID_FK, UNALLOCATED_GL_ACCOUNT) values ('C','finaid2',1,'pheald','Tuition Only Scholarship',null,null,to_timestamp('1-JAN-00 12.00.00.000000000 AM','DD-MON-RR HH.MI.SS.FF AM'),to_timestamp('1-JAN-00 12.00.00.000000000 AM','DD-MON-RR HH.MI.SS.FF AM'),null,0,null,null,null, '01-0-998870 7723');
Insert into KSSA_TRANSACTION_TYPE (TYPE,ID,SUB_CODE,CREATOR_ID,DESCRIPTION,EDITOR_ID,END_DATE,LAST_UPDATE,START_DATE,AUTH_TXT,CLEAR_PERIOD,REFUND_RULE,PRIORITY,DEF_ROLLUP_ID_FK, UNALLOCATED_GL_ACCOUNT) values ('C','finaid',1,'pheald','General Financial Aid Transaction',null,null,to_timestamp('1-JAN-00 12.00.00.000000000 AM','DD-MON-RR HH.MI.SS.FF AM'),to_timestamp('1-JAN-00 12.00.00.000000000 AM','DD-MON-RR HH.MI.SS.FF AM'),null,0,null,null,null, '01-0-998870 7723');
Insert into KSSA_TRANSACTION_TYPE (TYPE,ID,SUB_CODE,CREATOR_ID,DESCRIPTION,EDITOR_ID,END_DATE,LAST_UPDATE,START_DATE,AUTH_TXT,CLEAR_PERIOD,REFUND_RULE,PRIORITY,DEF_ROLLUP_ID_FK, UNALLOCATED_GL_ACCOUNT) values ('C','pp',1,'pheald','Paypal Transfer',null,null,to_timestamp('1-JAN-00 12.00.00.000000000 AM','DD-MON-RR HH.MI.SS.FF AM'),to_timestamp('1-JAN-00 12.00.00.000000000 AM','DD-MON-RR HH.MI.SS.FF AM'),'Please enter the paypal authorization number.',0,null,null,null, '01-0-998870 7723');
Insert into KSSA_TRANSACTION_TYPE (TYPE,ID,SUB_CODE,CREATOR_ID,DESCRIPTION,EDITOR_ID,END_DATE,LAST_UPDATE,START_DATE,AUTH_TXT,CLEAR_PERIOD,REFUND_RULE,PRIORITY,DEF_ROLLUP_ID_FK, UNALLOCATED_GL_ACCOUNT) values ('C','ach',1,'pheald','Electronic Funds Transfer (ACH)',null,null,to_timestamp('1-JAN-00 12.00.00.000000000 AM','DD-MON-RR HH.MI.SS.FF AM'),to_timestamp('1-JAN-00 12.00.00.000000000 AM','DD-MON-RR HH.MI.SS.FF AM'),'Please enter the ACH reference number',0,null,null,null, '01-0-998870 7723');
Insert into KSSA_TRANSACTION_TYPE (TYPE,ID,SUB_CODE,CREATOR_ID,DESCRIPTION,EDITOR_ID,END_DATE,LAST_UPDATE,START_DATE,AUTH_TXT,CLEAR_PERIOD,REFUND_RULE,PRIORITY,DEF_ROLLUP_ID_FK, UNALLOCATED_GL_ACCOUNT) values ('C','ccma',1,'pheald','Credit Card payment made by mail',null,null,to_timestamp('1-JAN-00 12.00.00.000000000 AM','DD-MON-RR HH.MI.SS.FF AM'),to_timestamp('1-JAN-00 12.00.00.000000000 AM','DD-MON-RR HH.MI.SS.FF AM'),'Please enter the autorization code from the credit card terminal.',10,null,null,null, '01-0-998870 7723');
Insert into KSSA_TRANSACTION_TYPE (TYPE,ID,SUB_CODE,CREATOR_ID,DESCRIPTION,EDITOR_ID,END_DATE,LAST_UPDATE,START_DATE,AUTH_TXT,CLEAR_PERIOD,REFUND_RULE,PRIORITY,DEF_ROLLUP_ID_FK, UNALLOCATED_GL_ACCOUNT) values ('C','chma',1,'pheald','Check payment made by mail',null,null,to_timestamp('1-JAN-00 12.00.00.000000000 AM','DD-MON-RR HH.MI.SS.FF AM'),to_timestamp('1-JAN-00 12.00.00.000000000 AM','DD-MON-RR HH.MI.SS.FF AM'),'Please enter the check number',10,null,null,null, '01-0-998870 7723');
Insert into KSSA_TRANSACTION_TYPE (TYPE,ID,SUB_CODE,CREATOR_ID,DESCRIPTION,EDITOR_ID,END_DATE,LAST_UPDATE,START_DATE,AUTH_TXT,CLEAR_PERIOD,REFUND_RULE,PRIORITY,DEF_ROLLUP_ID_FK, UNALLOCATED_GL_ACCOUNT) values ('C','chip',1,'pheald','Check payment made in person',null,null,to_timestamp('1-JAN-00 12.00.00.000000000 AM','DD-MON-RR HH.MI.SS.FF AM'),to_timestamp('1-JAN-00 12.00.00.000000000 AM','DD-MON-RR HH.MI.SS.FF AM'),'Please enter the check number',10,null,null,null, '01-0-998870 7723');
Insert into KSSA_TRANSACTION_TYPE (TYPE,ID,SUB_CODE,CREATOR_ID,DESCRIPTION,EDITOR_ID,END_DATE,LAST_UPDATE,START_DATE,AUTH_TXT,CLEAR_PERIOD,REFUND_RULE,PRIORITY,DEF_ROLLUP_ID_FK, UNALLOCATED_GL_ACCOUNT) values ('C','ccip',1,'pheald','Credit Card Payment made In Person',null,null,to_timestamp('1-JAN-00 12.00.00.000000000 AM','DD-MON-RR HH.MI.SS.FF AM'),to_timestamp('1-JAN-00 12.00.00.000000000 AM','DD-MON-RR HH.MI.SS.FF AM'),'Please enter the authorization code for the transaction from the credit card terminal.',10,null,null,null, '01-0-998870 7723');
Insert into KSSA_TRANSACTION_TYPE (TYPE,ID,SUB_CODE,CREATOR_ID,DESCRIPTION,EDITOR_ID,END_DATE,LAST_UPDATE,START_DATE,AUTH_TXT,CLEAR_PERIOD,REFUND_RULE,PRIORITY,DEF_ROLLUP_ID_FK, UNALLOCATED_GL_ACCOUNT) values ('C','ccol',1,'pheald','Credit Card Payment made Online',null,null,to_timestamp('1-JAN-00 12.00.00.000000000 AM','DD-MON-RR HH.MI.SS.FF AM'),to_timestamp('1-JAN-00 12.00.00.000000000 AM','DD-MON-RR HH.MI.SS.FF AM'),'Authorization code will be pre-filled by the system with the credit card authorization number.',10,null,null,null, '01-0-998870 7723');
Insert into KSSA_TRANSACTION_TYPE (TYPE,ID,SUB_CODE,CREATOR_ID,DESCRIPTION,EDITOR_ID,END_DATE,LAST_UPDATE,START_DATE,AUTH_TXT,CLEAR_PERIOD,REFUND_RULE,PRIORITY,DEF_ROLLUP_ID_FK, UNALLOCATED_GL_ACCOUNT) values ('C','cash',1,'pheald','Cash Payment',null,null,to_timestamp('1-JAN-00 12.00.00.000000000 AM','DD-MON-RR HH.MI.SS.FF AM'),to_timestamp('1-JAN-00 12.00.00.000000000 AM','DD-MON-RR HH.MI.SS.FF AM'),'No code requried for cash',0,null,null,null, '01-0-998870 7723');
Insert into KSSA_TRANSACTION_TYPE (TYPE,ID,SUB_CODE,CREATOR_ID,DESCRIPTION,EDITOR_ID,END_DATE,LAST_UPDATE,START_DATE,AUTH_TXT,CLEAR_PERIOD,REFUND_RULE,PRIORITY,DEF_ROLLUP_ID_FK) values ('D','1292',1,'pheald','MACQUARIE UNIVERSITY PAYMENT',null,null,to_timestamp('1-JAN-00 12.00.00.000000000 AM','DD-MON-RR HH.MI.SS.FF AM'),to_timestamp('1-JAN-00 12.00.00.000000000 AM','DD-MON-RR HH.MI.SS.FF AM'),null,null,null,1,3);
Insert into KSSA_TRANSACTION_TYPE (TYPE,ID,SUB_CODE,CREATOR_ID,DESCRIPTION,EDITOR_ID,END_DATE,LAST_UPDATE,START_DATE,AUTH_TXT,CLEAR_PERIOD,REFUND_RULE,PRIORITY,DEF_ROLLUP_ID_FK) values ('D','1293',1,'pheald','ACC INT''L ACAD COLLABORATION',null,null,to_timestamp('1-JAN-00 12.00.00.000000000 AM','DD-MON-RR HH.MI.SS.FF AM'),to_timestamp('1-JAN-00 12.00.00.000000000 AM','DD-MON-RR HH.MI.SS.FF AM'),null,null,null,1,3);
Insert into KSSA_TRANSACTION_TYPE (TYPE,ID,SUB_CODE,CREATOR_ID,DESCRIPTION,EDITOR_ID,END_DATE,LAST_UPDATE,START_DATE,AUTH_TXT,CLEAR_PERIOD,REFUND_RULE,PRIORITY,DEF_ROLLUP_ID_FK) values ('D','1294',1,'pheald','ACC INT''L ACAD COLLABOR PMT',null,null,to_timestamp('1-JAN-00 12.00.00.000000000 AM','DD-MON-RR HH.MI.SS.FF AM'),to_timestamp('1-JAN-00 12.00.00.000000000 AM','DD-MON-RR HH.MI.SS.FF AM'),null,null,null,1,3);
Insert into KSSA_TRANSACTION_TYPE (TYPE,ID,SUB_CODE,CREATOR_ID,DESCRIPTION,EDITOR_ID,END_DATE,LAST_UPDATE,START_DATE,AUTH_TXT,CLEAR_PERIOD,REFUND_RULE,PRIORITY,DEF_ROLLUP_ID_FK) values ('D','1295',1,'pheald','MEPP JOINT PRGM TUITION',null,null,to_timestamp('1-JAN-00 12.00.00.000000000 AM','DD-MON-RR HH.MI.SS.FF AM'),to_timestamp('1-JAN-00 12.00.00.000000000 AM','DD-MON-RR HH.MI.SS.FF AM'),null,null,null,1,3);
Insert into KSSA_TRANSACTION_TYPE (TYPE,ID,SUB_CODE,CREATOR_ID,DESCRIPTION,EDITOR_ID,END_DATE,LAST_UPDATE,START_DATE,AUTH_TXT,CLEAR_PERIOD,REFUND_RULE,PRIORITY,DEF_ROLLUP_ID_FK) values ('D','1296',1,'pheald','DANISH INST FOR STUDY ABROAD',null,null,to_timestamp('1-JAN-00 12.00.00.000000000 AM','DD-MON-RR HH.MI.SS.FF AM'),to_timestamp('1-JAN-00 12.00.00.000000000 AM','DD-MON-RR HH.MI.SS.FF AM'),null,null,null,1,3);
Insert into KSSA_TRANSACTION_TYPE (TYPE,ID,SUB_CODE,CREATOR_ID,DESCRIPTION,EDITOR_ID,END_DATE,LAST_UPDATE,START_DATE,AUTH_TXT,CLEAR_PERIOD,REFUND_RULE,PRIORITY,DEF_ROLLUP_ID_FK) values ('D','1297',1,'pheald','DANISH INST STUDY ABROAD PMT',null,null,to_timestamp('1-JAN-00 12.00.00.000000000 AM','DD-MON-RR HH.MI.SS.FF AM'),to_timestamp('1-JAN-00 12.00.00.000000000 AM','DD-MON-RR HH.MI.SS.FF AM'),null,null,null,1,3);
Insert into KSSA_TRANSACTION_TYPE (TYPE,ID,SUB_CODE,CREATOR_ID,DESCRIPTION,EDITOR_ID,END_DATE,LAST_UPDATE,START_DATE,AUTH_TXT,CLEAR_PERIOD,REFUND_RULE,PRIORITY,DEF_ROLLUP_ID_FK) values ('D','debit1',1,'pheald','MARYLAND IN BARCELONA',null,null,to_timestamp('1-JAN-00 12.00.00.000000000 AM','DD-MON-RR HH.MI.SS.FF AM'),to_timestamp('1-JAN-00 12.00.00.000000000 AM','DD-MON-RR HH.MI.SS.FF AM'),null,null,null,1,3);
Insert into KSSA_TRANSACTION_TYPE (TYPE,ID,SUB_CODE,CREATOR_ID,DESCRIPTION,EDITOR_ID,END_DATE,LAST_UPDATE,START_DATE,AUTH_TXT,CLEAR_PERIOD,REFUND_RULE,PRIORITY,DEF_ROLLUP_ID_FK) values ('D','1299',1,'pheald','MARYLAND IN BARCELONA PAYMENT',null,null,to_timestamp('1-JAN-00 12.00.00.000000000 AM','DD-MON-RR HH.MI.SS.FF AM'),to_timestamp('1-JAN-00 12.00.00.000000000 AM','DD-MON-RR HH.MI.SS.FF AM'),null,null,null,1,3);
Insert into KSSA_TRANSACTION_TYPE (TYPE,ID,SUB_CODE,CREATOR_ID,DESCRIPTION,EDITOR_ID,END_DATE,LAST_UPDATE,START_DATE,AUTH_TXT,CLEAR_PERIOD,REFUND_RULE,PRIORITY,DEF_ROLLUP_ID_FK) values ('D','1301',1,'pheald','ENPM TUITION',null,null,to_timestamp('1-JAN-00 12.00.00.000000000 AM','DD-MON-RR HH.MI.SS.FF AM'),to_timestamp('1-JAN-00 12.00.00.000000000 AM','DD-MON-RR HH.MI.SS.FF AM'),null,null,null,1,3);
Insert into KSSA_TRANSACTION_TYPE (TYPE,ID,SUB_CODE,CREATOR_ID,DESCRIPTION,EDITOR_ID,END_DATE,LAST_UPDATE,START_DATE,AUTH_TXT,CLEAR_PERIOD,REFUND_RULE,PRIORITY,DEF_ROLLUP_ID_FK) values ('D','1302',1,'pheald','GCEN TUITION',null,null,to_timestamp('1-JAN-00 12.00.00.000000000 AM','DD-MON-RR HH.MI.SS.FF AM'),to_timestamp('1-JAN-00 12.00.00.000000000 AM','DD-MON-RR HH.MI.SS.FF AM'),null,null,null,1,3);
Insert into KSSA_TRANSACTION_TYPE (TYPE,ID,SUB_CODE,CREATOR_ID,DESCRIPTION,EDITOR_ID,END_DATE,LAST_UPDATE,START_DATE,AUTH_TXT,CLEAR_PERIOD,REFUND_RULE,PRIORITY,DEF_ROLLUP_ID_FK) values ('D','1303',1,'pheald','LIFE SCIENCE TUITION',null,null,to_timestamp('1-JAN-00 12.00.00.000000000 AM','DD-MON-RR HH.MI.SS.FF AM'),to_timestamp('1-JAN-00 12.00.00.000000000 AM','DD-MON-RR HH.MI.SS.FF AM'),null,null,null,1,3);
Insert into KSSA_TRANSACTION_TYPE (TYPE,ID,SUB_CODE,CREATOR_ID,DESCRIPTION,EDITOR_ID,END_DATE,LAST_UPDATE,START_DATE,AUTH_TXT,CLEAR_PERIOD,REFUND_RULE,PRIORITY,DEF_ROLLUP_ID_FK) values ('D','1304',1,'pheald','LIFE SCIENCE TUITION',null,null,to_timestamp('1-JAN-00 12.00.00.000000000 AM','DD-MON-RR HH.MI.SS.FF AM'),to_timestamp('1-JAN-00 12.00.00.000000000 AM','DD-MON-RR HH.MI.SS.FF AM'),null,null,null,1,3);
Insert into KSSA_TRANSACTION_TYPE (TYPE,ID,SUB_CODE,CREATOR_ID,DESCRIPTION,EDITOR_ID,END_DATE,LAST_UPDATE,START_DATE,AUTH_TXT,CLEAR_PERIOD,REFUND_RULE,PRIORITY,DEF_ROLLUP_ID_FK) values ('D','1305',1,'pheald','LIFE SCIENCE TUITION',null,null,to_timestamp('1-JAN-00 12.00.00.000000000 AM','DD-MON-RR HH.MI.SS.FF AM'),to_timestamp('1-JAN-00 12.00.00.000000000 AM','DD-MON-RR HH.MI.SS.FF AM'),null,null,null,1,3);
Insert into KSSA_TRANSACTION_TYPE (TYPE,ID,SUB_CODE,CREATOR_ID,DESCRIPTION,EDITOR_ID,END_DATE,LAST_UPDATE,START_DATE,AUTH_TXT,CLEAR_PERIOD,REFUND_RULE,PRIORITY,DEF_ROLLUP_ID_FK) values ('D','1306',1,'pheald','LIFE SCIENCE TUITION',null,null,to_timestamp('1-JAN-00 12.00.00.000000000 AM','DD-MON-RR HH.MI.SS.FF AM'),to_timestamp('1-JAN-00 12.00.00.000000000 AM','DD-MON-RR HH.MI.SS.FF AM'),null,null,null,1,3);
Insert into KSSA_TRANSACTION_TYPE (TYPE,ID,SUB_CODE,CREATOR_ID,DESCRIPTION,EDITOR_ID,END_DATE,LAST_UPDATE,START_DATE,AUTH_TXT,CLEAR_PERIOD,REFUND_RULE,PRIORITY,DEF_ROLLUP_ID_FK) values ('D','1307',1,'pheald','MARYLAND IN LEIDEN',null,null,to_timestamp('1-JAN-00 12.00.00.000000000 AM','DD-MON-RR HH.MI.SS.FF AM'),to_timestamp('1-JAN-00 12.00.00.000000000 AM','DD-MON-RR HH.MI.SS.FF AM'),null,null,null,1,3);
Insert into KSSA_TRANSACTION_TYPE (TYPE,ID,SUB_CODE,CREATOR_ID,DESCRIPTION,EDITOR_ID,END_DATE,LAST_UPDATE,START_DATE,AUTH_TXT,CLEAR_PERIOD,REFUND_RULE,PRIORITY,DEF_ROLLUP_ID_FK) values ('D','1308',1,'pheald','MARYLAND IN LEIDEN PAYMENT',null,null,to_timestamp('1-JAN-00 12.00.00.000000000 AM','DD-MON-RR HH.MI.SS.FF AM'),to_timestamp('1-JAN-00 12.00.00.000000000 AM','DD-MON-RR HH.MI.SS.FF AM'),null,null,null,1,3);
Insert into KSSA_TRANSACTION_TYPE (TYPE,ID,SUB_CODE,CREATOR_ID,DESCRIPTION,EDITOR_ID,END_DATE,LAST_UPDATE,START_DATE,AUTH_TXT,CLEAR_PERIOD,REFUND_RULE,PRIORITY,DEF_ROLLUP_ID_FK) values ('D','1309',1,'pheald','MD EDUCATION ABROAD SCHOLAR',null,null,to_timestamp('1-JAN-00 12.00.00.000000000 AM','DD-MON-RR HH.MI.SS.FF AM'),to_timestamp('1-JAN-00 12.00.00.000000000 AM','DD-MON-RR HH.MI.SS.FF AM'),null,null,null,1,3);
Insert into KSSA_TRANSACTION_TYPE (TYPE,ID,SUB_CODE,CREATOR_ID,DESCRIPTION,EDITOR_ID,END_DATE,LAST_UPDATE,START_DATE,AUTH_TXT,CLEAR_PERIOD,REFUND_RULE,PRIORITY,DEF_ROLLUP_ID_FK) values ('D','1310',1,'pheald','MD EDUC ABR SCHOLARSHIP PMT',null,null,to_timestamp('1-JAN-00 12.00.00.000000000 AM','DD-MON-RR HH.MI.SS.FF AM'),to_timestamp('1-JAN-00 12.00.00.000000000 AM','DD-MON-RR HH.MI.SS.FF AM'),null,null,null,1,3);
Insert into KSSA_TRANSACTION_TYPE (TYPE,ID,SUB_CODE,CREATOR_ID,DESCRIPTION,EDITOR_ID,END_DATE,LAST_UPDATE,START_DATE,AUTH_TXT,CLEAR_PERIOD,REFUND_RULE,PRIORITY,DEF_ROLLUP_ID_FK) values ('D','1311',1,'pheald','UNIV STUDIES ABROAD CONSORTIUM',null,null,to_timestamp('1-JAN-00 12.00.00.000000000 AM','DD-MON-RR HH.MI.SS.FF AM'),to_timestamp('1-JAN-00 12.00.00.000000000 AM','DD-MON-RR HH.MI.SS.FF AM'),null,null,null,1,3);
Insert into KSSA_TRANSACTION_TYPE (TYPE,ID,SUB_CODE,CREATOR_ID,DESCRIPTION,EDITOR_ID,END_DATE,LAST_UPDATE,START_DATE,AUTH_TXT,CLEAR_PERIOD,REFUND_RULE,PRIORITY,DEF_ROLLUP_ID_FK) values ('D','1312',1,'pheald','UNIV STY ABROAD CONSORTIUM PMT',null,null,to_timestamp('1-JAN-00 12.00.00.000000000 AM','DD-MON-RR HH.MI.SS.FF AM'),to_timestamp('1-JAN-00 12.00.00.000000000 AM','DD-MON-RR HH.MI.SS.FF AM'),null,null,null,1,3);
Insert into KSSA_TRANSACTION_TYPE (TYPE,ID,SUB_CODE,CREATOR_ID,DESCRIPTION,EDITOR_ID,END_DATE,LAST_UPDATE,START_DATE,AUTH_TXT,CLEAR_PERIOD,REFUND_RULE,PRIORITY,DEF_ROLLUP_ID_FK) values ('D','1313',1,'pheald','EDUCATION ABROAD EVENTS',null,null,to_timestamp('1-JAN-00 12.00.00.000000000 AM','DD-MON-RR HH.MI.SS.FF AM'),to_timestamp('1-JAN-00 12.00.00.000000000 AM','DD-MON-RR HH.MI.SS.FF AM'),null,null,null,1,3);
Insert into KSSA_TRANSACTION_TYPE (TYPE,ID,SUB_CODE,CREATOR_ID,DESCRIPTION,EDITOR_ID,END_DATE,LAST_UPDATE,START_DATE,AUTH_TXT,CLEAR_PERIOD,REFUND_RULE,PRIORITY,DEF_ROLLUP_ID_FK) values ('D','1314',1,'pheald','EDUCATION ABROAD EVENTS PMT',null,null,to_timestamp('1-JAN-00 12.00.00.000000000 AM','DD-MON-RR HH.MI.SS.FF AM'),to_timestamp('1-JAN-00 12.00.00.000000000 AM','DD-MON-RR HH.MI.SS.FF AM'),null,null,null,1,3);
Insert into KSSA_TRANSACTION_TYPE (TYPE,ID,SUB_CODE,CREATOR_ID,DESCRIPTION,EDITOR_ID,END_DATE,LAST_UPDATE,START_DATE,AUTH_TXT,CLEAR_PERIOD,REFUND_RULE,PRIORITY,DEF_ROLLUP_ID_FK) values ('D','1315',1,'pheald','EDUCATION ABROAD ADMINISTRTION',null,null,to_timestamp('1-JAN-00 12.00.00.000000000 AM','DD-MON-RR HH.MI.SS.FF AM'),to_timestamp('1-JAN-00 12.00.00.000000000 AM','DD-MON-RR HH.MI.SS.FF AM'),null,null,null,1,3);
Insert into KSSA_TRANSACTION_TYPE (TYPE,ID,SUB_CODE,CREATOR_ID,DESCRIPTION,EDITOR_ID,END_DATE,LAST_UPDATE,START_DATE,AUTH_TXT,CLEAR_PERIOD,REFUND_RULE,PRIORITY,DEF_ROLLUP_ID_FK) values ('D','1316',1,'pheald','EDUCATION ABROAD ADMIN PMT',null,null,to_timestamp('1-JAN-00 12.00.00.000000000 AM','DD-MON-RR HH.MI.SS.FF AM'),to_timestamp('1-JAN-00 12.00.00.000000000 AM','DD-MON-RR HH.MI.SS.FF AM'),null,null,null,1,3);
Insert into KSSA_TRANSACTION_TYPE (TYPE,ID,SUB_CODE,CREATOR_ID,DESCRIPTION,EDITOR_ID,END_DATE,LAST_UPDATE,START_DATE,AUTH_TXT,CLEAR_PERIOD,REFUND_RULE,PRIORITY,DEF_ROLLUP_ID_FK) values ('D','1317',1,'pheald','EMERGENCY FUNDS',null,null,to_timestamp('1-JAN-00 12.00.00.000000000 AM','DD-MON-RR HH.MI.SS.FF AM'),to_timestamp('1-JAN-00 12.00.00.000000000 AM','DD-MON-RR HH.MI.SS.FF AM'),null,null,null,1,3);
Insert into KSSA_TRANSACTION_TYPE (TYPE,ID,SUB_CODE,CREATOR_ID,DESCRIPTION,EDITOR_ID,END_DATE,LAST_UPDATE,START_DATE,AUTH_TXT,CLEAR_PERIOD,REFUND_RULE,PRIORITY,DEF_ROLLUP_ID_FK) values ('D','1318',1,'pheald','EMERGENCY FUNDS PAYMENT',null,null,to_timestamp('1-JAN-00 12.00.00.000000000 AM','DD-MON-RR HH.MI.SS.FF AM'),to_timestamp('1-JAN-00 12.00.00.000000000 AM','DD-MON-RR HH.MI.SS.FF AM'),null,null,null,1,3);
Insert into KSSA_TRANSACTION_TYPE (TYPE,ID,SUB_CODE,CREATOR_ID,DESCRIPTION,EDITOR_ID,END_DATE,LAST_UPDATE,START_DATE,AUTH_TXT,CLEAR_PERIOD,REFUND_RULE,PRIORITY,DEF_ROLLUP_ID_FK) values ('D','1350',1,'pheald','BIOSPHERE 2 TUITION',null,null,to_timestamp('1-JAN-00 12.00.00.000000000 AM','DD-MON-RR HH.MI.SS.FF AM'),to_timestamp('1-JAN-00 12.00.00.000000000 AM','DD-MON-RR HH.MI.SS.FF AM'),null,null,null,1,3);
Insert into KSSA_TRANSACTION_TYPE (TYPE,ID,SUB_CODE,CREATOR_ID,DESCRIPTION,EDITOR_ID,END_DATE,LAST_UPDATE,START_DATE,AUTH_TXT,CLEAR_PERIOD,REFUND_RULE,PRIORITY,DEF_ROLLUP_ID_FK) values ('D','1351',1,'pheald','AUSTRALIA TRAVEL-STUDY 2010',null,null,to_timestamp('1-JAN-00 12.00.00.000000000 AM','DD-MON-RR HH.MI.SS.FF AM'),to_timestamp('1-JAN-00 12.00.00.000000000 AM','DD-MON-RR HH.MI.SS.FF AM'),null,null,null,1,3);
Insert into KSSA_TRANSACTION_TYPE (TYPE,ID,SUB_CODE,CREATOR_ID,DESCRIPTION,EDITOR_ID,END_DATE,LAST_UPDATE,START_DATE,AUTH_TXT,CLEAR_PERIOD,REFUND_RULE,PRIORITY,DEF_ROLLUP_ID_FK) values ('D','1352',1,'pheald','WINTER TERM',null,null,to_timestamp('1-JAN-00 12.00.00.000000000 AM','DD-MON-RR HH.MI.SS.FF AM'),to_timestamp('1-JAN-00 12.00.00.000000000 AM','DD-MON-RR HH.MI.SS.FF AM'),null,null,null,1,3);
Insert into KSSA_TRANSACTION_TYPE (TYPE,ID,SUB_CODE,CREATOR_ID,DESCRIPTION,EDITOR_ID,END_DATE,LAST_UPDATE,START_DATE,AUTH_TXT,CLEAR_PERIOD,REFUND_RULE,PRIORITY,DEF_ROLLUP_ID_FK) values ('D','1353',1,'pheald','WINTER TERM PAYMENT',null,null,to_timestamp('1-JAN-00 12.00.00.000000000 AM','DD-MON-RR HH.MI.SS.FF AM'),to_timestamp('1-JAN-00 12.00.00.000000000 AM','DD-MON-RR HH.MI.SS.FF AM'),null,null,null,1,3);
Insert into KSSA_TRANSACTION_TYPE (TYPE,ID,SUB_CODE,CREATOR_ID,DESCRIPTION,EDITOR_ID,END_DATE,LAST_UPDATE,START_DATE,AUTH_TXT,CLEAR_PERIOD,REFUND_RULE,PRIORITY,DEF_ROLLUP_ID_FK) values ('D','1354',1,'pheald','SPRING SHORT-TERM',null,null,to_timestamp('1-JAN-00 12.00.00.000000000 AM','DD-MON-RR HH.MI.SS.FF AM'),to_timestamp('1-JAN-00 12.00.00.000000000 AM','DD-MON-RR HH.MI.SS.FF AM'),null,null,null,1,3);
Insert into KSSA_TRANSACTION_TYPE (TYPE,ID,SUB_CODE,CREATOR_ID,DESCRIPTION,EDITOR_ID,END_DATE,LAST_UPDATE,START_DATE,AUTH_TXT,CLEAR_PERIOD,REFUND_RULE,PRIORITY,DEF_ROLLUP_ID_FK) values ('D','1355',1,'pheald','SPRING SHORT-TERM PAYMENT',null,null,to_timestamp('1-JAN-00 12.00.00.000000000 AM','DD-MON-RR HH.MI.SS.FF AM'),to_timestamp('1-JAN-00 12.00.00.000000000 AM','DD-MON-RR HH.MI.SS.FF AM'),null,null,null,1,3);
Insert into KSSA_TRANSACTION_TYPE (TYPE,ID,SUB_CODE,CREATOR_ID,DESCRIPTION,EDITOR_ID,END_DATE,LAST_UPDATE,START_DATE,AUTH_TXT,CLEAR_PERIOD,REFUND_RULE,PRIORITY,DEF_ROLLUP_ID_FK) values ('D','1356',1,'pheald','SUMMER TERM',null,null,to_timestamp('1-JAN-00 12.00.00.000000000 AM','DD-MON-RR HH.MI.SS.FF AM'),to_timestamp('1-JAN-00 12.00.00.000000000 AM','DD-MON-RR HH.MI.SS.FF AM'),null,null,null,1,3);
Insert into KSSA_TRANSACTION_TYPE (TYPE,ID,SUB_CODE,CREATOR_ID,DESCRIPTION,EDITOR_ID,END_DATE,LAST_UPDATE,START_DATE,AUTH_TXT,CLEAR_PERIOD,REFUND_RULE,PRIORITY,DEF_ROLLUP_ID_FK) values ('D','1357',1,'pheald','SUMMER TERM PAYMENT',null,null,to_timestamp('1-JAN-00 12.00.00.000000000 AM','DD-MON-RR HH.MI.SS.FF AM'),to_timestamp('1-JAN-00 12.00.00.000000000 AM','DD-MON-RR HH.MI.SS.FF AM'),null,null,null,1,3);
Insert into KSSA_TRANSACTION_TYPE (TYPE,ID,SUB_CODE,CREATOR_ID,DESCRIPTION,EDITOR_ID,END_DATE,LAST_UPDATE,START_DATE,AUTH_TXT,CLEAR_PERIOD,REFUND_RULE,PRIORITY,DEF_ROLLUP_ID_FK) values ('D','1358',1,'pheald','FRESHMAN ABR DESTN LONDON',null,null,to_timestamp('1-JAN-00 12.00.00.000000000 AM','DD-MON-RR HH.MI.SS.FF AM'),to_timestamp('1-JAN-00 12.00.00.000000000 AM','DD-MON-RR HH.MI.SS.FF AM'),null,null,null,1,3);
Insert into KSSA_TRANSACTION_TYPE (TYPE,ID,SUB_CODE,CREATOR_ID,DESCRIPTION,EDITOR_ID,END_DATE,LAST_UPDATE,START_DATE,AUTH_TXT,CLEAR_PERIOD,REFUND_RULE,PRIORITY,DEF_ROLLUP_ID_FK) values ('D','1359',1,'pheald','FRESHMAN ABR DESTN LONDON PMT',null,null,to_timestamp('1-JAN-00 12.00.00.000000000 AM','DD-MON-RR HH.MI.SS.FF AM'),to_timestamp('1-JAN-00 12.00.00.000000000 AM','DD-MON-RR HH.MI.SS.FF AM'),null,null,null,1,3);
Insert into KSSA_TRANSACTION_TYPE (TYPE,ID,SUB_CODE,CREATOR_ID,DESCRIPTION,EDITOR_ID,END_DATE,LAST_UPDATE,START_DATE,AUTH_TXT,CLEAR_PERIOD,REFUND_RULE,PRIORITY,DEF_ROLLUP_ID_FK) values ('D','1400',1,'pheald','TITLE IV TUITION ADJUSTMENT',null,null,to_timestamp('1-JAN-00 12.00.00.000000000 AM','DD-MON-RR HH.MI.SS.FF AM'),to_timestamp('1-JAN-00 12.00.00.000000000 AM','DD-MON-RR HH.MI.SS.FF AM'),null,null,null,1,3);
Insert into KSSA_TRANSACTION_TYPE (TYPE,ID,SUB_CODE,CREATOR_ID,DESCRIPTION,EDITOR_ID,END_DATE,LAST_UPDATE,START_DATE,AUTH_TXT,CLEAR_PERIOD,REFUND_RULE,PRIORITY,DEF_ROLLUP_ID_FK) values ('D','1401',1,'pheald','TITLE IV TUITION ADJUSTMENT',null,null,to_timestamp('1-JAN-00 12.00.00.000000000 AM','DD-MON-RR HH.MI.SS.FF AM'),to_timestamp('1-JAN-00 12.00.00.000000000 AM','DD-MON-RR HH.MI.SS.FF AM'),null,null,null,1,3);
Insert into KSSA_TRANSACTION_TYPE (TYPE,ID,SUB_CODE,CREATOR_ID,DESCRIPTION,EDITOR_ID,END_DATE,LAST_UPDATE,START_DATE,AUTH_TXT,CLEAR_PERIOD,REFUND_RULE,PRIORITY,DEF_ROLLUP_ID_FK) values ('D','1402',1,'pheald','TITLE IV TUITION ADJUSTMENT',null,null,to_timestamp('1-JAN-00 12.00.00.000000000 AM','DD-MON-RR HH.MI.SS.FF AM'),to_timestamp('1-JAN-00 12.00.00.000000000 AM','DD-MON-RR HH.MI.SS.FF AM'),null,null,null,1,3);
Insert into KSSA_TRANSACTION_TYPE (TYPE,ID,SUB_CODE,CREATOR_ID,DESCRIPTION,EDITOR_ID,END_DATE,LAST_UPDATE,START_DATE,AUTH_TXT,CLEAR_PERIOD,REFUND_RULE,PRIORITY,DEF_ROLLUP_ID_FK) values ('D','1403',1,'pheald','TITLE IV TUITION ADJUSTMENT',null,null,to_timestamp('1-JAN-00 12.00.00.000000000 AM','DD-MON-RR HH.MI.SS.FF AM'),to_timestamp('1-JAN-00 12.00.00.000000000 AM','DD-MON-RR HH.MI.SS.FF AM'),null,null,null,1,3);
Insert into KSSA_TRANSACTION_TYPE (TYPE,ID,SUB_CODE,CREATOR_ID,DESCRIPTION,EDITOR_ID,END_DATE,LAST_UPDATE,START_DATE,AUTH_TXT,CLEAR_PERIOD,REFUND_RULE,PRIORITY,DEF_ROLLUP_ID_FK) values ('D','1404',1,'pheald','TITLE IV TUITION ADJUSTMENT',null,null,to_timestamp('1-JAN-00 12.00.00.000000000 AM','DD-MON-RR HH.MI.SS.FF AM'),to_timestamp('1-JAN-00 12.00.00.000000000 AM','DD-MON-RR HH.MI.SS.FF AM'),null,null,null,1,3);
Insert into KSSA_TRANSACTION_TYPE (TYPE,ID,SUB_CODE,CREATOR_ID,DESCRIPTION,EDITOR_ID,END_DATE,LAST_UPDATE,START_DATE,AUTH_TXT,CLEAR_PERIOD,REFUND_RULE,PRIORITY,DEF_ROLLUP_ID_FK) values ('D','1420',1,'pheald','SPHL GLOBALHEALTHCERTIFICATE',null,null,to_timestamp('1-JAN-00 12.00.00.000000000 AM','DD-MON-RR HH.MI.SS.FF AM'),to_timestamp('1-JAN-00 12.00.00.000000000 AM','DD-MON-RR HH.MI.SS.FF AM'),null,null,null,1,3);
Insert into KSSA_TRANSACTION_TYPE (TYPE,ID,SUB_CODE,CREATOR_ID,DESCRIPTION,EDITOR_ID,END_DATE,LAST_UPDATE,START_DATE,AUTH_TXT,CLEAR_PERIOD,REFUND_RULE,PRIORITY,DEF_ROLLUP_ID_FK) values ('D','1495',1,'pheald','RHS GRAD FEE',null,null,to_timestamp('1-JAN-00 12.00.00.000000000 AM','DD-MON-RR HH.MI.SS.FF AM'),to_timestamp('1-JAN-00 12.00.00.000000000 AM','DD-MON-RR HH.MI.SS.FF AM'),null,null,null,1,3);
Insert into KSSA_TRANSACTION_TYPE (TYPE,ID,SUB_CODE,CREATOR_ID,DESCRIPTION,EDITOR_ID,END_DATE,LAST_UPDATE,START_DATE,AUTH_TXT,CLEAR_PERIOD,REFUND_RULE,PRIORITY,DEF_ROLLUP_ID_FK) values ('D','1496',1,'pheald','MASTERS REAL ESTATE DEV TUIT',null,null,to_timestamp('1-JAN-00 12.00.00.000000000 AM','DD-MON-RR HH.MI.SS.FF AM'),to_timestamp('1-JAN-00 12.00.00.000000000 AM','DD-MON-RR HH.MI.SS.FF AM'),null,null,null,1,3);
Insert into KSSA_TRANSACTION_TYPE (TYPE,ID,SUB_CODE,CREATOR_ID,DESCRIPTION,EDITOR_ID,END_DATE,LAST_UPDATE,START_DATE,AUTH_TXT,CLEAR_PERIOD,REFUND_RULE,PRIORITY,DEF_ROLLUP_ID_FK) values ('D','1497',1,'pheald','MAIT TUITION',null,null,to_timestamp('1-JAN-00 12.00.00.000000000 AM','DD-MON-RR HH.MI.SS.FF AM'),to_timestamp('1-JAN-00 12.00.00.000000000 AM','DD-MON-RR HH.MI.SS.FF AM'),null,null,null,1,3);
Insert into KSSA_TRANSACTION_TYPE (TYPE,ID,SUB_CODE,CREATOR_ID,DESCRIPTION,EDITOR_ID,END_DATE,LAST_UPDATE,START_DATE,AUTH_TXT,CLEAR_PERIOD,REFUND_RULE,PRIORITY,DEF_ROLLUP_ID_FK) values ('D','1498',1,'pheald','MILITARY REAL ESTATE DEV TUIT',null,null,to_timestamp('1-JAN-00 12.00.00.000000000 AM','DD-MON-RR HH.MI.SS.FF AM'),to_timestamp('1-JAN-00 12.00.00.000000000 AM','DD-MON-RR HH.MI.SS.FF AM'),null,null,null,1,3);
Insert into KSSA_TRANSACTION_TYPE (TYPE,ID,SUB_CODE,CREATOR_ID,DESCRIPTION,EDITOR_ID,END_DATE,LAST_UPDATE,START_DATE,AUTH_TXT,CLEAR_PERIOD,REFUND_RULE,PRIORITY,DEF_ROLLUP_ID_FK) values ('D','1499',1,'pheald','SCHOOL OF ARCHITECTURE',null,null,to_timestamp('1-JAN-00 12.00.00.000000000 AM','DD-MON-RR HH.MI.SS.FF AM'),to_timestamp('1-JAN-00 12.00.00.000000000 AM','DD-MON-RR HH.MI.SS.FF AM'),null,null,null,1,3);
Insert into KSSA_TRANSACTION_TYPE (TYPE,ID,SUB_CODE,CREATOR_ID,DESCRIPTION,EDITOR_ID,END_DATE,LAST_UPDATE,START_DATE,AUTH_TXT,CLEAR_PERIOD,REFUND_RULE,PRIORITY,DEF_ROLLUP_ID_FK) values ('D','1500',1,'pheald','RHS GRAD FEE',null,null,to_timestamp('1-JAN-00 12.00.00.000000000 AM','DD-MON-RR HH.MI.SS.FF AM'),to_timestamp('1-JAN-00 12.00.00.000000000 AM','DD-MON-RR HH.MI.SS.FF AM'),null,null,null,1,3);
Insert into KSSA_TRANSACTION_TYPE (TYPE,ID,SUB_CODE,CREATOR_ID,DESCRIPTION,EDITOR_ID,END_DATE,LAST_UPDATE,START_DATE,AUTH_TXT,CLEAR_PERIOD,REFUND_RULE,PRIORITY,DEF_ROLLUP_ID_FK) values ('D','1501',1,'pheald','ARCHITECTURE STUDIO FEE',null,null,to_timestamp('1-JAN-00 12.00.00.000000000 AM','DD-MON-RR HH.MI.SS.FF AM'),to_timestamp('1-JAN-00 12.00.00.000000000 AM','DD-MON-RR HH.MI.SS.FF AM'),null,null,null,1,3);
Insert into KSSA_TRANSACTION_TYPE (TYPE,ID,SUB_CODE,CREATOR_ID,DESCRIPTION,EDITOR_ID,END_DATE,LAST_UPDATE,START_DATE,AUTH_TXT,CLEAR_PERIOD,REFUND_RULE,PRIORITY,DEF_ROLLUP_ID_FK) values ('D','1502',1,'pheald','SPECIAL MATH FEE',null,null,to_timestamp('1-JAN-00 12.00.00.000000000 AM','DD-MON-RR HH.MI.SS.FF AM'),to_timestamp('1-JAN-00 12.00.00.000000000 AM','DD-MON-RR HH.MI.SS.FF AM'),null,null,null,1,3);
Insert into KSSA_TRANSACTION_TYPE (TYPE,ID,SUB_CODE,CREATOR_ID,DESCRIPTION,EDITOR_ID,END_DATE,LAST_UPDATE,START_DATE,AUTH_TXT,CLEAR_PERIOD,REFUND_RULE,PRIORITY,DEF_ROLLUP_ID_FK) values ('D','1503',1,'pheald','LABORATORY MATERIALS FEE',null,null,to_timestamp('1-JAN-00 12.00.00.000000000 AM','DD-MON-RR HH.MI.SS.FF AM'),to_timestamp('1-JAN-00 12.00.00.000000000 AM','DD-MON-RR HH.MI.SS.FF AM'),null,null,null,1,3);
Insert into KSSA_TRANSACTION_TYPE (TYPE,ID,SUB_CODE,CREATOR_ID,DESCRIPTION,EDITOR_ID,END_DATE,LAST_UPDATE,START_DATE,AUTH_TXT,CLEAR_PERIOD,REFUND_RULE,PRIORITY,DEF_ROLLUP_ID_FK) values ('D','1504',1,'pheald','STUDENT TEACHING LAB FEES',null,null,to_timestamp('1-JAN-00 12.00.00.000000000 AM','DD-MON-RR HH.MI.SS.FF AM'),to_timestamp('1-JAN-00 12.00.00.000000000 AM','DD-MON-RR HH.MI.SS.FF AM'),null,null,null,1,3);
Insert into KSSA_TRANSACTION_TYPE (TYPE,ID,SUB_CODE,CREATOR_ID,DESCRIPTION,EDITOR_ID,END_DATE,LAST_UPDATE,START_DATE,AUTH_TXT,CLEAR_PERIOD,REFUND_RULE,PRIORITY,DEF_ROLLUP_ID_FK) values ('D','1505',1,'pheald','APPLIED MUSIC FEE',null,null,to_timestamp('1-JAN-00 12.00.00.000000000 AM','DD-MON-RR HH.MI.SS.FF AM'),to_timestamp('1-JAN-00 12.00.00.000000000 AM','DD-MON-RR HH.MI.SS.FF AM'),null,null,null,1,3);
Insert into KSSA_TRANSACTION_TYPE (TYPE,ID,SUB_CODE,CREATOR_ID,DESCRIPTION,EDITOR_ID,END_DATE,LAST_UPDATE,START_DATE,AUTH_TXT,CLEAR_PERIOD,REFUND_RULE,PRIORITY,DEF_ROLLUP_ID_FK) values ('D','1506',1,'pheald','SPECIAL CHEMISTRY FEE',null,null,to_timestamp('1-JAN-00 12.00.00.000000000 AM','DD-MON-RR HH.MI.SS.FF AM'),to_timestamp('1-JAN-00 12.00.00.000000000 AM','DD-MON-RR HH.MI.SS.FF AM'),null,null,null,1,3);
Insert into KSSA_TRANSACTION_TYPE (TYPE,ID,SUB_CODE,CREATOR_ID,DESCRIPTION,EDITOR_ID,END_DATE,LAST_UPDATE,START_DATE,AUTH_TXT,CLEAR_PERIOD,REFUND_RULE,PRIORITY,DEF_ROLLUP_ID_FK) values ('D','1507',1,'pheald','ANTHROPOLOGY LAB FEE',null,null,to_timestamp('1-JAN-00 12.00.00.000000000 AM','DD-MON-RR HH.MI.SS.FF AM'),to_timestamp('1-JAN-00 12.00.00.000000000 AM','DD-MON-RR HH.MI.SS.FF AM'),null,null,null,1,3);
Insert into KSSA_TRANSACTION_TYPE (TYPE,ID,SUB_CODE,CREATOR_ID,DESCRIPTION,EDITOR_ID,END_DATE,LAST_UPDATE,START_DATE,AUTH_TXT,CLEAR_PERIOD,REFUND_RULE,PRIORITY,DEF_ROLLUP_ID_FK) values ('D','1508',1,'pheald','CO-OP EDUCATION PROGRAM',null,null,to_timestamp('1-JAN-00 12.00.00.000000000 AM','DD-MON-RR HH.MI.SS.FF AM'),to_timestamp('1-JAN-00 12.00.00.000000000 AM','DD-MON-RR HH.MI.SS.FF AM'),null,null,null,1,3);
Insert into KSSA_TRANSACTION_TYPE (TYPE,ID,SUB_CODE,CREATOR_ID,DESCRIPTION,EDITOR_ID,END_DATE,LAST_UPDATE,START_DATE,AUTH_TXT,CLEAR_PERIOD,REFUND_RULE,PRIORITY,DEF_ROLLUP_ID_FK) values ('D','1509',1,'pheald','TECHNOLOGY FEE',null,null,to_timestamp('1-JAN-00 12.00.00.000000000 AM','DD-MON-RR HH.MI.SS.FF AM'),to_timestamp('1-JAN-00 12.00.00.000000000 AM','DD-MON-RR HH.MI.SS.FF AM'),null,null,null,4,3);
Insert into KSSA_TRANSACTION_TYPE (TYPE,ID,SUB_CODE,CREATOR_ID,DESCRIPTION,EDITOR_ID,END_DATE,LAST_UPDATE,START_DATE,AUTH_TXT,CLEAR_PERIOD,REFUND_RULE,PRIORITY,DEF_ROLLUP_ID_FK) values ('D','1510',1,'pheald','ENGINEERING CO-OP EDUCATION',null,null,to_timestamp('1-JAN-00 12.00.00.000000000 AM','DD-MON-RR HH.MI.SS.FF AM'),to_timestamp('1-JAN-00 12.00.00.000000000 AM','DD-MON-RR HH.MI.SS.FF AM'),null,null,null,1,3);
Insert into KSSA_TRANSACTION_TYPE (TYPE,ID,SUB_CODE,CREATOR_ID,DESCRIPTION,EDITOR_ID,END_DATE,LAST_UPDATE,START_DATE,AUTH_TXT,CLEAR_PERIOD,REFUND_RULE,PRIORITY,DEF_ROLLUP_ID_FK) values ('D','1511',1,'pheald','TECHNOLOGY FEE PART TIME',null,null,to_timestamp('1-JAN-00 12.00.00.000000000 AM','DD-MON-RR HH.MI.SS.FF AM'),to_timestamp('1-JAN-00 12.00.00.000000000 AM','DD-MON-RR HH.MI.SS.FF AM'),null,null,null,1,3);
Insert into KSSA_TRANSACTION_TYPE (TYPE,ID,SUB_CODE,CREATOR_ID,DESCRIPTION,EDITOR_ID,END_DATE,LAST_UPDATE,START_DATE,AUTH_TXT,CLEAR_PERIOD,REFUND_RULE,PRIORITY,DEF_ROLLUP_ID_FK) values ('D','1512',1,'pheald','MID CAREER WORKSHOP',null,null,to_timestamp('1-JAN-00 12.00.00.000000000 AM','DD-MON-RR HH.MI.SS.FF AM'),to_timestamp('1-JAN-00 12.00.00.000000000 AM','DD-MON-RR HH.MI.SS.FF AM'),null,null,null,1,3);
Insert into KSSA_TRANSACTION_TYPE (TYPE,ID,SUB_CODE,CREATOR_ID,DESCRIPTION,EDITOR_ID,END_DATE,LAST_UPDATE,START_DATE,AUTH_TXT,CLEAR_PERIOD,REFUND_RULE,PRIORITY,DEF_ROLLUP_ID_FK) values ('D','1513',1,'pheald','PUAF ENROLLMENT FEE',null,null,to_timestamp('1-JAN-00 12.00.00.000000000 AM','DD-MON-RR HH.MI.SS.FF AM'),to_timestamp('1-JAN-00 12.00.00.000000000 AM','DD-MON-RR HH.MI.SS.FF AM'),null,null,null,1,3);
Insert into KSSA_TRANSACTION_TYPE (TYPE,ID,SUB_CODE,CREATOR_ID,DESCRIPTION,EDITOR_ID,END_DATE,LAST_UPDATE,START_DATE,AUTH_TXT,CLEAR_PERIOD,REFUND_RULE,PRIORITY,DEF_ROLLUP_ID_FK) values ('D','1514',1,'pheald','PUAF MD FELLOWS FEE',null,null,to_timestamp('1-JAN-00 12.00.00.000000000 AM','DD-MON-RR HH.MI.SS.FF AM'),to_timestamp('1-JAN-00 12.00.00.000000000 AM','DD-MON-RR HH.MI.SS.FF AM'),null,null,null,1,3);
Insert into KSSA_TRANSACTION_TYPE (TYPE,ID,SUB_CODE,CREATOR_ID,DESCRIPTION,EDITOR_ID,END_DATE,LAST_UPDATE,START_DATE,AUTH_TXT,CLEAR_PERIOD,REFUND_RULE,PRIORITY,DEF_ROLLUP_ID_FK) values ('D','1515',1,'pheald','LANDSCAPE ARCHITECTURE KEY',null,null,to_timestamp('1-JAN-00 12.00.00.000000000 AM','DD-MON-RR HH.MI.SS.FF AM'),to_timestamp('1-JAN-00 12.00.00.000000000 AM','DD-MON-RR HH.MI.SS.FF AM'),null,null,null,1,3);
Insert into KSSA_TRANSACTION_TYPE (TYPE,ID,SUB_CODE,CREATOR_ID,DESCRIPTION,EDITOR_ID,END_DATE,LAST_UPDATE,START_DATE,AUTH_TXT,CLEAR_PERIOD,REFUND_RULE,PRIORITY,DEF_ROLLUP_ID_FK) values ('D','1516',1,'pheald','LANDSCAPE ARCHITECTURE STUDIO',null,null,to_timestamp('1-JAN-00 12.00.00.000000000 AM','DD-MON-RR HH.MI.SS.FF AM'),to_timestamp('1-JAN-00 12.00.00.000000000 AM','DD-MON-RR HH.MI.SS.FF AM'),null,null,null,1,3);
Insert into KSSA_TRANSACTION_TYPE (TYPE,ID,SUB_CODE,CREATOR_ID,DESCRIPTION,EDITOR_ID,END_DATE,LAST_UPDATE,START_DATE,AUTH_TXT,CLEAR_PERIOD,REFUND_RULE,PRIORITY,DEF_ROLLUP_ID_FK) values ('D','1517',1,'pheald','LANDSCAPE ARCHITECTURE STUDIO',null,null,to_timestamp('1-JAN-00 12.00.00.000000000 AM','DD-MON-RR HH.MI.SS.FF AM'),to_timestamp('1-JAN-00 12.00.00.000000000 AM','DD-MON-RR HH.MI.SS.FF AM'),null,null,null,1,3);
Insert into KSSA_TRANSACTION_TYPE (TYPE,ID,SUB_CODE,CREATOR_ID,DESCRIPTION,EDITOR_ID,END_DATE,LAST_UPDATE,START_DATE,AUTH_TXT,CLEAR_PERIOD,REFUND_RULE,PRIORITY,DEF_ROLLUP_ID_FK) values ('D','1518',1,'pheald','MUED STUDENT TEACHING FEE',null,null,to_timestamp('1-JAN-00 12.00.00.000000000 AM','DD-MON-RR HH.MI.SS.FF AM'),to_timestamp('1-JAN-00 12.00.00.000000000 AM','DD-MON-RR HH.MI.SS.FF AM'),null,null,null,1,3);
Insert into KSSA_TRANSACTION_TYPE (TYPE,ID,SUB_CODE,CREATOR_ID,DESCRIPTION,EDITOR_ID,END_DATE,LAST_UPDATE,START_DATE,AUTH_TXT,CLEAR_PERIOD,REFUND_RULE,PRIORITY,DEF_ROLLUP_ID_FK) values ('D','1519',1,'pheald','PLANT SCIENCES LAB FEE',null,null,to_timestamp('1-JAN-00 12.00.00.000000000 AM','DD-MON-RR HH.MI.SS.FF AM'),to_timestamp('1-JAN-00 12.00.00.000000000 AM','DD-MON-RR HH.MI.SS.FF AM'),null,null,null,1,3);
Insert into KSSA_TRANSACTION_TYPE (TYPE,ID,SUB_CODE,CREATOR_ID,DESCRIPTION,EDITOR_ID,END_DATE,LAST_UPDATE,START_DATE,AUTH_TXT,CLEAR_PERIOD,REFUND_RULE,PRIORITY,DEF_ROLLUP_ID_FK) values ('D','1520',1,'pheald','CLINICAL PRACTICUM FEE',null,null,to_timestamp('1-JAN-00 12.00.00.000000000 AM','DD-MON-RR HH.MI.SS.FF AM'),to_timestamp('1-JAN-00 12.00.00.000000000 AM','DD-MON-RR HH.MI.SS.FF AM'),null,null,null,1,3);
Insert into KSSA_TRANSACTION_TYPE (TYPE,ID,SUB_CODE,CREATOR_ID,DESCRIPTION,EDITOR_ID,END_DATE,LAST_UPDATE,START_DATE,AUTH_TXT,CLEAR_PERIOD,REFUND_RULE,PRIORITY,DEF_ROLLUP_ID_FK) values ('D','1521',1,'pheald','FRESHMEN CONNECTION APP FEE',null,null,to_timestamp('1-JAN-00 12.00.00.000000000 AM','DD-MON-RR HH.MI.SS.FF AM'),to_timestamp('1-JAN-00 12.00.00.000000000 AM','DD-MON-RR HH.MI.SS.FF AM'),null,null,null,1,3);
Insert into KSSA_TRANSACTION_TYPE (TYPE,ID,SUB_CODE,CREATOR_ID,DESCRIPTION,EDITOR_ID,END_DATE,LAST_UPDATE,START_DATE,AUTH_TXT,CLEAR_PERIOD,REFUND_RULE,PRIORITY,DEF_ROLLUP_ID_FK) values ('D','1522',1,'pheald','FRESHMEN CONNECTION ENROLLMENT',null,null,to_timestamp('1-JAN-00 12.00.00.000000000 AM','DD-MON-RR HH.MI.SS.FF AM'),to_timestamp('1-JAN-00 12.00.00.000000000 AM','DD-MON-RR HH.MI.SS.FF AM'),null,null,null,1,3);
Insert into KSSA_TRANSACTION_TYPE (TYPE,ID,SUB_CODE,CREATOR_ID,DESCRIPTION,EDITOR_ID,END_DATE,LAST_UPDATE,START_DATE,AUTH_TXT,CLEAR_PERIOD,REFUND_RULE,PRIORITY,DEF_ROLLUP_ID_FK) values ('D','1523',1,'pheald','FRESHMEN CONNECTION UGRAD NR',null,null,to_timestamp('1-JAN-00 12.00.00.000000000 AM','DD-MON-RR HH.MI.SS.FF AM'),to_timestamp('1-JAN-00 12.00.00.000000000 AM','DD-MON-RR HH.MI.SS.FF AM'),null,null,null,1,3);
Insert into KSSA_TRANSACTION_TYPE (TYPE,ID,SUB_CODE,CREATOR_ID,DESCRIPTION,EDITOR_ID,END_DATE,LAST_UPDATE,START_DATE,AUTH_TXT,CLEAR_PERIOD,REFUND_RULE,PRIORITY,DEF_ROLLUP_ID_FK) values ('D','1524',1,'pheald','FRESHMEN CONNECTION UGRAD R',null,null,to_timestamp('1-JAN-00 12.00.00.000000000 AM','DD-MON-RR HH.MI.SS.FF AM'),to_timestamp('1-JAN-00 12.00.00.000000000 AM','DD-MON-RR HH.MI.SS.FF AM'),null,null,null,1,3);
Insert into KSSA_TRANSACTION_TYPE (TYPE,ID,SUB_CODE,CREATOR_ID,DESCRIPTION,EDITOR_ID,END_DATE,LAST_UPDATE,START_DATE,AUTH_TXT,CLEAR_PERIOD,REFUND_RULE,PRIORITY,DEF_ROLLUP_ID_FK) values ('D','1525',1,'pheald','MFRI STUDENT FEE',null,null,to_timestamp('1-JAN-00 12.00.00.000000000 AM','DD-MON-RR HH.MI.SS.FF AM'),to_timestamp('1-JAN-00 12.00.00.000000000 AM','DD-MON-RR HH.MI.SS.FF AM'),null,null,null,1,3);
Insert into KSSA_TRANSACTION_TYPE (TYPE,ID,SUB_CODE,CREATOR_ID,DESCRIPTION,EDITOR_ID,END_DATE,LAST_UPDATE,START_DATE,AUTH_TXT,CLEAR_PERIOD,REFUND_RULE,PRIORITY,DEF_ROLLUP_ID_FK) values ('D','1526',1,'pheald','MFRI STUDENT FEE',null,null,to_timestamp('1-JAN-00 12.00.00.000000000 AM','DD-MON-RR HH.MI.SS.FF AM'),to_timestamp('1-JAN-00 12.00.00.000000000 AM','DD-MON-RR HH.MI.SS.FF AM'),null,null,null,1,3);
Insert into KSSA_TRANSACTION_TYPE (TYPE,ID,SUB_CODE,CREATOR_ID,DESCRIPTION,EDITOR_ID,END_DATE,LAST_UPDATE,START_DATE,AUTH_TXT,CLEAR_PERIOD,REFUND_RULE,PRIORITY,DEF_ROLLUP_ID_FK) values ('D','1527',1,'pheald','MFRI BOOKSTORE',null,null,to_timestamp('1-JAN-00 12.00.00.000000000 AM','DD-MON-RR HH.MI.SS.FF AM'),to_timestamp('1-JAN-00 12.00.00.000000000 AM','DD-MON-RR HH.MI.SS.FF AM'),null,null,null,1,3);
Insert into KSSA_TRANSACTION_TYPE (TYPE,ID,SUB_CODE,CREATOR_ID,DESCRIPTION,EDITOR_ID,END_DATE,LAST_UPDATE,START_DATE,AUTH_TXT,CLEAR_PERIOD,REFUND_RULE,PRIORITY,DEF_ROLLUP_ID_FK) values ('D','1528',1,'pheald','MFRI BOOK FEE',null,null,to_timestamp('1-JAN-00 12.00.00.000000000 AM','DD-MON-RR HH.MI.SS.FF AM'),to_timestamp('1-JAN-00 12.00.00.000000000 AM','DD-MON-RR HH.MI.SS.FF AM'),null,null,null,1,3);
Insert into KSSA_TRANSACTION_TYPE (TYPE,ID,SUB_CODE,CREATOR_ID,DESCRIPTION,EDITOR_ID,END_DATE,LAST_UPDATE,START_DATE,AUTH_TXT,CLEAR_PERIOD,REFUND_RULE,PRIORITY,DEF_ROLLUP_ID_FK) values ('D','1529',1,'pheald','AREC 306 FIELD TRIP FEE',null,null,to_timestamp('1-JAN-00 12.00.00.000000000 AM','DD-MON-RR HH.MI.SS.FF AM'),to_timestamp('1-JAN-00 12.00.00.000000000 AM','DD-MON-RR HH.MI.SS.FF AM'),null,null,null,1,3);
Insert into KSSA_TRANSACTION_TYPE (TYPE,ID,SUB_CODE,CREATOR_ID,DESCRIPTION,EDITOR_ID,END_DATE,LAST_UPDATE,START_DATE,AUTH_TXT,CLEAR_PERIOD,REFUND_RULE,PRIORITY,DEF_ROLLUP_ID_FK) values ('D','1530',1,'pheald','GEOGRAPHY LAB FEE',null,null,to_timestamp('1-JAN-00 12.00.00.000000000 AM','DD-MON-RR HH.MI.SS.FF AM'),to_timestamp('1-JAN-00 12.00.00.000000000 AM','DD-MON-RR HH.MI.SS.FF AM'),null,null,null,1,3);
Insert into KSSA_TRANSACTION_TYPE (TYPE,ID,SUB_CODE,CREATOR_ID,DESCRIPTION,EDITOR_ID,END_DATE,LAST_UPDATE,START_DATE,AUTH_TXT,CLEAR_PERIOD,REFUND_RULE,PRIORITY,DEF_ROLLUP_ID_FK) values ('D','1531',1,'pheald','GEOGRAPHY 448 LAB FEE',null,null,to_timestamp('1-JAN-00 12.00.00.000000000 AM','DD-MON-RR HH.MI.SS.FF AM'),to_timestamp('1-JAN-00 12.00.00.000000000 AM','DD-MON-RR HH.MI.SS.FF AM'),null,null,null,1,3);
Insert into KSSA_TRANSACTION_TYPE (TYPE,ID,SUB_CODE,CREATOR_ID,DESCRIPTION,EDITOR_ID,END_DATE,LAST_UPDATE,START_DATE,AUTH_TXT,CLEAR_PERIOD,REFUND_RULE,PRIORITY,DEF_ROLLUP_ID_FK) values ('D','1532',1,'pheald','ART STUDIO GRAD FEE',null,null,to_timestamp('1-JAN-00 12.00.00.000000000 AM','DD-MON-RR HH.MI.SS.FF AM'),to_timestamp('1-JAN-00 12.00.00.000000000 AM','DD-MON-RR HH.MI.SS.FF AM'),null,null,null,1,3);
Insert into KSSA_TRANSACTION_TYPE (TYPE,ID,SUB_CODE,CREATOR_ID,DESCRIPTION,EDITOR_ID,END_DATE,LAST_UPDATE,START_DATE,AUTH_TXT,CLEAR_PERIOD,REFUND_RULE,PRIORITY,DEF_ROLLUP_ID_FK) values ('D','1533',1,'pheald','ART STUDIO UG FEE',null,null,to_timestamp('1-JAN-00 12.00.00.000000000 AM','DD-MON-RR HH.MI.SS.FF AM'),to_timestamp('1-JAN-00 12.00.00.000000000 AM','DD-MON-RR HH.MI.SS.FF AM'),null,null,null,1,3);
Insert into KSSA_TRANSACTION_TYPE (TYPE,ID,SUB_CODE,CREATOR_ID,DESCRIPTION,EDITOR_ID,END_DATE,LAST_UPDATE,START_DATE,AUTH_TXT,CLEAR_PERIOD,REFUND_RULE,PRIORITY,DEF_ROLLUP_ID_FK) values ('D','1534',1,'pheald','EDCP 315 MATERIAL FEE',null,null,to_timestamp('1-JAN-00 12.00.00.000000000 AM','DD-MON-RR HH.MI.SS.FF AM'),to_timestamp('1-JAN-00 12.00.00.000000000 AM','DD-MON-RR HH.MI.SS.FF AM'),null,null,null,1,3);
Insert into KSSA_TRANSACTION_TYPE (TYPE,ID,SUB_CODE,CREATOR_ID,DESCRIPTION,EDITOR_ID,END_DATE,LAST_UPDATE,START_DATE,AUTH_TXT,CLEAR_PERIOD,REFUND_RULE,PRIORITY,DEF_ROLLUP_ID_FK) values ('D','1535',1,'pheald','CCJS 320 LAB FEE',null,null,to_timestamp('1-JAN-00 12.00.00.000000000 AM','DD-MON-RR HH.MI.SS.FF AM'),to_timestamp('1-JAN-00 12.00.00.000000000 AM','DD-MON-RR HH.MI.SS.FF AM'),null,null,null,1,3);
Insert into KSSA_TRANSACTION_TYPE (TYPE,ID,SUB_CODE,CREATOR_ID,DESCRIPTION,EDITOR_ID,END_DATE,LAST_UPDATE,START_DATE,AUTH_TXT,CLEAR_PERIOD,REFUND_RULE,PRIORITY,DEF_ROLLUP_ID_FK) values ('D','1536',1,'pheald','EDCP 417 MATERIALS FEE',null,null,to_timestamp('1-JAN-00 12.00.00.000000000 AM','DD-MON-RR HH.MI.SS.FF AM'),to_timestamp('1-JAN-00 12.00.00.000000000 AM','DD-MON-RR HH.MI.SS.FF AM'),null,null,null,1,3);
Insert into KSSA_TRANSACTION_TYPE (TYPE,ID,SUB_CODE,CREATOR_ID,DESCRIPTION,EDITOR_ID,END_DATE,LAST_UPDATE,START_DATE,AUTH_TXT,CLEAR_PERIOD,REFUND_RULE,PRIORITY,DEF_ROLLUP_ID_FK) values ('D','1537',1,'pheald','EDCP 632 MATERIALS FEE',null,null,to_timestamp('1-JAN-00 12.00.00.000000000 AM','DD-MON-RR HH.MI.SS.FF AM'),to_timestamp('1-JAN-00 12.00.00.000000000 AM','DD-MON-RR HH.MI.SS.FF AM'),null,null,null,1,3);
Insert into KSSA_TRANSACTION_TYPE (TYPE,ID,SUB_CODE,CREATOR_ID,DESCRIPTION,EDITOR_ID,END_DATE,LAST_UPDATE,START_DATE,AUTH_TXT,CLEAR_PERIOD,REFUND_RULE,PRIORITY,DEF_ROLLUP_ID_FK) values ('D','1538',1,'pheald','EDCP 108D MATERIALS FEE',null,null,to_timestamp('1-JAN-00 12.00.00.000000000 AM','DD-MON-RR HH.MI.SS.FF AM'),to_timestamp('1-JAN-00 12.00.00.000000000 AM','DD-MON-RR HH.MI.SS.FF AM'),null,null,null,1,3);
Insert into KSSA_TRANSACTION_TYPE (TYPE,ID,SUB_CODE,CREATOR_ID,DESCRIPTION,EDITOR_ID,END_DATE,LAST_UPDATE,START_DATE,AUTH_TXT,CLEAR_PERIOD,REFUND_RULE,PRIORITY,DEF_ROLLUP_ID_FK) values ('D','1539',1,'pheald','EDCP 217 COURSE MATERIALS',null,null,to_timestamp('1-JAN-00 12.00.00.000000000 AM','DD-MON-RR HH.MI.SS.FF AM'),to_timestamp('1-JAN-00 12.00.00.000000000 AM','DD-MON-RR HH.MI.SS.FF AM'),null,null,null,1,3);
Insert into KSSA_TRANSACTION_TYPE (TYPE,ID,SUB_CODE,CREATOR_ID,DESCRIPTION,EDITOR_ID,END_DATE,LAST_UPDATE,START_DATE,AUTH_TXT,CLEAR_PERIOD,REFUND_RULE,PRIORITY,DEF_ROLLUP_ID_FK) values ('D','1540',1,'pheald','BMGT 367 COURSE MATERIALS',null,null,to_timestamp('1-JAN-00 12.00.00.000000000 AM','DD-MON-RR HH.MI.SS.FF AM'),to_timestamp('1-JAN-00 12.00.00.000000000 AM','DD-MON-RR HH.MI.SS.FF AM'),null,null,null,1,3);
Insert into KSSA_TRANSACTION_TYPE (TYPE,ID,SUB_CODE,CREATOR_ID,DESCRIPTION,EDITOR_ID,END_DATE,LAST_UPDATE,START_DATE,AUTH_TXT,CLEAR_PERIOD,REFUND_RULE,PRIORITY,DEF_ROLLUP_ID_FK) values ('D','1541',1,'pheald','BMGT 608A COURSE BOOKIALS FEE',null,null,to_timestamp('1-JAN-00 12.00.00.000000000 AM','DD-MON-RR HH.MI.SS.FF AM'),to_timestamp('1-JAN-00 12.00.00.000000000 AM','DD-MON-RR HH.MI.SS.FF AM'),null,null,null,1,3);
Insert into KSSA_TRANSACTION_TYPE (TYPE,ID,SUB_CODE,CREATOR_ID,DESCRIPTION,EDITOR_ID,END_DATE,LAST_UPDATE,START_DATE,AUTH_TXT,CLEAR_PERIOD,REFUND_RULE,PRIORITY,DEF_ROLLUP_ID_FK) values ('D','1542',1,'pheald','BMGT MATERIALS FEE',null,null,to_timestamp('1-JAN-00 12.00.00.000000000 AM','DD-MON-RR HH.MI.SS.FF AM'),to_timestamp('1-JAN-00 12.00.00.000000000 AM','DD-MON-RR HH.MI.SS.FF AM'),null,null,null,1,3);
Insert into KSSA_TRANSACTION_TYPE (TYPE,ID,SUB_CODE,CREATOR_ID,DESCRIPTION,EDITOR_ID,END_DATE,LAST_UPDATE,START_DATE,AUTH_TXT,CLEAR_PERIOD,REFUND_RULE,PRIORITY,DEF_ROLLUP_ID_FK) values ('D','1543',1,'pheald','MBA TECHNOLOGY FEE',null,null,to_timestamp('1-JAN-00 12.00.00.000000000 AM','DD-MON-RR HH.MI.SS.FF AM'),to_timestamp('1-JAN-00 12.00.00.000000000 AM','DD-MON-RR HH.MI.SS.FF AM'),null,null,null,1,3);
Insert into KSSA_TRANSACTION_TYPE (TYPE,ID,SUB_CODE,CREATOR_ID,DESCRIPTION,EDITOR_ID,END_DATE,LAST_UPDATE,START_DATE,AUTH_TXT,CLEAR_PERIOD,REFUND_RULE,PRIORITY,DEF_ROLLUP_ID_FK) values ('D','1544',1,'pheald','MBA ASSOCIATION FEE FULL-TIME',null,null,to_timestamp('1-JAN-00 12.00.00.000000000 AM','DD-MON-RR HH.MI.SS.FF AM'),to_timestamp('1-JAN-00 12.00.00.000000000 AM','DD-MON-RR HH.MI.SS.FF AM'),null,null,null,1,3);
Insert into KSSA_TRANSACTION_TYPE (TYPE,ID,SUB_CODE,CREATOR_ID,DESCRIPTION,EDITOR_ID,END_DATE,LAST_UPDATE,START_DATE,AUTH_TXT,CLEAR_PERIOD,REFUND_RULE,PRIORITY,DEF_ROLLUP_ID_FK) values ('D','1545',1,'pheald','MBS MATH CAMP FEE',null,null,to_timestamp('1-JAN-00 12.00.00.000000000 AM','DD-MON-RR HH.MI.SS.FF AM'),to_timestamp('1-JAN-00 12.00.00.000000000 AM','DD-MON-RR HH.MI.SS.FF AM'),null,null,null,1,3);
Insert into KSSA_TRANSACTION_TYPE (TYPE,ID,SUB_CODE,CREATOR_ID,DESCRIPTION,EDITOR_ID,END_DATE,LAST_UPDATE,START_DATE,AUTH_TXT,CLEAR_PERIOD,REFUND_RULE,PRIORITY,DEF_ROLLUP_ID_FK) values ('D','1546',1,'pheald','MBA ASSOCIATION FEE PART-TIME',null,null,to_timestamp('1-JAN-00 12.00.00.000000000 AM','DD-MON-RR HH.MI.SS.FF AM'),to_timestamp('1-JAN-00 12.00.00.000000000 AM','DD-MON-RR HH.MI.SS.FF AM'),null,null,null,1,3);
Insert into KSSA_TRANSACTION_TYPE (TYPE,ID,SUB_CODE,CREATOR_ID,DESCRIPTION,EDITOR_ID,END_DATE,LAST_UPDATE,START_DATE,AUTH_TXT,CLEAR_PERIOD,REFUND_RULE,PRIORITY,DEF_ROLLUP_ID_FK) values ('D','1547',1,'pheald','MBS ORIENTATION FEE',null,null,to_timestamp('1-JAN-00 12.00.00.000000000 AM','DD-MON-RR HH.MI.SS.FF AM'),to_timestamp('1-JAN-00 12.00.00.000000000 AM','DD-MON-RR HH.MI.SS.FF AM'),null,null,null,1,3);
Insert into KSSA_TRANSACTION_TYPE (TYPE,ID,SUB_CODE,CREATOR_ID,DESCRIPTION,EDITOR_ID,END_DATE,LAST_UPDATE,START_DATE,AUTH_TXT,CLEAR_PERIOD,REFUND_RULE,PRIORITY,DEF_ROLLUP_ID_FK) values ('D','1548',1,'pheald','MBA COLLEGE PARK SITE FEE',null,null,to_timestamp('1-JAN-00 12.00.00.000000000 AM','DD-MON-RR HH.MI.SS.FF AM'),to_timestamp('1-JAN-00 12.00.00.000000000 AM','DD-MON-RR HH.MI.SS.FF AM'),null,null,null,1,3);
Insert into KSSA_TRANSACTION_TYPE (TYPE,ID,SUB_CODE,CREATOR_ID,DESCRIPTION,EDITOR_ID,END_DATE,LAST_UPDATE,START_DATE,AUTH_TXT,CLEAR_PERIOD,REFUND_RULE,PRIORITY,DEF_ROLLUP_ID_FK) values ('D','1549',1,'pheald','MBS LOCKER FEE',null,null,to_timestamp('1-JAN-00 12.00.00.000000000 AM','DD-MON-RR HH.MI.SS.FF AM'),to_timestamp('1-JAN-00 12.00.00.000000000 AM','DD-MON-RR HH.MI.SS.FF AM'),null,null,null,1,3);
Insert into KSSA_TRANSACTION_TYPE (TYPE,ID,SUB_CODE,CREATOR_ID,DESCRIPTION,EDITOR_ID,END_DATE,LAST_UPDATE,START_DATE,AUTH_TXT,CLEAR_PERIOD,REFUND_RULE,PRIORITY,DEF_ROLLUP_ID_FK) values ('D','1550',1,'pheald','PHYSICS CONTROLLER',null,null,to_timestamp('1-JAN-00 12.00.00.000000000 AM','DD-MON-RR HH.MI.SS.FF AM'),to_timestamp('1-JAN-00 12.00.00.000000000 AM','DD-MON-RR HH.MI.SS.FF AM'),null,null,null,1,3);
Insert into KSSA_TRANSACTION_TYPE (TYPE,ID,SUB_CODE,CREATOR_ID,DESCRIPTION,EDITOR_ID,END_DATE,LAST_UPDATE,START_DATE,AUTH_TXT,CLEAR_PERIOD,REFUND_RULE,PRIORITY,DEF_ROLLUP_ID_FK) values ('D','1551',1,'pheald','ASTRONOMY LAB FEE',null,null,to_timestamp('1-JAN-00 12.00.00.000000000 AM','DD-MON-RR HH.MI.SS.FF AM'),to_timestamp('1-JAN-00 12.00.00.000000000 AM','DD-MON-RR HH.MI.SS.FF AM'),null,null,null,1,3);
Insert into KSSA_TRANSACTION_TYPE (TYPE,ID,SUB_CODE,CREATOR_ID,DESCRIPTION,EDITOR_ID,END_DATE,LAST_UPDATE,START_DATE,AUTH_TXT,CLEAR_PERIOD,REFUND_RULE,PRIORITY,DEF_ROLLUP_ID_FK) values ('D','1552',1,'pheald','GEOLOGY LAB FEE',null,null,to_timestamp('1-JAN-00 12.00.00.000000000 AM','DD-MON-RR HH.MI.SS.FF AM'),to_timestamp('1-JAN-00 12.00.00.000000000 AM','DD-MON-RR HH.MI.SS.FF AM'),null,null,null,1,3);

---------------------------------------------------
--   END DATA FOR TABLE KSSA_TRANSACTION_TYPE
---------------------------------------------------

---------------------------------------------------
--   DATA FOR TABLE KSSA_POSTAL_ADDRESS
--   FILTER = none used
---------------------------------------------------
REM INSERTING into KSSA_POSTAL_ADDRESS
Insert into KSSA_POSTAL_ADDRESS (ID,COUNTRY_CODE,CREATOR_ID,IS_DEFAULT,EDITOR_ID,KIM_ADDRESS_TYPE,LAST_UPDATE,POSTAL_CODE,STATE_CODE,CITY,LINE1,LINE2,LINE3) values (1,'USA','pheald','Y',null,null,to_timestamp('02-APR-12 12.00.00.000000000 AM','DD-MON-RR HH.MI.SS.FF AM'),'00093','RI','Qahog','31 Spooner Street',null,null);
Insert into KSSA_POSTAL_ADDRESS (ID,COUNTRY_CODE,CREATOR_ID,IS_DEFAULT,EDITOR_ID,KIM_ADDRESS_TYPE,LAST_UPDATE,POSTAL_CODE,STATE_CODE,CITY,LINE1,LINE2,LINE3) values (2,'USA','pheald','Y',null,null,to_timestamp('02-APR-12 12.00.00.000000000 AM','DD-MON-RR HH.MI.SS.FF AM'),'00093','RI','Qahog','31 Spooner Street',null,null);
Insert into KSSA_POSTAL_ADDRESS (ID,COUNTRY_CODE,CREATOR_ID,IS_DEFAULT,EDITOR_ID,KIM_ADDRESS_TYPE,LAST_UPDATE,POSTAL_CODE,STATE_CODE,CITY,LINE1,LINE2,LINE3) values (3,'USA','pheald','Y',null,null,to_timestamp('02-APR-12 12.00.00.000000000 AM','DD-MON-RR HH.MI.SS.FF AM'),'00093','RI','Qahog','31 Spooner Street',null,null);
Insert into KSSA_POSTAL_ADDRESS (ID,COUNTRY_CODE,CREATOR_ID,IS_DEFAULT,EDITOR_ID,KIM_ADDRESS_TYPE,LAST_UPDATE,POSTAL_CODE,STATE_CODE,CITY,LINE1,LINE2,LINE3) values (4,'USA','pheald','Y',null,null,to_timestamp('02-APR-12 12.00.00.000000000 AM','DD-MON-RR HH.MI.SS.FF AM'),'00093','RI','Qahog','28 Spooner Street','C/O Mr. Glenn Quagmire',null);
INSERT INTO KSSA_POSTAL_ADDRESS (ID, CITY, COUNTRY_CODE, CREATOR_ID, IS_DEFAULT, LAST_UPDATE, POSTAL_CODE, STATE_CODE, LINE1) VALUES (14, 'Qahog', 'USA', 'pheald', 'Y', TO_TIMESTAMP('02-APR-12 12.00.00.', 'DD-MON-RR HH.MI.SS.FF AM'), '00093', 'RI', '15 Spooner Street');
INSERT INTO KSSA_POSTAL_ADDRESS (ID, CITY, COUNTRY_CODE, CREATOR_ID, IS_DEFAULT, LAST_UPDATE, POSTAL_CODE, STATE_CODE, LINE1) VALUES (15, 'Qahog', 'USA', 'pheald', 'Y', TO_TIMESTAMP('02-APR-12 12.00.00.', 'DD-MON-RR HH.MI.SS.FF AM'), '00093', 'RI', '12 Spooner Street') ;
INSERT INTO KSSA_POSTAL_ADDRESS (ID, CITY, COUNTRY_CODE, CREATOR_ID, IS_DEFAULT, LAST_UPDATE, POSTAL_CODE, STATE_CODE, LINE1) VALUES (16, 'Qahog', 'USA', 'pheald', 'Y', TO_TIMESTAMP('02-APR-12 12.00.00.', 'DD-MON-RR HH.MI.SS.FF AM'), '00093', 'RI', '12 Spooner Street')  ;
INSERT INTO KSSA_POSTAL_ADDRESS (ID, CITY, COUNTRY_CODE, CREATOR_ID, IS_DEFAULT, LAST_UPDATE, POSTAL_CODE, STATE_CODE, LINE1) VALUES (17, 'Qahog', 'USA', 'pheald', 'Y', TO_TIMESTAMP('02-APR-12 12.00.00.', 'DD-MON-RR HH.MI.SS.FF AM'), '00090', 'RI', 'State Penetentiary')  ;
INSERT INTO KSSA_POSTAL_ADDRESS (ID, CITY, COUNTRY_CODE, CREATOR_ID, IS_DEFAULT, LAST_UPDATE, POSTAL_CODE, STATE_CODE, LINE1) VALUES (18, 'Qahog', 'USA', 'pheald', 'Y', TO_TIMESTAMP('02-APR-12 12.00.00.', 'DD-MON-RR HH.MI.SS.FF AM'), '00091', 'RI', '1092 Shepherd''s Bush Road');
INSERT INTO KSSA_POSTAL_ADDRESS (ID, CITY, COUNTRY_CODE, CREATOR_ID, IS_DEFAULT, LAST_UPDATE, POSTAL_CODE, STATE_CODE, LINE1) VALUES (19, 'Qahog', 'USA', 'pheald', 'Y', TO_TIMESTAMP('02-APR-12 12.00.00.', 'DD-MON-RR HH.MI.SS.FF AM'), '00093', 'RI', '31 Spooner Street')          ;
INSERT INTO KSSA_POSTAL_ADDRESS (ID, CITY, COUNTRY_CODE, CREATOR_ID, IS_DEFAULT, LAST_UPDATE, POSTAL_CODE, STATE_CODE, LINE1) VALUES (20, 'Qahog', 'USA', 'pheald', 'Y', TO_TIMESTAMP('02-APR-12 12.00.00.', 'DD-MON-RR HH.MI.SS.FF AM'), '00090', 'RI', '1 Rich Court')               ;




REM INSERTING into KSSA_POSTAL_ADDRESS
Insert into KSSA_POSTAL_ADDRESS_ACNT (POSTAL_ADDRESS_ID_FK, ACNT_ID_FK) values (1, 'user1');
Insert into KSSA_POSTAL_ADDRESS_ACNT (POSTAL_ADDRESS_ID_FK, ACNT_ID_FK) values (2, 'user2');
Insert into KSSA_POSTAL_ADDRESS_ACNT (POSTAL_ADDRESS_ID_FK, ACNT_ID_FK) values (3, 'user2');
Insert into KSSA_POSTAL_ADDRESS_ACNT (POSTAL_ADDRESS_ID_FK, ACNT_ID_FK) values (4, 'user3');
INSERT INTO KSSA_POSTAL_ADDRESS_ACNT (ACNT_ID_FK, POSTAL_ADDRESS_ID_FK) VALUES ('user4', 14);
INSERT INTO KSSA_POSTAL_ADDRESS_ACNT (ACNT_ID_FK, POSTAL_ADDRESS_ID_FK) VALUES ('user5', 15) ;
INSERT INTO KSSA_POSTAL_ADDRESS_ACNT (ACNT_ID_FK, POSTAL_ADDRESS_ID_FK) VALUES ('user6', 16)  ;
INSERT INTO KSSA_POSTAL_ADDRESS_ACNT (ACNT_ID_FK, POSTAL_ADDRESS_ID_FK) VALUES ('user7', 17) ;
INSERT INTO KSSA_POSTAL_ADDRESS_ACNT (ACNT_ID_FK, POSTAL_ADDRESS_ID_FK) VALUES ('user8', 18)  ;
INSERT INTO KSSA_POSTAL_ADDRESS_ACNT (ACNT_ID_FK, POSTAL_ADDRESS_ID_FK) VALUES ('user9', 19)  ;
INSERT INTO KSSA_POSTAL_ADDRESS_ACNT (ACNT_ID_FK, POSTAL_ADDRESS_ID_FK) VALUES ('user10', 20)  ;


---------------------------------------------------
--   END DATA FOR TABLE KSSA_POSTAL_ADDRESS
---------------------------------------------------

---------------------------------------------------
--   DATA FOR TABLE KSSA_GL_TYPE
--   FILTER = none used
---------------------------------------------------
REM INSERTING into KSSA_GL_TYPE
--- INSERTING DEFAULT GENERAL LEDGER TYPE
Insert into KSSA_GL_TYPE (ID,CREATOR_ID,DESCRIPTION,EDITOR_ID,CREATION_DATE,CODE,NAME,GL_OPERATION_ON_CHARGE,GL_ASSET_ACCOUNT) values (1,'system','Default GL Type',null,to_timestamp('03-APR-12 12.00.00.000000000 AM','DD-MON-RR HH.MI.SS.FF AM'),'SAR', 'DEF_GL_TYPE', 'D', '01-0-131120 1326');
Insert into KSSA_GL_TYPE (ID,CREATOR_ID,DESCRIPTION,EDITOR_ID,CREATION_DATE,CODE,NAME,GL_OPERATION_ON_CHARGE,GL_ASSET_ACCOUNT) values (0,'pheald','GeneralGeneral GL Type',null,to_timestamp('03-APR-12 12.00.00.000000000 AM','DD-MON-RR HH.MI.SS.FF AM'),'G1','General','C','01-0-131120 1326');

---------------------------------------------------
--   END DATA FOR TABLE KSSA_GL_TYPE
---------------------------------------------------

---------------------------------------------------
--   DATA FOR TABLE KSSA_ACTIVITY_TYPE
--   FILTER = none used
---------------------------------------------------
REM INSERTING into KSSA_ACTIVITY_TYPE
Insert into KSSA_ACTIVITY_TYPE (ID,CREATOR_ID,DESCRIPTION,EDITOR_ID,CREATION_DATE,NAME) values (1,'pheald','Emergencies - system is unusable.',null,to_timestamp('03-APR-12 12.00.00.000000000 AM','DD-MON-RR HH.MI.SS.FF AM'),'emerg');
Insert into KSSA_ACTIVITY_TYPE (ID,CREATOR_ID,DESCRIPTION,EDITOR_ID,CREATION_DATE,NAME) values (2,'pheald','Action must be taken immediately.',null,to_timestamp('03-APR-12 12.00.00.000000000 AM','DD-MON-RR HH.MI.SS.FF AM'),'alert');
Insert into KSSA_ACTIVITY_TYPE (ID,CREATOR_ID,DESCRIPTION,EDITOR_ID,CREATION_DATE,NAME) values (3,'pheald','Critical Conditions.',null,to_timestamp('03-APR-12 12.00.00.000000000 AM','DD-MON-RR HH.MI.SS.FF AM'),'crit');
Insert into KSSA_ACTIVITY_TYPE (ID,CREATOR_ID,DESCRIPTION,EDITOR_ID,CREATION_DATE,NAME) values (4,'pheald','Error conditions.',null,to_timestamp('03-APR-12 12.00.00.000000000 AM','DD-MON-RR HH.MI.SS.FF AM'),'error');
Insert into KSSA_ACTIVITY_TYPE (ID,CREATOR_ID,DESCRIPTION,EDITOR_ID,CREATION_DATE,NAME) values (5,'pheald','Warning conditions.',null,to_timestamp('03-APR-12 12.00.00.000000000 AM','DD-MON-RR HH.MI.SS.FF AM'),'warn');
Insert into KSSA_ACTIVITY_TYPE (ID,CREATOR_ID,DESCRIPTION,EDITOR_ID,CREATION_DATE,NAME) values (6,'pheald','Normal but significant condition.',null,to_timestamp('03-APR-12 12.00.00.000000000 AM','DD-MON-RR HH.MI.SS.FF AM'),'notice');
Insert into KSSA_ACTIVITY_TYPE (ID,CREATOR_ID,DESCRIPTION,EDITOR_ID,CREATION_DATE,NAME) values (7,'pheald','Informational.',null,to_timestamp('03-APR-12 12.00.00.000000000 AM','DD-MON-RR HH.MI.SS.FF AM'),'info');
Insert into KSSA_ACTIVITY_TYPE (ID,CREATOR_ID,DESCRIPTION,EDITOR_ID,CREATION_DATE,NAME) values (8,'pheald','Debug-level messages.',null,to_timestamp('03-APR-12 12.00.00.000000000 AM','DD-MON-RR HH.MI.SS.FF AM'),'debug');

---------------------------------------------------
--   END DATA FOR TABLE KSSA_ACTIVITY_TYPE
---------------------------------------------------

---------------------------------------------------
--   DATA FOR TABLE KSSA_ALLOCATION
--   FILTER = none used
---------------------------------------------------
REM INSERTING into KSSA_ALLOCATION
Insert into KSSA_ALLOCATION (ID,ACNT_ID_FK,AMOUNT,IS_LOCKED,TRN_ID_1_FK,TRN_ID_2_FK) values (1,'user1',50,'Y',5,9);


---------------------------------------------------
--   END DATA FOR TABLE KSSA_ALLOCATION
---------------------------------------------------

---------------------------------------------------
--   DATA FOR TABLE KSSA_FLAG_TYPE
--   FILTER = none used
---------------------------------------------------
REM INSERTING into KSSA_FLAG_TYPE
Insert into KSSA_FLAG_TYPE (ID,CREATOR_ID,DESCRIPTION,EDITOR_ID,LAST_UPDATE,NAME,ACCESS_LEVEL) values (1,'pheald','Account has been taken over allowable credit limit.',null,to_timestamp('03-APR-12 12.00.00.000000000 AM','DD-MON-RR HH.MI.SS.FF AM'),'Over Limit',1);
Insert into KSSA_FLAG_TYPE (ID,CREATOR_ID,DESCRIPTION,EDITOR_ID,LAST_UPDATE,NAME,ACCESS_LEVEL) values (2,'pheald','The address on the account has been flagged as invalid. Please verify.',null,to_timestamp('03-APR-12 12.00.00.000000000 AM','DD-MON-RR HH.MI.SS.FF AM'),'Bad Address',0);
Insert into KSSA_FLAG_TYPE (ID,CREATOR_ID,DESCRIPTION,EDITOR_ID,LAST_UPDATE,NAME,ACCESS_LEVEL) values (3,'pheald','The user has passed a bad check to the office.',null,to_timestamp('03-APR-12 12.00.00.000000000 AM','DD-MON-RR HH.MI.SS.FF AM'),'Bad Check',1);
Insert into KSSA_FLAG_TYPE (ID,CREATOR_ID,DESCRIPTION,EDITOR_ID,LAST_UPDATE,NAME,ACCESS_LEVEL) values (4,'pheald','This account is past due. Prompt payment is required.',null,to_timestamp('03-APR-12 12.00.00.000000000 AM','DD-MON-RR HH.MI.SS.FF AM'),'Account Late',0);

---------------------------------------------------
--   END DATA FOR TABLE KSSA_FLAG_TYPE
---------------------------------------------------

---------------------------------------------------
--   DATA FOR TABLE KSSA_PERSON_NAME
--   FILTER = none used
---------------------------------------------------
REM INSERTING into KSSA_PERSON_NAME
Insert into KSSA_PERSON_NAME (ID,CREATOR_ID,IS_DEFAULT,EDITOR_ID,FIRST_NAME,KIM_NAME_TYPE,LAST_NAME,LAST_UPDATE,MIDDLE_NAME,SUFFIX,TITLE) values (1,'pheald','Y',null,'Peter',null,'Griffin',to_timestamp('02-APR-12 12.00.00.000000000 AM','DD-MON-RR HH.MI.SS.FF AM'),null,null,'Mr');
Insert into KSSA_PERSON_NAME (ID,CREATOR_ID,IS_DEFAULT,EDITOR_ID,FIRST_NAME,KIM_NAME_TYPE,LAST_NAME,LAST_UPDATE,MIDDLE_NAME,SUFFIX,TITLE) values (4,'pheald','N',null,'Lois',null,'Petwerschmiddt',to_timestamp('02-APR-12 12.00.00.000000000 AM','DD-MON-RR HH.MI.SS.FF AM'),null,null,'Miss');
Insert into KSSA_PERSON_NAME (ID,CREATOR_ID,IS_DEFAULT,EDITOR_ID,FIRST_NAME,KIM_NAME_TYPE,LAST_NAME,LAST_UPDATE,MIDDLE_NAME,SUFFIX,TITLE) values (6,'pheald','Y',null,'Meg',null,'Griffin',to_timestamp('02-APR-12 12.00.00.000000000 AM','DD-MON-RR HH.MI.SS.FF AM'),null,null,'Miss');
Insert into KSSA_PERSON_NAME (ID,CREATOR_ID,IS_DEFAULT,EDITOR_ID,FIRST_NAME,KIM_NAME_TYPE,LAST_NAME,LAST_UPDATE,MIDDLE_NAME,SUFFIX,TITLE) values (5,'pheald','N',null,'Megan',null,'Griffin',to_timestamp('02-APR-12 12.00.00.000000000 AM','DD-MON-RR HH.MI.SS.FF AM'),null,null,'Miss');
Insert into KSSA_PERSON_NAME (ID,CREATOR_ID,IS_DEFAULT,EDITOR_ID,FIRST_NAME,KIM_NAME_TYPE,LAST_NAME,LAST_UPDATE,MIDDLE_NAME,SUFFIX,TITLE) values (3,'pheald','Y',null,'Lois',null,'Griffin',to_timestamp('02-APR-12 12.00.00.000000000 AM','DD-MON-RR HH.MI.SS.FF AM'),null,null,'Mrs');
Insert into KSSA_PERSON_NAME (ID,CREATOR_ID,IS_DEFAULT,EDITOR_ID,FIRST_NAME,KIM_NAME_TYPE,LAST_NAME,LAST_UPDATE,MIDDLE_NAME,SUFFIX,TITLE) values (2,'pheald','N',null,'Pete',null,'Griffin',to_timestamp('02-APR-12 12.00.00.000000000 AM','DD-MON-RR HH.MI.SS.FF AM'),null,null,'Mr');
INSERT INTO KSSA_PERSON_NAME (ID, CREATOR_ID, IS_DEFAULT, FIRST_NAME, KIM_NAME_TYPE, LAST_NAME, TITLE) VALUES (14, 'pheald', 'Y', 'Glenn', 'PERSON', 'Quagmire', 'Mr');
INSERT INTO KSSA_PERSON_NAME (ID, CREATOR_ID, IS_DEFAULT, FIRST_NAME, KIM_NAME_TYPE, LAST_NAME, TITLE) VALUES (15, 'pheald', 'Y', 'Cleveland', 'PERSON', 'Brown', 'Mr');
INSERT INTO KSSA_PERSON_NAME (ID, CREATOR_ID, IS_DEFAULT, FIRST_NAME, KIM_NAME_TYPE, LAST_NAME, TITLE) VALUES (16, 'pheald', 'Y', 'Loretta', 'PERSON', 'Brown', 'Mrs');
INSERT INTO KSSA_PERSON_NAME (ID, CREATOR_ID, IS_DEFAULT, FIRST_NAME, KIM_NAME_TYPE, LAST_NAME, TITLE) VALUES (17, 'pheald', 'Y', 'Diane', 'PERSON', 'Simmons', 'Miss');
INSERT INTO KSSA_PERSON_NAME (ID, CREATOR_ID, IS_DEFAULT, FIRST_NAME, KIM_NAME_TYPE, LAST_NAME, TITLE) VALUES (18, 'pheald', 'Y', 'Tom', 'PERSON', 'Tucker', 'Mr');
INSERT INTO KSSA_PERSON_NAME (ID, CREATOR_ID, IS_DEFAULT, FIRST_NAME, KIM_NAME_TYPE, LAST_NAME, TITLE) VALUES (19, 'pheald', 'Y', 'Stewie', 'PERSON', 'Griffin', 'Master');
INSERT INTO KSSA_PERSON_NAME (ID, CREATOR_ID, IS_DEFAULT, FIRST_NAME, KIM_NAME_TYPE, LAST_NAME, TITLE) VALUES (20, 'pheald', 'Y', 'Carter', 'PERSON', 'Pewterschmitt', 'Sir');


REM INSERTING into KSSA_PERSON_NAME
Insert into KSSA_PERSON_NAME_ACNT (PERSON_NAME_ID_FK, ACNT_ID_FK) values (1, 'user1');
Insert into KSSA_PERSON_NAME_ACNT (PERSON_NAME_ID_FK, ACNT_ID_FK) values (4, 'user2');
Insert into KSSA_PERSON_NAME_ACNT (PERSON_NAME_ID_FK, ACNT_ID_FK) values (6, 'user3');
Insert into KSSA_PERSON_NAME_ACNT (PERSON_NAME_ID_FK, ACNT_ID_FK) values (5, 'user3');
Insert into KSSA_PERSON_NAME_ACNT (PERSON_NAME_ID_FK, ACNT_ID_FK) values (3, 'user2');
Insert into KSSA_PERSON_NAME_ACNT (PERSON_NAME_ID_FK, ACNT_ID_FK) values (2, 'user1');

INSERT INTO KSSA_PERSON_NAME_ACNT (ACNT_ID_FK, PERSON_NAME_ID_FK) VALUES ('user4', 14);
INSERT INTO KSSA_PERSON_NAME_ACNT (ACNT_ID_FK, PERSON_NAME_ID_FK) VALUES ('user5', 15);
INSERT INTO KSSA_PERSON_NAME_ACNT (ACNT_ID_FK, PERSON_NAME_ID_FK) VALUES ('user6', 16);
INSERT INTO KSSA_PERSON_NAME_ACNT (ACNT_ID_FK, PERSON_NAME_ID_FK) VALUES ('user7', 17);
INSERT INTO KSSA_PERSON_NAME_ACNT (ACNT_ID_FK, PERSON_NAME_ID_FK) VALUES ('user8', 18);
INSERT INTO KSSA_PERSON_NAME_ACNT (ACNT_ID_FK, PERSON_NAME_ID_FK) VALUES ('user9', 19);
INSERT INTO KSSA_PERSON_NAME_ACNT (ACNT_ID_FK, PERSON_NAME_ID_FK) VALUES ('user10', 20);


---------------------------------------------------
--   END DATA FOR TABLE KSSA_PERSON_NAME
---------------------------------------------------

---------------------------------------------------
--   DATA FOR TABLE KSSA_INFORMATION
--   FILTER = none used
---------------------------------------------------
REM INSERTING into KSSA_INFORMATION
Insert into KSSA_INFORMATION (TYPE,ID,ACNT_ID_FK,ACCESS_LEVEL,CREATION_DATE,CREATOR_ID,EDITOR_ID,EFFECTIVE_DATE,EXPIRATION_DATE,LAST_UPDATE,TEXT,SEVERITY,TRN_ID_FK,NEXT_ID,PREV_ID,FLAG_TYPE_ID_FK) values ('A',50700,'user1',4,to_timestamp('28-FEB-13 12.14.54.918000000 PM','DD-MON-RR HH.MI.SS.FF AM'),'admin',null,to_timestamp('06-FEB-13 12.00.00.000000000 AM','DD-MON-RR HH.MI.SS.FF AM'),null,to_timestamp('28-FEB-13 12.14.54.917000000 PM','DD-MON-RR HH.MI.SS.FF AM'),'Sample alert 1 for user1.',null,null,null,null,null);
Insert into KSSA_INFORMATION (TYPE,ID,ACNT_ID_FK,ACCESS_LEVEL,CREATION_DATE,CREATOR_ID,EDITOR_ID,EFFECTIVE_DATE,EXPIRATION_DATE,LAST_UPDATE,TEXT,SEVERITY,TRN_ID_FK,NEXT_ID,PREV_ID,FLAG_TYPE_ID_FK) values ('A',50701,'user1',4,to_timestamp('28-FEB-13 12.14.54.918000000 PM','DD-MON-RR HH.MI.SS.FF AM'),'admin',null,to_timestamp('07-FEB-13 12.00.00.000000000 AM','DD-MON-RR HH.MI.SS.FF AM'),null,to_timestamp('28-FEB-13 12.14.54.917000000 PM','DD-MON-RR HH.MI.SS.FF AM'),'Sample alert 2 for user1.',null,null,null,null,null);
Insert into KSSA_INFORMATION (TYPE,ID,ACNT_ID_FK,ACCESS_LEVEL,CREATION_DATE,CREATOR_ID,EDITOR_ID,EFFECTIVE_DATE,EXPIRATION_DATE,LAST_UPDATE,TEXT,SEVERITY,TRN_ID_FK,NEXT_ID,PREV_ID,FLAG_TYPE_ID_FK) values ('A',50702,'user1',4,to_timestamp('28-FEB-13 12.14.54.918000000 PM','DD-MON-RR HH.MI.SS.FF AM'),'admin',null,to_timestamp('08-FEB-13 12.00.00.000000000 AM','DD-MON-RR HH.MI.SS.FF AM'),null,to_timestamp('28-FEB-13 12.14.54.917000000 PM','DD-MON-RR HH.MI.SS.FF AM'),'Sample alert 3 for user1.',null,null,null,null,null);
Insert into KSSA_INFORMATION (TYPE,ID,ACNT_ID_FK,ACCESS_LEVEL,CREATION_DATE,CREATOR_ID,EDITOR_ID,EFFECTIVE_DATE,EXPIRATION_DATE,LAST_UPDATE,TEXT,SEVERITY,TRN_ID_FK,NEXT_ID,PREV_ID,FLAG_TYPE_ID_FK) values ('A',50703,'user1',4,to_timestamp('28-FEB-13 12.14.54.918000000 PM','DD-MON-RR HH.MI.SS.FF AM'),'admin',null,to_timestamp('09-FEB-13 12.00.00.000000000 AM','DD-MON-RR HH.MI.SS.FF AM'),null,to_timestamp('28-FEB-13 12.14.54.917000000 PM','DD-MON-RR HH.MI.SS.FF AM'),'Sample alert 4 for user1.',null,8,null,null,null);
Insert into KSSA_INFORMATION (TYPE,ID,ACNT_ID_FK,ACCESS_LEVEL,CREATION_DATE,CREATOR_ID,EDITOR_ID,EFFECTIVE_DATE,EXPIRATION_DATE,LAST_UPDATE,TEXT,SEVERITY,TRN_ID_FK,NEXT_ID,PREV_ID,FLAG_TYPE_ID_FK) values ('A',50704,'user1',4,to_timestamp('28-FEB-13 12.14.54.918000000 PM','DD-MON-RR HH.MI.SS.FF AM'),'admin',null,to_timestamp('10-FEB-13 12.00.00.000000000 AM','DD-MON-RR HH.MI.SS.FF AM'),null,to_timestamp('28-FEB-13 12.14.54.917000000 PM','DD-MON-RR HH.MI.SS.FF AM'),'Sample alert 5 for user1.',null,8,null,null,null);
Insert into KSSA_INFORMATION (TYPE,ID,ACNT_ID_FK,ACCESS_LEVEL,CREATION_DATE,CREATOR_ID,EDITOR_ID,EFFECTIVE_DATE,EXPIRATION_DATE,LAST_UPDATE,TEXT,SEVERITY,TRN_ID_FK,NEXT_ID,PREV_ID,FLAG_TYPE_ID_FK) values ('A',50705,'user1',4,to_timestamp('28-FEB-13 12.14.54.918000000 PM','DD-MON-RR HH.MI.SS.FF AM'),'admin',null,to_timestamp('11-FEB-13 12.00.00.000000000 AM','DD-MON-RR HH.MI.SS.FF AM'),null,to_timestamp('28-FEB-13 12.14.54.917000000 PM','DD-MON-RR HH.MI.SS.FF AM'),'Sample alert 6 for user1.',null,null,null,null,null);
Insert into KSSA_INFORMATION (TYPE,ID,ACNT_ID_FK,ACCESS_LEVEL,CREATION_DATE,CREATOR_ID,EDITOR_ID,EFFECTIVE_DATE,EXPIRATION_DATE,LAST_UPDATE,TEXT,SEVERITY,TRN_ID_FK,NEXT_ID,PREV_ID,FLAG_TYPE_ID_FK) values ('F',50706,'user1',4,to_timestamp('28-FEB-13 12.14.54.918000000 PM','DD-MON-RR HH.MI.SS.FF AM'),'admin',null,to_timestamp('12-FEB-13 12.00.00.000000000 AM','DD-MON-RR HH.MI.SS.FF AM'),null,to_timestamp('28-FEB-13 12.14.54.917000000 PM','DD-MON-RR HH.MI.SS.FF AM'),'Sample flag 1 for user1.',null,8,null,null,1);
Insert into KSSA_INFORMATION (TYPE,ID,ACNT_ID_FK,ACCESS_LEVEL,CREATION_DATE,CREATOR_ID,EDITOR_ID,EFFECTIVE_DATE,EXPIRATION_DATE,LAST_UPDATE,TEXT,SEVERITY,TRN_ID_FK,NEXT_ID,PREV_ID,FLAG_TYPE_ID_FK) values ('M',50707,'user1',4,to_timestamp('28-FEB-13 12.14.54.918000000 PM','DD-MON-RR HH.MI.SS.FF AM'),'admin',null,to_timestamp('12-FEB-13 12.00.00.000000000 AM','DD-MON-RR HH.MI.SS.FF AM'),null,to_timestamp('28-FEB-13 12.14.54.917000000 PM','DD-MON-RR HH.MI.SS.FF AM'),'Sample memo 1 for user1.',null,8,null,null,null);
Insert into KSSA_INFORMATION (TYPE,ID,ACNT_ID_FK,ACCESS_LEVEL,CREATION_DATE,CREATOR_ID,EDITOR_ID,EFFECTIVE_DATE,EXPIRATION_DATE,LAST_UPDATE,TEXT,SEVERITY,TRN_ID_FK,NEXT_ID,PREV_ID,FLAG_TYPE_ID_FK) values ('M',50708,'user1',4,to_timestamp('28-FEB-13 12.14.54.918000000 PM','DD-MON-RR HH.MI.SS.FF AM'),'admin',null,to_timestamp('16-AUG-12 12.00.00.000000000 AM','DD-MON-RR HH.MI.SS.FF AM'),null,to_timestamp('28-FEB-13 12.14.54.917000000 PM','DD-MON-RR HH.MI.SS.FF AM'),'Student requested $200 be locked to prior year charge.',null,8,50709,null,null);
Insert into KSSA_INFORMATION (TYPE,ID,ACNT_ID_FK,ACCESS_LEVEL,CREATION_DATE,CREATOR_ID,EDITOR_ID,EFFECTIVE_DATE,EXPIRATION_DATE,LAST_UPDATE,TEXT,SEVERITY,TRN_ID_FK,NEXT_ID,PREV_ID,FLAG_TYPE_ID_FK) values ('M',50709,'user1',4,to_timestamp('28-FEB-13 12.14.54.918000000 PM','DD-MON-RR HH.MI.SS.FF AM'),'admin',null,to_timestamp('26-AUG-12 12.00.00.000000000 AM','DD-MON-RR HH.MI.SS.FF AM'),null,to_timestamp('28-FEB-13 12.14.54.917000000 PM','DD-MON-RR HH.MI.SS.FF AM'),'Approved.',null,8,50710,50708,null);
Insert into KSSA_INFORMATION (TYPE,ID,ACNT_ID_FK,ACCESS_LEVEL,CREATION_DATE,CREATOR_ID,EDITOR_ID,EFFECTIVE_DATE,EXPIRATION_DATE,LAST_UPDATE,TEXT,SEVERITY,TRN_ID_FK,NEXT_ID,PREV_ID,FLAG_TYPE_ID_FK) values ('M',50710,'user1',4,to_timestamp('28-FEB-13 12.14.54.918000000 PM','DD-MON-RR HH.MI.SS.FF AM'),'admin',null,to_timestamp('26-AUG-12 12.00.00.000000000 AM','DD-MON-RR HH.MI.SS.FF AM'),null,to_timestamp('28-FEB-13 12.14.54.917000000 PM','DD-MON-RR HH.MI.SS.FF AM'),'Thank you.',null,8,null,50709,null);
Insert into KSSA_INFORMATION (TYPE,ID,ACNT_ID_FK,ACCESS_LEVEL,CREATION_DATE,CREATOR_ID,EDITOR_ID,EFFECTIVE_DATE,EXPIRATION_DATE,LAST_UPDATE,TEXT,SEVERITY,TRN_ID_FK,NEXT_ID,PREV_ID,FLAG_TYPE_ID_FK) values ('M',50711,'user1',4,to_timestamp('28-FEB-13 12.14.54.918000000 PM','DD-MON-RR HH.MI.SS.FF AM'),'admin',null,to_timestamp('26-AUG-12 12.00.00.000000000 AM','DD-MON-RR HH.MI.SS.FF AM'),null,to_timestamp('28-FEB-13 12.14.54.917000000 PM','DD-MON-RR HH.MI.SS.FF AM'),'Lorem ipsum dolor sit amet, consectetur adipiscing elit. Maecenas pellentesque eleifend ipsum sed placerat. Praesent gravida placerat est in fringilla. Mauris ullamcorper, leo eu adipiscing imperdiet, felis sapien sodales sapien, ut lobortis leo metus eu metus. Maecenas cursus pellentesque varius. Quisque at augue neque. Morbi tortor lorem, fringilla vel pharetra at, luctus non risus. Donec ac aliquam turpis. Etiam tempor ornare interdum. Praesent faucibus blandit libero, sit amet dapibus ipsum malesuada nec. Suspendisse non neque est, quis porttitor justo. Pellentesque nisl est, congue et accumsan vel, facilisis vitae erat. Curabitur vitae ipsum at metus gravida congue eu sed lorem.
Lorem ipsum dolor sit amet, consectetur adipiscing elit. Nullam fermentum congue tortor, ac varius tortor aliquet non. Fusce turpis elit, auctor et auctor ut, ornare id turpis. Pellentesque tellus mi, dignissim nec fringilla vitae, consequat vitae nibh. Vivamus in tristique urna. Ut ut urna dui, nec luctus ante. Maecenas dignissim commodo urna, at dapibus dolor commodo in. Duis cursus neque et enim ultricies vel vehicula enim sodales. Sed quis rutrum mauris. Donec rhoncus mi sit amet est lobortis sit amet convallis libero scelerisque. Proin eu justo id purus dignissim commodo.',null,8,null,null,null);



---------------------------------------------------
--   END DATA FOR TABLE KSSA_INFORMATION
---------------------------------------------------

---------------------------------------------------
--   DATA FOR TABLE KSSA_DOCUMENT
--   FILTER = none used
---------------------------------------------------
REM INSERTING into KSSA_DOCUMENT

---------------------------------------------------
--   END DATA FOR TABLE KSSA_DOCUMENT
---------------------------------------------------

---------------------------------------------------
--   DATA FOR TABLE KSSA_ROLLUP
--   FILTER = none used
---------------------------------------------------
REM INSERTING into KSSA_ROLLUP

Insert into KSSA_ROLLUP (ID,CODE,CREATOR_ID,DESCRIPTION,EDITOR_ID,CREATION_DATE,NAME) values (1,'Code1','pheald','All of the charges that were accrued at the bookstore.',null,to_timestamp('03-APR-12 12.00.00.000000000 AM','DD-MON-RR HH.MI.SS.FF AM'),'Bookstore Charges');
Insert into KSSA_ROLLUP (ID,CODE,CREATOR_ID,DESCRIPTION,EDITOR_ID,CREATION_DATE,NAME) values (2,'Code2','pheald','All forms of financial aid.',null,to_timestamp('03-APR-12 12.00.00.000000000 AM','DD-MON-RR HH.MI.SS.FF AM'),'Financial Aid Payments');
Insert into KSSA_ROLLUP (ID,CODE,CREATOR_ID,DESCRIPTION,EDITOR_ID,CREATION_DATE,NAME) values (3,'Code3','pheald','Tuition Charges for the undergraduate programs.',null,to_timestamp('03-APR-12 12.00.00.000000000 AM','DD-MON-RR HH.MI.SS.FF AM'),'Undergraduate Tuition Charges');
Insert into KSSA_ROLLUP (ID,CODE,CREATOR_ID,DESCRIPTION,EDITOR_ID,CREATION_DATE,NAME) values (4,'Code4','pheald','Tuition charges for the graduate programs.',null,to_timestamp('03-APR-12 12.00.00.000000000 AM','DD-MON-RR HH.MI.SS.FF AM'),'Graduate Tuition Charges');
Insert into KSSA_ROLLUP (ID,CODE,CREATOR_ID,DESCRIPTION,EDITOR_ID,CREATION_DATE,NAME) values (5,'Code5','pheald','Payments made in person with a cashier.',null,to_timestamp('03-APR-12 12.00.00.000000000 AM','DD-MON-RR HH.MI.SS.FF AM'),'Payments Made in Person');
Insert into KSSA_ROLLUP (ID,CODE,CREATOR_ID,DESCRIPTION,EDITOR_ID,CREATION_DATE,NAME) values (6,'Code6','pheald','Payments Made online through the web portal.',null,to_timestamp('03-APR-12 12.00.00.000000000 AM','DD-MON-RR HH.MI.SS.FF AM'),'Payments Made Online');
Insert into KSSA_ROLLUP (ID,CODE,CREATOR_ID,DESCRIPTION,EDITOR_ID,CREATION_DATE,NAME) values (7,'Code7','pheald','Any payment made by mail to the student finance office.',null,to_timestamp('03-APR-12 12.00.00.000000000 AM','DD-MON-RR HH.MI.SS.FF AM'),'Payments Made by Mail');

---------------------------------------------------
--   END DATA FOR TABLE KSSA_ROLLUP
---------------------------------------------------

---------------------------------------------------
--   DATA FOR TABLE KSSA_GL_BREAKDOWN
--   FILTER = none used
---------------------------------------------------
REM INSERTING into KSSA_GL_BREAKDOWN
Insert into KSSA_GL_BREAKDOWN (ID,BREAKDOWN,GL_ACCOUNT,GL_OPERATION,TRANSACTION_TYPE_ID_FK,TRANSACTION_TYPE_SUB_CODE_FK,GL_TYPE_ID_FK) values (164,0,'01-1-131250 0148','C','1511',1,1);
Insert into KSSA_GL_BREAKDOWN (ID,BREAKDOWN,GL_ACCOUNT,GL_OPERATION,TRANSACTION_TYPE_ID_FK,TRANSACTION_TYPE_SUB_CODE_FK,GL_TYPE_ID_FK) values (165,0,'01-8-888880 8888','C','1512',1,1);
Insert into KSSA_GL_BREAKDOWN (ID,BREAKDOWN,GL_ACCOUNT,GL_OPERATION,TRANSACTION_TYPE_ID_FK,TRANSACTION_TYPE_SUB_CODE_FK,GL_TYPE_ID_FK) values (166,0,'01-1-129000 0177','C','1513',1,1);
Insert into KSSA_GL_BREAKDOWN (ID,BREAKDOWN,GL_ACCOUNT,GL_OPERATION,TRANSACTION_TYPE_ID_FK,TRANSACTION_TYPE_SUB_CODE_FK,GL_TYPE_ID_FK) values (167,0,'01-1-129000 0138','C','1514',1,1);
Insert into KSSA_GL_BREAKDOWN (ID,BREAKDOWN,GL_ACCOUNT,GL_OPERATION,TRANSACTION_TYPE_ID_FK,TRANSACTION_TYPE_SUB_CODE_FK,GL_TYPE_ID_FK) values (168,0,'01-0-145080 2601','C','1515',1,1);
Insert into KSSA_GL_BREAKDOWN (ID,BREAKDOWN,GL_ACCOUNT,GL_OPERATION,TRANSACTION_TYPE_ID_FK,TRANSACTION_TYPE_SUB_CODE_FK,GL_TYPE_ID_FK) values (169,0,'01-2-945080 0170','C','1516',1,1);
Insert into KSSA_GL_BREAKDOWN (ID,BREAKDOWN,GL_ACCOUNT,GL_OPERATION,TRANSACTION_TYPE_ID_FK,TRANSACTION_TYPE_SUB_CODE_FK,GL_TYPE_ID_FK) values (170,0,'01-2-945080 0170','C','1517',1,1);
Insert into KSSA_GL_BREAKDOWN (ID,BREAKDOWN,GL_ACCOUNT,GL_OPERATION,TRANSACTION_TYPE_ID_FK,TRANSACTION_TYPE_SUB_CODE_FK,GL_TYPE_ID_FK) values (171,0,'01-1-113370 0183','C','1518',1,1);
Insert into KSSA_GL_BREAKDOWN (ID,BREAKDOWN,GL_ACCOUNT,GL_OPERATION,TRANSACTION_TYPE_ID_FK,TRANSACTION_TYPE_SUB_CODE_FK,GL_TYPE_ID_FK) values (172,0,'01-2-943060 0570','C','1519',1,1);
Insert into KSSA_GL_BREAKDOWN (ID,BREAKDOWN,GL_ACCOUNT,GL_OPERATION,TRANSACTION_TYPE_ID_FK,TRANSACTION_TYPE_SUB_CODE_FK,GL_TYPE_ID_FK) values (173,0,'01-8-888880 8888','C','1520',1,1);
Insert into KSSA_GL_BREAKDOWN (ID,BREAKDOWN,GL_ACCOUNT,GL_OPERATION,TRANSACTION_TYPE_ID_FK,TRANSACTION_TYPE_SUB_CODE_FK,GL_TYPE_ID_FK) values (174,0,'01-1-155030 0171','C','1521',1,1);
Insert into KSSA_GL_BREAKDOWN (ID,BREAKDOWN,GL_ACCOUNT,GL_OPERATION,TRANSACTION_TYPE_ID_FK,TRANSACTION_TYPE_SUB_CODE_FK,GL_TYPE_ID_FK) values (175,0,'01-9-999990 0000','C','1522',1,1);
Insert into KSSA_GL_BREAKDOWN (ID,BREAKDOWN,GL_ACCOUNT,GL_OPERATION,TRANSACTION_TYPE_ID_FK,TRANSACTION_TYPE_SUB_CODE_FK,GL_TYPE_ID_FK) values (176,0,'01-1-155030 0122','C','1523',1,1);
Insert into KSSA_GL_BREAKDOWN (ID,BREAKDOWN,GL_ACCOUNT,GL_OPERATION,TRANSACTION_TYPE_ID_FK,TRANSACTION_TYPE_SUB_CODE_FK,GL_TYPE_ID_FK) values (177,0,'01-1-155030 0120','C','1524',1,1);
Insert into KSSA_GL_BREAKDOWN (ID,BREAKDOWN,GL_ACCOUNT,GL_OPERATION,TRANSACTION_TYPE_ID_FK,TRANSACTION_TYPE_SUB_CODE_FK,GL_TYPE_ID_FK) values (178,0,'01-4-301960 3924','C','1525',1,1);
Insert into KSSA_GL_BREAKDOWN (ID,BREAKDOWN,GL_ACCOUNT,GL_OPERATION,TRANSACTION_TYPE_ID_FK,TRANSACTION_TYPE_SUB_CODE_FK,GL_TYPE_ID_FK) values (179,0,'01-2-945530 0615','C','1526',1,1);
Insert into KSSA_GL_BREAKDOWN (ID,BREAKDOWN,GL_ACCOUNT,GL_OPERATION,TRANSACTION_TYPE_ID_FK,TRANSACTION_TYPE_SUB_CODE_FK,GL_TYPE_ID_FK) values (180,0,'01-2-945460 3928','C','1527',1,1);
Insert into KSSA_GL_BREAKDOWN (ID,BREAKDOWN,GL_ACCOUNT,GL_OPERATION,TRANSACTION_TYPE_ID_FK,TRANSACTION_TYPE_SUB_CODE_FK,GL_TYPE_ID_FK) values (181,0,'01-4-301960 3924','C','1528',1,1);
Insert into KSSA_GL_BREAKDOWN (ID,BREAKDOWN,GL_ACCOUNT,GL_OPERATION,TRANSACTION_TYPE_ID_FK,TRANSACTION_TYPE_SUB_CODE_FK,GL_TYPE_ID_FK) values (182,0,'01-1-102000 0183','C','1529',1,1);
Insert into KSSA_GL_BREAKDOWN (ID,BREAKDOWN,GL_ACCOUNT,GL_OPERATION,TRANSACTION_TYPE_ID_FK,TRANSACTION_TYPE_SUB_CODE_FK,GL_TYPE_ID_FK) values (183,0,'01-2-945610 0189','C','1530',1,1);
Insert into KSSA_GL_BREAKDOWN (ID,BREAKDOWN,GL_ACCOUNT,GL_OPERATION,TRANSACTION_TYPE_ID_FK,TRANSACTION_TYPE_SUB_CODE_FK,GL_TYPE_ID_FK) values (184,0,'01-2-945610 0189','C','1531',1,1);
Insert into KSSA_GL_BREAKDOWN (ID,BREAKDOWN,GL_ACCOUNT,GL_OPERATION,TRANSACTION_TYPE_ID_FK,TRANSACTION_TYPE_SUB_CODE_FK,GL_TYPE_ID_FK) values (185,0,'01-1-111780 0139','C','1532',1,1);
Insert into KSSA_GL_BREAKDOWN (ID,BREAKDOWN,GL_ACCOUNT,GL_OPERATION,TRANSACTION_TYPE_ID_FK,TRANSACTION_TYPE_SUB_CODE_FK,GL_TYPE_ID_FK) values (186,0,'01-1-111780 0139','C','1533',1,1);
Insert into KSSA_GL_BREAKDOWN (ID,BREAKDOWN,GL_ACCOUNT,GL_OPERATION,TRANSACTION_TYPE_ID_FK,TRANSACTION_TYPE_SUB_CODE_FK,GL_TYPE_ID_FK) values (187,0,'01-1-161010 3924','C','1534',1,1);
Insert into KSSA_GL_BREAKDOWN (ID,BREAKDOWN,GL_ACCOUNT,GL_OPERATION,TRANSACTION_TYPE_ID_FK,TRANSACTION_TYPE_SUB_CODE_FK,GL_TYPE_ID_FK) values (188,0,'01-1-114940 0115','C','1535',1,1);
Insert into KSSA_GL_BREAKDOWN (ID,BREAKDOWN,GL_ACCOUNT,GL_OPERATION,TRANSACTION_TYPE_ID_FK,TRANSACTION_TYPE_SUB_CODE_FK,GL_TYPE_ID_FK) values (189,0,'01-1-161010 3924','C','1536',1,1);
Insert into KSSA_GL_BREAKDOWN (ID,BREAKDOWN,GL_ACCOUNT,GL_OPERATION,TRANSACTION_TYPE_ID_FK,TRANSACTION_TYPE_SUB_CODE_FK,GL_TYPE_ID_FK) values (190,0,'01-2-935060 3924','C','1537',1,1);
Insert into KSSA_GL_BREAKDOWN (ID,BREAKDOWN,GL_ACCOUNT,GL_OPERATION,TRANSACTION_TYPE_ID_FK,TRANSACTION_TYPE_SUB_CODE_FK,GL_TYPE_ID_FK) values (191,0,'01-2-954190 3924','C','1538',1,1);
Insert into KSSA_GL_BREAKDOWN (ID,BREAKDOWN,GL_ACCOUNT,GL_OPERATION,TRANSACTION_TYPE_ID_FK,TRANSACTION_TYPE_SUB_CODE_FK,GL_TYPE_ID_FK) values (192,0,'01-1-161010 3924','C','1539',1,1);
Insert into KSSA_GL_BREAKDOWN (ID,BREAKDOWN,GL_ACCOUNT,GL_OPERATION,TRANSACTION_TYPE_ID_FK,TRANSACTION_TYPE_SUB_CODE_FK,GL_TYPE_ID_FK) values (193,0,'01-1-117000 0599','C','1540',1,1);
Insert into KSSA_GL_BREAKDOWN (ID,BREAKDOWN,GL_ACCOUNT,GL_OPERATION,TRANSACTION_TYPE_ID_FK,TRANSACTION_TYPE_SUB_CODE_FK,GL_TYPE_ID_FK) values (194,0,'01-1-117000 0599','C','1541',1,1);
Insert into KSSA_GL_BREAKDOWN (ID,BREAKDOWN,GL_ACCOUNT,GL_OPERATION,TRANSACTION_TYPE_ID_FK,TRANSACTION_TYPE_SUB_CODE_FK,GL_TYPE_ID_FK) values (195,0,'01-1-116490 0599','C','1542',1,1);
Insert into KSSA_GL_BREAKDOWN (ID,BREAKDOWN,GL_ACCOUNT,GL_OPERATION,TRANSACTION_TYPE_ID_FK,TRANSACTION_TYPE_SUB_CODE_FK,GL_TYPE_ID_FK) values (196,0,'01-1-117000 0187','C','1543',1,1);
Insert into KSSA_GL_BREAKDOWN (ID,BREAKDOWN,GL_ACCOUNT,GL_OPERATION,TRANSACTION_TYPE_ID_FK,TRANSACTION_TYPE_SUB_CODE_FK,GL_TYPE_ID_FK) values (197,0,'01-9-990090 0189','C','1544',1,1);
Insert into KSSA_GL_BREAKDOWN (ID,BREAKDOWN,GL_ACCOUNT,GL_OPERATION,TRANSACTION_TYPE_ID_FK,TRANSACTION_TYPE_SUB_CODE_FK,GL_TYPE_ID_FK) values (198,0,'01-1-117000 0599','C','1545',1,1);
Insert into KSSA_GL_BREAKDOWN (ID,BREAKDOWN,GL_ACCOUNT,GL_OPERATION,TRANSACTION_TYPE_ID_FK,TRANSACTION_TYPE_SUB_CODE_FK,GL_TYPE_ID_FK) values (199,0,'01-9-990140 0189','C','1546',1,1);
Insert into KSSA_GL_BREAKDOWN (ID,BREAKDOWN,GL_ACCOUNT,GL_OPERATION,TRANSACTION_TYPE_ID_FK,TRANSACTION_TYPE_SUB_CODE_FK,GL_TYPE_ID_FK) values (200,0,'01-1-117000 0599','C','1547',1,1);
Insert into KSSA_GL_BREAKDOWN (ID,BREAKDOWN,GL_ACCOUNT,GL_OPERATION,TRANSACTION_TYPE_ID_FK,TRANSACTION_TYPE_SUB_CODE_FK,GL_TYPE_ID_FK) values (201,0,'01-1-117000 0189','C','1548',1,1);
Insert into KSSA_GL_BREAKDOWN (ID,BREAKDOWN,GL_ACCOUNT,GL_OPERATION,TRANSACTION_TYPE_ID_FK,TRANSACTION_TYPE_SUB_CODE_FK,GL_TYPE_ID_FK) values (202,0,'01-1-117000 0599','C','1549',1,1);
Insert into KSSA_GL_BREAKDOWN (ID,BREAKDOWN,GL_ACCOUNT,GL_OPERATION,TRANSACTION_TYPE_ID_FK,TRANSACTION_TYPE_SUB_CODE_FK,GL_TYPE_ID_FK) values (203,0,'01-2-932050 0570','C','1550',1,1);
Insert into KSSA_GL_BREAKDOWN (ID,BREAKDOWN,GL_ACCOUNT,GL_OPERATION,TRANSACTION_TYPE_ID_FK,TRANSACTION_TYPE_SUB_CODE_FK,GL_TYPE_ID_FK) values (204,0,'01-1-119340 0570','C','1551',1,1);
Insert into KSSA_GL_BREAKDOWN (ID,BREAKDOWN,GL_ACCOUNT,GL_OPERATION,TRANSACTION_TYPE_ID_FK,TRANSACTION_TYPE_SUB_CODE_FK,GL_TYPE_ID_FK) values (205,0,'01-1-118500 0570','C','1552',1,1);
Insert into KSSA_GL_BREAKDOWN (ID,BREAKDOWN,GL_ACCOUNT,GL_OPERATION,TRANSACTION_TYPE_ID_FK,TRANSACTION_TYPE_SUB_CODE_FK,GL_TYPE_ID_FK) values (206,0,'01-1-119040 0570','C','1553',1,1);
Insert into KSSA_GL_BREAKDOWN (ID,BREAKDOWN,GL_ACCOUNT,GL_OPERATION,TRANSACTION_TYPE_ID_FK,TRANSACTION_TYPE_SUB_CODE_FK,GL_TYPE_ID_FK) values (207,0,'01-2-932120 0570','C','1554',1,1);
Insert into KSSA_GL_BREAKDOWN (ID,BREAKDOWN,GL_ACCOUNT,GL_OPERATION,TRANSACTION_TYPE_ID_FK,TRANSACTION_TYPE_SUB_CODE_FK,GL_TYPE_ID_FK) values (208,0,'01-1-132010 3240','C','1555',1,1);
Insert into KSSA_GL_BREAKDOWN (ID,BREAKDOWN,GL_ACCOUNT,GL_OPERATION,TRANSACTION_TYPE_ID_FK,TRANSACTION_TYPE_SUB_CODE_FK,GL_TYPE_ID_FK) values (209,0,'01-2-949650 0189','C','1556',1,1);
Insert into KSSA_GL_BREAKDOWN (ID,BREAKDOWN,GL_ACCOUNT,GL_OPERATION,TRANSACTION_TYPE_ID_FK,TRANSACTION_TYPE_SUB_CODE_FK,GL_TYPE_ID_FK) values (210,0,'01-2-947020 0190','C','1557',1,1);
Insert into KSSA_GL_BREAKDOWN (ID,BREAKDOWN,GL_ACCOUNT,GL_OPERATION,TRANSACTION_TYPE_ID_FK,TRANSACTION_TYPE_SUB_CODE_FK,GL_TYPE_ID_FK) values (211,0,'01-2-935060 0189','C','1558',1,1);
Insert into KSSA_GL_BREAKDOWN (ID,BREAKDOWN,GL_ACCOUNT,GL_OPERATION,TRANSACTION_TYPE_ID_FK,TRANSACTION_TYPE_SUB_CODE_FK,GL_TYPE_ID_FK) values (212,0,'01-2-945080 0170','C','1559',1,1);
Insert into KSSA_GL_BREAKDOWN (ID,BREAKDOWN,GL_ACCOUNT,GL_OPERATION,TRANSACTION_TYPE_ID_FK,TRANSACTION_TYPE_SUB_CODE_FK,GL_TYPE_ID_FK) values (213,0,'01-2-946270 0146','C','1560',1,1);
Insert into KSSA_GL_BREAKDOWN (ID,BREAKDOWN,GL_ACCOUNT,GL_OPERATION,TRANSACTION_TYPE_ID_FK,TRANSACTION_TYPE_SUB_CODE_FK,GL_TYPE_ID_FK) values (214,0,'01-1-102500 0570','C','1561',1,1);
Insert into KSSA_GL_BREAKDOWN (ID,BREAKDOWN,GL_ACCOUNT,GL_OPERATION,TRANSACTION_TYPE_ID_FK,TRANSACTION_TYPE_SUB_CODE_FK,GL_TYPE_ID_FK) values (215,0,'01-2-951660 0170','C','1562',1,1);
Insert into KSSA_GL_BREAKDOWN (ID,BREAKDOWN,GL_ACCOUNT,GL_OPERATION,TRANSACTION_TYPE_ID_FK,TRANSACTION_TYPE_SUB_CODE_FK,GL_TYPE_ID_FK) values (216,0,'01-1-118780 0118','C','1563',1,1);
Insert into KSSA_GL_BREAKDOWN (ID,BREAKDOWN,GL_ACCOUNT,GL_OPERATION,TRANSACTION_TYPE_ID_FK,TRANSACTION_TYPE_SUB_CODE_FK,GL_TYPE_ID_FK) values (217,0,'01-2-943060 0570','C','1564',1,1);
Insert into KSSA_GL_BREAKDOWN (ID,BREAKDOWN,GL_ACCOUNT,GL_OPERATION,TRANSACTION_TYPE_ID_FK,TRANSACTION_TYPE_SUB_CODE_FK,GL_TYPE_ID_FK) values (218,0,'01-2-943060 0570','C','1565',1,1);
Insert into KSSA_GL_BREAKDOWN (ID,BREAKDOWN,GL_ACCOUNT,GL_OPERATION,TRANSACTION_TYPE_ID_FK,TRANSACTION_TYPE_SUB_CODE_FK,GL_TYPE_ID_FK) values (219,0,'01-2-943060 0570','C','1566',1,1);
Insert into KSSA_GL_BREAKDOWN (ID,BREAKDOWN,GL_ACCOUNT,GL_OPERATION,TRANSACTION_TYPE_ID_FK,TRANSACTION_TYPE_SUB_CODE_FK,GL_TYPE_ID_FK) values (220,0,'01-2-943060 0570','C','1567',1,1);
Insert into KSSA_GL_BREAKDOWN (ID,BREAKDOWN,GL_ACCOUNT,GL_OPERATION,TRANSACTION_TYPE_ID_FK,TRANSACTION_TYPE_SUB_CODE_FK,GL_TYPE_ID_FK) values (221,0,'01-1-144450 0139','C','1568',1,1);
Insert into KSSA_GL_BREAKDOWN (ID,BREAKDOWN,GL_ACCOUNT,GL_OPERATION,TRANSACTION_TYPE_ID_FK,TRANSACTION_TYPE_SUB_CODE_FK,GL_TYPE_ID_FK) values (222,0,'01-1-012030 0141','C','1600',1,1);
Insert into KSSA_GL_BREAKDOWN (ID,BREAKDOWN,GL_ACCOUNT,GL_OPERATION,TRANSACTION_TYPE_ID_FK,TRANSACTION_TYPE_SUB_CODE_FK,GL_TYPE_ID_FK) values (223,0,'01-1-012040 0147','C','1602',1,1);
Insert into KSSA_GL_BREAKDOWN (ID,BREAKDOWN,GL_ACCOUNT,GL_OPERATION,TRANSACTION_TYPE_ID_FK,TRANSACTION_TYPE_SUB_CODE_FK,GL_TYPE_ID_FK) values (224,0,'00-0-000000 0000','C','1604',1,1);
Insert into KSSA_GL_BREAKDOWN (ID,BREAKDOWN,GL_ACCOUNT,GL_OPERATION,TRANSACTION_TYPE_ID_FK,TRANSACTION_TYPE_SUB_CODE_FK,GL_TYPE_ID_FK) values (225,0,'01-1-012010 0150','C','1606',1,1);
Insert into KSSA_GL_BREAKDOWN (ID,BREAKDOWN,GL_ACCOUNT,GL_OPERATION,TRANSACTION_TYPE_ID_FK,TRANSACTION_TYPE_SUB_CODE_FK,GL_TYPE_ID_FK) values (226,0,'01-1-012030 0140','C','1608',1,1);
Insert into KSSA_GL_BREAKDOWN (ID,BREAKDOWN,GL_ACCOUNT,GL_OPERATION,TRANSACTION_TYPE_ID_FK,TRANSACTION_TYPE_SUB_CODE_FK,GL_TYPE_ID_FK) values (227,0,'01-1-142370 0139','C','1609',1,1);
Insert into KSSA_GL_BREAKDOWN (ID,BREAKDOWN,GL_ACCOUNT,GL_OPERATION,TRANSACTION_TYPE_ID_FK,TRANSACTION_TYPE_SUB_CODE_FK,GL_TYPE_ID_FK) values (228,0,'01-1-142360 0139','C','1610',1,1);
Insert into KSSA_GL_BREAKDOWN (ID,BREAKDOWN,GL_ACCOUNT,GL_OPERATION,TRANSACTION_TYPE_ID_FK,TRANSACTION_TYPE_SUB_CODE_FK,GL_TYPE_ID_FK) values (229,0,'01-1-142360 0139','C','1611',1,1);
Insert into KSSA_GL_BREAKDOWN (ID,BREAKDOWN,GL_ACCOUNT,GL_OPERATION,TRANSACTION_TYPE_ID_FK,TRANSACTION_TYPE_SUB_CODE_FK,GL_TYPE_ID_FK) values (230,0,'01-1-142220 0140','C','1612',1,1);
Insert into KSSA_GL_BREAKDOWN (ID,BREAKDOWN,GL_ACCOUNT,GL_OPERATION,TRANSACTION_TYPE_ID_FK,TRANSACTION_TYPE_SUB_CODE_FK,GL_TYPE_ID_FK) values (231,0,'01-1-142220 0140','C','1613',1,1);
Insert into KSSA_GL_BREAKDOWN (ID,BREAKDOWN,GL_ACCOUNT,GL_OPERATION,TRANSACTION_TYPE_ID_FK,TRANSACTION_TYPE_SUB_CODE_FK,GL_TYPE_ID_FK) values (232,0,'01-1-144980 0141','C','1614',1,1);
Insert into KSSA_GL_BREAKDOWN (ID,BREAKDOWN,GL_ACCOUNT,GL_OPERATION,TRANSACTION_TYPE_ID_FK,TRANSACTION_TYPE_SUB_CODE_FK,GL_TYPE_ID_FK) values (233,0,'00-0-000000 0000','C','1700',1,1);
Insert into KSSA_GL_BREAKDOWN (ID,BREAKDOWN,GL_ACCOUNT,GL_OPERATION,TRANSACTION_TYPE_ID_FK,TRANSACTION_TYPE_SUB_CODE_FK,GL_TYPE_ID_FK) values (234,0,'00-0-000000 0000','C','1701',1,1);
Insert into KSSA_GL_BREAKDOWN (ID,BREAKDOWN,GL_ACCOUNT,GL_OPERATION,TRANSACTION_TYPE_ID_FK,TRANSACTION_TYPE_SUB_CODE_FK,GL_TYPE_ID_FK) values (235,0,'01-2-941010 0139','C','1702',1,1);
Insert into KSSA_GL_BREAKDOWN (ID,BREAKDOWN,GL_ACCOUNT,GL_OPERATION,TRANSACTION_TYPE_ID_FK,TRANSACTION_TYPE_SUB_CODE_FK,GL_TYPE_ID_FK) values (1,0,'01-8-888880 8888','C','1001',1,1);
Insert into KSSA_GL_BREAKDOWN (ID,BREAKDOWN,GL_ACCOUNT,GL_OPERATION,TRANSACTION_TYPE_ID_FK,TRANSACTION_TYPE_SUB_CODE_FK,GL_TYPE_ID_FK) values (2,0,'01-1-010000 0102','C','1020',1,1);
Insert into KSSA_GL_BREAKDOWN (ID,BREAKDOWN,GL_ACCOUNT,GL_OPERATION,TRANSACTION_TYPE_ID_FK,TRANSACTION_TYPE_SUB_CODE_FK,GL_TYPE_ID_FK) values (3,0,'01-8-888880 8888','C','1021',1,1);
Insert into KSSA_GL_BREAKDOWN (ID,BREAKDOWN,GL_ACCOUNT,GL_OPERATION,TRANSACTION_TYPE_ID_FK,TRANSACTION_TYPE_SUB_CODE_FK,GL_TYPE_ID_FK) values (4,0,'01-1-010000 0103','C','1040',1,1);
Insert into KSSA_GL_BREAKDOWN (ID,BREAKDOWN,GL_ACCOUNT,GL_OPERATION,TRANSACTION_TYPE_ID_FK,TRANSACTION_TYPE_SUB_CODE_FK,GL_TYPE_ID_FK) values (5,0,'01-8-888880 8888','C','1041',1,1);
Insert into KSSA_GL_BREAKDOWN (ID,BREAKDOWN,GL_ACCOUNT,GL_OPERATION,TRANSACTION_TYPE_ID_FK,TRANSACTION_TYPE_SUB_CODE_FK,GL_TYPE_ID_FK) values (6,0,'01-0-500320 1430','C','1045',1,1);
Insert into KSSA_GL_BREAKDOWN (ID,BREAKDOWN,GL_ACCOUNT,GL_OPERATION,TRANSACTION_TYPE_ID_FK,TRANSACTION_TYPE_SUB_CODE_FK,GL_TYPE_ID_FK) values (7,0,'01-1-010000 0104','C','1050',1,1);
Insert into KSSA_GL_BREAKDOWN (ID,BREAKDOWN,GL_ACCOUNT,GL_OPERATION,TRANSACTION_TYPE_ID_FK,TRANSACTION_TYPE_SUB_CODE_FK,GL_TYPE_ID_FK) values (8,0,'00-0-000000 0000','C','1051',1,1);
Insert into KSSA_GL_BREAKDOWN (ID,BREAKDOWN,GL_ACCOUNT,GL_OPERATION,TRANSACTION_TYPE_ID_FK,TRANSACTION_TYPE_SUB_CODE_FK,GL_TYPE_ID_FK) values (9,0,'01-8-888880 8888','C','1060',1,1);
Insert into KSSA_GL_BREAKDOWN (ID,BREAKDOWN,GL_ACCOUNT,GL_OPERATION,TRANSACTION_TYPE_ID_FK,TRANSACTION_TYPE_SUB_CODE_FK,GL_TYPE_ID_FK) values (10,0,'01-1-010000 0101','C','1070',1,1);
Insert into KSSA_GL_BREAKDOWN (ID,BREAKDOWN,GL_ACCOUNT,GL_OPERATION,TRANSACTION_TYPE_ID_FK,TRANSACTION_TYPE_SUB_CODE_FK,GL_TYPE_ID_FK) values (11,0,'01-2-813050 0187','C','1071',1,1);
Insert into KSSA_GL_BREAKDOWN (ID,BREAKDOWN,GL_ACCOUNT,GL_OPERATION,TRANSACTION_TYPE_ID_FK,TRANSACTION_TYPE_SUB_CODE_FK,GL_TYPE_ID_FK) values (12,0,'01-2-813050 0187','C','1072',1,1);
Insert into KSSA_GL_BREAKDOWN (ID,BREAKDOWN,GL_ACCOUNT,GL_OPERATION,TRANSACTION_TYPE_ID_FK,TRANSACTION_TYPE_SUB_CODE_FK,GL_TYPE_ID_FK) values (13,0,'01-2-813050 0187','C','1073',1,1);
Insert into KSSA_GL_BREAKDOWN (ID,BREAKDOWN,GL_ACCOUNT,GL_OPERATION,TRANSACTION_TYPE_ID_FK,TRANSACTION_TYPE_SUB_CODE_FK,GL_TYPE_ID_FK) values (14,0,'01-1-010000 0102','C','1080',1,1);
Insert into KSSA_GL_BREAKDOWN (ID,BREAKDOWN,GL_ACCOUNT,GL_OPERATION,TRANSACTION_TYPE_ID_FK,TRANSACTION_TYPE_SUB_CODE_FK,GL_TYPE_ID_FK) values (15,0,'01-1-010000 0110','C','1100',1,1);
Insert into KSSA_GL_BREAKDOWN (ID,BREAKDOWN,GL_ACCOUNT,GL_OPERATION,TRANSACTION_TYPE_ID_FK,TRANSACTION_TYPE_SUB_CODE_FK,GL_TYPE_ID_FK) values (16,0,'00-0-000000 0000','C','1101',1,1);
Insert into KSSA_GL_BREAKDOWN (ID,BREAKDOWN,GL_ACCOUNT,GL_OPERATION,TRANSACTION_TYPE_ID_FK,TRANSACTION_TYPE_SUB_CODE_FK,GL_TYPE_ID_FK) values (17,0,'01-1-010000 0110','C','1120',1,1);
Insert into KSSA_GL_BREAKDOWN (ID,BREAKDOWN,GL_ACCOUNT,GL_OPERATION,TRANSACTION_TYPE_ID_FK,TRANSACTION_TYPE_SUB_CODE_FK,GL_TYPE_ID_FK) values (18,0,'01-8-888880 8888','C','1121',1,1);
Insert into KSSA_GL_BREAKDOWN (ID,BREAKDOWN,GL_ACCOUNT,GL_OPERATION,TRANSACTION_TYPE_ID_FK,TRANSACTION_TYPE_SUB_CODE_FK,GL_TYPE_ID_FK) values (19,0,'01-1-010000 0111','C','1140',1,1);
Insert into KSSA_GL_BREAKDOWN (ID,BREAKDOWN,GL_ACCOUNT,GL_OPERATION,TRANSACTION_TYPE_ID_FK,TRANSACTION_TYPE_SUB_CODE_FK,GL_TYPE_ID_FK) values (20,0,'00-0-000000 0000','C','1141',1,1);
Insert into KSSA_GL_BREAKDOWN (ID,BREAKDOWN,GL_ACCOUNT,GL_OPERATION,TRANSACTION_TYPE_ID_FK,TRANSACTION_TYPE_SUB_CODE_FK,GL_TYPE_ID_FK) values (21,0,'01-1-010000 0111','C','1160',1,1);
Insert into KSSA_GL_BREAKDOWN (ID,BREAKDOWN,GL_ACCOUNT,GL_OPERATION,TRANSACTION_TYPE_ID_FK,TRANSACTION_TYPE_SUB_CODE_FK,GL_TYPE_ID_FK) values (22,0,'01-8-888880 8888','C','1161',1,1);
Insert into KSSA_GL_BREAKDOWN (ID,BREAKDOWN,GL_ACCOUNT,GL_OPERATION,TRANSACTION_TYPE_ID_FK,TRANSACTION_TYPE_SUB_CODE_FK,GL_TYPE_ID_FK) values (23,0,'01-1-127500 3360','C','1162',1,1);
Insert into KSSA_GL_BREAKDOWN (ID,BREAKDOWN,GL_ACCOUNT,GL_OPERATION,TRANSACTION_TYPE_ID_FK,TRANSACTION_TYPE_SUB_CODE_FK,GL_TYPE_ID_FK) values (24,0,'01-1-010000 0110','C','1165',1,1);
Insert into KSSA_GL_BREAKDOWN (ID,BREAKDOWN,GL_ACCOUNT,GL_OPERATION,TRANSACTION_TYPE_ID_FK,TRANSACTION_TYPE_SUB_CODE_FK,GL_TYPE_ID_FK) values (25,0,'01-1-129020 0149','C','1166',1,1);
Insert into KSSA_GL_BREAKDOWN (ID,BREAKDOWN,GL_ACCOUNT,GL_OPERATION,TRANSACTION_TYPE_ID_FK,TRANSACTION_TYPE_SUB_CODE_FK,GL_TYPE_ID_FK) values (26,0,'01-1-010000 0111','C','1167',1,1);
Insert into KSSA_GL_BREAKDOWN (ID,BREAKDOWN,GL_ACCOUNT,GL_OPERATION,TRANSACTION_TYPE_ID_FK,TRANSACTION_TYPE_SUB_CODE_FK,GL_TYPE_ID_FK) values (27,0,'01-1-129020 0149','C','1168',1,1);
Insert into KSSA_GL_BREAKDOWN (ID,BREAKDOWN,GL_ACCOUNT,GL_OPERATION,TRANSACTION_TYPE_ID_FK,TRANSACTION_TYPE_SUB_CODE_FK,GL_TYPE_ID_FK) values (28,0,'01-1-117000 0138','C','1170',1,1);
Insert into KSSA_GL_BREAKDOWN (ID,BREAKDOWN,GL_ACCOUNT,GL_OPERATION,TRANSACTION_TYPE_ID_FK,TRANSACTION_TYPE_SUB_CODE_FK,GL_TYPE_ID_FK) values (29,0,'01-1-010000 0110','C','1171',1,1);
Insert into KSSA_GL_BREAKDOWN (ID,BREAKDOWN,GL_ACCOUNT,GL_OPERATION,TRANSACTION_TYPE_ID_FK,TRANSACTION_TYPE_SUB_CODE_FK,GL_TYPE_ID_FK) values (30,0,'01-1-117000 0138','C','1172',1,1);
Insert into KSSA_GL_BREAKDOWN (ID,BREAKDOWN,GL_ACCOUNT,GL_OPERATION,TRANSACTION_TYPE_ID_FK,TRANSACTION_TYPE_SUB_CODE_FK,GL_TYPE_ID_FK) values (31,0,'01-1-010000 0111','C','1173',1,1);
Insert into KSSA_GL_BREAKDOWN (ID,BREAKDOWN,GL_ACCOUNT,GL_OPERATION,TRANSACTION_TYPE_ID_FK,TRANSACTION_TYPE_SUB_CODE_FK,GL_TYPE_ID_FK) values (32,0,'01-1-117000 0138','C','1174',1,1);
Insert into KSSA_GL_BREAKDOWN (ID,BREAKDOWN,GL_ACCOUNT,GL_OPERATION,TRANSACTION_TYPE_ID_FK,TRANSACTION_TYPE_SUB_CODE_FK,GL_TYPE_ID_FK) values (33,0,'01-2-808100 0135','C','1175',1,1);
Insert into KSSA_GL_BREAKDOWN (ID,BREAKDOWN,GL_ACCOUNT,GL_OPERATION,TRANSACTION_TYPE_ID_FK,TRANSACTION_TYPE_SUB_CODE_FK,GL_TYPE_ID_FK) values (34,0,'01-1-117040 0136','C','1176',1,1);
Insert into KSSA_GL_BREAKDOWN (ID,BREAKDOWN,GL_ACCOUNT,GL_OPERATION,TRANSACTION_TYPE_ID_FK,TRANSACTION_TYPE_SUB_CODE_FK,GL_TYPE_ID_FK) values (35,0,'01-1-117000 0179','C','1177',1,1);
Insert into KSSA_GL_BREAKDOWN (ID,BREAKDOWN,GL_ACCOUNT,GL_OPERATION,TRANSACTION_TYPE_ID_FK,TRANSACTION_TYPE_SUB_CODE_FK,GL_TYPE_ID_FK) values (36,0,'01-1-129120 0118','C','1178',1,1);
Insert into KSSA_GL_BREAKDOWN (ID,BREAKDOWN,GL_ACCOUNT,GL_OPERATION,TRANSACTION_TYPE_ID_FK,TRANSACTION_TYPE_SUB_CODE_FK,GL_TYPE_ID_FK) values (37,0,'01-1-116840 0129','C','1179',1,1);
Insert into KSSA_GL_BREAKDOWN (ID,BREAKDOWN,GL_ACCOUNT,GL_OPERATION,TRANSACTION_TYPE_ID_FK,TRANSACTION_TYPE_SUB_CODE_FK,GL_TYPE_ID_FK) values (38,0,'01-1-122610 0118','C','1180',1,1);
Insert into KSSA_GL_BREAKDOWN (ID,BREAKDOWN,GL_ACCOUNT,GL_OPERATION,TRANSACTION_TYPE_ID_FK,TRANSACTION_TYPE_SUB_CODE_FK,GL_TYPE_ID_FK) values (39,0,'01-1-122110 0139','C','1181',1,1);
Insert into KSSA_GL_BREAKDOWN (ID,BREAKDOWN,GL_ACCOUNT,GL_OPERATION,TRANSACTION_TYPE_ID_FK,TRANSACTION_TYPE_SUB_CODE_FK,GL_TYPE_ID_FK) values (40,0,'01-2-941250 0139','C','1182',1,1);
Insert into KSSA_GL_BREAKDOWN (ID,BREAKDOWN,GL_ACCOUNT,GL_OPERATION,TRANSACTION_TYPE_ID_FK,TRANSACTION_TYPE_SUB_CODE_FK,GL_TYPE_ID_FK) values (41,0,'01-2-276000 0111','C','1183',1,1);
Insert into KSSA_GL_BREAKDOWN (ID,BREAKDOWN,GL_ACCOUNT,GL_OPERATION,TRANSACTION_TYPE_ID_FK,TRANSACTION_TYPE_SUB_CODE_FK,GL_TYPE_ID_FK) values (42,0,'01-2-276000 0110','C','1184',1,1);
Insert into KSSA_GL_BREAKDOWN (ID,BREAKDOWN,GL_ACCOUNT,GL_OPERATION,TRANSACTION_TYPE_ID_FK,TRANSACTION_TYPE_SUB_CODE_FK,GL_TYPE_ID_FK) values (43,0,'01-1-129000 0137','C','1186',1,1);
Insert into KSSA_GL_BREAKDOWN (ID,BREAKDOWN,GL_ACCOUNT,GL_OPERATION,TRANSACTION_TYPE_ID_FK,TRANSACTION_TYPE_SUB_CODE_FK,GL_TYPE_ID_FK) values (44,0,'01-1-129000 0139','C','1187',1,1);
Insert into KSSA_GL_BREAKDOWN (ID,BREAKDOWN,GL_ACCOUNT,GL_OPERATION,TRANSACTION_TYPE_ID_FK,TRANSACTION_TYPE_SUB_CODE_FK,GL_TYPE_ID_FK) values (45,0,'01-1-126130 0110','C','1188',1,1);
Insert into KSSA_GL_BREAKDOWN (ID,BREAKDOWN,GL_ACCOUNT,GL_OPERATION,TRANSACTION_TYPE_ID_FK,TRANSACTION_TYPE_SUB_CODE_FK,GL_TYPE_ID_FK) values (46,0,'01-1-126130 0111','C','1189',1,1);
Insert into KSSA_GL_BREAKDOWN (ID,BREAKDOWN,GL_ACCOUNT,GL_OPERATION,TRANSACTION_TYPE_ID_FK,TRANSACTION_TYPE_SUB_CODE_FK,GL_TYPE_ID_FK) values (47,0,'01-1-126130 0151','C','1190',1,1);
Insert into KSSA_GL_BREAKDOWN (ID,BREAKDOWN,GL_ACCOUNT,GL_OPERATION,TRANSACTION_TYPE_ID_FK,TRANSACTION_TYPE_SUB_CODE_FK,GL_TYPE_ID_FK) values (48,0,'01-1-116850 0129','C','1191',1,1);
Insert into KSSA_GL_BREAKDOWN (ID,BREAKDOWN,GL_ACCOUNT,GL_OPERATION,TRANSACTION_TYPE_ID_FK,TRANSACTION_TYPE_SUB_CODE_FK,GL_TYPE_ID_FK) values (49,0,'01-1-126140 0110','C','1192',1,1);
Insert into KSSA_GL_BREAKDOWN (ID,BREAKDOWN,GL_ACCOUNT,GL_OPERATION,TRANSACTION_TYPE_ID_FK,TRANSACTION_TYPE_SUB_CODE_FK,GL_TYPE_ID_FK) values (50,0,'01-1-126140 0111','C','1193',1,1);
Insert into KSSA_GL_BREAKDOWN (ID,BREAKDOWN,GL_ACCOUNT,GL_OPERATION,TRANSACTION_TYPE_ID_FK,TRANSACTION_TYPE_SUB_CODE_FK,GL_TYPE_ID_FK) values (51,0,'01-1-126140 0151','C','1194',1,1);
Insert into KSSA_GL_BREAKDOWN (ID,BREAKDOWN,GL_ACCOUNT,GL_OPERATION,TRANSACTION_TYPE_ID_FK,TRANSACTION_TYPE_SUB_CODE_FK,GL_TYPE_ID_FK) values (52,0,'01-1-130380 3752','C','1195',1,1);
Insert into KSSA_GL_BREAKDOWN (ID,BREAKDOWN,GL_ACCOUNT,GL_OPERATION,TRANSACTION_TYPE_ID_FK,TRANSACTION_TYPE_SUB_CODE_FK,GL_TYPE_ID_FK) values (53,0,'01-1-012020 0140','C','1196',1,1);
Insert into KSSA_GL_BREAKDOWN (ID,BREAKDOWN,GL_ACCOUNT,GL_OPERATION,TRANSACTION_TYPE_ID_FK,TRANSACTION_TYPE_SUB_CODE_FK,GL_TYPE_ID_FK) values (54,0,'01-1-012020 0146','C','1198',1,1);
Insert into KSSA_GL_BREAKDOWN (ID,BREAKDOWN,GL_ACCOUNT,GL_OPERATION,TRANSACTION_TYPE_ID_FK,TRANSACTION_TYPE_SUB_CODE_FK,GL_TYPE_ID_FK) values (55,0,'01-1-012020 0140','C','1202',1,1);
Insert into KSSA_GL_BREAKDOWN (ID,BREAKDOWN,GL_ACCOUNT,GL_OPERATION,TRANSACTION_TYPE_ID_FK,TRANSACTION_TYPE_SUB_CODE_FK,GL_TYPE_ID_FK) values (56,0,'01-8-888880 8888','C','1204',1,1);
Insert into KSSA_GL_BREAKDOWN (ID,BREAKDOWN,GL_ACCOUNT,GL_OPERATION,TRANSACTION_TYPE_ID_FK,TRANSACTION_TYPE_SUB_CODE_FK,GL_TYPE_ID_FK) values (57,0,'01-8-888880 8888','C','1206',1,1);
Insert into KSSA_GL_BREAKDOWN (ID,BREAKDOWN,GL_ACCOUNT,GL_OPERATION,TRANSACTION_TYPE_ID_FK,TRANSACTION_TYPE_SUB_CODE_FK,GL_TYPE_ID_FK) values (58,0,'01-8-888880 8888','C','1208',1,1);
Insert into KSSA_GL_BREAKDOWN (ID,BREAKDOWN,GL_ACCOUNT,GL_OPERATION,TRANSACTION_TYPE_ID_FK,TRANSACTION_TYPE_SUB_CODE_FK,GL_TYPE_ID_FK) values (59,0,'01-8-888880 8888','C','1210',1,1);
Insert into KSSA_GL_BREAKDOWN (ID,BREAKDOWN,GL_ACCOUNT,GL_OPERATION,TRANSACTION_TYPE_ID_FK,TRANSACTION_TYPE_SUB_CODE_FK,GL_TYPE_ID_FK) values (60,0,'01-8-888880 8888','C','1212',1,1);
Insert into KSSA_GL_BREAKDOWN (ID,BREAKDOWN,GL_ACCOUNT,GL_OPERATION,TRANSACTION_TYPE_ID_FK,TRANSACTION_TYPE_SUB_CODE_FK,GL_TYPE_ID_FK) values (61,0,'01-8-888880 8888','C','1213',1,1);
Insert into KSSA_GL_BREAKDOWN (ID,BREAKDOWN,GL_ACCOUNT,GL_OPERATION,TRANSACTION_TYPE_ID_FK,TRANSACTION_TYPE_SUB_CODE_FK,GL_TYPE_ID_FK) values (62,0,'01-8-888880 8888','C','1214',1,1);
Insert into KSSA_GL_BREAKDOWN (ID,BREAKDOWN,GL_ACCOUNT,GL_OPERATION,TRANSACTION_TYPE_ID_FK,TRANSACTION_TYPE_SUB_CODE_FK,GL_TYPE_ID_FK) values (63,0,'01-8-888880 8888','C','1215',1,1);
Insert into KSSA_GL_BREAKDOWN (ID,BREAKDOWN,GL_ACCOUNT,GL_OPERATION,TRANSACTION_TYPE_ID_FK,TRANSACTION_TYPE_SUB_CODE_FK,GL_TYPE_ID_FK) values (64,0,'00-0-000000 0000','C','1216',1,1);
Insert into KSSA_GL_BREAKDOWN (ID,BREAKDOWN,GL_ACCOUNT,GL_OPERATION,TRANSACTION_TYPE_ID_FK,TRANSACTION_TYPE_SUB_CODE_FK,GL_TYPE_ID_FK) values (65,0,'00-0-000000 0000','C','1218',1,1);
Insert into KSSA_GL_BREAKDOWN (ID,BREAKDOWN,GL_ACCOUNT,GL_OPERATION,TRANSACTION_TYPE_ID_FK,TRANSACTION_TYPE_SUB_CODE_FK,GL_TYPE_ID_FK) values (66,0,'01-2-804000 0172','C','1240',1,1);
Insert into KSSA_GL_BREAKDOWN (ID,BREAKDOWN,GL_ACCOUNT,GL_OPERATION,TRANSACTION_TYPE_ID_FK,TRANSACTION_TYPE_SUB_CODE_FK,GL_TYPE_ID_FK) values (67,0,'01-2-804000 0172','C','1242',1,1);
Insert into KSSA_GL_BREAKDOWN (ID,BREAKDOWN,GL_ACCOUNT,GL_OPERATION,TRANSACTION_TYPE_ID_FK,TRANSACTION_TYPE_SUB_CODE_FK,GL_TYPE_ID_FK) values (68,0,'01-2-804000 0172','C','1244',1,1);
Insert into KSSA_GL_BREAKDOWN (ID,BREAKDOWN,GL_ACCOUNT,GL_OPERATION,TRANSACTION_TYPE_ID_FK,TRANSACTION_TYPE_SUB_CODE_FK,GL_TYPE_ID_FK) values (69,0,'01-2-804000 0172','C','1245',1,1);
Insert into KSSA_GL_BREAKDOWN (ID,BREAKDOWN,GL_ACCOUNT,GL_OPERATION,TRANSACTION_TYPE_ID_FK,TRANSACTION_TYPE_SUB_CODE_FK,GL_TYPE_ID_FK) values (70,0,'01-2-804000 0172','C','1246',1,1);
Insert into KSSA_GL_BREAKDOWN (ID,BREAKDOWN,GL_ACCOUNT,GL_OPERATION,TRANSACTION_TYPE_ID_FK,TRANSACTION_TYPE_SUB_CODE_FK,GL_TYPE_ID_FK) values (71,0,'01-2-804000 0172','C','1247',1,1);
Insert into KSSA_GL_BREAKDOWN (ID,BREAKDOWN,GL_ACCOUNT,GL_OPERATION,TRANSACTION_TYPE_ID_FK,TRANSACTION_TYPE_SUB_CODE_FK,GL_TYPE_ID_FK) values (72,0,'01-2-804000 0172','C','1248',1,1);
Insert into KSSA_GL_BREAKDOWN (ID,BREAKDOWN,GL_ACCOUNT,GL_OPERATION,TRANSACTION_TYPE_ID_FK,TRANSACTION_TYPE_SUB_CODE_FK,GL_TYPE_ID_FK) values (73,0,'01-2-946780 0132','C','1256',1,1);
Insert into KSSA_GL_BREAKDOWN (ID,BREAKDOWN,GL_ACCOUNT,GL_OPERATION,TRANSACTION_TYPE_ID_FK,TRANSACTION_TYPE_SUB_CODE_FK,GL_TYPE_ID_FK) values (74,0,'01-2-945650 0132','C','1257',1,1);
Insert into KSSA_GL_BREAKDOWN (ID,BREAKDOWN,GL_ACCOUNT,GL_OPERATION,TRANSACTION_TYPE_ID_FK,TRANSACTION_TYPE_SUB_CODE_FK,GL_TYPE_ID_FK) values (75,0,'01-2-954720 0132','C','1258',1,1);
Insert into KSSA_GL_BREAKDOWN (ID,BREAKDOWN,GL_ACCOUNT,GL_OPERATION,TRANSACTION_TYPE_ID_FK,TRANSACTION_TYPE_SUB_CODE_FK,GL_TYPE_ID_FK) values (76,0,'01-2-954720 0132','C','1259',1,1);
Insert into KSSA_GL_BREAKDOWN (ID,BREAKDOWN,GL_ACCOUNT,GL_OPERATION,TRANSACTION_TYPE_ID_FK,TRANSACTION_TYPE_SUB_CODE_FK,GL_TYPE_ID_FK) values (77,0,'01-2-810000 0132','C','1260',1,1);
Insert into KSSA_GL_BREAKDOWN (ID,BREAKDOWN,GL_ACCOUNT,GL_OPERATION,TRANSACTION_TYPE_ID_FK,TRANSACTION_TYPE_SUB_CODE_FK,GL_TYPE_ID_FK) values (78,0,'01-2-810000 0139','C','1261',1,1);
Insert into KSSA_GL_BREAKDOWN (ID,BREAKDOWN,GL_ACCOUNT,GL_OPERATION,TRANSACTION_TYPE_ID_FK,TRANSACTION_TYPE_SUB_CODE_FK,GL_TYPE_ID_FK) values (79,0,'01-2-945650 0139','C','1262',1,1);
Insert into KSSA_GL_BREAKDOWN (ID,BREAKDOWN,GL_ACCOUNT,GL_OPERATION,TRANSACTION_TYPE_ID_FK,TRANSACTION_TYPE_SUB_CODE_FK,GL_TYPE_ID_FK) values (80,0,'01-2-946690 0139','C','1263',1,1);
Insert into KSSA_GL_BREAKDOWN (ID,BREAKDOWN,GL_ACCOUNT,GL_OPERATION,TRANSACTION_TYPE_ID_FK,TRANSACTION_TYPE_SUB_CODE_FK,GL_TYPE_ID_FK) values (81,0,'01-2-946690 0132','C','1264',1,1);
Insert into KSSA_GL_BREAKDOWN (ID,BREAKDOWN,GL_ACCOUNT,GL_OPERATION,TRANSACTION_TYPE_ID_FK,TRANSACTION_TYPE_SUB_CODE_FK,GL_TYPE_ID_FK) values (82,0,'01-2-954640 0139','C','1265',1,1);
Insert into KSSA_GL_BREAKDOWN (ID,BREAKDOWN,GL_ACCOUNT,GL_OPERATION,TRANSACTION_TYPE_ID_FK,TRANSACTION_TYPE_SUB_CODE_FK,GL_TYPE_ID_FK) values (83,0,'01-2-954640 0132','C','1266',1,1);
Insert into KSSA_GL_BREAKDOWN (ID,BREAKDOWN,GL_ACCOUNT,GL_OPERATION,TRANSACTION_TYPE_ID_FK,TRANSACTION_TYPE_SUB_CODE_FK,GL_TYPE_ID_FK) values (84,0,'01-2-951170 0139','C','1267',1,1);
Insert into KSSA_GL_BREAKDOWN (ID,BREAKDOWN,GL_ACCOUNT,GL_OPERATION,TRANSACTION_TYPE_ID_FK,TRANSACTION_TYPE_SUB_CODE_FK,GL_TYPE_ID_FK) values (85,0,'01-2-951170 0132','C','1268',1,1);
Insert into KSSA_GL_BREAKDOWN (ID,BREAKDOWN,GL_ACCOUNT,GL_OPERATION,TRANSACTION_TYPE_ID_FK,TRANSACTION_TYPE_SUB_CODE_FK,GL_TYPE_ID_FK) values (86,0,'01-2-946780 0139','C','1269',1,1);
Insert into KSSA_GL_BREAKDOWN (ID,BREAKDOWN,GL_ACCOUNT,GL_OPERATION,TRANSACTION_TYPE_ID_FK,TRANSACTION_TYPE_SUB_CODE_FK,GL_TYPE_ID_FK) values (87,0,'01-2-946780 0132','C','1270',1,1);
Insert into KSSA_GL_BREAKDOWN (ID,BREAKDOWN,GL_ACCOUNT,GL_OPERATION,TRANSACTION_TYPE_ID_FK,TRANSACTION_TYPE_SUB_CODE_FK,GL_TYPE_ID_FK) values (88,0,'01-1-133000 3752','C','1271',1,1);
Insert into KSSA_GL_BREAKDOWN (ID,BREAKDOWN,GL_ACCOUNT,GL_OPERATION,TRANSACTION_TYPE_ID_FK,TRANSACTION_TYPE_SUB_CODE_FK,GL_TYPE_ID_FK) values (89,0,'01-2-946790 0132','C','1272',1,1);
Insert into KSSA_GL_BREAKDOWN (ID,BREAKDOWN,GL_ACCOUNT,GL_OPERATION,TRANSACTION_TYPE_ID_FK,TRANSACTION_TYPE_SUB_CODE_FK,GL_TYPE_ID_FK) values (90,0,'01-2-946790 0139','C','1273',1,1);
Insert into KSSA_GL_BREAKDOWN (ID,BREAKDOWN,GL_ACCOUNT,GL_OPERATION,TRANSACTION_TYPE_ID_FK,TRANSACTION_TYPE_SUB_CODE_FK,GL_TYPE_ID_FK) values (91,0,'01-2-946790 0139','C','1274',1,1);
Insert into KSSA_GL_BREAKDOWN (ID,BREAKDOWN,GL_ACCOUNT,GL_OPERATION,TRANSACTION_TYPE_ID_FK,TRANSACTION_TYPE_SUB_CODE_FK,GL_TYPE_ID_FK) values (92,0,'01-2-945650 0139','C','1275',1,1);
Insert into KSSA_GL_BREAKDOWN (ID,BREAKDOWN,GL_ACCOUNT,GL_OPERATION,TRANSACTION_TYPE_ID_FK,TRANSACTION_TYPE_SUB_CODE_FK,GL_TYPE_ID_FK) values (93,0,'01-2-945650 0132','C','1276',1,1);
Insert into KSSA_GL_BREAKDOWN (ID,BREAKDOWN,GL_ACCOUNT,GL_OPERATION,TRANSACTION_TYPE_ID_FK,TRANSACTION_TYPE_SUB_CODE_FK,GL_TYPE_ID_FK) values (94,0,'01-2-946790 0132','C','1277',1,1);
Insert into KSSA_GL_BREAKDOWN (ID,BREAKDOWN,GL_ACCOUNT,GL_OPERATION,TRANSACTION_TYPE_ID_FK,TRANSACTION_TYPE_SUB_CODE_FK,GL_TYPE_ID_FK) values (95,0,'01-2-946780 0132','C','1278',1,1);
Insert into KSSA_GL_BREAKDOWN (ID,BREAKDOWN,GL_ACCOUNT,GL_OPERATION,TRANSACTION_TYPE_ID_FK,TRANSACTION_TYPE_SUB_CODE_FK,GL_TYPE_ID_FK) values (96,0,'01-2-946780 0139','C','1279',1,1);
Insert into KSSA_GL_BREAKDOWN (ID,BREAKDOWN,GL_ACCOUNT,GL_OPERATION,TRANSACTION_TYPE_ID_FK,TRANSACTION_TYPE_SUB_CODE_FK,GL_TYPE_ID_FK) values (97,0,'01-0-131120 1326','C','1280',1,1);
Insert into KSSA_GL_BREAKDOWN (ID,BREAKDOWN,GL_ACCOUNT,GL_OPERATION,TRANSACTION_TYPE_ID_FK,TRANSACTION_TYPE_SUB_CODE_FK,GL_TYPE_ID_FK) values (98,0,'01-0-131120 1326','C','1282',1,1);
Insert into KSSA_GL_BREAKDOWN (ID,BREAKDOWN,GL_ACCOUNT,GL_OPERATION,TRANSACTION_TYPE_ID_FK,TRANSACTION_TYPE_SUB_CODE_FK,GL_TYPE_ID_FK) values (99,0,'01-2-951180 0132','C','1283',1,1);
Insert into KSSA_GL_BREAKDOWN (ID,BREAKDOWN,GL_ACCOUNT,GL_OPERATION,TRANSACTION_TYPE_ID_FK,TRANSACTION_TYPE_SUB_CODE_FK,GL_TYPE_ID_FK) values (100,0,'01-2-951180 0139','C','1284',1,1);
Insert into KSSA_GL_BREAKDOWN (ID,BREAKDOWN,GL_ACCOUNT,GL_OPERATION,TRANSACTION_TYPE_ID_FK,TRANSACTION_TYPE_SUB_CODE_FK,GL_TYPE_ID_FK) values (101,0,'01-2-946780 0132','C','1287',1,1);
Insert into KSSA_GL_BREAKDOWN (ID,BREAKDOWN,GL_ACCOUNT,GL_OPERATION,TRANSACTION_TYPE_ID_FK,TRANSACTION_TYPE_SUB_CODE_FK,GL_TYPE_ID_FK) values (102,0,'01-2-946780 0139','C','1288',1,1);
Insert into KSSA_GL_BREAKDOWN (ID,BREAKDOWN,GL_ACCOUNT,GL_OPERATION,TRANSACTION_TYPE_ID_FK,TRANSACTION_TYPE_SUB_CODE_FK,GL_TYPE_ID_FK) values (103,0,'01-2-954720 0132','C','1289',1,1);
Insert into KSSA_GL_BREAKDOWN (ID,BREAKDOWN,GL_ACCOUNT,GL_OPERATION,TRANSACTION_TYPE_ID_FK,TRANSACTION_TYPE_SUB_CODE_FK,GL_TYPE_ID_FK) values (104,0,'01-2-954720 0139','C','1290',1,1);
Insert into KSSA_GL_BREAKDOWN (ID,BREAKDOWN,GL_ACCOUNT,GL_OPERATION,TRANSACTION_TYPE_ID_FK,TRANSACTION_TYPE_SUB_CODE_FK,GL_TYPE_ID_FK) values (105,0,'01-2-951120 0132','C','1291',1,1);
Insert into KSSA_GL_BREAKDOWN (ID,BREAKDOWN,GL_ACCOUNT,GL_OPERATION,TRANSACTION_TYPE_ID_FK,TRANSACTION_TYPE_SUB_CODE_FK,GL_TYPE_ID_FK) values (106,0,'01-2-951120 0139','C','1292',1,1);
Insert into KSSA_GL_BREAKDOWN (ID,BREAKDOWN,GL_ACCOUNT,GL_OPERATION,TRANSACTION_TYPE_ID_FK,TRANSACTION_TYPE_SUB_CODE_FK,GL_TYPE_ID_FK) values (107,0,'01-2-951130 0132','C','1293',1,1);
Insert into KSSA_GL_BREAKDOWN (ID,BREAKDOWN,GL_ACCOUNT,GL_OPERATION,TRANSACTION_TYPE_ID_FK,TRANSACTION_TYPE_SUB_CODE_FK,GL_TYPE_ID_FK) values (108,0,'01-2-951130 0139','C','1294',1,1);
Insert into KSSA_GL_BREAKDOWN (ID,BREAKDOWN,GL_ACCOUNT,GL_OPERATION,TRANSACTION_TYPE_ID_FK,TRANSACTION_TYPE_SUB_CODE_FK,GL_TYPE_ID_FK) values (109,0,'01-1-129130 0118','C','1295',1,1);
Insert into KSSA_GL_BREAKDOWN (ID,BREAKDOWN,GL_ACCOUNT,GL_OPERATION,TRANSACTION_TYPE_ID_FK,TRANSACTION_TYPE_SUB_CODE_FK,GL_TYPE_ID_FK) values (110,0,'01-2-951140 0132','C','1296',1,1);
Insert into KSSA_GL_BREAKDOWN (ID,BREAKDOWN,GL_ACCOUNT,GL_OPERATION,TRANSACTION_TYPE_ID_FK,TRANSACTION_TYPE_SUB_CODE_FK,GL_TYPE_ID_FK) values (111,0,'01-2-951140 0139','C','1297',1,1);
Insert into KSSA_GL_BREAKDOWN (ID,BREAKDOWN,GL_ACCOUNT,GL_OPERATION,TRANSACTION_TYPE_ID_FK,TRANSACTION_TYPE_SUB_CODE_FK,GL_TYPE_ID_FK) values (112,0,'01-2-951150 0139','C','debit1',1,1);
Insert into KSSA_GL_BREAKDOWN (ID,BREAKDOWN,GL_ACCOUNT,GL_OPERATION,TRANSACTION_TYPE_ID_FK,TRANSACTION_TYPE_SUB_CODE_FK,GL_TYPE_ID_FK) values (113,0,'01-2-951150 0139','C','1299',1,1);
Insert into KSSA_GL_BREAKDOWN (ID,BREAKDOWN,GL_ACCOUNT,GL_OPERATION,TRANSACTION_TYPE_ID_FK,TRANSACTION_TYPE_SUB_CODE_FK,GL_TYPE_ID_FK) values (114,0,'01-1-123310 0118','C','1301',1,1);
Insert into KSSA_GL_BREAKDOWN (ID,BREAKDOWN,GL_ACCOUNT,GL_OPERATION,TRANSACTION_TYPE_ID_FK,TRANSACTION_TYPE_SUB_CODE_FK,GL_TYPE_ID_FK) values (115,0,'01-1-123310 0118','C','1302',1,1);
Insert into KSSA_GL_BREAKDOWN (ID,BREAKDOWN,GL_ACCOUNT,GL_OPERATION,TRANSACTION_TYPE_ID_FK,TRANSACTION_TYPE_SUB_CODE_FK,GL_TYPE_ID_FK) values (116,0,'01-1-144440 0120','C','1303',1,1);
Insert into KSSA_GL_BREAKDOWN (ID,BREAKDOWN,GL_ACCOUNT,GL_OPERATION,TRANSACTION_TYPE_ID_FK,TRANSACTION_TYPE_SUB_CODE_FK,GL_TYPE_ID_FK) values (117,0,'01-1-144440 0122','C','1304',1,1);
Insert into KSSA_GL_BREAKDOWN (ID,BREAKDOWN,GL_ACCOUNT,GL_OPERATION,TRANSACTION_TYPE_ID_FK,TRANSACTION_TYPE_SUB_CODE_FK,GL_TYPE_ID_FK) values (118,0,'01-1-144440 0125','C','1305',1,1);
Insert into KSSA_GL_BREAKDOWN (ID,BREAKDOWN,GL_ACCOUNT,GL_OPERATION,TRANSACTION_TYPE_ID_FK,TRANSACTION_TYPE_SUB_CODE_FK,GL_TYPE_ID_FK) values (119,0,'01-1-144440 0126','C','1306',1,1);
Insert into KSSA_GL_BREAKDOWN (ID,BREAKDOWN,GL_ACCOUNT,GL_OPERATION,TRANSACTION_TYPE_ID_FK,TRANSACTION_TYPE_SUB_CODE_FK,GL_TYPE_ID_FK) values (120,0,'01-2-951160 0132','C','1307',1,1);
Insert into KSSA_GL_BREAKDOWN (ID,BREAKDOWN,GL_ACCOUNT,GL_OPERATION,TRANSACTION_TYPE_ID_FK,TRANSACTION_TYPE_SUB_CODE_FK,GL_TYPE_ID_FK) values (121,0,'01-2-951160 0139','C','1308',1,1);
Insert into KSSA_GL_BREAKDOWN (ID,BREAKDOWN,GL_ACCOUNT,GL_OPERATION,TRANSACTION_TYPE_ID_FK,TRANSACTION_TYPE_SUB_CODE_FK,GL_TYPE_ID_FK) values (122,0,'01-2-951190 0132','C','1309',1,1);
Insert into KSSA_GL_BREAKDOWN (ID,BREAKDOWN,GL_ACCOUNT,GL_OPERATION,TRANSACTION_TYPE_ID_FK,TRANSACTION_TYPE_SUB_CODE_FK,GL_TYPE_ID_FK) values (123,0,'01-2-951190 0139','C','1310',1,1);
Insert into KSSA_GL_BREAKDOWN (ID,BREAKDOWN,GL_ACCOUNT,GL_OPERATION,TRANSACTION_TYPE_ID_FK,TRANSACTION_TYPE_SUB_CODE_FK,GL_TYPE_ID_FK) values (124,0,'01-2-951200 0132','C','1311',1,1);
Insert into KSSA_GL_BREAKDOWN (ID,BREAKDOWN,GL_ACCOUNT,GL_OPERATION,TRANSACTION_TYPE_ID_FK,TRANSACTION_TYPE_SUB_CODE_FK,GL_TYPE_ID_FK) values (125,0,'01-2-951200 0139','C','1312',1,1);
Insert into KSSA_GL_BREAKDOWN (ID,BREAKDOWN,GL_ACCOUNT,GL_OPERATION,TRANSACTION_TYPE_ID_FK,TRANSACTION_TYPE_SUB_CODE_FK,GL_TYPE_ID_FK) values (126,0,'01-2-951210 0132','C','1313',1,1);
Insert into KSSA_GL_BREAKDOWN (ID,BREAKDOWN,GL_ACCOUNT,GL_OPERATION,TRANSACTION_TYPE_ID_FK,TRANSACTION_TYPE_SUB_CODE_FK,GL_TYPE_ID_FK) values (127,0,'01-2-951210 0139','C','1314',1,1);
Insert into KSSA_GL_BREAKDOWN (ID,BREAKDOWN,GL_ACCOUNT,GL_OPERATION,TRANSACTION_TYPE_ID_FK,TRANSACTION_TYPE_SUB_CODE_FK,GL_TYPE_ID_FK) values (128,0,'01-2-951220 0132','C','1315',1,1);
Insert into KSSA_GL_BREAKDOWN (ID,BREAKDOWN,GL_ACCOUNT,GL_OPERATION,TRANSACTION_TYPE_ID_FK,TRANSACTION_TYPE_SUB_CODE_FK,GL_TYPE_ID_FK) values (129,0,'01-2-951220 0139','C','1316',1,1);
Insert into KSSA_GL_BREAKDOWN (ID,BREAKDOWN,GL_ACCOUNT,GL_OPERATION,TRANSACTION_TYPE_ID_FK,TRANSACTION_TYPE_SUB_CODE_FK,GL_TYPE_ID_FK) values (130,0,'01-2-951250 0132','C','1317',1,1);
Insert into KSSA_GL_BREAKDOWN (ID,BREAKDOWN,GL_ACCOUNT,GL_OPERATION,TRANSACTION_TYPE_ID_FK,TRANSACTION_TYPE_SUB_CODE_FK,GL_TYPE_ID_FK) values (131,0,'01-2-951250 0139','C','1318',1,1);
Insert into KSSA_GL_BREAKDOWN (ID,BREAKDOWN,GL_ACCOUNT,GL_OPERATION,TRANSACTION_TYPE_ID_FK,TRANSACTION_TYPE_SUB_CODE_FK,GL_TYPE_ID_FK) values (132,0,'01-1-010000 0139','C','1350',1,1);
Insert into KSSA_GL_BREAKDOWN (ID,BREAKDOWN,GL_ACCOUNT,GL_OPERATION,TRANSACTION_TYPE_ID_FK,TRANSACTION_TYPE_SUB_CODE_FK,GL_TYPE_ID_FK) values (133,0,'01-1-127500 3360','C','1351',1,1);
Insert into KSSA_GL_BREAKDOWN (ID,BREAKDOWN,GL_ACCOUNT,GL_OPERATION,TRANSACTION_TYPE_ID_FK,TRANSACTION_TYPE_SUB_CODE_FK,GL_TYPE_ID_FK) values (134,0,'01-2-951620 4600','C','1352',1,1);
Insert into KSSA_GL_BREAKDOWN (ID,BREAKDOWN,GL_ACCOUNT,GL_OPERATION,TRANSACTION_TYPE_ID_FK,TRANSACTION_TYPE_SUB_CODE_FK,GL_TYPE_ID_FK) values (135,0,'01-2-951620 4600','C','1353',1,1);
Insert into KSSA_GL_BREAKDOWN (ID,BREAKDOWN,GL_ACCOUNT,GL_OPERATION,TRANSACTION_TYPE_ID_FK,TRANSACTION_TYPE_SUB_CODE_FK,GL_TYPE_ID_FK) values (136,0,'01-2-951630 4600','C','1354',1,1);
Insert into KSSA_GL_BREAKDOWN (ID,BREAKDOWN,GL_ACCOUNT,GL_OPERATION,TRANSACTION_TYPE_ID_FK,TRANSACTION_TYPE_SUB_CODE_FK,GL_TYPE_ID_FK) values (137,0,'01-2-951630 4600','C','1355',1,1);
Insert into KSSA_GL_BREAKDOWN (ID,BREAKDOWN,GL_ACCOUNT,GL_OPERATION,TRANSACTION_TYPE_ID_FK,TRANSACTION_TYPE_SUB_CODE_FK,GL_TYPE_ID_FK) values (138,0,'01-2-951640 4600','C','1356',1,1);
Insert into KSSA_GL_BREAKDOWN (ID,BREAKDOWN,GL_ACCOUNT,GL_OPERATION,TRANSACTION_TYPE_ID_FK,TRANSACTION_TYPE_SUB_CODE_FK,GL_TYPE_ID_FK) values (139,0,'01-2-951640 4600','C','1357',1,1);
Insert into KSSA_GL_BREAKDOWN (ID,BREAKDOWN,GL_ACCOUNT,GL_OPERATION,TRANSACTION_TYPE_ID_FK,TRANSACTION_TYPE_SUB_CODE_FK,GL_TYPE_ID_FK) values (140,0,'01-2-951650 4600','C','1358',1,1);
Insert into KSSA_GL_BREAKDOWN (ID,BREAKDOWN,GL_ACCOUNT,GL_OPERATION,TRANSACTION_TYPE_ID_FK,TRANSACTION_TYPE_SUB_CODE_FK,GL_TYPE_ID_FK) values (141,0,'01-2-951650 4600','C','1359',1,1);
Insert into KSSA_GL_BREAKDOWN (ID,BREAKDOWN,GL_ACCOUNT,GL_OPERATION,TRANSACTION_TYPE_ID_FK,TRANSACTION_TYPE_SUB_CODE_FK,GL_TYPE_ID_FK) values (142,0,'01-8-888880 8888','C','1400',1,1);
Insert into KSSA_GL_BREAKDOWN (ID,BREAKDOWN,GL_ACCOUNT,GL_OPERATION,TRANSACTION_TYPE_ID_FK,TRANSACTION_TYPE_SUB_CODE_FK,GL_TYPE_ID_FK) values (143,0,'01-8-888880 8888','C','1401',1,1);
Insert into KSSA_GL_BREAKDOWN (ID,BREAKDOWN,GL_ACCOUNT,GL_OPERATION,TRANSACTION_TYPE_ID_FK,TRANSACTION_TYPE_SUB_CODE_FK,GL_TYPE_ID_FK) values (144,0,'01-8-888880 8888','C','1402',1,1);
Insert into KSSA_GL_BREAKDOWN (ID,BREAKDOWN,GL_ACCOUNT,GL_OPERATION,TRANSACTION_TYPE_ID_FK,TRANSACTION_TYPE_SUB_CODE_FK,GL_TYPE_ID_FK) values (145,0,'01-8-888880 8888','C','1403',1,1);
Insert into KSSA_GL_BREAKDOWN (ID,BREAKDOWN,GL_ACCOUNT,GL_OPERATION,TRANSACTION_TYPE_ID_FK,TRANSACTION_TYPE_SUB_CODE_FK,GL_TYPE_ID_FK) values (146,0,'01-8-888880 8888','C','1404',1,1);
Insert into KSSA_GL_BREAKDOWN (ID,BREAKDOWN,GL_ACCOUNT,GL_OPERATION,TRANSACTION_TYPE_ID_FK,TRANSACTION_TYPE_SUB_CODE_FK,GL_TYPE_ID_FK) values (147,0,'01-1-124010 0189','C','1420',1,1);
Insert into KSSA_GL_BREAKDOWN (ID,BREAKDOWN,GL_ACCOUNT,GL_OPERATION,TRANSACTION_TYPE_ID_FK,TRANSACTION_TYPE_SUB_CODE_FK,GL_TYPE_ID_FK) values (148,0,'01-1-117030 0176','C','1495',1,1);
Insert into KSSA_GL_BREAKDOWN (ID,BREAKDOWN,GL_ACCOUNT,GL_OPERATION,TRANSACTION_TYPE_ID_FK,TRANSACTION_TYPE_SUB_CODE_FK,GL_TYPE_ID_FK) values (149,0,'01-1-110120 0118','C','1496',1,1);
Insert into KSSA_GL_BREAKDOWN (ID,BREAKDOWN,GL_ACCOUNT,GL_OPERATION,TRANSACTION_TYPE_ID_FK,TRANSACTION_TYPE_SUB_CODE_FK,GL_TYPE_ID_FK) values (150,0,'01-1-118730 0118','C','1497',1,1);
Insert into KSSA_GL_BREAKDOWN (ID,BREAKDOWN,GL_ACCOUNT,GL_OPERATION,TRANSACTION_TYPE_ID_FK,TRANSACTION_TYPE_SUB_CODE_FK,GL_TYPE_ID_FK) values (151,0,'01-1-110140 0118','C','1498',1,1);
Insert into KSSA_GL_BREAKDOWN (ID,BREAKDOWN,GL_ACCOUNT,GL_OPERATION,TRANSACTION_TYPE_ID_FK,TRANSACTION_TYPE_SUB_CODE_FK,GL_TYPE_ID_FK) values (152,0,'01-1-110130 0189','C','1499',1,1);
Insert into KSSA_GL_BREAKDOWN (ID,BREAKDOWN,GL_ACCOUNT,GL_OPERATION,TRANSACTION_TYPE_ID_FK,TRANSACTION_TYPE_SUB_CODE_FK,GL_TYPE_ID_FK) values (153,0,'01-1-117000 0176','C','1500',1,1);
Insert into KSSA_GL_BREAKDOWN (ID,BREAKDOWN,GL_ACCOUNT,GL_OPERATION,TRANSACTION_TYPE_ID_FK,TRANSACTION_TYPE_SUB_CODE_FK,GL_TYPE_ID_FK) values (154,0,'01-1-110130 0182','C','1501',1,1);
Insert into KSSA_GL_BREAKDOWN (ID,BREAKDOWN,GL_ACCOUNT,GL_OPERATION,TRANSACTION_TYPE_ID_FK,TRANSACTION_TYPE_SUB_CODE_FK,GL_TYPE_ID_FK) values (155,0,'01-2-807200 0171','C','1502',1,1);
Insert into KSSA_GL_BREAKDOWN (ID,BREAKDOWN,GL_ACCOUNT,GL_OPERATION,TRANSACTION_TYPE_ID_FK,TRANSACTION_TYPE_SUB_CODE_FK,GL_TYPE_ID_FK) values (156,0,'01-1-127210 0173','C','1503',1,1);
Insert into KSSA_GL_BREAKDOWN (ID,BREAKDOWN,GL_ACCOUNT,GL_OPERATION,TRANSACTION_TYPE_ID_FK,TRANSACTION_TYPE_SUB_CODE_FK,GL_TYPE_ID_FK) values (157,0,'01-1-120400 0183','C','1504',1,1);
Insert into KSSA_GL_BREAKDOWN (ID,BREAKDOWN,GL_ACCOUNT,GL_OPERATION,TRANSACTION_TYPE_ID_FK,TRANSACTION_TYPE_SUB_CODE_FK,GL_TYPE_ID_FK) values (158,0,'01-1-113310 0181','C','1505',1,1);
Insert into KSSA_GL_BREAKDOWN (ID,BREAKDOWN,GL_ACCOUNT,GL_OPERATION,TRANSACTION_TYPE_ID_FK,TRANSACTION_TYPE_SUB_CODE_FK,GL_TYPE_ID_FK) values (159,0,'00-0-000000 0000','C','1506',1,1);
Insert into KSSA_GL_BREAKDOWN (ID,BREAKDOWN,GL_ACCOUNT,GL_OPERATION,TRANSACTION_TYPE_ID_FK,TRANSACTION_TYPE_SUB_CODE_FK,GL_TYPE_ID_FK) values (160,0,'01-1-114640 0174','C','1507',1,1);
Insert into KSSA_GL_BREAKDOWN (ID,BREAKDOWN,GL_ACCOUNT,GL_OPERATION,TRANSACTION_TYPE_ID_FK,TRANSACTION_TYPE_SUB_CODE_FK,GL_TYPE_ID_FK) values (161,0,'01-1-132000 0131','C','1508',1,1);
Insert into KSSA_GL_BREAKDOWN (ID,BREAKDOWN,GL_ACCOUNT,GL_OPERATION,TRANSACTION_TYPE_ID_FK,TRANSACTION_TYPE_SUB_CODE_FK,GL_TYPE_ID_FK) values (162,0,'01-1-131250 0148','C','1509',1,1);
Insert into KSSA_GL_BREAKDOWN (ID,BREAKDOWN,GL_ACCOUNT,GL_OPERATION,TRANSACTION_TYPE_ID_FK,TRANSACTION_TYPE_SUB_CODE_FK,GL_TYPE_ID_FK) values (163,0,'01-1-122070 0130','C','1510',1,1);


---------------------------------------------------
--   END DATA FOR TABLE KSSA_GL_BREAKDOWN
---------------------------------------------------

---------------------------------------------------
--   DATA FOR TABLE KSSA_ELECTRONIC_CONTACT
--   FILTER = none used
---------------------------------------------------
REM INSERTING into KSSA_ELECTRONIC_CONTACT
Insert into KSSA_ELECTRONIC_CONTACT (ID,CREATOR_ID,IS_DEFAULT,EDITOR_ID,EMAIL_ADDRESS,KIM_EMAIL_ADDRESS_TYPE,KIM_PHONE_TYPE,LAST_UPDATE,PHONE_COUNTRY,PHONE_EXTN,PHONE_NUMBER) values (1,'pheald','Y',null,'pgriffin@sigmauniversity.edu',null,null,to_timestamp('02-APR-12 12.00.00.000000000 AM','DD-MON-RR HH.MI.SS.FF AM'),'1',null,'401-555-0121');
Insert into KSSA_ELECTRONIC_CONTACT (ID,CREATOR_ID,IS_DEFAULT,EDITOR_ID,EMAIL_ADDRESS,KIM_EMAIL_ADDRESS_TYPE,KIM_PHONE_TYPE,LAST_UPDATE,PHONE_COUNTRY,PHONE_EXTN,PHONE_NUMBER) values (2,'pheald','Y',null,'lgriffin@sigmaunivesrity.edu',null,null,to_timestamp('02-APR-12 12.00.00.000000000 AM','DD-MON-RR HH.MI.SS.FF AM'),'1',null,'401-555-0121');
Insert into KSSA_ELECTRONIC_CONTACT (ID,CREATOR_ID,IS_DEFAULT,EDITOR_ID,EMAIL_ADDRESS,KIM_EMAIL_ADDRESS_TYPE,KIM_PHONE_TYPE,LAST_UPDATE,PHONE_COUNTRY,PHONE_EXTN,PHONE_NUMBER) values (3,'pheald','Y',null,'mgriffin@sigmauniversity.edu',null,null,to_timestamp('02-APR-12 12.00.00.000000000 AM','DD-MON-RR HH.MI.SS.FF AM'),'1',null,'401-555-0121');
Insert into KSSA_ELECTRONIC_CONTACT (ID,CREATOR_ID,IS_DEFAULT,EDITOR_ID,EMAIL_ADDRESS,KIM_EMAIL_ADDRESS_TYPE,KIM_PHONE_TYPE,LAST_UPDATE,PHONE_COUNTRY,PHONE_EXTN,PHONE_NUMBER) values (4,'pheald','N',null,null,null,null,to_timestamp('02-APR-12 12.00.00.000000000 AM','DD-MON-RR HH.MI.SS.FF AM'),'1',null,'401-555-0114');
INSERT INTO KSSA_ELECTRONIC_CONTACT (ID, CREATOR_ID, IS_DEFAULT, EMAIL_ADDRESS, PHONE_COUNTRY, PHONE_NUMBER) VALUES (14, 'pheald', 'Y', 'gquagmire@sigmauniversity.edu', '1', '401-555-9999')   ;
INSERT INTO KSSA_ELECTRONIC_CONTACT (ID, CREATOR_ID, IS_DEFAULT, EMAIL_ADDRESS, PHONE_COUNTRY, PHONE_NUMBER) VALUES (15, 'pheald', 'Y', 'cbrown@sigmauniversity.edu', '1', '401-555-5458')       ;
INSERT INTO KSSA_ELECTRONIC_CONTACT (ID, CREATOR_ID, IS_DEFAULT, EMAIL_ADDRESS, PHONE_COUNTRY, PHONE_NUMBER) VALUES (16, 'pheald', 'Y', 'lbrown@sigmauniversity.edu', '1', '401-555-5412')        ;
INSERT INTO KSSA_ELECTRONIC_CONTACT (ID, CREATOR_ID, IS_DEFAULT, EMAIL_ADDRESS, PHONE_COUNTRY, PHONE_NUMBER) VALUES (17, 'pheald', 'Y', 'dsimmons@sigmauniversity.edu', '1', '401-555-8444')       ;
INSERT INTO KSSA_ELECTRONIC_CONTACT (ID, CREATOR_ID, IS_DEFAULT, EMAIL_ADDRESS, PHONE_COUNTRY, PHONE_NUMBER) VALUES (18, 'pheald', 'Y', 'ttucker@sigmauniversity.edu', '1', '401-555-5444')         ;
INSERT INTO KSSA_ELECTRONIC_CONTACT (ID, CREATOR_ID, IS_DEFAULT, EMAIL_ADDRESS, PHONE_COUNTRY, PHONE_NUMBER) VALUES (19, 'pheald', 'Y', 'loismustdie@yahoo.com', '1', '401-555-1122')                ;
INSERT INTO KSSA_ELECTRONIC_CONTACT (ID, CREATOR_ID, IS_DEFAULT, EMAIL_ADDRESS, PHONE_COUNTRY, PHONE_NUMBER) VALUES (20, 'pheald', 'Y', 'cpewterschmitt@sigmauniversity.edu', '1', '401-555-9956')    ;



REM INSERTING into KSSA_ELECTRONIC_CONTACT
Insert into KSSA_ELECTRONIC_CONTACT_ACNT (ELECTRONIC_CONTACT_ID_FK, ACNT_ID_FK) values (1, 'user1');
Insert into KSSA_ELECTRONIC_CONTACT_ACNT (ELECTRONIC_CONTACT_ID_FK, ACNT_ID_FK) values (2, 'user2');
Insert into KSSA_ELECTRONIC_CONTACT_ACNT (ELECTRONIC_CONTACT_ID_FK, ACNT_ID_FK) values (3, 'user3');
Insert into KSSA_ELECTRONIC_CONTACT_ACNT (ELECTRONIC_CONTACT_ID_FK, ACNT_ID_FK) values (4, 'user3');
INSERT INTO KSSA_ELECTRONIC_CONTACT_ACNT (ACNT_ID_FK, ELECTRONIC_CONTACT_ID_FK) VALUES ('user4', 14);
INSERT INTO KSSA_ELECTRONIC_CONTACT_ACNT (ACNT_ID_FK, ELECTRONIC_CONTACT_ID_FK) VALUES ('user5', 15);
INSERT INTO KSSA_ELECTRONIC_CONTACT_ACNT (ACNT_ID_FK, ELECTRONIC_CONTACT_ID_FK) VALUES ('user6', 16);
INSERT INTO KSSA_ELECTRONIC_CONTACT_ACNT (ACNT_ID_FK, ELECTRONIC_CONTACT_ID_FK) VALUES ('user7', 17);
INSERT INTO KSSA_ELECTRONIC_CONTACT_ACNT (ACNT_ID_FK, ELECTRONIC_CONTACT_ID_FK) VALUES ('user8', 18);
INSERT INTO KSSA_ELECTRONIC_CONTACT_ACNT (ACNT_ID_FK, ELECTRONIC_CONTACT_ID_FK) VALUES ('user9', 19);
INSERT INTO KSSA_ELECTRONIC_CONTACT_ACNT (ACNT_ID_FK, ELECTRONIC_CONTACT_ID_FK) VALUES ('user10', 20);


---------------------------------------------------
--   END DATA FOR TABLE KSSA_ELECTRONIC_CONTACT
---------------------------------------------------


---------------------------------------------------
--   DATA FOR TABLE KSSA_GL_RECOGNITION_PERIOD
--   FILTER = none used
---------------------------------------------------
Insert into KSSA_GL_RECOGNITION_PERIOD (ID, CODE, FISCAL_YEAR, START_DATE, END_DATE, CREATION_DATE, CREATOR_ID) values (1, '11', 2012, to_date('01/01/2012', 'MM/dd/yyyy'), to_date('12/31/2012', 'MM/dd/yyyy'), to_date('11/11/2011', 'MM/dd/yyyy'), 'admin');
Insert into KSSA_GL_RECOGNITION_PERIOD (ID, CODE, FISCAL_YEAR, START_DATE, END_DATE, CREATION_DATE, CREATOR_ID) values (2, '12', 2013, to_date('01/01/2013', 'MM/dd/yyyy'), to_date('12/31/2013', 'MM/dd/yyyy'), to_date('12/22/2012', 'MM/dd/yyyy'), 'admin');

---------------------------------------------------
--   DATA FOR TABLE KSSA_GL_TRANSACTION
--   Data here is as near to UMD standard as I can do. The recognition period is still unsure, and until I get an answer from Jen about accrual numbers, I cannot make the GL balance.
---------------------------------------------------

Insert into KSSA_GL_TRANSACTION (ID, TRANSACTION_DATE, GL_ACCOUNT_ID, GL_RECOGNITION_PERIOD_ID_FK, GL_OPERATION, AMOUNT, STATUS, GL_TRANSMISSION_ID_FK, STATEMENT) values (1, to_date('04/12/2012', 'MM/dd/yyyy'), '01-1-010000 0102', 1, 'C', 10000, 'Q', null, 'KSA makeEffective() method 1');
Insert into KSSA_GL_TRANSACTION (ID, TRANSACTION_DATE, GL_ACCOUNT_ID, GL_RECOGNITION_PERIOD_ID_FK, GL_OPERATION, AMOUNT, STATUS, GL_TRANSMISSION_ID_FK, STATEMENT) values (2, to_date('04/12/2012', 'MM/dd/yyyy'), '01-0-131120 1326', 1, 'D', 10000, 'Q', null, 'KSA makeEffective() method 2');
Insert into KSSA_GL_TRANSACTION (ID, TRANSACTION_DATE, GL_ACCOUNT_ID, GL_RECOGNITION_PERIOD_ID_FK, GL_OPERATION, AMOUNT, STATUS, GL_TRANSMISSION_ID_FK, STATEMENT) values (3, to_date('04/12/2012', 'MM/dd/yyyy'), '01-1-010000 0102', 1, 'C', 10000, 'Q', null, 'KSA makeEffective() method 3');
Insert into KSSA_GL_TRANSACTION (ID, TRANSACTION_DATE, GL_ACCOUNT_ID, GL_RECOGNITION_PERIOD_ID_FK, GL_OPERATION, AMOUNT, STATUS, GL_TRANSMISSION_ID_FK, STATEMENT) values (4, to_date('04/12/2012', 'MM/dd/yyyy'), '01-0-131120 1326', 1, 'D', 10000, 'Q', null, 'KSA makeEffective() method 4');
Insert into KSSA_GL_TRANSACTION (ID, TRANSACTION_DATE, GL_ACCOUNT_ID, GL_RECOGNITION_PERIOD_ID_FK, GL_OPERATION, AMOUNT, STATUS, GL_TRANSMISSION_ID_FK, STATEMENT) values (5, to_date('04/12/2012', 'MM/dd/yyyy'), '01-8-888880 8888', 1, 'C', 2000, 'Q', null, 'KSA makeEffective() method 5');
Insert into KSSA_GL_TRANSACTION (ID, TRANSACTION_DATE, GL_ACCOUNT_ID, GL_RECOGNITION_PERIOD_ID_FK, GL_OPERATION, AMOUNT, STATUS, GL_TRANSMISSION_ID_FK, STATEMENT) values (6, to_date('04/12/2012', 'MM/dd/yyyy'), '01-0-131120 1326', 1, 'D', 2000, 'Q', null, 'KSA makeEffective() method 6');
Insert into KSSA_GL_TRANSACTION (ID, TRANSACTION_DATE, GL_ACCOUNT_ID, GL_RECOGNITION_PERIOD_ID_FK, GL_OPERATION, AMOUNT, STATUS, GL_TRANSMISSION_ID_FK, STATEMENT) values (7, to_date('04/12/2012', 'MM/dd/yyyy'), '01-1-010000 0102', 1, 'C', 15000, 'Q', null,'KSA makeEffective() method 7');
Insert into KSSA_GL_TRANSACTION (ID, TRANSACTION_DATE, GL_ACCOUNT_ID, GL_RECOGNITION_PERIOD_ID_FK, GL_OPERATION, AMOUNT, STATUS, GL_TRANSMISSION_ID_FK, STATEMENT) values (8, to_date('04/12/2012', 'MM/dd/yyyy'), '01-0-131120 1326', 1, 'D', 15000, 'Q', null, 'KSA makeEffective() method 8');

---------------------------------------------------
--   DATA FOR TABLE KSSA_GL_TRANS_TRANSACTION
--   Association of GL transactions to KSA transaction
---------------------------------------------------
Insert into KSSA_GL_TRANS_TRANSACTION (GL_TRANSACTION_ID_FK, TRANSACTION_ID_FK) values (1,1);
Insert into KSSA_GL_TRANS_TRANSACTION (GL_TRANSACTION_ID_FK, TRANSACTION_ID_FK) values (2,1);
Insert into KSSA_GL_TRANS_TRANSACTION (GL_TRANSACTION_ID_FK, TRANSACTION_ID_FK) values (3,2);
Insert into KSSA_GL_TRANS_TRANSACTION (GL_TRANSACTION_ID_FK, TRANSACTION_ID_FK) values (4,2);
Insert into KSSA_GL_TRANS_TRANSACTION (GL_TRANSACTION_ID_FK, TRANSACTION_ID_FK) values (5,4);
Insert into KSSA_GL_TRANS_TRANSACTION (GL_TRANSACTION_ID_FK, TRANSACTION_ID_FK) values (6,4);
Insert into KSSA_GL_TRANS_TRANSACTION (GL_TRANSACTION_ID_FK, TRANSACTION_ID_FK) values (7,3);
Insert into KSSA_GL_TRANS_TRANSACTION (GL_TRANSACTION_ID_FK, TRANSACTION_ID_FK) values (8,3);


---------------------------------------------------
--   DATA FOR TABLE KSSA_ACTIVITY
--   FILTER = none used
---------------------------------------------------
REM INSERTING into KSSA_ACTIVITY

---------------------------------------------------
--   END DATA FOR TABLE KSSA_ACTIVITY
---------------------------------------------------

---------------------------------------------------
--   DATA FOR TABLE KSSA_TRANSACTION_TYPE_TAG
--   FILTER = none used
---------------------------------------------------
REM INSERTING into KSSA_TRANSACTION_TYPE_TAG
Insert into KSSA_TRANSACTION_TYPE_TAG (TRANSACTION_TYPE_ID_FK,TRANSACTION_TYPE_SUB_CODE_FK,TAG_ID_FK) values ('1292',1,1);
Insert into KSSA_TRANSACTION_TYPE_TAG (TRANSACTION_TYPE_ID_FK,TRANSACTION_TYPE_SUB_CODE_FK,TAG_ID_FK) values ('1293',1,1);
Insert into KSSA_TRANSACTION_TYPE_TAG (TRANSACTION_TYPE_ID_FK,TRANSACTION_TYPE_SUB_CODE_FK,TAG_ID_FK) values ('1294',1,1);
Insert into KSSA_TRANSACTION_TYPE_TAG (TRANSACTION_TYPE_ID_FK,TRANSACTION_TYPE_SUB_CODE_FK,TAG_ID_FK) values ('1295',1,1);
Insert into KSSA_TRANSACTION_TYPE_TAG (TRANSACTION_TYPE_ID_FK,TRANSACTION_TYPE_SUB_CODE_FK,TAG_ID_FK) values ('1296',1,1);
Insert into KSSA_TRANSACTION_TYPE_TAG (TRANSACTION_TYPE_ID_FK,TRANSACTION_TYPE_SUB_CODE_FK,TAG_ID_FK) values ('1297',1,1);
Insert into KSSA_TRANSACTION_TYPE_TAG (TRANSACTION_TYPE_ID_FK,TRANSACTION_TYPE_SUB_CODE_FK,TAG_ID_FK) values ('debit1',1,1);
Insert into KSSA_TRANSACTION_TYPE_TAG (TRANSACTION_TYPE_ID_FK,TRANSACTION_TYPE_SUB_CODE_FK,TAG_ID_FK) values ('1299',1,1);
Insert into KSSA_TRANSACTION_TYPE_TAG (TRANSACTION_TYPE_ID_FK,TRANSACTION_TYPE_SUB_CODE_FK,TAG_ID_FK) values ('1301',1,1);
Insert into KSSA_TRANSACTION_TYPE_TAG (TRANSACTION_TYPE_ID_FK,TRANSACTION_TYPE_SUB_CODE_FK,TAG_ID_FK) values ('1302',1,1);
Insert into KSSA_TRANSACTION_TYPE_TAG (TRANSACTION_TYPE_ID_FK,TRANSACTION_TYPE_SUB_CODE_FK,TAG_ID_FK) values ('1303',1,1);
Insert into KSSA_TRANSACTION_TYPE_TAG (TRANSACTION_TYPE_ID_FK,TRANSACTION_TYPE_SUB_CODE_FK,TAG_ID_FK) values ('1304',1,1);
Insert into KSSA_TRANSACTION_TYPE_TAG (TRANSACTION_TYPE_ID_FK,TRANSACTION_TYPE_SUB_CODE_FK,TAG_ID_FK) values ('1305',1,1);
Insert into KSSA_TRANSACTION_TYPE_TAG (TRANSACTION_TYPE_ID_FK,TRANSACTION_TYPE_SUB_CODE_FK,TAG_ID_FK) values ('1306',1,1);
Insert into KSSA_TRANSACTION_TYPE_TAG (TRANSACTION_TYPE_ID_FK,TRANSACTION_TYPE_SUB_CODE_FK,TAG_ID_FK) values ('1307',1,1);
Insert into KSSA_TRANSACTION_TYPE_TAG (TRANSACTION_TYPE_ID_FK,TRANSACTION_TYPE_SUB_CODE_FK,TAG_ID_FK) values ('1308',1,1);
Insert into KSSA_TRANSACTION_TYPE_TAG (TRANSACTION_TYPE_ID_FK,TRANSACTION_TYPE_SUB_CODE_FK,TAG_ID_FK) values ('1309',1,1);
Insert into KSSA_TRANSACTION_TYPE_TAG (TRANSACTION_TYPE_ID_FK,TRANSACTION_TYPE_SUB_CODE_FK,TAG_ID_FK) values ('1310',1,1);
Insert into KSSA_TRANSACTION_TYPE_TAG (TRANSACTION_TYPE_ID_FK,TRANSACTION_TYPE_SUB_CODE_FK,TAG_ID_FK) values ('1311',1,1);
Insert into KSSA_TRANSACTION_TYPE_TAG (TRANSACTION_TYPE_ID_FK,TRANSACTION_TYPE_SUB_CODE_FK,TAG_ID_FK) values ('1312',1,1);
Insert into KSSA_TRANSACTION_TYPE_TAG (TRANSACTION_TYPE_ID_FK,TRANSACTION_TYPE_SUB_CODE_FK,TAG_ID_FK) values ('1313',1,1);
Insert into KSSA_TRANSACTION_TYPE_TAG (TRANSACTION_TYPE_ID_FK,TRANSACTION_TYPE_SUB_CODE_FK,TAG_ID_FK) values ('1314',1,1);
Insert into KSSA_TRANSACTION_TYPE_TAG (TRANSACTION_TYPE_ID_FK,TRANSACTION_TYPE_SUB_CODE_FK,TAG_ID_FK) values ('1315',1,1);
Insert into KSSA_TRANSACTION_TYPE_TAG (TRANSACTION_TYPE_ID_FK,TRANSACTION_TYPE_SUB_CODE_FK,TAG_ID_FK) values ('1316',1,1);
Insert into KSSA_TRANSACTION_TYPE_TAG (TRANSACTION_TYPE_ID_FK,TRANSACTION_TYPE_SUB_CODE_FK,TAG_ID_FK) values ('1317',1,1);
Insert into KSSA_TRANSACTION_TYPE_TAG (TRANSACTION_TYPE_ID_FK,TRANSACTION_TYPE_SUB_CODE_FK,TAG_ID_FK) values ('1318',1,1);
Insert into KSSA_TRANSACTION_TYPE_TAG (TRANSACTION_TYPE_ID_FK,TRANSACTION_TYPE_SUB_CODE_FK,TAG_ID_FK) values ('1350',1,1);
Insert into KSSA_TRANSACTION_TYPE_TAG (TRANSACTION_TYPE_ID_FK,TRANSACTION_TYPE_SUB_CODE_FK,TAG_ID_FK) values ('1351',1,1);
Insert into KSSA_TRANSACTION_TYPE_TAG (TRANSACTION_TYPE_ID_FK,TRANSACTION_TYPE_SUB_CODE_FK,TAG_ID_FK) values ('1352',1,1);
Insert into KSSA_TRANSACTION_TYPE_TAG (TRANSACTION_TYPE_ID_FK,TRANSACTION_TYPE_SUB_CODE_FK,TAG_ID_FK) values ('1353',1,1);
Insert into KSSA_TRANSACTION_TYPE_TAG (TRANSACTION_TYPE_ID_FK,TRANSACTION_TYPE_SUB_CODE_FK,TAG_ID_FK) values ('1354',1,1);
Insert into KSSA_TRANSACTION_TYPE_TAG (TRANSACTION_TYPE_ID_FK,TRANSACTION_TYPE_SUB_CODE_FK,TAG_ID_FK) values ('1355',1,1);
Insert into KSSA_TRANSACTION_TYPE_TAG (TRANSACTION_TYPE_ID_FK,TRANSACTION_TYPE_SUB_CODE_FK,TAG_ID_FK) values ('1356',1,1);
Insert into KSSA_TRANSACTION_TYPE_TAG (TRANSACTION_TYPE_ID_FK,TRANSACTION_TYPE_SUB_CODE_FK,TAG_ID_FK) values ('1357',1,1);
Insert into KSSA_TRANSACTION_TYPE_TAG (TRANSACTION_TYPE_ID_FK,TRANSACTION_TYPE_SUB_CODE_FK,TAG_ID_FK) values ('1358',1,1);
Insert into KSSA_TRANSACTION_TYPE_TAG (TRANSACTION_TYPE_ID_FK,TRANSACTION_TYPE_SUB_CODE_FK,TAG_ID_FK) values ('1359',1,1);
Insert into KSSA_TRANSACTION_TYPE_TAG (TRANSACTION_TYPE_ID_FK,TRANSACTION_TYPE_SUB_CODE_FK,TAG_ID_FK) values ('1400',1,1);
Insert into KSSA_TRANSACTION_TYPE_TAG (TRANSACTION_TYPE_ID_FK,TRANSACTION_TYPE_SUB_CODE_FK,TAG_ID_FK) values ('1401',1,1);
Insert into KSSA_TRANSACTION_TYPE_TAG (TRANSACTION_TYPE_ID_FK,TRANSACTION_TYPE_SUB_CODE_FK,TAG_ID_FK) values ('1402',1,1);
Insert into KSSA_TRANSACTION_TYPE_TAG (TRANSACTION_TYPE_ID_FK,TRANSACTION_TYPE_SUB_CODE_FK,TAG_ID_FK) values ('1403',1,1);
Insert into KSSA_TRANSACTION_TYPE_TAG (TRANSACTION_TYPE_ID_FK,TRANSACTION_TYPE_SUB_CODE_FK,TAG_ID_FK) values ('1404',1,1);
Insert into KSSA_TRANSACTION_TYPE_TAG (TRANSACTION_TYPE_ID_FK,TRANSACTION_TYPE_SUB_CODE_FK,TAG_ID_FK) values ('1420',1,1);
Insert into KSSA_TRANSACTION_TYPE_TAG (TRANSACTION_TYPE_ID_FK,TRANSACTION_TYPE_SUB_CODE_FK,TAG_ID_FK) values ('1495',1,1);
Insert into KSSA_TRANSACTION_TYPE_TAG (TRANSACTION_TYPE_ID_FK,TRANSACTION_TYPE_SUB_CODE_FK,TAG_ID_FK) values ('1496',1,1);
Insert into KSSA_TRANSACTION_TYPE_TAG (TRANSACTION_TYPE_ID_FK,TRANSACTION_TYPE_SUB_CODE_FK,TAG_ID_FK) values ('1497',1,1);
Insert into KSSA_TRANSACTION_TYPE_TAG (TRANSACTION_TYPE_ID_FK,TRANSACTION_TYPE_SUB_CODE_FK,TAG_ID_FK) values ('1498',1,1);
Insert into KSSA_TRANSACTION_TYPE_TAG (TRANSACTION_TYPE_ID_FK,TRANSACTION_TYPE_SUB_CODE_FK,TAG_ID_FK) values ('1499',1,1);
Insert into KSSA_TRANSACTION_TYPE_TAG (TRANSACTION_TYPE_ID_FK,TRANSACTION_TYPE_SUB_CODE_FK,TAG_ID_FK) values ('1500',1,1);
Insert into KSSA_TRANSACTION_TYPE_TAG (TRANSACTION_TYPE_ID_FK,TRANSACTION_TYPE_SUB_CODE_FK,TAG_ID_FK) values ('1501',1,1);
Insert into KSSA_TRANSACTION_TYPE_TAG (TRANSACTION_TYPE_ID_FK,TRANSACTION_TYPE_SUB_CODE_FK,TAG_ID_FK) values ('1502',1,1);
Insert into KSSA_TRANSACTION_TYPE_TAG (TRANSACTION_TYPE_ID_FK,TRANSACTION_TYPE_SUB_CODE_FK,TAG_ID_FK) values ('1503',1,1);
Insert into KSSA_TRANSACTION_TYPE_TAG (TRANSACTION_TYPE_ID_FK,TRANSACTION_TYPE_SUB_CODE_FK,TAG_ID_FK) values ('1504',1,1);
Insert into KSSA_TRANSACTION_TYPE_TAG (TRANSACTION_TYPE_ID_FK,TRANSACTION_TYPE_SUB_CODE_FK,TAG_ID_FK) values ('1505',1,1);
Insert into KSSA_TRANSACTION_TYPE_TAG (TRANSACTION_TYPE_ID_FK,TRANSACTION_TYPE_SUB_CODE_FK,TAG_ID_FK) values ('1506',1,1);
Insert into KSSA_TRANSACTION_TYPE_TAG (TRANSACTION_TYPE_ID_FK,TRANSACTION_TYPE_SUB_CODE_FK,TAG_ID_FK) values ('1507',1,1);
Insert into KSSA_TRANSACTION_TYPE_TAG (TRANSACTION_TYPE_ID_FK,TRANSACTION_TYPE_SUB_CODE_FK,TAG_ID_FK) values ('1508',1,1);
Insert into KSSA_TRANSACTION_TYPE_TAG (TRANSACTION_TYPE_ID_FK,TRANSACTION_TYPE_SUB_CODE_FK,TAG_ID_FK) values ('1509',1,1);
Insert into KSSA_TRANSACTION_TYPE_TAG (TRANSACTION_TYPE_ID_FK,TRANSACTION_TYPE_SUB_CODE_FK,TAG_ID_FK) values ('1510',1,1);
Insert into KSSA_TRANSACTION_TYPE_TAG (TRANSACTION_TYPE_ID_FK,TRANSACTION_TYPE_SUB_CODE_FK,TAG_ID_FK) values ('1511',1,1);
Insert into KSSA_TRANSACTION_TYPE_TAG (TRANSACTION_TYPE_ID_FK,TRANSACTION_TYPE_SUB_CODE_FK,TAG_ID_FK) values ('1512',1,1);
Insert into KSSA_TRANSACTION_TYPE_TAG (TRANSACTION_TYPE_ID_FK,TRANSACTION_TYPE_SUB_CODE_FK,TAG_ID_FK) values ('1513',1,1);
Insert into KSSA_TRANSACTION_TYPE_TAG (TRANSACTION_TYPE_ID_FK,TRANSACTION_TYPE_SUB_CODE_FK,TAG_ID_FK) values ('1514',1,1);
Insert into KSSA_TRANSACTION_TYPE_TAG (TRANSACTION_TYPE_ID_FK,TRANSACTION_TYPE_SUB_CODE_FK,TAG_ID_FK) values ('1515',1,1);
Insert into KSSA_TRANSACTION_TYPE_TAG (TRANSACTION_TYPE_ID_FK,TRANSACTION_TYPE_SUB_CODE_FK,TAG_ID_FK) values ('1516',1,1);
Insert into KSSA_TRANSACTION_TYPE_TAG (TRANSACTION_TYPE_ID_FK,TRANSACTION_TYPE_SUB_CODE_FK,TAG_ID_FK) values ('1517',1,1);
Insert into KSSA_TRANSACTION_TYPE_TAG (TRANSACTION_TYPE_ID_FK,TRANSACTION_TYPE_SUB_CODE_FK,TAG_ID_FK) values ('1518',1,1);
Insert into KSSA_TRANSACTION_TYPE_TAG (TRANSACTION_TYPE_ID_FK,TRANSACTION_TYPE_SUB_CODE_FK,TAG_ID_FK) values ('1519',1,1);
Insert into KSSA_TRANSACTION_TYPE_TAG (TRANSACTION_TYPE_ID_FK,TRANSACTION_TYPE_SUB_CODE_FK,TAG_ID_FK) values ('1520',1,1);
Insert into KSSA_TRANSACTION_TYPE_TAG (TRANSACTION_TYPE_ID_FK,TRANSACTION_TYPE_SUB_CODE_FK,TAG_ID_FK) values ('1521',1,1);
Insert into KSSA_TRANSACTION_TYPE_TAG (TRANSACTION_TYPE_ID_FK,TRANSACTION_TYPE_SUB_CODE_FK,TAG_ID_FK) values ('1522',1,1);
Insert into KSSA_TRANSACTION_TYPE_TAG (TRANSACTION_TYPE_ID_FK,TRANSACTION_TYPE_SUB_CODE_FK,TAG_ID_FK) values ('1523',1,1);
Insert into KSSA_TRANSACTION_TYPE_TAG (TRANSACTION_TYPE_ID_FK,TRANSACTION_TYPE_SUB_CODE_FK,TAG_ID_FK) values ('1524',1,1);
Insert into KSSA_TRANSACTION_TYPE_TAG (TRANSACTION_TYPE_ID_FK,TRANSACTION_TYPE_SUB_CODE_FK,TAG_ID_FK) values ('1525',1,1);
Insert into KSSA_TRANSACTION_TYPE_TAG (TRANSACTION_TYPE_ID_FK,TRANSACTION_TYPE_SUB_CODE_FK,TAG_ID_FK) values ('1526',1,1);
Insert into KSSA_TRANSACTION_TYPE_TAG (TRANSACTION_TYPE_ID_FK,TRANSACTION_TYPE_SUB_CODE_FK,TAG_ID_FK) values ('1527',1,1);
Insert into KSSA_TRANSACTION_TYPE_TAG (TRANSACTION_TYPE_ID_FK,TRANSACTION_TYPE_SUB_CODE_FK,TAG_ID_FK) values ('1528',1,1);
Insert into KSSA_TRANSACTION_TYPE_TAG (TRANSACTION_TYPE_ID_FK,TRANSACTION_TYPE_SUB_CODE_FK,TAG_ID_FK) values ('1529',1,1);
Insert into KSSA_TRANSACTION_TYPE_TAG (TRANSACTION_TYPE_ID_FK,TRANSACTION_TYPE_SUB_CODE_FK,TAG_ID_FK) values ('1530',1,1);
Insert into KSSA_TRANSACTION_TYPE_TAG (TRANSACTION_TYPE_ID_FK,TRANSACTION_TYPE_SUB_CODE_FK,TAG_ID_FK) values ('1531',1,1);
Insert into KSSA_TRANSACTION_TYPE_TAG (TRANSACTION_TYPE_ID_FK,TRANSACTION_TYPE_SUB_CODE_FK,TAG_ID_FK) values ('1532',1,1);
Insert into KSSA_TRANSACTION_TYPE_TAG (TRANSACTION_TYPE_ID_FK,TRANSACTION_TYPE_SUB_CODE_FK,TAG_ID_FK) values ('1533',1,1);
Insert into KSSA_TRANSACTION_TYPE_TAG (TRANSACTION_TYPE_ID_FK,TRANSACTION_TYPE_SUB_CODE_FK,TAG_ID_FK) values ('1534',1,1);
Insert into KSSA_TRANSACTION_TYPE_TAG (TRANSACTION_TYPE_ID_FK,TRANSACTION_TYPE_SUB_CODE_FK,TAG_ID_FK) values ('1535',1,1);
Insert into KSSA_TRANSACTION_TYPE_TAG (TRANSACTION_TYPE_ID_FK,TRANSACTION_TYPE_SUB_CODE_FK,TAG_ID_FK) values ('1536',1,1);
Insert into KSSA_TRANSACTION_TYPE_TAG (TRANSACTION_TYPE_ID_FK,TRANSACTION_TYPE_SUB_CODE_FK,TAG_ID_FK) values ('1537',1,1);
Insert into KSSA_TRANSACTION_TYPE_TAG (TRANSACTION_TYPE_ID_FK,TRANSACTION_TYPE_SUB_CODE_FK,TAG_ID_FK) values ('1538',1,1);
Insert into KSSA_TRANSACTION_TYPE_TAG (TRANSACTION_TYPE_ID_FK,TRANSACTION_TYPE_SUB_CODE_FK,TAG_ID_FK) values ('1539',1,1);
Insert into KSSA_TRANSACTION_TYPE_TAG (TRANSACTION_TYPE_ID_FK,TRANSACTION_TYPE_SUB_CODE_FK,TAG_ID_FK) values ('1540',1,1);
Insert into KSSA_TRANSACTION_TYPE_TAG (TRANSACTION_TYPE_ID_FK,TRANSACTION_TYPE_SUB_CODE_FK,TAG_ID_FK) values ('1541',1,1);
Insert into KSSA_TRANSACTION_TYPE_TAG (TRANSACTION_TYPE_ID_FK,TRANSACTION_TYPE_SUB_CODE_FK,TAG_ID_FK) values ('1542',1,1);
Insert into KSSA_TRANSACTION_TYPE_TAG (TRANSACTION_TYPE_ID_FK,TRANSACTION_TYPE_SUB_CODE_FK,TAG_ID_FK) values ('1543',1,1);
Insert into KSSA_TRANSACTION_TYPE_TAG (TRANSACTION_TYPE_ID_FK,TRANSACTION_TYPE_SUB_CODE_FK,TAG_ID_FK) values ('1544',1,1);
Insert into KSSA_TRANSACTION_TYPE_TAG (TRANSACTION_TYPE_ID_FK,TRANSACTION_TYPE_SUB_CODE_FK,TAG_ID_FK) values ('1545',1,1);
Insert into KSSA_TRANSACTION_TYPE_TAG (TRANSACTION_TYPE_ID_FK,TRANSACTION_TYPE_SUB_CODE_FK,TAG_ID_FK) values ('1546',1,1);
Insert into KSSA_TRANSACTION_TYPE_TAG (TRANSACTION_TYPE_ID_FK,TRANSACTION_TYPE_SUB_CODE_FK,TAG_ID_FK) values ('1547',1,1);
Insert into KSSA_TRANSACTION_TYPE_TAG (TRANSACTION_TYPE_ID_FK,TRANSACTION_TYPE_SUB_CODE_FK,TAG_ID_FK) values ('1548',1,1);
Insert into KSSA_TRANSACTION_TYPE_TAG (TRANSACTION_TYPE_ID_FK,TRANSACTION_TYPE_SUB_CODE_FK,TAG_ID_FK) values ('1549',1,1);
Insert into KSSA_TRANSACTION_TYPE_TAG (TRANSACTION_TYPE_ID_FK,TRANSACTION_TYPE_SUB_CODE_FK,TAG_ID_FK) values ('1550',1,1);
Insert into KSSA_TRANSACTION_TYPE_TAG (TRANSACTION_TYPE_ID_FK,TRANSACTION_TYPE_SUB_CODE_FK,TAG_ID_FK) values ('1551',1,1);
Insert into KSSA_TRANSACTION_TYPE_TAG (TRANSACTION_TYPE_ID_FK,TRANSACTION_TYPE_SUB_CODE_FK,TAG_ID_FK) values ('1552',1,1);
Insert into KSSA_TRANSACTION_TYPE_TAG (TRANSACTION_TYPE_ID_FK,TRANSACTION_TYPE_SUB_CODE_FK,TAG_ID_FK) values ('1553',1,1);
Insert into KSSA_TRANSACTION_TYPE_TAG (TRANSACTION_TYPE_ID_FK,TRANSACTION_TYPE_SUB_CODE_FK,TAG_ID_FK) values ('1554',1,1);
Insert into KSSA_TRANSACTION_TYPE_TAG (TRANSACTION_TYPE_ID_FK,TRANSACTION_TYPE_SUB_CODE_FK,TAG_ID_FK) values ('1555',1,1);
Insert into KSSA_TRANSACTION_TYPE_TAG (TRANSACTION_TYPE_ID_FK,TRANSACTION_TYPE_SUB_CODE_FK,TAG_ID_FK) values ('1556',1,1);
Insert into KSSA_TRANSACTION_TYPE_TAG (TRANSACTION_TYPE_ID_FK,TRANSACTION_TYPE_SUB_CODE_FK,TAG_ID_FK) values ('1557',1,1);
Insert into KSSA_TRANSACTION_TYPE_TAG (TRANSACTION_TYPE_ID_FK,TRANSACTION_TYPE_SUB_CODE_FK,TAG_ID_FK) values ('1558',1,1);
Insert into KSSA_TRANSACTION_TYPE_TAG (TRANSACTION_TYPE_ID_FK,TRANSACTION_TYPE_SUB_CODE_FK,TAG_ID_FK) values ('1559',1,1);
Insert into KSSA_TRANSACTION_TYPE_TAG (TRANSACTION_TYPE_ID_FK,TRANSACTION_TYPE_SUB_CODE_FK,TAG_ID_FK) values ('1560',1,1);
Insert into KSSA_TRANSACTION_TYPE_TAG (TRANSACTION_TYPE_ID_FK,TRANSACTION_TYPE_SUB_CODE_FK,TAG_ID_FK) values ('1561',1,1);
Insert into KSSA_TRANSACTION_TYPE_TAG (TRANSACTION_TYPE_ID_FK,TRANSACTION_TYPE_SUB_CODE_FK,TAG_ID_FK) values ('1562',1,1);
Insert into KSSA_TRANSACTION_TYPE_TAG (TRANSACTION_TYPE_ID_FK,TRANSACTION_TYPE_SUB_CODE_FK,TAG_ID_FK) values ('1563',1,1);
Insert into KSSA_TRANSACTION_TYPE_TAG (TRANSACTION_TYPE_ID_FK,TRANSACTION_TYPE_SUB_CODE_FK,TAG_ID_FK) values ('1564',1,1);
Insert into KSSA_TRANSACTION_TYPE_TAG (TRANSACTION_TYPE_ID_FK,TRANSACTION_TYPE_SUB_CODE_FK,TAG_ID_FK) values ('1565',1,1);
Insert into KSSA_TRANSACTION_TYPE_TAG (TRANSACTION_TYPE_ID_FK,TRANSACTION_TYPE_SUB_CODE_FK,TAG_ID_FK) values ('1566',1,1);
Insert into KSSA_TRANSACTION_TYPE_TAG (TRANSACTION_TYPE_ID_FK,TRANSACTION_TYPE_SUB_CODE_FK,TAG_ID_FK) values ('1567',1,1);
Insert into KSSA_TRANSACTION_TYPE_TAG (TRANSACTION_TYPE_ID_FK,TRANSACTION_TYPE_SUB_CODE_FK,TAG_ID_FK) values ('1568',1,1);
Insert into KSSA_TRANSACTION_TYPE_TAG (TRANSACTION_TYPE_ID_FK,TRANSACTION_TYPE_SUB_CODE_FK,TAG_ID_FK) values ('1600',1,1);
Insert into KSSA_TRANSACTION_TYPE_TAG (TRANSACTION_TYPE_ID_FK,TRANSACTION_TYPE_SUB_CODE_FK,TAG_ID_FK) values ('1602',1,1);
Insert into KSSA_TRANSACTION_TYPE_TAG (TRANSACTION_TYPE_ID_FK,TRANSACTION_TYPE_SUB_CODE_FK,TAG_ID_FK) values ('1604',1,1);
Insert into KSSA_TRANSACTION_TYPE_TAG (TRANSACTION_TYPE_ID_FK,TRANSACTION_TYPE_SUB_CODE_FK,TAG_ID_FK) values ('1606',1,1);
Insert into KSSA_TRANSACTION_TYPE_TAG (TRANSACTION_TYPE_ID_FK,TRANSACTION_TYPE_SUB_CODE_FK,TAG_ID_FK) values ('1608',1,1);
Insert into KSSA_TRANSACTION_TYPE_TAG (TRANSACTION_TYPE_ID_FK,TRANSACTION_TYPE_SUB_CODE_FK,TAG_ID_FK) values ('1609',1,1);
Insert into KSSA_TRANSACTION_TYPE_TAG (TRANSACTION_TYPE_ID_FK,TRANSACTION_TYPE_SUB_CODE_FK,TAG_ID_FK) values ('1610',1,1);
Insert into KSSA_TRANSACTION_TYPE_TAG (TRANSACTION_TYPE_ID_FK,TRANSACTION_TYPE_SUB_CODE_FK,TAG_ID_FK) values ('1611',1,1);
Insert into KSSA_TRANSACTION_TYPE_TAG (TRANSACTION_TYPE_ID_FK,TRANSACTION_TYPE_SUB_CODE_FK,TAG_ID_FK) values ('1612',1,1);
Insert into KSSA_TRANSACTION_TYPE_TAG (TRANSACTION_TYPE_ID_FK,TRANSACTION_TYPE_SUB_CODE_FK,TAG_ID_FK) values ('1613',1,1);
Insert into KSSA_TRANSACTION_TYPE_TAG (TRANSACTION_TYPE_ID_FK,TRANSACTION_TYPE_SUB_CODE_FK,TAG_ID_FK) values ('1614',1,1);
Insert into KSSA_TRANSACTION_TYPE_TAG (TRANSACTION_TYPE_ID_FK,TRANSACTION_TYPE_SUB_CODE_FK,TAG_ID_FK) values ('1700',1,1);
Insert into KSSA_TRANSACTION_TYPE_TAG (TRANSACTION_TYPE_ID_FK,TRANSACTION_TYPE_SUB_CODE_FK,TAG_ID_FK) values ('1701',1,1);
Insert into KSSA_TRANSACTION_TYPE_TAG (TRANSACTION_TYPE_ID_FK,TRANSACTION_TYPE_SUB_CODE_FK,TAG_ID_FK) values ('1702',1,1);
Insert into KSSA_TRANSACTION_TYPE_TAG (TRANSACTION_TYPE_ID_FK,TRANSACTION_TYPE_SUB_CODE_FK,TAG_ID_FK) values ('1050',1,1);
Insert into KSSA_TRANSACTION_TYPE_TAG (TRANSACTION_TYPE_ID_FK,TRANSACTION_TYPE_SUB_CODE_FK,TAG_ID_FK) values ('1051',1,1);
Insert into KSSA_TRANSACTION_TYPE_TAG (TRANSACTION_TYPE_ID_FK,TRANSACTION_TYPE_SUB_CODE_FK,TAG_ID_FK) values ('1060',1,1);
Insert into KSSA_TRANSACTION_TYPE_TAG (TRANSACTION_TYPE_ID_FK,TRANSACTION_TYPE_SUB_CODE_FK,TAG_ID_FK) values ('1070',1,1);
Insert into KSSA_TRANSACTION_TYPE_TAG (TRANSACTION_TYPE_ID_FK,TRANSACTION_TYPE_SUB_CODE_FK,TAG_ID_FK) values ('1071',1,1);
Insert into KSSA_TRANSACTION_TYPE_TAG (TRANSACTION_TYPE_ID_FK,TRANSACTION_TYPE_SUB_CODE_FK,TAG_ID_FK) values ('1072',1,1);
Insert into KSSA_TRANSACTION_TYPE_TAG (TRANSACTION_TYPE_ID_FK,TRANSACTION_TYPE_SUB_CODE_FK,TAG_ID_FK) values ('1073',1,1);
Insert into KSSA_TRANSACTION_TYPE_TAG (TRANSACTION_TYPE_ID_FK,TRANSACTION_TYPE_SUB_CODE_FK,TAG_ID_FK) values ('1080',1,1);
Insert into KSSA_TRANSACTION_TYPE_TAG (TRANSACTION_TYPE_ID_FK,TRANSACTION_TYPE_SUB_CODE_FK,TAG_ID_FK) values ('1100',1,1);
Insert into KSSA_TRANSACTION_TYPE_TAG (TRANSACTION_TYPE_ID_FK,TRANSACTION_TYPE_SUB_CODE_FK,TAG_ID_FK) values ('1101',1,1);
Insert into KSSA_TRANSACTION_TYPE_TAG (TRANSACTION_TYPE_ID_FK,TRANSACTION_TYPE_SUB_CODE_FK,TAG_ID_FK) values ('1120',1,1);
Insert into KSSA_TRANSACTION_TYPE_TAG (TRANSACTION_TYPE_ID_FK,TRANSACTION_TYPE_SUB_CODE_FK,TAG_ID_FK) values ('1121',1,1);
Insert into KSSA_TRANSACTION_TYPE_TAG (TRANSACTION_TYPE_ID_FK,TRANSACTION_TYPE_SUB_CODE_FK,TAG_ID_FK) values ('1140',1,1);
Insert into KSSA_TRANSACTION_TYPE_TAG (TRANSACTION_TYPE_ID_FK,TRANSACTION_TYPE_SUB_CODE_FK,TAG_ID_FK) values ('1141',1,1);
Insert into KSSA_TRANSACTION_TYPE_TAG (TRANSACTION_TYPE_ID_FK,TRANSACTION_TYPE_SUB_CODE_FK,TAG_ID_FK) values ('1160',1,1);
Insert into KSSA_TRANSACTION_TYPE_TAG (TRANSACTION_TYPE_ID_FK,TRANSACTION_TYPE_SUB_CODE_FK,TAG_ID_FK) values ('1161',1,1);
Insert into KSSA_TRANSACTION_TYPE_TAG (TRANSACTION_TYPE_ID_FK,TRANSACTION_TYPE_SUB_CODE_FK,TAG_ID_FK) values ('1162',1,1);
Insert into KSSA_TRANSACTION_TYPE_TAG (TRANSACTION_TYPE_ID_FK,TRANSACTION_TYPE_SUB_CODE_FK,TAG_ID_FK) values ('1165',1,1);
Insert into KSSA_TRANSACTION_TYPE_TAG (TRANSACTION_TYPE_ID_FK,TRANSACTION_TYPE_SUB_CODE_FK,TAG_ID_FK) values ('1166',1,1);
Insert into KSSA_TRANSACTION_TYPE_TAG (TRANSACTION_TYPE_ID_FK,TRANSACTION_TYPE_SUB_CODE_FK,TAG_ID_FK) values ('1167',1,1);
Insert into KSSA_TRANSACTION_TYPE_TAG (TRANSACTION_TYPE_ID_FK,TRANSACTION_TYPE_SUB_CODE_FK,TAG_ID_FK) values ('1168',1,1);
Insert into KSSA_TRANSACTION_TYPE_TAG (TRANSACTION_TYPE_ID_FK,TRANSACTION_TYPE_SUB_CODE_FK,TAG_ID_FK) values ('1170',1,1);
Insert into KSSA_TRANSACTION_TYPE_TAG (TRANSACTION_TYPE_ID_FK,TRANSACTION_TYPE_SUB_CODE_FK,TAG_ID_FK) values ('1171',1,1);
Insert into KSSA_TRANSACTION_TYPE_TAG (TRANSACTION_TYPE_ID_FK,TRANSACTION_TYPE_SUB_CODE_FK,TAG_ID_FK) values ('1172',1,1);
Insert into KSSA_TRANSACTION_TYPE_TAG (TRANSACTION_TYPE_ID_FK,TRANSACTION_TYPE_SUB_CODE_FK,TAG_ID_FK) values ('1173',1,1);
Insert into KSSA_TRANSACTION_TYPE_TAG (TRANSACTION_TYPE_ID_FK,TRANSACTION_TYPE_SUB_CODE_FK,TAG_ID_FK) values ('1174',1,1);
Insert into KSSA_TRANSACTION_TYPE_TAG (TRANSACTION_TYPE_ID_FK,TRANSACTION_TYPE_SUB_CODE_FK,TAG_ID_FK) values ('1175',1,1);
Insert into KSSA_TRANSACTION_TYPE_TAG (TRANSACTION_TYPE_ID_FK,TRANSACTION_TYPE_SUB_CODE_FK,TAG_ID_FK) values ('1176',1,1);
Insert into KSSA_TRANSACTION_TYPE_TAG (TRANSACTION_TYPE_ID_FK,TRANSACTION_TYPE_SUB_CODE_FK,TAG_ID_FK) values ('1177',1,1);
Insert into KSSA_TRANSACTION_TYPE_TAG (TRANSACTION_TYPE_ID_FK,TRANSACTION_TYPE_SUB_CODE_FK,TAG_ID_FK) values ('1178',1,1);
Insert into KSSA_TRANSACTION_TYPE_TAG (TRANSACTION_TYPE_ID_FK,TRANSACTION_TYPE_SUB_CODE_FK,TAG_ID_FK) values ('1179',1,1);
Insert into KSSA_TRANSACTION_TYPE_TAG (TRANSACTION_TYPE_ID_FK,TRANSACTION_TYPE_SUB_CODE_FK,TAG_ID_FK) values ('1180',1,1);
Insert into KSSA_TRANSACTION_TYPE_TAG (TRANSACTION_TYPE_ID_FK,TRANSACTION_TYPE_SUB_CODE_FK,TAG_ID_FK) values ('1181',1,1);
Insert into KSSA_TRANSACTION_TYPE_TAG (TRANSACTION_TYPE_ID_FK,TRANSACTION_TYPE_SUB_CODE_FK,TAG_ID_FK) values ('1182',1,1);
Insert into KSSA_TRANSACTION_TYPE_TAG (TRANSACTION_TYPE_ID_FK,TRANSACTION_TYPE_SUB_CODE_FK,TAG_ID_FK) values ('1183',1,1);
Insert into KSSA_TRANSACTION_TYPE_TAG (TRANSACTION_TYPE_ID_FK,TRANSACTION_TYPE_SUB_CODE_FK,TAG_ID_FK) values ('1184',1,1);
Insert into KSSA_TRANSACTION_TYPE_TAG (TRANSACTION_TYPE_ID_FK,TRANSACTION_TYPE_SUB_CODE_FK,TAG_ID_FK) values ('1186',1,1);
Insert into KSSA_TRANSACTION_TYPE_TAG (TRANSACTION_TYPE_ID_FK,TRANSACTION_TYPE_SUB_CODE_FK,TAG_ID_FK) values ('1187',1,1);
Insert into KSSA_TRANSACTION_TYPE_TAG (TRANSACTION_TYPE_ID_FK,TRANSACTION_TYPE_SUB_CODE_FK,TAG_ID_FK) values ('1188',1,1);
Insert into KSSA_TRANSACTION_TYPE_TAG (TRANSACTION_TYPE_ID_FK,TRANSACTION_TYPE_SUB_CODE_FK,TAG_ID_FK) values ('1189',1,1);
Insert into KSSA_TRANSACTION_TYPE_TAG (TRANSACTION_TYPE_ID_FK,TRANSACTION_TYPE_SUB_CODE_FK,TAG_ID_FK) values ('1190',1,1);
Insert into KSSA_TRANSACTION_TYPE_TAG (TRANSACTION_TYPE_ID_FK,TRANSACTION_TYPE_SUB_CODE_FK,TAG_ID_FK) values ('1191',1,1);
Insert into KSSA_TRANSACTION_TYPE_TAG (TRANSACTION_TYPE_ID_FK,TRANSACTION_TYPE_SUB_CODE_FK,TAG_ID_FK) values ('1192',1,1);
Insert into KSSA_TRANSACTION_TYPE_TAG (TRANSACTION_TYPE_ID_FK,TRANSACTION_TYPE_SUB_CODE_FK,TAG_ID_FK) values ('1193',1,1);
Insert into KSSA_TRANSACTION_TYPE_TAG (TRANSACTION_TYPE_ID_FK,TRANSACTION_TYPE_SUB_CODE_FK,TAG_ID_FK) values ('1194',1,1);
Insert into KSSA_TRANSACTION_TYPE_TAG (TRANSACTION_TYPE_ID_FK,TRANSACTION_TYPE_SUB_CODE_FK,TAG_ID_FK) values ('1195',1,1);
Insert into KSSA_TRANSACTION_TYPE_TAG (TRANSACTION_TYPE_ID_FK,TRANSACTION_TYPE_SUB_CODE_FK,TAG_ID_FK) values ('1196',1,1);
Insert into KSSA_TRANSACTION_TYPE_TAG (TRANSACTION_TYPE_ID_FK,TRANSACTION_TYPE_SUB_CODE_FK,TAG_ID_FK) values ('1198',1,1);
Insert into KSSA_TRANSACTION_TYPE_TAG (TRANSACTION_TYPE_ID_FK,TRANSACTION_TYPE_SUB_CODE_FK,TAG_ID_FK) values ('1202',1,1);
Insert into KSSA_TRANSACTION_TYPE_TAG (TRANSACTION_TYPE_ID_FK,TRANSACTION_TYPE_SUB_CODE_FK,TAG_ID_FK) values ('1204',1,1);
Insert into KSSA_TRANSACTION_TYPE_TAG (TRANSACTION_TYPE_ID_FK,TRANSACTION_TYPE_SUB_CODE_FK,TAG_ID_FK) values ('1206',1,1);
Insert into KSSA_TRANSACTION_TYPE_TAG (TRANSACTION_TYPE_ID_FK,TRANSACTION_TYPE_SUB_CODE_FK,TAG_ID_FK) values ('1208',1,1);
Insert into KSSA_TRANSACTION_TYPE_TAG (TRANSACTION_TYPE_ID_FK,TRANSACTION_TYPE_SUB_CODE_FK,TAG_ID_FK) values ('1210',1,1);
Insert into KSSA_TRANSACTION_TYPE_TAG (TRANSACTION_TYPE_ID_FK,TRANSACTION_TYPE_SUB_CODE_FK,TAG_ID_FK) values ('1212',1,1);
Insert into KSSA_TRANSACTION_TYPE_TAG (TRANSACTION_TYPE_ID_FK,TRANSACTION_TYPE_SUB_CODE_FK,TAG_ID_FK) values ('1213',1,1);
Insert into KSSA_TRANSACTION_TYPE_TAG (TRANSACTION_TYPE_ID_FK,TRANSACTION_TYPE_SUB_CODE_FK,TAG_ID_FK) values ('1214',1,1);
Insert into KSSA_TRANSACTION_TYPE_TAG (TRANSACTION_TYPE_ID_FK,TRANSACTION_TYPE_SUB_CODE_FK,TAG_ID_FK) values ('1215',1,1);
Insert into KSSA_TRANSACTION_TYPE_TAG (TRANSACTION_TYPE_ID_FK,TRANSACTION_TYPE_SUB_CODE_FK,TAG_ID_FK) values ('1216',1,1);
Insert into KSSA_TRANSACTION_TYPE_TAG (TRANSACTION_TYPE_ID_FK,TRANSACTION_TYPE_SUB_CODE_FK,TAG_ID_FK) values ('1218',1,1);
Insert into KSSA_TRANSACTION_TYPE_TAG (TRANSACTION_TYPE_ID_FK,TRANSACTION_TYPE_SUB_CODE_FK,TAG_ID_FK) values ('1240',1,1);
Insert into KSSA_TRANSACTION_TYPE_TAG (TRANSACTION_TYPE_ID_FK,TRANSACTION_TYPE_SUB_CODE_FK,TAG_ID_FK) values ('1242',1,1);
Insert into KSSA_TRANSACTION_TYPE_TAG (TRANSACTION_TYPE_ID_FK,TRANSACTION_TYPE_SUB_CODE_FK,TAG_ID_FK) values ('1244',1,1);
Insert into KSSA_TRANSACTION_TYPE_TAG (TRANSACTION_TYPE_ID_FK,TRANSACTION_TYPE_SUB_CODE_FK,TAG_ID_FK) values ('1245',1,1);
Insert into KSSA_TRANSACTION_TYPE_TAG (TRANSACTION_TYPE_ID_FK,TRANSACTION_TYPE_SUB_CODE_FK,TAG_ID_FK) values ('1246',1,1);
Insert into KSSA_TRANSACTION_TYPE_TAG (TRANSACTION_TYPE_ID_FK,TRANSACTION_TYPE_SUB_CODE_FK,TAG_ID_FK) values ('1247',1,1);
Insert into KSSA_TRANSACTION_TYPE_TAG (TRANSACTION_TYPE_ID_FK,TRANSACTION_TYPE_SUB_CODE_FK,TAG_ID_FK) values ('1248',1,1);
Insert into KSSA_TRANSACTION_TYPE_TAG (TRANSACTION_TYPE_ID_FK,TRANSACTION_TYPE_SUB_CODE_FK,TAG_ID_FK) values ('1256',1,1);
Insert into KSSA_TRANSACTION_TYPE_TAG (TRANSACTION_TYPE_ID_FK,TRANSACTION_TYPE_SUB_CODE_FK,TAG_ID_FK) values ('1257',1,1);
Insert into KSSA_TRANSACTION_TYPE_TAG (TRANSACTION_TYPE_ID_FK,TRANSACTION_TYPE_SUB_CODE_FK,TAG_ID_FK) values ('1258',1,1);
Insert into KSSA_TRANSACTION_TYPE_TAG (TRANSACTION_TYPE_ID_FK,TRANSACTION_TYPE_SUB_CODE_FK,TAG_ID_FK) values ('1259',1,1);
Insert into KSSA_TRANSACTION_TYPE_TAG (TRANSACTION_TYPE_ID_FK,TRANSACTION_TYPE_SUB_CODE_FK,TAG_ID_FK) values ('1260',1,1);
Insert into KSSA_TRANSACTION_TYPE_TAG (TRANSACTION_TYPE_ID_FK,TRANSACTION_TYPE_SUB_CODE_FK,TAG_ID_FK) values ('1261',1,1);
Insert into KSSA_TRANSACTION_TYPE_TAG (TRANSACTION_TYPE_ID_FK,TRANSACTION_TYPE_SUB_CODE_FK,TAG_ID_FK) values ('1262',1,1);
Insert into KSSA_TRANSACTION_TYPE_TAG (TRANSACTION_TYPE_ID_FK,TRANSACTION_TYPE_SUB_CODE_FK,TAG_ID_FK) values ('1263',1,1);
Insert into KSSA_TRANSACTION_TYPE_TAG (TRANSACTION_TYPE_ID_FK,TRANSACTION_TYPE_SUB_CODE_FK,TAG_ID_FK) values ('1264',1,1);
Insert into KSSA_TRANSACTION_TYPE_TAG (TRANSACTION_TYPE_ID_FK,TRANSACTION_TYPE_SUB_CODE_FK,TAG_ID_FK) values ('1265',1,1);
Insert into KSSA_TRANSACTION_TYPE_TAG (TRANSACTION_TYPE_ID_FK,TRANSACTION_TYPE_SUB_CODE_FK,TAG_ID_FK) values ('1266',1,1);
Insert into KSSA_TRANSACTION_TYPE_TAG (TRANSACTION_TYPE_ID_FK,TRANSACTION_TYPE_SUB_CODE_FK,TAG_ID_FK) values ('1267',1,1);
Insert into KSSA_TRANSACTION_TYPE_TAG (TRANSACTION_TYPE_ID_FK,TRANSACTION_TYPE_SUB_CODE_FK,TAG_ID_FK) values ('1268',1,1);
Insert into KSSA_TRANSACTION_TYPE_TAG (TRANSACTION_TYPE_ID_FK,TRANSACTION_TYPE_SUB_CODE_FK,TAG_ID_FK) values ('1269',1,1);
Insert into KSSA_TRANSACTION_TYPE_TAG (TRANSACTION_TYPE_ID_FK,TRANSACTION_TYPE_SUB_CODE_FK,TAG_ID_FK) values ('1270',1,1);
Insert into KSSA_TRANSACTION_TYPE_TAG (TRANSACTION_TYPE_ID_FK,TRANSACTION_TYPE_SUB_CODE_FK,TAG_ID_FK) values ('1271',1,1);
Insert into KSSA_TRANSACTION_TYPE_TAG (TRANSACTION_TYPE_ID_FK,TRANSACTION_TYPE_SUB_CODE_FK,TAG_ID_FK) values ('1272',1,1);
Insert into KSSA_TRANSACTION_TYPE_TAG (TRANSACTION_TYPE_ID_FK,TRANSACTION_TYPE_SUB_CODE_FK,TAG_ID_FK) values ('1273',1,1);
Insert into KSSA_TRANSACTION_TYPE_TAG (TRANSACTION_TYPE_ID_FK,TRANSACTION_TYPE_SUB_CODE_FK,TAG_ID_FK) values ('1274',1,1);
Insert into KSSA_TRANSACTION_TYPE_TAG (TRANSACTION_TYPE_ID_FK,TRANSACTION_TYPE_SUB_CODE_FK,TAG_ID_FK) values ('1275',1,1);
Insert into KSSA_TRANSACTION_TYPE_TAG (TRANSACTION_TYPE_ID_FK,TRANSACTION_TYPE_SUB_CODE_FK,TAG_ID_FK) values ('1276',1,1);
Insert into KSSA_TRANSACTION_TYPE_TAG (TRANSACTION_TYPE_ID_FK,TRANSACTION_TYPE_SUB_CODE_FK,TAG_ID_FK) values ('1277',1,1);
Insert into KSSA_TRANSACTION_TYPE_TAG (TRANSACTION_TYPE_ID_FK,TRANSACTION_TYPE_SUB_CODE_FK,TAG_ID_FK) values ('1278',1,1);
Insert into KSSA_TRANSACTION_TYPE_TAG (TRANSACTION_TYPE_ID_FK,TRANSACTION_TYPE_SUB_CODE_FK,TAG_ID_FK) values ('1279',1,1);
Insert into KSSA_TRANSACTION_TYPE_TAG (TRANSACTION_TYPE_ID_FK,TRANSACTION_TYPE_SUB_CODE_FK,TAG_ID_FK) values ('1280',1,1);
Insert into KSSA_TRANSACTION_TYPE_TAG (TRANSACTION_TYPE_ID_FK,TRANSACTION_TYPE_SUB_CODE_FK,TAG_ID_FK) values ('1282',1,1);
Insert into KSSA_TRANSACTION_TYPE_TAG (TRANSACTION_TYPE_ID_FK,TRANSACTION_TYPE_SUB_CODE_FK,TAG_ID_FK) values ('1283',1,1);
Insert into KSSA_TRANSACTION_TYPE_TAG (TRANSACTION_TYPE_ID_FK,TRANSACTION_TYPE_SUB_CODE_FK,TAG_ID_FK) values ('1284',1,1);
Insert into KSSA_TRANSACTION_TYPE_TAG (TRANSACTION_TYPE_ID_FK,TRANSACTION_TYPE_SUB_CODE_FK,TAG_ID_FK) values ('1287',1,1);
Insert into KSSA_TRANSACTION_TYPE_TAG (TRANSACTION_TYPE_ID_FK,TRANSACTION_TYPE_SUB_CODE_FK,TAG_ID_FK) values ('1288',1,1);
Insert into KSSA_TRANSACTION_TYPE_TAG (TRANSACTION_TYPE_ID_FK,TRANSACTION_TYPE_SUB_CODE_FK,TAG_ID_FK) values ('1289',1,1);
Insert into KSSA_TRANSACTION_TYPE_TAG (TRANSACTION_TYPE_ID_FK,TRANSACTION_TYPE_SUB_CODE_FK,TAG_ID_FK) values ('1290',1,1);
Insert into KSSA_TRANSACTION_TYPE_TAG (TRANSACTION_TYPE_ID_FK,TRANSACTION_TYPE_SUB_CODE_FK,TAG_ID_FK) values ('1291',1,1);
Insert into KSSA_TRANSACTION_TYPE_TAG (TRANSACTION_TYPE_ID_FK,TRANSACTION_TYPE_SUB_CODE_FK,TAG_ID_FK) values ('1001',1,1);
Insert into KSSA_TRANSACTION_TYPE_TAG (TRANSACTION_TYPE_ID_FK,TRANSACTION_TYPE_SUB_CODE_FK,TAG_ID_FK) values ('1021',1,1);
Insert into KSSA_TRANSACTION_TYPE_TAG (TRANSACTION_TYPE_ID_FK,TRANSACTION_TYPE_SUB_CODE_FK,TAG_ID_FK) values ('1040',1,1);
Insert into KSSA_TRANSACTION_TYPE_TAG (TRANSACTION_TYPE_ID_FK,TRANSACTION_TYPE_SUB_CODE_FK,TAG_ID_FK) values ('1041',1,1);
Insert into KSSA_TRANSACTION_TYPE_TAG (TRANSACTION_TYPE_ID_FK,TRANSACTION_TYPE_SUB_CODE_FK,TAG_ID_FK) values ('1045',1,1);

Insert into KSSA_TRANSACTION_TYPE_TAG (TRANSACTION_TYPE_ID_FK,TRANSACTION_TYPE_SUB_CODE_FK,TAG_ID_FK) values ('1020',1,1);
Insert into KSSA_TRANSACTION_TYPE_TAG (TRANSACTION_TYPE_ID_FK,TRANSACTION_TYPE_SUB_CODE_FK,TAG_ID_FK) values ('1020',1,2);
Insert into KSSA_TRANSACTION_TYPE_TAG (TRANSACTION_TYPE_ID_FK,TRANSACTION_TYPE_SUB_CODE_FK,TAG_ID_FK) values ('1020',1,3);
Insert into KSSA_TRANSACTION_TYPE_TAG (TRANSACTION_TYPE_ID_FK,TRANSACTION_TYPE_SUB_CODE_FK,TAG_ID_FK) values ('1020',1,4);
Insert into KSSA_TRANSACTION_TYPE_TAG (TRANSACTION_TYPE_ID_FK,TRANSACTION_TYPE_SUB_CODE_FK,TAG_ID_FK) values ('1020',1,5);

Insert into KSSA_TRANSACTION_TYPE_TAG (TRANSACTION_TYPE_ID_FK,TRANSACTION_TYPE_SUB_CODE_FK,TAG_ID_FK) values ('cash',1,1);
Insert into KSSA_TRANSACTION_TYPE_TAG (TRANSACTION_TYPE_ID_FK,TRANSACTION_TYPE_SUB_CODE_FK,TAG_ID_FK) values ('cash',1,2);
Insert into KSSA_TRANSACTION_TYPE_TAG (TRANSACTION_TYPE_ID_FK,TRANSACTION_TYPE_SUB_CODE_FK,TAG_ID_FK) values ('cash',1,3);
Insert into KSSA_TRANSACTION_TYPE_TAG (TRANSACTION_TYPE_ID_FK,TRANSACTION_TYPE_SUB_CODE_FK,TAG_ID_FK) values ('cash',1,4);
Insert into KSSA_TRANSACTION_TYPE_TAG (TRANSACTION_TYPE_ID_FK,TRANSACTION_TYPE_SUB_CODE_FK,TAG_ID_FK) values ('cash',1,5);

Insert into KSSA_TRANSACTION_TYPE_TAG (TRANSACTION_TYPE_ID_FK,TRANSACTION_TYPE_SUB_CODE_FK,TAG_ID_FK) values ('chip',1,1);
Insert into KSSA_TRANSACTION_TYPE_TAG (TRANSACTION_TYPE_ID_FK,TRANSACTION_TYPE_SUB_CODE_FK,TAG_ID_FK) values ('chip',1,2);
Insert into KSSA_TRANSACTION_TYPE_TAG (TRANSACTION_TYPE_ID_FK,TRANSACTION_TYPE_SUB_CODE_FK,TAG_ID_FK) values ('chip',1,3);
Insert into KSSA_TRANSACTION_TYPE_TAG (TRANSACTION_TYPE_ID_FK,TRANSACTION_TYPE_SUB_CODE_FK,TAG_ID_FK) values ('chip',1,4);
Insert into KSSA_TRANSACTION_TYPE_TAG (TRANSACTION_TYPE_ID_FK,TRANSACTION_TYPE_SUB_CODE_FK,TAG_ID_FK) values ('chip',1,5);

Insert into KSSA_TRANSACTION_TYPE_TAG (TRANSACTION_TYPE_ID_FK,TRANSACTION_TYPE_SUB_CODE_FK,TAG_ID_FK) values ('finaid',1,6);
Insert into KSSA_TRANSACTION_TYPE_TAG (TRANSACTION_TYPE_ID_FK,TRANSACTION_TYPE_SUB_CODE_FK,TAG_ID_FK) values ('finaid2',1,6);

---------------------------------------------------
--   END DATA FOR TABLE KSSA_TRANSACTION_TYPE_TAG
---------------------------------------------------

---------------------------------------------------
--   DATA FOR TABLE KSSA_LATE_PERIOD
--   FILTER = none used
---------------------------------------------------
REM INSERTING into KSSA_LATE_PERIOD
Insert into KSSA_LATE_PERIOD (ID,CREATOR_ID,DESCRIPTION,EDITOR_ID,CREATION_DATE,NAME,DAYS_LATE1,DAYS_LATE2,DAYS_LATE3,IS_DEFAULT) values (1,'pheald','Standard 30/60/90 Late-period definition.',null,to_timestamp('03-APR-12 12.00.00.000000000 AM','DD-MON-RR HH.MI.SS.FF AM'),'Standard',30,60,90,'Y');
Insert into KSSA_LATE_PERIOD (ID,CREATOR_ID,DESCRIPTION,EDITOR_ID,CREATION_DATE,NAME,DAYS_LATE1,DAYS_LATE2,DAYS_LATE3,IS_DEFAULT) values (2,'pheald','Extended late period defintion used for businesses who pay by the middle of the semester.',null,to_timestamp('03-APR-12 12.00.00.000000000 AM','DD-MON-RR HH.MI.SS.FF AM'),'Extended',90,120,150,'N');

---------------------------------------------------
--   END DATA FOR TABLE KSSA_LATE_PERIOD
---------------------------------------------------

---------------------------------------------------
--   DATA FOR TABLE KSSA_CURRENCY
--   FILTER = none used
---------------------------------------------------
REM INSERTING into KSSA_CURRENCY
Insert into KSSA_CURRENCY (ID,CREATOR_ID,DESCRIPTION,EDITOR_ID,CREATION_DATE,NAME,CODE) values (4,'pheald','Euro',null,to_timestamp('03-APR-12 12.00.00.000000000 AM','DD-MON-RR HH.MI.SS.FF AM'),'Euro','EUR');
Insert into KSSA_CURRENCY (ID,CREATOR_ID,DESCRIPTION,EDITOR_ID,CREATION_DATE,NAME,CODE) values (1,'pheald','United States Dollar as used in the USA.','admin',to_timestamp('03-APR-12 12.00.00.000000000 AM','DD-MON-RR HH.MI.SS.FF AM'),'Dollar','USD');
Insert into KSSA_CURRENCY (ID,CREATOR_ID,DESCRIPTION,EDITOR_ID,CREATION_DATE,NAME,CODE) values (2,'pheald','British Pound as used in the United Kingdom. Also referred to as sterling.',null,to_timestamp('03-APR-12 12.00.00.000000000 AM','DD-MON-RR HH.MI.SS.FF AM'),'Sterling','GBP');
Insert into KSSA_CURRENCY (ID,CREATOR_ID,DESCRIPTION,EDITOR_ID,CREATION_DATE,NAME,CODE) values (3,'pheald','Australian Dollar.',null,to_timestamp('03-APR-12 12.00.00.000000000 AM','DD-MON-RR HH.MI.SS.FF AM'),'Dollar','AUD');
Insert into KSSA_CURRENCY (ID,CREATOR_ID,DESCRIPTION,EDITOR_ID,CREATION_DATE,NAME,CODE) values (5,'pheald','South African Rand',null,to_timestamp('03-APR-12 12.00.00.000000000 AM','DD-MON-RR HH.MI.SS.FF AM'),'Rand','ZAR');

---------------------------------------------------
--   END DATA FOR TABLE KSSA_CURRENCY
---------------------------------------------------

---------------------------------------------------
--   DATA FOR TABLE KSSA_CREDIT_PERMISSION
--   FILTER = none used
---------------------------------------------------
REM INSERTING into KSSA_CREDIT_PERMISSION
Insert into KSSA_CREDIT_PERMISSION (ID,ALLOWABLE_DEBIT_TYPE_MASK,PRIORITY,TRANSACTION_TYPE_ID_FK,TRANSACTION_TYPE_SUB_CODE_FK) values (1,'.*',0,'cash',1);
Insert into KSSA_CREDIT_PERMISSION (ID,ALLOWABLE_DEBIT_TYPE_MASK,PRIORITY,TRANSACTION_TYPE_ID_FK,TRANSACTION_TYPE_SUB_CODE_FK) values (2,'.*',0,'pp',1);
Insert into KSSA_CREDIT_PERMISSION (ID,ALLOWABLE_DEBIT_TYPE_MASK,PRIORITY,TRANSACTION_TYPE_ID_FK,TRANSACTION_TYPE_SUB_CODE_FK) values (3,'.*',0,'ach',1);
Insert into KSSA_CREDIT_PERMISSION (ID,ALLOWABLE_DEBIT_TYPE_MASK,PRIORITY,TRANSACTION_TYPE_ID_FK,TRANSACTION_TYPE_SUB_CODE_FK) values (5,'.*',0,'chma',1);
Insert into KSSA_CREDIT_PERMISSION (ID,ALLOWABLE_DEBIT_TYPE_MASK,PRIORITY,TRANSACTION_TYPE_ID_FK,TRANSACTION_TYPE_SUB_CODE_FK) values (6,'.*',0,'chip',1);
Insert into KSSA_CREDIT_PERMISSION (ID,ALLOWABLE_DEBIT_TYPE_MASK,PRIORITY,TRANSACTION_TYPE_ID_FK,TRANSACTION_TYPE_SUB_CODE_FK) values (7,'.*',0,'ccol',1);
Insert into KSSA_CREDIT_PERMISSION (ID,ALLOWABLE_DEBIT_TYPE_MASK,PRIORITY,TRANSACTION_TYPE_ID_FK,TRANSACTION_TYPE_SUB_CODE_FK) values (4,'.*',0,'ccma',1);
Insert into KSSA_CREDIT_PERMISSION (ID,ALLOWABLE_DEBIT_TYPE_MASK,PRIORITY,TRANSACTION_TYPE_ID_FK,TRANSACTION_TYPE_SUB_CODE_FK) values (8,'1*',5,'finaid',1);
Insert into KSSA_CREDIT_PERMISSION (ID,ALLOWABLE_DEBIT_TYPE_MASK,PRIORITY,TRANSACTION_TYPE_ID_FK,TRANSACTION_TYPE_SUB_CODE_FK) values (9,'15*',4,'finaid2',1);
Insert into KSSA_CREDIT_PERMISSION (ID,ALLOWABLE_DEBIT_TYPE_MASK,PRIORITY,TRANSACTION_TYPE_ID_FK,TRANSACTION_TYPE_SUB_CODE_FK) values (10,'12*',3,'finaid2',1);
Insert into KSSA_CREDIT_PERMISSION (ID,ALLOWABLE_DEBIT_TYPE_MASK,PRIORITY,TRANSACTION_TYPE_ID_FK,TRANSACTION_TYPE_SUB_CODE_FK) values (100,'.*',0,'DEF',1);

---------------------------------------------------
--   END DATA FOR TABLE KSSA_CREDIT_PERMISSION
---------------------------------------------------


--  --- INSERTING TRANSACTION MASKS ---
Insert into KSSA_TRANSACTION_MASK_ROLE (ID,CREATOR_ID,DESCRIPTION,EDITOR_ID,CREATION_DATE,NAME,CODE,TYPE_MASK,ROLE_NAME) values (1,'system','Admin type mask',null,sysdate,'ADMIN_TYPE_MASK',null,'.*','Technical Administrator');


--- INSERTING LOCALIZED RESOURCES ---
Insert into KSSA_UI_STRING (ID, LOCALE, TEXT, MAX_LENGTH, IS_OVERRIDDEN) values ('ksa.label.upload.file', 'en_US', 'Upload File', 200, 'N');
Insert into KSSA_UI_STRING (ID, LOCALE, TEXT, MAX_LENGTH, IS_OVERRIDDEN) values ('ksa.label.upload.xml.file', 'en_US', 'XML File Upload and Process', 200, 'N');
Insert into KSSA_UI_STRING (ID, LOCALE, TEXT, MAX_LENGTH, IS_OVERRIDDEN) values ('ksa.label.upload.file', 'fr_FR', 'Téléversez le Dossier', 200, 'N');
Insert into KSSA_UI_STRING (ID, LOCALE, TEXT, MAX_LENGTH, IS_OVERRIDDEN) values ('ksa.label.upload.xml.file', 'fr_FR', 'Le Dossier de XML Téléverse et Traite', 200, 'N');


--- INSERTING USER PREFERENCES ---
Insert into KSSA_USER_PREF (ACNT_ID_FK, NAME, VALUE) values ('admin', 'ksa.locale.lang', 'fr');
Insert into KSSA_USER_PREF (ACNT_ID_FK, NAME, VALUE) values ('admin', 'ksa.locale.country', 'FR');


--- INSERTING RULE SETS ---
set sqlblanklines on
set sqlterminator '!'

Insert into KSSA_RULE (ID, NAME, RULE_TYPE_ID_FK, PRIORITY, HEADER, LHS, RHS) values (1, 'Rule 1', 3, 0, null,
'(Major is "EMBA" and Section is "EM11" with status "")',
'Use code "1179" to charge $31280.36
 Use code "1121" to charge $386.36
 Set status to "C", key pair "MAND_FEES" to "Y" where section is "EM11"')!

Insert into KSSA_RULE (ID, NAME, RULE_TYPE_ID_FK, PRIORITY, HEADER, LHS, RHS) values (2, 'Rule 2', 3, 1, null,
'(Key pair "member-code" is "12,22,42")',
'Use code "1060" to charge $199.38')!

Insert into KSSA_RULE (ID, NAME, RULE_TYPE_ID_FK, PRIORITY, HEADER, LHS, RHS) values (3, 'Rule 3', 3, 20, null,
'(LU code is "ENTS[0-9A-Z]{4}" with status "")',
'Use code "1180" to charge $950
 Set status to "C", key pair "MAND_FEES" to "Y" where code is "ENTS[0-9A-Z]{4}"')!

Insert into KSSA_RULE (ID, NAME, RULE_TYPE_ID_FK, PRIORITY, HEADER, LHS, RHS) values (4, 'Rule 4', 3, 0, null,
 '(Section is "BR[0-9A-Z]{2}" with status "" and Student is resident)',
 'Use "1186" to charge $525 per credit where section is "BR[0-9A-Z]{2}" with status ""
  Use code "1187" to charge $53
  Set status to "C", key pair "MAND_FEES" to "Y" where section is "BR[0-9A-Z]{2}"')!

Insert into KSSA_RULE (ID, NAME, RULE_TYPE_ID_FK, PRIORITY, HEADER, LHS, RHS) values (5, 'Rule 5', 3, 0, null,
 '(Section is "BR[0-9A-Z]{2}" with status "" and Student is not resident)',
 'Use "1186" to charge $1131.00 per credit where section is "BR[0-9A-Z]{2}" with status ""
  Use code "1187" to charge $53
  Set status to "C", key pair "MAND_FEES" to "Y" where section is "BR[0-9A-Z]{2}"')!

Insert into KSSA_RULE (ID, NAME, RULE_TYPE_ID_FK, PRIORITY, HEADER, LHS, RHS) values (6, 'Rule 6', 3, 0, null,
 '(Key pair "member-code" is "10,11,12,13,14,15,16,17,18,19,20" and Student is resident and Number of credits > 9 with status "")',
 'Use code "1000" to charge $3483.00
  Set status to "C", key pair "MAND_FEES" to "Y" where status is ""')!

Insert into KSSA_RULE (ID, NAME, RULE_TYPE_ID_FK, PRIORITY, HEADER, LHS, RHS) values (7, 'Rule 7', 3, 0, null,
 '(Key pair "member-code" is "10,11,12,13,14,15,16,17,18,19,20" and Student is not resident and Number of credits > 9 with status "")',
 'Use code "1020" to charge $12168.48
  Set status to "C", key pair "MAND_FEES" to "Y" where status is ""')!


Insert into KSSA_RULE_SET (ID, NAME, RULE_TYPE_ID_FK, HEADER) values (1, 'Fee Management', 3,
'import java.util.*;
import java.math.*;
import com.sigmasys.kuali.ksa.model.*;
import com.sigmasys.kuali.ksa.model.rule.*;
import com.sigmasys.kuali.ksa.service.brm.*;

expander ksa.dsl

global FeeBase feeBase;

')!

Insert into KSSA_RULE_SET_RULE ( RULE_SET_ID_FK, RULE_ID_FK ) values (1, 1)!
Insert into KSSA_RULE_SET_RULE ( RULE_SET_ID_FK, RULE_ID_FK ) values (1, 2)!
Insert into KSSA_RULE_SET_RULE ( RULE_SET_ID_FK, RULE_ID_FK ) values (1, 3)!
Insert into KSSA_RULE_SET_RULE ( RULE_SET_ID_FK, RULE_ID_FK ) values (1, 4)!
Insert into KSSA_RULE_SET_RULE ( RULE_SET_ID_FK, RULE_ID_FK ) values (1, 5)!
Insert into KSSA_RULE_SET_RULE ( RULE_SET_ID_FK, RULE_ID_FK ) values (1, 6)!
Insert into KSSA_RULE_SET_RULE ( RULE_SET_ID_FK, RULE_ID_FK ) values (1, 7)!

set sqlterminator ';'



