<?xml version="1.0" encoding="UTF-8"?>
<beans xmlns="http://www.springframework.org/schema/beans"
    xmlns:xsi="http://www.w3.org/2001/XMLSchema-instance"
    xmlns:p="http://www.springframework.org/schema/p"
    xmlns:aop="http://www.springframework.org/schema/aop"
    xmlns:context="http://www.springframework.org/schema/context"
    xmlns:jee="http://www.springframework.org/schema/jee"
    xmlns:tx="http://www.springframework.org/schema/tx"
    xmlns:util="http://www.springframework.org/schema/util"
    xsi:schemaLocation="
            http://www.springframework.org/schema/aop http://www.springframework.org/schema/aop/spring-aop-2.5.xsd
            http://www.springframework.org/schema/beans http://www.springframework.org/schema/beans/spring-beans-2.5.xsd
            http://www.springframework.org/schema/context http://www.springframework.org/schema/context/spring-context-2.5.xsd
            http://www.springframework.org/schema/jee http://www.springframework.org/schema/jee/spring-jee-2.5.xsd
            http://www.springframework.org/schema/tx http://www.springframework.org/schema/tx/spring-tx-2.5.xsd
            http://www.springframework.org/schema/util http://www.springframework.org/schema/util/spring-util-2.5.xsd">

    <!--*****************************************-->
    <!--*        Rule Engine Repository         *-->
    <!--*****************************************-->

    <bean id="ruleSetExecutor"
        class="org.kuali.student.brms.ruleexecution.runtime.drools.RuleSetExecutorDroolsImpl">
        <property name="enableExecutionLogging" value="true"/>
        <property name="enableStatLogging" value="true"/>
        <property name="ruleBaseCache" ref="ruleBaseCache"/>
    </bean>

    <bean id="ruleBaseCache"
        class="org.kuali.student.brms.ruleexecution.runtime.drools.DroolsKnowledgeBase">
        <property name="cache" ref="cache"/>
    </bean>
    
    <bean id="cache"
        class="org.kuali.student.common.util.LRUMap">
        <constructor-arg type="int" value="50"/>
    </bean>
    
    <bean id="reportBuilder"
        class="org.kuali.student.brms.ruleexecution.runtime.report.ast.RuleReportBuilderImpl">
        <constructor-arg ref="simpleExecutor" />
    </bean>
    
    <bean id="simpleExecutor"
        class="org.kuali.student.brms.ruleexecution.runtime.drools.SimpleExecutorDroolsImpl">
    </bean>
    
    <bean id="ruleSetExecutorTest"
        class="org.kuali.student.brms.ruleexecution.runtime.drools.RuleSetExecutorDroolsImpl">
        <property name="enableExecutionLogging" value="true"/>
        <property name="enableStatLogging" value="false"/>
        <property name="ruleBaseCache" ref="ruleBaseCacheTest"/>
    </bean>

    <bean id="ruleBaseCacheTest"
        class="org.kuali.student.brms.ruleexecution.runtime.drools.DroolsKnowledgeBase">
        <property name="cache" ref="cacheTest"/>
    </bean>
    
    <bean id="cacheTest"
        class="org.kuali.student.common.util.LRUMap">
        <constructor-arg type="int" value="2"/>
    </bean>
    
    <!--*****************************************-->
    <!--*          Web Service Clients          *-->
    <!--*****************************************-->

    <bean id="ruleExecutionClient"
        class="org.kuali.student.common.ws.beans.JaxWsClientFactoryBean">
        <property name="wsdlLocation"
            value="classpath:wsdl/RuleExecutionService.wsdl" />
        <property name="serviceEndpointInterface"
            value="org.kuali.student.brms.ruleexecution.service.RuleExecutionService" />
        <property name="serviceQNameString"
            value="{http://student.kuali.org/wsdl/brms/RuleExecution}RuleExecutionService" />
        <property name="address"
            value="${ks.servicelocation.RuleExecutionService}" />
    </bean>

    <!--*****************************************-->
    <!--*      Web Service Implementations      *-->
    <!--*****************************************-->

    <bean id="ruleExecution"
        class="org.kuali.student.brms.ruleexecution.runtime.RuleExecutionImpl">
        <property name="enableRuleSetCaching" value="true"/>
        <!-- Fact finder service -->
        <property name="factFinder" ref="factFinderClient"/>
        <!-- Rule management service -->
        <property name="ruleManagement" ref="ruleManagementClient"/>
        <!-- Rule repository service -->
        <property name="ruleRespository" ref="ruleRepositoryClient"/>
        <property name="reportBuilder" ref="reportBuilder"/>
        <property name="ruleSetExecutor" ref="ruleSetExecutor"/>
        <property name="ruleSetExecutorTest" ref="ruleSetExecutorTest"/>
    </bean>

    <bean id="ruleExecutionServiceImpl"
        class="org.kuali.student.brms.ruleexecution.service.impl.RuleExecutionServiceImpl">
        <property name="ruleExecution" ref="ruleExecution"/>
    </bean>

</beans>
