<beans xmlns="http://www.springframework.org/schema/beans"
    xmlns:xsi="http://www.w3.org/2001/XMLSchema-instance"
    xmlns:p="http://www.springframework.org/schema/p"
    xmlns:jaxws="http://cxf.apache.org/jaxws"
    xmlns:aop="http://www.springframework.org/schema/aop"
    xmlns:context="http://www.springframework.org/schema/context"
    xmlns:jee="http://www.springframework.org/schema/jee"
    xmlns:tx="http://www.springframework.org/schema/tx"
    xmlns:util="http://www.springframework.org/schema/util"
    xsi:schemaLocation="
            http://www.springframework.org/schema/aop http://www.springframework.org/schema/aop/spring-aop-2.5.xsd
            http://www.springframework.org/schema/beans http://www.springframework.org/schema/beans/spring-beans-2.5.xsd
            http://www.springframework.org/schema/context http://www.springframework.org/schema/context/spring-context-2.5.xsd
            http://www.springframework.org/schema/jee http://www.springframework.org/schema/jee/spring-jee-2.5.xsd
            http://cxf.apache.org/jaxws http://cxf.apache.org/schemas/jaxws.xsd
            http://www.springframework.org/schema/tx http://www.springframework.org/schema/tx/spring-tx-2.5.xsd
            http://www.springframework.org/schema/util http://www.springframework.org/schema/util/spring-util-2.5.xsd">

    <import resource="classpath:META-INF/cxf/cxf.xml" />
    <import resource="classpath:META-INF/cxf/cxf-extension-soap.xml" />
    <import resource="classpath:META-INF/cxf/cxf-servlet.xml" />

    <import resource="classpath:application-context.xml" />
    <import resource="classpath:application-ruleexecution-context.xml" />
    <import resource="classpath:application-rulerepository-context.xml" />

    <jaxws:endpoint id="factFinderService"        
        implementorClass="org.kuali.student.brms.factfinder.service.impl.FactFinderServiceImpl"
        implementor="#factFinderServiceImpl" address="/FactFinderService" />

    <jaxws:endpoint id="ruleManagementService"
        implementorClass="org.kuali.student.brms.rulemanagement.service.impl.RuleManagementServiceImpl"
        implementor="#ruleManagementServiceImpl" address="/RuleManagementService" />

    <jaxws:endpoint id="ruleExecutionService"
        implementorClass="org.kuali.student.brms.ruleexecution.service.impl.RuleExecutionServiceImpl"
        implementor="#ruleExecutionServiceImpl" address="/RuleExecutionService" />

    <jaxws:endpoint id="ruleRepositoryService"
        implementorClass="org.kuali.student.brms.repository.service.impl.RuleRepositoryServiceImpl"
        implementor="#ruleRepositoryServiceImpl" address="/RuleRepositoryService" />

    <bean id="propertyConfigurer"
        class="org.kuali.student.common.util.ModPropertyPlaceholderConfigurer">
        <property name="locations">
            <list>
                <value>classpath:application.properties</value>
            </list>
        </property>
        <property name="customConfigSystemProperty" value="ks.config.location"/>
    </bean>
</beans>
