<?xml version="1.0" encoding="UTF-8"?>

<!--  MAX ID : 100000000062 -->

<beans xmlns="http://www.springframework.org/schema/beans"
	xmlns:xsi="http://www.w3.org/2001/XMLSchema-instance"
	xsi:schemaLocation="http://www.springframework.org/schema/beans http://www.springframework.org/schema/beans/spring-beans-2.5.xsd">
	<bean id="persistList"
		class="org.springframework.beans.factory.config.ListFactoryBean">
		<property name="sourceList">
			<list>
				<ref bean="businessRuleType1" />
				<ref bean="businessRuleType2" />
				<ref bean="agendaType1" />
				<ref bean="agendaType2" />
				<ref bean="agendaType3" />
				<ref bean="funcBusRule1" />
				<ref bean="funcBusRule2" />
				<ref bean="funcBusRule3" />
				<ref bean="funcBusRule1_active" />
				<!-- <ref bean="funcBusRule3" />
					<ref bean="funcBusRule4" />
				-->
			</list>
		</property>
	</bean>

	<bean id="currentTime" class="java.util.Date" />

	<bean id="startTime" class="java.util.Date" />
	<bean id="endTime" class="java.util.Date">
		<!-- 2010-01-01 12:00 -->
		<property name="time" value="1262376000325" />
	</bean>

	<bean id="agendaType1"
		class="org.kuali.student.brms.rulemanagement.entity.Agenda">
		<property name="id"
			value="11223344-1122-1122-1112-100000000030" />
		<property name="type" value="KUALI_STUDENT_ENROLLS_IN_COURSE" />
		<property name="businessRuleTypeInfoList">
			<list>
				<ref bean="businessRuleType1" />
				<ref bean="businessRuleType2" />
			</list>
		</property>
		<property name="agendaDeterminationList">
			<list></list>
		</property>
	</bean>


	<bean id="agendaType2"
		class="org.kuali.student.brms.rulemanagement.entity.Agenda">
		<property name="id"
			value="11223344-1122-1122-1112-100000000031" />
		<property name="type"
			value="KUALI_STUDENT_STUDENT_DROPS_COURSE" />
		<property name="businessRuleTypeInfoList">
			<list>
				<ref bean="businessRuleType1" />
			</list>
		</property>
		<property name="agendaDeterminationList">
			<list></list>
		</property>
	</bean>

	<bean id="agendaType3"
		class="org.kuali.student.brms.rulemanagement.entity.Agenda">
		<property name="id"
			value="11223344-1122-1122-1112-100000000055" />
		<property name="type"
			value="KUALI_VALIDATE_LUI_PERSON_RELATION" />
		<property name="businessRuleTypeInfoList">
			<list>
				<ref bean="businessRuleType1" />
			</list>
		</property>
		<property name="agendaDeterminationList">
			<list>
				<bean
					class="org.kuali.student.brms.rulemanagement.entity.AgendaDetermination">
					<property name="id"
						value="11223344-1122-1122-1112-100000000056" />
					<property name="structureKey"
						value="agendaDeterminationInfo.luiType" />
					<property name="value" value="course" />
					<property name="agenda" ref="agendaType3" />
				</bean>
				<bean
					class="org.kuali.student.brms.rulemanagement.entity.AgendaDetermination">
					<property name="id"
						value="11223344-1122-1122-1112-100000000057" />
					<property name="structureKey"
						value="agendaDeterminationInfo.luiPersonRelationType" />
					<property name="value" value="kuali.student" />
					<property name="agenda" ref="agendaType3" />
				</bean>
				<bean
					class="org.kuali.student.brms.rulemanagement.entity.AgendaDetermination">
					<property name="id"
						value="11223344-1122-1122-1112-100000000058" />
					<property name="structureKey"
						value="agendaDeterminationInfo.relationState" />
					<property name="value" value="enrolled" />
					<property name="agenda" ref="agendaType3" />
				</bean>
			</list>
		</property>
	</bean>


	<bean id="agendaType4"
		class="org.kuali.student.brms.rulemanagement.entity.Agenda">
		<property name="id"
			value="11223344-1122-1122-1112-100000000059" />
		<property name="type"
			value="KUALI_VALIDATE_LUI_PERSON_RELATION" />
		<property name="businessRuleTypeInfoList">
			<list>
				<ref bean="businessRuleType2" />
			</list>
		</property>
		<property name="agendaDeterminationList">
			<list>
				<bean
					class="org.kuali.student.brms.rulemanagement.entity.AgendaDetermination">
					<property name="id"
						value="11223344-1122-1122-1112-100000000060" />
					<property name="structureKey"
						value="agendaDeterminationInfo.luiType" />
					<property name="value" value="course" />
					<property name="agenda" ref="agendaType4" />
				</bean>
				<bean
					class="org.kuali.student.brms.rulemanagement.entity.AgendaDetermination">
					<property name="id"
						value="11223344-1122-1122-1112-100000000061" />
					<property name="structureKey"
						value="agendaDeterminationInfo.luiPersonRelationType" />
					<property name="value" value="kuali.student" />
					<property name="agenda" ref="agendaType4" />
				</bean>
				<bean
					class="org.kuali.student.brms.rulemanagement.entity.AgendaDetermination">
					<property name="id"
						value="11223344-1122-1122-1112-100000000062" />
					<property name="structureKey"
						value="agendaDeterminationInfo.relationState" />
					<property name="value" value="drops" />
					<property name="agenda" ref="agendaType4" />
				</bean>
			</list>
		</property>
	</bean>

	<bean id="businessRuleType1"
		class="org.kuali.student.brms.rulemanagement.entity.BusinessRuleType">
		<property name="id"
			value="11223344-1122-1122-1112-100000000009" />
		<property name="businessRuleTypeKey" value="KUALI_PRE_REQ" />
		<property name="anchorTypeKey" value="KUALI_COURSE" />
		<property name="factTypeKeyList">
			<list>
				<bean class="org.kuali.student.brms.rulemanagement.entity.BusinessRuleTypeFactTypeKey">
					<property name="id" value="11223344-1122-1122-1112-100000000101"/>
					<property name="businessRuleType" ref="businessRuleType1"/>
					<property name="factTypeKey" value="fact.earned_credit_list"/>
				</bean>
				<bean class="org.kuali.student.brms.rulemanagement.entity.BusinessRuleTypeFactTypeKey">
					<property name="id" value="11223344-1122-1122-1112-100000000102"/>
					<property name="businessRuleType" ref="businessRuleType1"/>
					<property name="factTypeKey" value="fact.completed_course_list"/>
				</bean>
			</list>
		</property>
	</bean>

	<bean id="businessRuleType2"
		class="org.kuali.student.brms.rulemanagement.entity.BusinessRuleType">
		<property name="id"
			value="11223344-1122-1122-1112-100000000010" />
		<property name="businessRuleTypeKey" value="KUALI_CO_REQ" />
		<property name="anchorTypeKey" value="KUALI_COURSE" />
		<property name="factTypeKeyList">
			<list>
				<bean class="org.kuali.student.brms.rulemanagement.entity.BusinessRuleTypeFactTypeKey">
					<property name="id" value="11223344-1122-1122-1112-100000000103"/>
					<property name="businessRuleType" ref="businessRuleType2"/>
					<property name="factTypeKey" value="fact.earned_credit_list"/>
				</bean>
				<bean class="org.kuali.student.brms.rulemanagement.entity.BusinessRuleTypeFactTypeKey">
					<property name="id" value="11223344-1122-1122-1112-100000000104"/>
					<property name="businessRuleType" ref="businessRuleType2"/>
					<property name="factTypeKey" value="fact.completed_course_list"/>
				</bean>
			</list>
		</property>
	</bean>


	<!-- 1 of CPR 101 OR 1 of FA 001 -->
	<bean id="funcBusRule1"
		class="org.kuali.student.brms.rulemanagement.entity.BusinessRule">
		<property name="id"
			value="11223344-1122-1122-1112-100000000001" />
		<property name="originalRuleId"
			value="11223344-1122-1122-1112-100000000001" />
		<property name="name" value="Intermediate CPR" />
		<property name="desc"
			value="enrollment co-requisites for Intermediate CPR 201" />
		<property name="successMessage" value="Rule 1 Success Message" />
		<property name="failureMessage" value="Rule 1 Failure Message" />
		<property name="compiledId" value="" />
		<property name="anchor" value="CPR 201" />
		<property name="businessRuleType" ref="businessRuleType2" />
		<property name="state" value="DRAFT_IN_PROGRESS" />
		<property name="effectiveDate" ref="startTime" />
		<property name="expirationDate" ref="endTime" />		
		<property name="ruleElements">
			<list>
				<bean id="ruleElement1"
					class="org.kuali.student.brms.rulemanagement.entity.RuleElement">
					<property name="id"
						value="11223344-1122-1122-1112-100000000002" />
					<property name="name" value="PA" />
					<property name="desc" value="" />
					<property name="businessRuleElemnetTypeKey"
						value="PROPOSITION" />
					<property name="ordinalPosition" value="1" />
					<property name="businessRule" ref="funcBusRule1" />
					<property name="ruleProposition"
						ref="ruleProposition1" />
				</bean>
				<bean id="ruleElement2"
					class="org.kuali.student.brms.rulemanagement.entity.RuleElement">
					<property name="id"
						value="11223344-1122-1122-1112-100000000003" />
					<property name="name" value="PB" />
					<property name="desc" value="" />
					<property name="businessRuleElemnetTypeKey"
						value="OR" />
					<property name="ordinalPosition" value="2" />
					<property name="businessRule" ref="funcBusRule1" />
				</bean>
				<bean id="ruleElement3"
					class="org.kuali.student.brms.rulemanagement.entity.RuleElement">
					<property name="id"
						value="11223344-1122-1122-1112-100000000004" />
					<property name="name" value="PC" />
					<property name="desc" value="" />
					<property name="businessRuleElemnetTypeKey"
						value="PROPOSITION" />
					<property name="ordinalPosition" value="3" />
					<property name="businessRule" ref="funcBusRule1" />
					<property name="ruleProposition"
						ref="ruleProposition2" />
				</bean>
			</list>
		</property>
	</bean>

	<bean id="ruleProposition1"
		class="org.kuali.student.brms.rulemanagement.entity.RuleProposition">
		<property name="id"
			value="11223344-1122-1122-1112-100000000005" />
		<property name="name" value="P1" />
		<property name="desc"
			value="enumeration of required co-requisite courses" />
		<property name="failureMessage" value="prop error message" />
		<property name="comparisonDataTypeKey"
			value="java.math.BigDecimal" />
		<property name="leftHandSide" ref="leftHandSide1" />
		<property name="comparisonOperatorTypeKey" value="EQUAL_TO" />
		<property name="rightHandSide" ref="rightHandSide1" />
	</bean>

	<bean id="ruleProposition2"
		class="org.kuali.student.brms.rulemanagement.entity.RuleProposition">
		<property name="id"
			value="11223344-1122-1122-1112-100000000007" />
		<property name="name" value="P2" />
		<property name="desc"
			value="enumeration of required co-requisite courses" />
		<property name="failureMessage" value="prop error message" />
		<property name="comparisonDataTypeKey"
			value="java.lang.java.math.BigDecimal" />
		<property name="leftHandSide" ref="leftHandSide3" />
		<property name="comparisonOperatorTypeKey" value="EQUAL_TO" />
		<property name="rightHandSide" ref="rightHandSide3" />
	</bean>

	<bean id="leftHandSide1"
		class="org.kuali.student.brms.rulemanagement.entity.LeftHandSide">
		<property name="yieldValueFunction" ref="yieldValueFunction1" />
	</bean>

	<bean id="leftHandSide3"
		class="org.kuali.student.brms.rulemanagement.entity.LeftHandSide">
		<property name="yieldValueFunction" ref="yieldValueFunction3" />
	</bean>

	<bean id="factStructure1"
		class="org.kuali.student.brms.rulemanagement.entity.FactStructure">
		<property name="id"
			value="11223344-1122-1122-1112-100000000020" />
		<property name="factStructureId" value="1" />
		<property name="factTypeKey" value="fact.cpr_prereq_criteria1" />
		<property name="anchorFlag" value="false" />
		<property name="staticFact" value="true" />
		<property name="staticValue" value="CPR 101" />
		<property name="staticValueDataType" value="java.lang.String" />
		<property name="yieldValueFunction" ref="yieldValueFunction1" />
	</bean>

	<bean id="factStructure2"
		class="org.kuali.student.brms.rulemanagement.entity.FactStructure">
		<property name="id"
			value="11223344-1122-1122-1112-100000000021" />
		<property name="factStructureId" value="2" />
		<property name="factTypeKey" value="fact.cpr_prereq_cluset" />
		<property name="anchorFlag" value="false" />
		<property name="staticFact" value="true" />
		<property name="staticValue"
			value="CPR 101, MATH 101, MATH 102" />
		<property name="staticValueDataType" value="java.lang.String" />
		<property name="yieldValueFunction" ref="yieldValueFunction1" />
	</bean>

	<bean id="factStructure2copy"
		class="org.kuali.student.brms.rulemanagement.entity.FactStructure">
		<property name="id"
			value="11223344-1122-1122-1112-100000000121" />
		<property name="factStructureId" value="2" />
		<property name="factTypeKey" value="fact.cpr_prereq_cluset" />
		<property name="anchorFlag" value="false" />
		<property name="staticFact" value="true" />
		<property name="staticValue"
			value="CPR 101, MATH 101, MATH 102" />
		<property name="staticValueDataType" value="java.lang.String" />
		<property name="yieldValueFunction" ref="yieldValueFunction3" />
	</bean>

	<bean id="factStructure3"
		class="org.kuali.student.brms.rulemanagement.entity.FactStructure">
		<property name="id"
			value="11223344-1122-1122-1112-100000000022" />
		<property name="factStructureId" value="3" />
		<property name="factTypeKey" value="fact.cpr_prereq_criteria2" />
		<property name="anchorFlag" value="false" />
		<property name="staticFact" value="true" />
		<property name="staticValue" value="FA 001" />
		<property name="staticValueDataType" value="java.lang.String" />
		<property name="yieldValueFunction" ref="yieldValueFunction3" />
	</bean>

	<bean id="yieldValueFunction1"
		class="org.kuali.student.brms.rulemanagement.entity.YieldValueFunction">
		<property name="id"
			value="11223344-1122-1122-1112-100000000006" />
		<property name="yieldValueFunctionType" value="INTERSECTION" />
		<property name="facts">
			<list>
				<ref bean="factStructure1" />
				<ref bean="factStructure2" />
			</list>
		</property>
	</bean>

	<bean id="yieldValueFunction3"
		class="org.kuali.student.brms.rulemanagement.entity.YieldValueFunction">
		<property name="id"
			value="11223344-1122-1122-1112-100000000008" />
		<property name="yieldValueFunctionType" value="INTERSECTION" />
		<property name="facts">
			<list>
				<ref bean="factStructure3" />
				<ref bean="factStructure2copy" />
			</list>
		</property>
	</bean>

	<bean id="rightHandSide1"
		class="org.kuali.student.brms.rulemanagement.entity.RightHandSide">
		<property name="expectedValue" value="1" />
	</bean>

	<bean id="rightHandSide3"
		class="org.kuali.student.brms.rulemanagement.entity.RightHandSide">
		<property name="expectedValue" value="1" />
	</bean>


	<!-- 1 of MATH 100 AND  SUM CREDIT > 12 -->
	<bean id="funcBusRule2"
		class="org.kuali.student.brms.rulemanagement.entity.BusinessRule">
		<property name="id"
			value="11223344-1122-1122-1112-100000000011" />
		<property name="originalRuleId"
			value="11223344-1122-1122-1112-100000000011" />
		<property name="name" value="Freshmen Math" />
		<property name="desc"
			value="enrollment pre-requisites for Freshman Math 101" />
		<property name="successMessage" value="Rule 2 Success Message" />
		<property name="failureMessage" value="Rule 2 Failure Message" />
		<property name="compiledId" value="" />
		<property name="anchor" value="MATH 101" />
		<property name="businessRuleType" ref="businessRuleType1" />
		<property name="effectiveDate" ref="startTime" />
		<property name="expirationDate" ref="endTime" />		
		<property name="state" value="DRAFT_IN_PROGRESS" />
		<property name="ruleElements">
			<list>
				<bean id="ruleElement4"
					class="org.kuali.student.brms.rulemanagement.entity.RuleElement">
					<property name="id"
						value="11223344-1122-1122-1112-100000000012" />
					<property name="name" value="" />
					<property name="desc" value="" />
					<property name="businessRuleElemnetTypeKey"
						value="PROPOSITION" />
					<property name="ordinalPosition" value="1" />
					<property name="businessRule" ref="funcBusRule2" />
					<property name="ruleProposition"
						ref="ruleProposition3" />
				</bean>
				<bean id="ruleElement5"
					class="org.kuali.student.brms.rulemanagement.entity.RuleElement">
					<property name="id"
						value="11223344-1122-1122-1112-100000000013" />
					<property name="name" value="" />
					<property name="desc" value="" />
					<property name="businessRuleElemnetTypeKey"
						value="AND" />
					<property name="ordinalPosition" value="2" />
					<property name="businessRule" ref="funcBusRule2" />
				</bean>
				<bean id="ruleElement6"
					class="org.kuali.student.brms.rulemanagement.entity.RuleElement">
					<property name="id"
						value="11223344-1122-1122-1112-100000000014" />
					<property name="name" value="" />
					<property name="desc" value="" />
					<property name="businessRuleElemnetTypeKey"
						value="PROPOSITION" />
					<property name="ordinalPosition" value="3" />
					<property name="businessRule" ref="funcBusRule2" />
					<property name="ruleProposition"
						ref="ruleProposition4" />
				</bean>
			</list>
		</property>
	</bean>

	<bean id="ruleProposition3"
		class="org.kuali.student.brms.rulemanagement.entity.RuleProposition">
		<property name="id"
			value="11223344-1122-1122-1112-100000000015" />
		<property name="name" value="P3" />
		<property name="desc"
			value="Enumeration of required pre-requisite courses" />
        <property name="successMessage" value="Pre-requisite course requirement met: $prop_intersection_met_set" />
		<property name="failureMessage" value="Pre-requisite course requirement not met. $prop_intersection_diff_set of $prop_intersection_unmet_set is still required." />
		<property name="comparisonDataTypeKey"
			value="java.math.BigDecimal" />
		<property name="leftHandSide" ref="leftHandSide4" />
		<property name="comparisonOperatorTypeKey" value="EQUAL_TO" />
		<property name="rightHandSide" ref="rightHandSide4" />
	</bean>

	<bean id="ruleProposition4"
		class="org.kuali.student.brms.rulemanagement.entity.RuleProposition">
		<property name="id"
			value="11223344-1122-1122-1112-100000000016" />
		<property name="name" value="P4" />
		<property name="desc" value="Credits check" />
		<property name="successMessage" value="Credit check successful. Total credits: $prop_sum" />
		<property name="failureMessage" value="Credit check failed. Sum is short by $prop_sum_diff" />
		<property name="comparisonDataTypeKey"
			value="java.math.BigDecimal" />
		<property name="leftHandSide" ref="leftHandSide5" />
		<property name="comparisonOperatorTypeKey" value="GREATER_THAN" />
		<property name="rightHandSide" ref="rightHandSide5" />
	</bean>

	<bean id="leftHandSide4"
		class="org.kuali.student.brms.rulemanagement.entity.LeftHandSide">
		<property name="yieldValueFunction" ref="yieldValueFunction4" />
	</bean>

	<bean id="leftHandSide5"
		class="org.kuali.student.brms.rulemanagement.entity.LeftHandSide">
		<property name="yieldValueFunction" ref="yieldValueFunction5" />
	</bean>


	<bean id="factStructure5"
		class="org.kuali.student.brms.rulemanagement.entity.FactStructure">
		<property name="id"
			value="11223344-1122-1122-1112-100000000024" />
		<property name="factStructureId" value="5" />
		<property name="factTypeKey" value="fact.math_prereq_criteria" />
		<property name="anchorFlag" value="false" />
		<property name="staticFact" value="true" />
		<property name="staticValue" value="MATH 100" />
		<property name="staticValueDataType" value="java.lang.String" />
		<property name="yieldValueFunction" ref="yieldValueFunction4" />
	</bean>

	<bean id="factStructure6"
		class="org.kuali.student.brms.rulemanagement.entity.FactStructure">
		<property name="id"
			value="11223344-1122-1122-1112-100000000025" />
		<property name="factStructureId" value="6" />
		<property name="factTypeKey" value="fact.math_prereq_cluset" />
		<property name="anchorFlag" value="false" />
		<property name="staticFact" value="true" />
		<property name="staticValue"
			value="CPR 101, MATH 100, MATH 102" />
		<property name="staticValueDataType" value="java.lang.String" />
		<property name="yieldValueFunction" ref="yieldValueFunction4" />
	</bean>

	<bean id="factStructure7"
		class="org.kuali.student.brms.rulemanagement.entity.FactStructure">
		<property name="id"
			value="11223344-1122-1122-1112-100000000026" />
		<property name="factStructureId" value="7" />
		<property name="factTypeKey" value="fact.math_prereq_gpalist" />
		<property name="anchorFlag" value="false" />
		<property name="staticFact" value="true" />
		<property name="staticValue" value="2.0, 3.0, 4.0" />
		<property name="staticValueDataType"
			value="java.math.BigDecimal" />
		<property name="yieldValueFunction" ref="yieldValueFunction5" />
	</bean>

	<bean id="yieldValueFunction4"
		class="org.kuali.student.brms.rulemanagement.entity.YieldValueFunction">
		<property name="id"
			value="11223344-1122-1122-1112-100000000017" />
		<property name="yieldValueFunctionType" value="INTERSECTION" />
		<property name="facts">
			<list>
				<ref bean="factStructure5" />
				<ref bean="factStructure6" />
			</list>
		</property>
	</bean>

	<bean id="yieldValueFunction5"
		class="org.kuali.student.brms.rulemanagement.entity.YieldValueFunction">
		<property name="id"
			value="11223344-1122-1122-1112-100000000018" />
		<property name="yieldValueFunctionType" value="SUM" />
		<property name="facts">
			<list>
				<ref bean="factStructure7" />
			</list>
		</property>
	</bean>

	<bean id="rightHandSide4"
		class="org.kuali.student.brms.rulemanagement.entity.RightHandSide">
		<property name="expectedValue" value="1" />
	</bean>

	<bean id="rightHandSide5"
		class="org.kuali.student.brms.rulemanagement.entity.RightHandSide">
		<property name="expectedValue" value="12.0" />
	</bean>




	<!--  
		Either (a) PSYC 200 or 
		(b) all of PSYC 201, PSYC 202 or 
		(c) 6 credits of 200-level Psychology (but not 205 or 263).
	-->
	<bean id="funcBusRule3"
		class="org.kuali.student.brms.rulemanagement.entity.BusinessRule">
		<property name="id"
			value="11223344-1122-1122-1112-100000000032" />
		<property name="originalRuleId"
			value="11223344-1122-1122-1112-100000000032" />
		<property name="name" value="Cognitive Psychology Pre Req" />
		<property name="desc"
			value="enrollment pre-requisites for Cognitive Psychology PSYC 300" />
		<property name="successMessage"
			value="PSYC 300 pre requirements passed." />
		<property name="failureMessage"
			value="PSYC 300 pre requirements failed." />
		<property name="compiledId" value="" />
		<property name="anchor" value="PSYC 300" />
		<property name="businessRuleType" ref="businessRuleType1" />
		<property name="state" value="DRAFT_IN_PROGRESS" />
		<property name="ruleElements">
			<list>
				<bean id="ruleElement31"
					class="org.kuali.student.brms.rulemanagement.entity.RuleElement">
					<property name="id"
						value="11223344-1122-1122-1112-1000000000033" />
					<property name="name" value="E1" />
					<property name="desc" value="" />
					<property name="businessRuleElemnetTypeKey"
						value="LPAREN" />
					<property name="ordinalPosition" value="1" />
					<property name="businessRule" ref="funcBusRule3" />
				</bean>
				<bean id="ruleElement32"
					class="org.kuali.student.brms.rulemanagement.entity.RuleElement">
					<property name="id"
						value="11223344-1122-1122-1112-100000000034" />
					<property name="name" value="E2" />
					<property name="desc" value="" />
					<property name="businessRuleElemnetTypeKey"
						value="PROPOSITION" />
					<property name="ordinalPosition" value="2" />
					<property name="businessRule" ref="funcBusRule3" />
					<property name="ruleProposition"
						ref="ruleProposition31" />
				</bean>
				<bean id="ruleElement33"
					class="org.kuali.student.brms.rulemanagement.entity.RuleElement">
					<property name="id"
						value="11223344-1122-1122-1112-1000000000035" />
					<property name="name" value="E3" />
					<property name="desc" value="" />
					<property name="businessRuleElemnetTypeKey"
						value="RPAREN" />
					<property name="ordinalPosition" value="3" />
					<property name="businessRule" ref="funcBusRule3" />
				</bean>
				<bean id="ruleElement34"
					class="org.kuali.student.brms.rulemanagement.entity.RuleElement">
					<property name="id"
						value="11223344-1122-1122-1112-100000000036" />
					<property name="name" value="E4" />
					<property name="desc" value="" />
					<property name="businessRuleElemnetTypeKey"
						value="OR" />
					<property name="ordinalPosition" value="4" />
					<property name="businessRule" ref="funcBusRule3" />
				</bean>
				<bean id="ruleElement35"
					class="org.kuali.student.brms.rulemanagement.entity.RuleElement">
					<property name="id"
						value="11223344-1122-1122-1112-1000000000037" />
					<property name="name" value="E5" />
					<property name="desc" value="" />
					<property name="businessRuleElemnetTypeKey"
						value="LPAREN" />
					<property name="ordinalPosition" value="5" />
					<property name="businessRule" ref="funcBusRule3" />
				</bean>
				<bean id="ruleElement36"
					class="org.kuali.student.brms.rulemanagement.entity.RuleElement">
					<property name="id"
						value="11223344-1122-1122-1112-10000000038" />
					<property name="name" value="E6" />
					<property name="desc" value="" />
					<property name="businessRuleElemnetTypeKey"
						value="PROPOSITION" />
					<property name="ordinalPosition" value="6" />
					<property name="businessRule" ref="funcBusRule3" />
					<property name="ruleProposition"
						ref="ruleProposition32" />
				</bean>
				<bean id="ruleElement37"
					class="org.kuali.student.brms.rulemanagement.entity.RuleElement">
					<property name="id"
						value="11223344-1122-1122-1112-1000000000039" />
					<property name="name" value="E7" />
					<property name="desc" value="" />
					<property name="businessRuleElemnetTypeKey"
						value="RPAREN" />
					<property name="ordinalPosition" value="7" />
					<property name="businessRule" ref="funcBusRule3" />
				</bean>
				<bean id="ruleElement38"
					class="org.kuali.student.brms.rulemanagement.entity.RuleElement">
					<property name="id"
						value="11223344-1122-1122-1112-100000000040" />
					<property name="name" value="E8" />
					<property name="desc" value="" />
					<property name="businessRuleElemnetTypeKey"
						value="OR" />
					<property name="ordinalPosition" value="8" />
					<property name="businessRule" ref="funcBusRule3" />
				</bean>
				<bean id="ruleElement39"
					class="org.kuali.student.brms.rulemanagement.entity.RuleElement">
					<property name="id"
						value="11223344-1122-1122-1112-1000000000041" />
					<property name="name" value="E9" />
					<property name="desc" value="" />
					<property name="businessRuleElemnetTypeKey"
						value="LPAREN" />
					<property name="ordinalPosition" value="9" />
					<property name="businessRule" ref="funcBusRule3" />
				</bean>
				<bean id="ruleElement40"
					class="org.kuali.student.brms.rulemanagement.entity.RuleElement">
					<property name="id"
						value="11223344-1122-1122-1112-10000000042" />
					<property name="name" value="E10" />
					<property name="desc" value="" />
					<property name="businessRuleElemnetTypeKey"
						value="PROPOSITION" />
					<property name="ordinalPosition" value="10" />
					<property name="businessRule" ref="funcBusRule3" />
					<property name="ruleProposition"
						ref="ruleProposition33" />
				</bean>
				<bean id="ruleElement41"
					class="org.kuali.student.brms.rulemanagement.entity.RuleElement">
					<property name="id"
						value="11223344-1122-1122-1112-1000000000043" />
					<property name="name" value="E11" />
					<property name="desc" value="" />
					<property name="businessRuleElemnetTypeKey"
						value="RPAREN" />
					<property name="ordinalPosition" value="11" />
					<property name="businessRule" ref="funcBusRule3" />
				</bean>
			</list>
		</property>
	</bean>

	<!--  Pre req for PSYC 200 -->
	<bean id="ruleProposition31"
		class="org.kuali.student.brms.rulemanagement.entity.RuleProposition">
		<property name="id"
			value="11223344-1122-1122-1112-100000000044" />
		<property name="name" value="P31" />
		<property name="desc"
			value="pre-req psychology 300 courses is PSYC 200" />
		<property name="failureMessage"
			value="Pre req of PSYC 200 not met." />
		<property name="comparisonDataTypeKey"
			value="java.math.BigDecimal" />
		<property name="leftHandSide" ref="leftHandSide31" />
		<property name="comparisonOperatorTypeKey" value="EQUAL_TO" />
		<property name="rightHandSide" ref="rightHandSide31" />
	</bean>

	<bean id="leftHandSide31"
		class="org.kuali.student.brms.rulemanagement.entity.LeftHandSide">
		<property name="yieldValueFunction" ref="yieldValueFunction31" />
	</bean>

	<bean id="yieldValueFunction31"
		class="org.kuali.student.brms.rulemanagement.entity.YieldValueFunction">
		<property name="id"
			value="11223344-1122-1122-1112-100000000045" />
		<property name="yieldValueFunctionType" value="INTERSECTION" />
		<property name="facts">
			<list>
				<ref bean="factStructure311" />
				<ref bean="factStructure312" />
			</list>
		</property>
	</bean>

	<bean id="factStructure311"
		class="org.kuali.student.brms.rulemanagement.entity.FactStructure">
		<property name="id"
			value="11223344-1122-1122-1112-100000000046" />
		<property name="factStructureId" value="311" />
		<property name="factTypeKey"
			value="fact.psyc300_prereq_criteria1" />
		<property name="anchorFlag" value="false" />
		<property name="staticFact" value="true" />
		<property name="staticValueDataType" value="java.lang.String" />
		<property name="staticValue" value="PSYC 200" />
		<property name="yieldValueFunction" ref="yieldValueFunction31" />
	</bean>

	<bean id="factStructure312"
		class="org.kuali.student.brms.rulemanagement.entity.FactStructure">
		<property name="id"
			value="11223344-1122-1122-1112-100000000047" />
		<property name="factStructureId" value="312" />
		<property name="factTypeKey" value="fact.completed_course_list" />
		<property name="anchorFlag" value="false" />
		<property name="staticFact" value="false" />
		<property name="paramValueSet">
			<set>
				<bean
					class="org.kuali.student.brms.rulemanagement.entity.FactStructureVariable">
					<property name="structureKey"
						value="factParam.studentId" />
					<property name="value"
						value="KUALI_FACT_EXECUTION_TIME_KEY" />
					<property name="factStructure"
						ref="factStructure312" />
				</bean>
			</set>
		</property>
        <property name="translationKeySet">
            <set>
                <bean
                    class="org.kuali.student.brms.rulemanagement.entity.FactStructureTranslationKey">
                    <property name="translationKey" value="key.proposition.column.intersection" />
                    <property name="value" value="resultColumn.cluId" />
                    <property name="factStructure" ref="factStructure312" />
                </bean>
            </set>
        </property>
		<property name="yieldValueFunction" ref="yieldValueFunction31" />
	</bean>

	<bean id="rightHandSide31"
		class="org.kuali.student.brms.rulemanagement.entity.RightHandSide">
		<property name="expectedValue" value="1" />
	</bean>

	<!--  Pre req for PSYC 201 and PSYC 202 -->
	<bean id="ruleProposition32"
		class="org.kuali.student.brms.rulemanagement.entity.RuleProposition">
		<property name="id"
			value="11223344-1122-1122-1112-100000000048" />
		<property name="name" value="P32" />
		<property name="desc"
			value="pre-req psychology 300 courses is PSYC 201 and PSYC 202" />
		<property name="failureMessage"
			value="Pre req of PSYC 201 and PSYC 202 not met." />
		<property name="comparisonDataTypeKey"
			value="java.math.BigDecimal" />
		<property name="leftHandSide" ref="leftHandSide32" />
		<property name="comparisonOperatorTypeKey" value="EQUAL_TO" />
		<property name="rightHandSide" ref="rightHandSide32" />
	</bean>

	<bean id="leftHandSide32"
		class="org.kuali.student.brms.rulemanagement.entity.LeftHandSide">
		<property name="yieldValueFunction" ref="yieldValueFunction32" />
	</bean>

	<bean id="yieldValueFunction32"
		class="org.kuali.student.brms.rulemanagement.entity.YieldValueFunction">
		<property name="id"
			value="11223344-1122-1122-1112-100000000049" />
		<property name="yieldValueFunctionType" value="INTERSECTION" />
		<property name="facts">
			<list>
				<ref bean="factStructure321" />
				<ref bean="factStructure322" />
			</list>
		</property>
	</bean>

	<bean id="factStructure321"
		class="org.kuali.student.brms.rulemanagement.entity.FactStructure">
		<property name="id"
			value="11223344-1122-1122-1112-100000000050" />
		<property name="factStructureId" value="321" />
		<property name="factTypeKey"
			value="fact.psyc300_prereq_criteria2" />
		<property name="anchorFlag" value="false" />
		<property name="staticFact" value="true" />
		<property name="staticValueDataType" value="java.lang.String" />
		<property name="staticValue" value="PSYC 201, PSYC 202" />
		<property name="yieldValueFunction" ref="yieldValueFunction32" />
        <property name="translationKeySet">
            <set>
                <bean
                    class="org.kuali.student.brms.rulemanagement.entity.FactStructureTranslationKey">
                    <property name="translationKey" value="key.proposition.column.intersection" />
                    <property name="value" value="resultColumn.cluId" />
                    <property name="factStructure" ref="factStructure321" />
                </bean>
            </set>
        </property>
	</bean>

	<bean id="factStructure322"
		class="org.kuali.student.brms.rulemanagement.entity.FactStructure">
		<property name="id"
			value="11223344-1122-1122-1112-100000000051" />
		<property name="factStructureId" value="322" />
		<property name="factTypeKey" value="fact.completed_course_list" />
		<property name="anchorFlag" value="false" />
		<property name="staticFact" value="false" />
		<property name="paramValueSet">
			<set>
				<bean
					class="org.kuali.student.brms.rulemanagement.entity.FactStructureVariable">
					<property name="structureKey"
						value="factParam.studentId" />
					<property name="value"
						value="KUALI_FACT_EXECUTION_TIME_KEY" />
					<property name="factStructure"
						ref="factStructure322" />
				</bean>
			</set>
		</property>
		<property name="yieldValueFunction" ref="yieldValueFunction32" />
        <property name="translationKeySet">
            <set>
                <bean
                    class="org.kuali.student.brms.rulemanagement.entity.FactStructureTranslationKey">
                    <property name="translationKey" value="key.proposition.column.intersection" />
                    <property name="value" value="resultColumn.cluId" />
                    <property name="factStructure" ref="factStructure322" />
                </bean>
            </set>
        </property>
	</bean>

	<bean id="rightHandSide32"
		class="org.kuali.student.brms.rulemanagement.entity.RightHandSide">
		<property name="expectedValue" value="2" />
	</bean>

	<!--  6 credits of 200-level Psychology courses (but not 205 or 263) -->
	<bean id="ruleProposition33"
		class="org.kuali.student.brms.rulemanagement.entity.RuleProposition">
		<property name="id"
			value="11223344-1122-1122-1112-100000000052" />
		<property name="name" value="P33" />
		<property name="desc"
			value="6 credits of 200-level Psychology courses (but not 205 or 263)" />
		<property name="failureMessage"
			value="Did not met requirements for 6 credits from 200-level Psychology courses." />
		<property name="comparisonDataTypeKey"
			value="java.math.BigDecimal" />
		<property name="leftHandSide" ref="leftHandSide33" />
		<property name="comparisonOperatorTypeKey" value="GREATER_THAN" />
		<property name="rightHandSide" ref="rightHandSide33" />
	</bean>

	<bean id="leftHandSide33"
		class="org.kuali.student.brms.rulemanagement.entity.LeftHandSide">
		<property name="yieldValueFunction" ref="yieldValueFunction33" />
	</bean>

	<bean id="yieldValueFunction33"
		class="org.kuali.student.brms.rulemanagement.entity.YieldValueFunction">
		<property name="id"
			value="11223344-1122-1122-1112-100000000053" />
		<property name="yieldValueFunctionType" value="SUM" />
		<property name="facts">
			<list>
				<ref bean="factStructure331" />
			</list>
		</property>
	</bean>

	<bean id="factStructure331"
		class="org.kuali.student.brms.rulemanagement.entity.FactStructure">
		<property name="id"
			value="11223344-1122-1122-1112-100000000054" />
		<property name="factStructureId" value="331" />
		<property name="factTypeKey" value="fact.earned_credit_list" />
		<property name="anchorFlag" value="false" />
		<property name="staticFact" value="false" />
		<property name="staticValueDataType"
			value="java.math.BigDecimal" />
		<property name="staticValue" value="" />
		<property name="paramValueSet">
			<set>
				<bean
					class="org.kuali.student.brms.rulemanagement.entity.FactStructureVariable">
					<property name="structureKey"
						value="factParam.studentId" />
					<property name="value"
						value="KUALI_FACT_EXECUTION_TIME_KEY" />
					<property name="factStructure"
						ref="factStructure331" />
				</bean>
				<bean
					class="org.kuali.student.brms.rulemanagement.entity.FactStructureVariable">
					<property name="structureKey"
						value="factParam.clusetId" />
					<!--  In real application it will be a clusetId for PSYC 200 level courses -->
					<property name="value"
						value="PSYC 200, PSYC 201, PSYC 202, PSYC 205, PSYC 218, PSYC 263" />
					<property name="factStructure"
						ref="factStructure331" />
				</bean>
				<bean
					class="org.kuali.student.brms.rulemanagement.entity.FactStructureVariable">
					<property name="structureKey"
						value="factParam.excludeCluSet" />
					<property name="value" value="PSYC 205, PSYC 263" />
					<property name="factStructure"
						ref="factStructure331" />
				</bean>
			</set>
		</property>
		<property name="translationKeySet">
			<set>
				<bean
					class="org.kuali.student.brms.rulemanagement.entity.FactStructureTranslationKey">
					<property name="translationKey" value="key.proposition.column.sum" />
					<property name="value" value="resultColumn.credit" />
					<property name="factStructure" ref="factStructure331" />
				</bean>
			</set>
		</property>
		<property name="yieldValueFunction" ref="yieldValueFunction33" />
	</bean>

	<bean id="rightHandSide33"
		class="org.kuali.student.brms.rulemanagement.entity.RightHandSide">
		<property name="expectedValue" value="6.0" />
	</bean>

	<!-- 1 of CPR 101 OR 1 of FA 001 ACTIVE-->
	<bean id="funcBusRule1_active"
		class="org.kuali.student.brms.rulemanagement.entity.BusinessRule">
		<property name="id"
			value="11223344-1122-1122-1112-100000000041" />
		<property name="originalRuleId"
			value="11223344-1122-1122-1112-100000000001" />
		<property name="name" value="Intermediate CPR" />
		<property name="desc"
			value="enrollment co-requisites for Intermediate CPR 201" />
		<property name="successMessage" value="Rule 1 Success Message" />
		<property name="failureMessage" value="Rule 1 Failure Message" />
		<property name="compiledId" value="" />
		<property name="anchor" value="CPR 201" />
		<property name="businessRuleType" ref="businessRuleType2" />
		<property name="state" value="ACTIVE" />
		<property name="ruleElements">
			<list>
				<bean id="ruleElement1_active"
					class="org.kuali.student.brms.rulemanagement.entity.RuleElement">
					<property name="id"
						value="11223344-1122-1122-1112-100000000042" />
					<property name="name" value="PA" />
					<property name="desc" value="" />
					<property name="businessRuleElemnetTypeKey"
						value="PROPOSITION" />
					<property name="ordinalPosition" value="1" />
					<property name="businessRule" ref="funcBusRule1_active" />
					<property name="ruleProposition"
						ref="ruleProposition1_active" />
				</bean>
				<bean id="ruleElement2_active"
					class="org.kuali.student.brms.rulemanagement.entity.RuleElement">
					<property name="id"
						value="11223344-1122-1122-1112-100000000043" />
					<property name="name" value="PB" />
					<property name="desc" value="" />
					<property name="businessRuleElemnetTypeKey"
						value="OR" />
					<property name="ordinalPosition" value="2" />
					<property name="businessRule" ref="funcBusRule1_active" />
				</bean>
				<bean id="ruleElement3_active"
					class="org.kuali.student.brms.rulemanagement.entity.RuleElement">
					<property name="id"
						value="11223344-1122-1122-1112-100000000044" />
					<property name="name" value="PC" />
					<property name="desc" value="" />
					<property name="businessRuleElemnetTypeKey"
						value="PROPOSITION" />
					<property name="ordinalPosition" value="3" />
					<property name="businessRule" ref="funcBusRule1_active" />
					<property name="ruleProposition"
						ref="ruleProposition2_active" />
				</bean>
			</list>
		</property>
	</bean>

	<bean id="ruleProposition1_active"
		class="org.kuali.student.brms.rulemanagement.entity.RuleProposition">
		<property name="id"
			value="11223344-1122-1122-1112-100000000045" />
		<property name="name" value="P1" />
		<property name="desc"
			value="enumeration of required co-requisite courses" />
		<property name="failureMessage" value="prop error message" />
		<property name="comparisonDataTypeKey"
			value="java.math.BigDecimal" />
		<property name="leftHandSide" ref="leftHandSide1_active" />
		<property name="comparisonOperatorTypeKey" value="EQUAL_TO" />
		<property name="rightHandSide" ref="rightHandSide1_active" />
	</bean>

	<bean id="ruleProposition2_active"
		class="org.kuali.student.brms.rulemanagement.entity.RuleProposition">
		<property name="id"
			value="11223344-1122-1122-1112-100000000047" />
		<property name="name" value="P2" />
		<property name="desc"
			value="enumeration of required co-requisite courses" />
		<property name="failureMessage" value="prop error message" />
		<property name="comparisonDataTypeKey"
			value="java.lang.java.math.BigDecimal" />
		<property name="leftHandSide" ref="leftHandSide3_active" />
		<property name="comparisonOperatorTypeKey" value="EQUAL_TO" />
		<property name="rightHandSide" ref="rightHandSide3_active" />
	</bean>

	<bean id="leftHandSide1_active"
		class="org.kuali.student.brms.rulemanagement.entity.LeftHandSide">
		<property name="yieldValueFunction" ref="yieldValueFunction1_active" />
	</bean>

	<bean id="leftHandSide3_active"
		class="org.kuali.student.brms.rulemanagement.entity.LeftHandSide">
		<property name="yieldValueFunction" ref="yieldValueFunction3_active" />
	</bean>

	<bean id="factStructure1_active"
		class="org.kuali.student.brms.rulemanagement.entity.FactStructure">
		<property name="id"
			value="11223344-1122-1122-1112-100000000060" />
		<property name="factStructureId" value="1" />
		<property name="factTypeKey" value="fact.cpr_prereq_criteria1" />
		<property name="anchorFlag" value="false" />
		<property name="staticFact" value="true" />
		<property name="staticValue" value="CPR 101" />
		<property name="staticValueDataType" value="java.lang.String" />
		<property name="yieldValueFunction" ref="yieldValueFunction1_active" />
	</bean>

	<bean id="factStructure2_active"
		class="org.kuali.student.brms.rulemanagement.entity.FactStructure">
		<property name="id"
			value="11223344-1122-1122-1112-100000000061" />
		<property name="factStructureId" value="2" />
		<property name="factTypeKey" value="fact.cpr_prereq_cluset" />
		<property name="anchorFlag" value="false" />
		<property name="staticFact" value="true" />
		<property name="staticValue"
			value="CPR 101, MATH 101, MATH 102" />
		<property name="staticValueDataType" value="java.lang.String" />
		<property name="yieldValueFunction" ref="yieldValueFunction1_active" />
	</bean>

	<bean id="factStructure2copy_active"
		class="org.kuali.student.brms.rulemanagement.entity.FactStructure">
		<property name="id"
			value="11223344-1122-1122-1112-100000000161" />
		<property name="factStructureId" value="2" />
		<property name="factTypeKey" value="fact.cpr_prereq_cluset" />
		<property name="anchorFlag" value="false" />
		<property name="staticFact" value="true" />
		<property name="staticValue"
			value="CPR 101, MATH 101, MATH 102" />
		<property name="staticValueDataType" value="java.lang.String" />
		<property name="yieldValueFunction" ref="yieldValueFunction3_active" />
	</bean>

	<bean id="factStructure3_active"
		class="org.kuali.student.brms.rulemanagement.entity.FactStructure">
		<property name="id"
			value="11223344-1122-1122-1112-100000000062" />
		<property name="factStructureId" value="3" />
		<property name="factTypeKey" value="fact.cpr_prereq_criteria2" />
		<property name="anchorFlag" value="false" />
		<property name="staticFact" value="true" />
		<property name="staticValue" value="FA 001" />
		<property name="staticValueDataType" value="java.lang.String" />
		<property name="yieldValueFunction" ref="yieldValueFunction3_active" />
	</bean>

	<bean id="yieldValueFunction1_active"
		class="org.kuali.student.brms.rulemanagement.entity.YieldValueFunction">
		<property name="id"
			value="11223344-1122-1122-1112-100000000066" />
		<property name="yieldValueFunctionType" value="INTERSECTION" />
		<property name="facts">
			<list>
				<ref bean="factStructure1_active" />
				<ref bean="factStructure2_active" />
			</list>
		</property>
	</bean>

	<bean id="yieldValueFunction3_active"
		class="org.kuali.student.brms.rulemanagement.entity.YieldValueFunction">
		<property name="id"
			value="11223344-1122-1122-1112-100000000068" />
		<property name="yieldValueFunctionType" value="INTERSECTION" />
		<property name="facts">
			<list>
				<ref bean="factStructure3_active" />
				<ref bean="factStructure2copy_active" />
			</list>
		</property>
	</bean>

	<bean id="rightHandSide1_active"
		class="org.kuali.student.brms.rulemanagement.entity.RightHandSide">
		<property name="expectedValue" value="1" />
	</bean>

	<bean id="rightHandSide3_active"
		class="org.kuali.student.brms.rulemanagement.entity.RightHandSide">
		<property name="expectedValue" value="1" />
	</bean>

</beans>