<?xml version="1.0" encoding="UTF-8"?>
<!DOCTYPE log4j:configuration SYSTEM "log4j.dtd">
<!-- ===================================================================== -->
<!--                                                                       -->
<!--  Log4j Configuration                                                  -->
<!--                                                                       -->
<!-- ===================================================================== -->
<!--
   For more configuration information see the Jakarta Log4j
   website: http://jakarta.apache.org/log4j
 -->
<log4j:configuration xmlns:log4j="http://jakarta.apache.org/log4j/" debug="false">
	<appender name="CONSOLE" class="org.apache.log4j.ConsoleAppender">
		<param name="Target" value="System.out"/>
		<layout class="org.apache.log4j.PatternLayout">
            <param name="ConversionPattern" value="%-5p (%F:%M:%L) \t %m%n"/>
		</layout>
	</appender>
    <appender name="FILE" class="org.apache.log4j.DailyRollingFileAppender">
        <param name="File" value="target/logs/kuali-student-brms.log" />
        <param name="DatePattern" value="'.'yyyy-MM-dd"/>
        <param name="Append" value="true"/>
        <param name="Threshold" value="DEBUG"/>
        <layout class="org.apache.log4j.PatternLayout">
            <param name="ConversionPattern" value="%d{HH:mm:ss:SSS} - %p - %C{1} - %m%n"/>
        </layout>
    </appender>

	<logger name="org.kuali.student.brms">
		<level value="INFO"/>
	</logger>
    <logger name="org.drools">
        <level value="ERROR"/>
    </logger>
	<root>
		<priority value="ERROR"/>
		<appender-ref ref="FILE"/>
	</root>
</log4j:configuration>
