--
-- Copyright 2010 The Kuali Foundation Licensed under the
-- Educational Community License, Version 2.0 (the "License"); you may
-- not use this file except in compliance with the License. You may
-- obtain a copy of the License at
--
-- http://www.osedu.org/licenses/ECL-2.0
--
-- Unless required by applicable law or agreed to in writing,
-- software distributed under the License is distributed on an "AS IS"
-- BASIS, WITHOUT WARRANTIES OR CONDITIONS OF ANY KIND, either express
-- or implied. See the License for the specific language governing
-- permissions and limitations under the License.
--

//TYPES
insert into KSEN_TYPE (TYPE_KEY, DESCR_PLAIN, DESCR_FORMATTED, EFF_DT, EXPIR_DT, REF_OBJECT_URI, SERVICE_URI, VER_NBR, CREATETIME, CREATEID, NAME) values ('kuali.org.type.corporate.entity', 'A legal corporate entity', 'A legal corporate entity', {ts '2000-01-01 00:00:00.0'}, {ts '2000-12-31 00:00:00.0'}, 'http://student.kuali.org/wsdl/organization/OrgInfo', 'http://student.kuali.org/wsdl/organization', 1, {ts '2009-01-22 00:00:00.0'}, 'USER_X', 'Corporate Entity')
/
insert into KSEN_TYPE (TYPE_KEY, DESCR_PLAIN, DESCR_FORMATTED, EFF_DT, EXPIR_DT, REF_OBJECT_URI, SERVICE_URI, VER_NBR, CREATETIME, CREATEID, NAME) values ('kuali.org.type.board', 'A Board of Directors', 'A Board of Directors', {ts '2000-01-01 00:00:00.0'}, {ts '2000-12-31 00:00:00.0'}, 'http://student.kuali.org/wsdl/organization/OrgInfo', 'http://student.kuali.org/wsdl/organization', 1, {ts '2009-01-22 00:00:00.0'}, 'USER_X', 'Board')
/
insert into KSEN_TYPE (TYPE_KEY, DESCR_PLAIN, DESCR_FORMATTED, EFF_DT, EXPIR_DT, REF_OBJECT_URI, SERVICE_URI, VER_NBR, CREATETIME, CREATEID, NAME) values ('kuali.org.type.division', 'A Division', 'A Division', {ts '2000-01-01 00:00:00.0'}, {ts '2000-12-31 00:00:00.0'}, 'http://student.kuali.org/wsdl/organization/OrgInfo', 'http://student.kuali.org/wsdl/organization', 1, {ts '2009-01-22 00:00:00.0'}, 'USER_X', 'Division')
/
insert into KSEN_TYPE (TYPE_KEY, DESCR_PLAIN, DESCR_FORMATTED, EFF_DT, EXPIR_DT, REF_OBJECT_URI, SERVICE_URI, VER_NBR, CREATETIME, CREATEID, NAME) values ('kuali.org.type.school', 'A School', 'A School', {ts '2000-01-01 00:00:00.0'}, {ts '2000-12-31 00:00:00.0'}, 'http://student.kuali.org/wsdl/organization/OrgInfo', 'http://student.kuali.org/wsdl/organization', 1, {ts '2009-01-22 00:00:00.0'}, 'USER_X', 'School')
/
insert into KSEN_TYPE (TYPE_KEY, DESCR_PLAIN, DESCR_FORMATTED, EFF_DT, EXPIR_DT, REF_OBJECT_URI, SERVICE_URI, VER_NBR, CREATETIME, CREATEID, NAME) values ('kuali.org.type.program', 'A Program', 'A Program', {ts '2000-01-01 00:00:00.0'}, {ts '2000-12-31 00:00:00.0'}, 'http://student.kuali.org/wsdl/organization/OrgInfo', 'http://student.kuali.org/wsdl/organization', 1, {ts '2009-01-22 00:00:00.0'}, 'USER_X', 'Program')
/
insert into KSEN_TYPE (TYPE_KEY, DESCR_PLAIN, DESCR_FORMATTED, EFF_DT, EXPIR_DT, REF_OBJECT_URI, SERVICE_URI, VER_NBR, CREATETIME, CREATEID, NAME) values ('kuali.org.type.center', 'A Center', 'A Center', {ts '2000-01-01 00:00:00.0'}, {ts '2000-12-31 00:00:00.0'}, 'http://student.kuali.org/wsdl/organization/OrgInfo', 'http://student.kuali.org/wsdl/organization', 1, {ts '2009-01-22 00:00:00.0'}, 'USER_X', 'Center')
/
insert into KSEN_TYPE (TYPE_KEY, DESCR_PLAIN, DESCR_FORMATTED, EFF_DT, EXPIR_DT, REF_OBJECT_URI, SERVICE_URI, VER_NBR, CREATETIME, CREATEID, NAME) values ('kuali.org.type.college', 'A College', 'A College', {ts '2000-01-01 00:00:00.0'}, {ts '2000-12-31 00:00:00.0'}, 'http://student.kuali.org/wsdl/organization/OrgInfo', 'http://student.kuali.org/wsdl/organization', 1, {ts '2009-01-22 00:00:00.0'}, 'USER_X', 'College')
/
insert into KSEN_TYPE (TYPE_KEY, DESCR_PLAIN, DESCR_FORMATTED, EFF_DT, EXPIR_DT, REF_OBJECT_URI, SERVICE_URI, VER_NBR, CREATETIME, CREATEID, NAME) values ('kuali.org.type.academic.department', 'A Department', 'A Department', {ts '2000-01-01 00:00:00.0'}, {ts '2000-12-31 00:00:00.0'}, 'http://student.kuali.org/wsdl/organization/OrgInfo', 'http://student.kuali.org/wsdl/organization', 1, {ts '2009-01-22 00:00:00.0'}, 'USER_X', 'Department')
/
insert into KSEN_TYPE (TYPE_KEY, DESCR_PLAIN, DESCR_FORMATTED, EFF_DT, EXPIR_DT, REF_OBJECT_URI, SERVICE_URI, VER_NBR, CREATETIME, CREATEID, NAME) values ('kuali.org.type.office', 'An Office', 'An Office', {ts '2000-01-01 00:00:00.0'}, {ts '2000-12-31 00:00:00.0'}, 'http://student.kuali.org/wsdl/organization/OrgInfo', 'http://student.kuali.org/wsdl/organization', 1, {ts '2009-01-22 00:00:00.0'}, 'USER_X', 'Office')
/
insert into KSEN_TYPE (TYPE_KEY, DESCR_PLAIN, DESCR_FORMATTED, EFF_DT, EXPIR_DT, REF_OBJECT_URI, SERVICE_URI, VER_NBR, CREATETIME, CREATEID, NAME) values ('kuali.org.type.association', 'An Association', 'An Association', {ts '2000-01-01 00:00:00.0'}, {ts '2000-12-31 00:00:00.0'}, 'http://student.kuali.org/wsdl/organization/OrgInfo', 'http://student.kuali.org/wsdl/organization', 1, {ts '2009-01-22 00:00:00.0'}, 'USER_X', 'Association')
/
insert into KSEN_TYPE (TYPE_KEY, DESCR_PLAIN, DESCR_FORMATTED, EFF_DT, EXPIR_DT, REF_OBJECT_URI, SERVICE_URI, VER_NBR, CREATETIME, CREATEID, NAME) values ('kuali.org.type.advisory.group', 'An Advisory Group', 'An Advisory Group', {ts '2000-01-01 00:00:00.0'}, {ts '2000-12-31 00:00:00.0'}, 'http://student.kuali.org/wsdl/organization/OrgInfo', 'http://student.kuali.org/wsdl/organization', 1, {ts '2009-01-22 00:00:00.0'}, 'USER_X', 'Advisory Group')
/
insert into KSEN_TYPE (TYPE_KEY, DESCR_PLAIN, DESCR_FORMATTED, EFF_DT, EXPIR_DT, REF_OBJECT_URI, SERVICE_URI, VER_NBR, CREATETIME, CREATEID, NAME) values ('kuali.org.type.work.group', 'A group organized for a particular purpose', 'A group organized for a particular purpose', {ts '2000-01-01 00:00:00.0'}, {ts '2000-12-31 00:00:00.0'}, 'http://student.kuali.org/wsdl/organization/OrgInfo', 'http://student.kuali.org/wsdl/organization', 1, {ts '2009-01-22 00:00:00.0'}, 'USER_X', 'Work Group')
/
insert into KSEN_TYPE (TYPE_KEY, DESCR_PLAIN, DESCR_FORMATTED, EFF_DT, EXPIR_DT, REF_OBJECT_URI, SERVICE_URI, VER_NBR, CREATETIME, CREATEID, NAME) values ('kuali.org.type.section', 'A Section', 'A Section', {ts '2000-01-01 00:00:00.0'}, {ts '2000-12-31 00:00:00.0'}, 'http://student.kuali.org/wsdl/organization/OrgInfo', 'http://student.kuali.org/wsdl/organization', 1, {ts '2009-01-22 00:00:00.0'}, 'USER_X', 'Section')
/
insert into KSEN_TYPE (TYPE_KEY, DESCR_PLAIN, DESCR_FORMATTED, EFF_DT, EXPIR_DT, REF_OBJECT_URI, SERVICE_URI, VER_NBR, CREATETIME, CREATEID, NAME) values ('kuali.org.type.senate', 'A Deliberative body', 'A Deliberative body', {ts '2000-01-01 00:00:00.0'}, {ts '2000-12-31 00:00:00.0'}, 'http://student.kuali.org/wsdl/organization/OrgInfo', 'http://student.kuali.org/wsdl/organization', 1, {ts '2009-01-22 00:00:00.0'}, 'USER_X', 'Senate')
/
insert into KSEN_TYPE (TYPE_KEY, DESCR_PLAIN, DESCR_FORMATTED, EFF_DT, EXPIR_DT, REF_OBJECT_URI, SERVICE_URI, VER_NBR, CREATETIME, CREATEID, NAME) values ('kuali.org.type.committee', 'A Committee', 'A Committee', {ts '2000-01-01 00:00:00.0'}, {ts '2000-12-31 00:00:00.0'}, 'http://student.kuali.org/wsdl/organization/OrgInfo', 'http://student.kuali.org/wsdl/organization', 1, {ts '2009-01-22 00:00:00.0'}, 'USER_X', 'Committee')
/
insert into KSEN_TYPE (TYPE_KEY, DESCR_PLAIN, DESCR_FORMATTED, EFF_DT, EXPIR_DT, REF_OBJECT_URI, SERVICE_URI, VER_NBR, CREATETIME, CREATEID, NAME) values ('kuali.org.type.adhoc.committee', 'An Adhoc Committee', 'An Adhoc Committee', {ts '2000-01-01 00:00:00.0'}, {ts '2000-12-31 00:00:00.0'},  'http://student.kuali.org/wsdl/organization/OrgInfo', 'http://student.kuali.org/wsdl/organization', 1, {ts '2009-01-22 00:00:00.0'}, 'USER_X', 'Adhoc Committee')
/
insert into KSEN_TYPE (TYPE_KEY, DESCR_PLAIN, DESCR_FORMATTED, EFF_DT, EXPIR_DT, REF_OBJECT_URI, SERVICE_URI, VER_NBR, CREATETIME, CREATEID, NAME) values ('kuali.org.type.coc', 'A committee that approves curriculum', 'A committee that approves curriculum', {ts '2000-01-01 00:00:00.0'}, {ts '2000-12-31 00:00:00.0'}, 'http://student.kuali.org/wsdl/organization/OrgInfo', 'http://student.kuali.org/wsdl/organization', 1, {ts '2009-01-22 00:00:00.0'}, 'USER_X', 'COC')
/


//ORGS
insert into KSEN_ORG(ID, CREATEID, CREATETIME, UPDATEID, UPDATETIME, VER_NBR, SHORT_DESCR_PLAIN, LONG_DESCR_PLAIN, EFF_DT, EXPIR_DT, LONG_NAME, SHORT_NAME, ORG_STATE, ORG_TYPE) values ('1', 'TESTUSER', {ts '2009-01-22 00:00:00.0'}, 'TESTUSER', {ts '2009-01-22 00:00:00.0'}, 1, '', '', {ts '2000-01-01 00:00:00.0'}, {ts '2050-01-01 00:00:00.0'}, 'Kuali University System', 'KUSystem', 'Active', 'kuali.org.type.corporate.entity')
/
insert into KSEN_ORG(ID, CREATEID, CREATETIME, UPDATEID, UPDATETIME, VER_NBR, SHORT_DESCR_PLAIN, LONG_DESCR_PLAIN, EFF_DT, EXPIR_DT, LONG_NAME, SHORT_NAME, ORG_STATE, ORG_TYPE) values ('3', 'TESTUSER', {ts '2009-01-22 00:00:00.0'}, 'TESTUSER', {ts '2009-01-22 00:00:00.0'}, 1, '', '', {ts '2000-01-01 00:00:00.0'}, {ts '2050-01-01 00:00:00.0'}, 'Chancellor''s Office', 'ChancellorsOffice', 'Active', 'kuali.org.type.office')
/
insert into KSEN_ORG(ID, CREATEID, CREATETIME, UPDATEID, UPDATETIME, VER_NBR, SHORT_DESCR_PLAIN, LONG_DESCR_PLAIN, EFF_DT, EXPIR_DT, LONG_NAME, SHORT_NAME, ORG_STATE, ORG_TYPE) values ('4', 'TESTUSER', {ts '2009-01-22 00:00:00.0'}, 'TESTUSER', {ts '2009-01-22 00:00:00.0'}, 1, '', '', {ts '2000-01-01 00:00:00.0'}, {ts '2050-01-01 00:00:00.0'}, 'Kuali University', 'KU', 'Active', 'kuali.org.type.corporate.entity')
/
insert into KSEN_ORG(ID, CREATEID, CREATETIME, UPDATEID, UPDATETIME, VER_NBR, SHORT_DESCR_PLAIN, LONG_DESCR_PLAIN, EFF_DT, EXPIR_DT, LONG_NAME, SHORT_NAME, ORG_STATE, ORG_TYPE) values ('5', 'TESTUSER', {ts '2009-01-22 00:00:00.0'}, 'TESTUSER', {ts '2009-01-22 00:00:00.0'}, 1, '', '', {ts '2000-01-01 00:00:00.0'}, {ts '2050-01-01 00:00:00.0'}, 'Board of Trustees', 'Trustees', 'Active', 'kuali.org.type.board')
/
insert into KSEN_ORG(ID, CREATEID, CREATETIME, UPDATEID, UPDATETIME, VER_NBR, SHORT_DESCR_PLAIN, LONG_DESCR_PLAIN, EFF_DT, EXPIR_DT, LONG_NAME, SHORT_NAME, ORG_STATE, ORG_TYPE) values ('6', 'TESTUSER', {ts '2009-01-22 00:00:00.0'}, 'TESTUSER', {ts '2009-01-22 00:00:00.0'}, 1, '', '', {ts '2000-01-01 00:00:00.0'}, {ts '2050-01-01 00:00:00.0'}, 'Office of the President', 'PresidentsOffice', 'Active', 'kuali.org.type.office')
/
insert into KSEN_ORG(ID, CREATEID, CREATETIME, UPDATEID, UPDATETIME, VER_NBR, SHORT_DESCR_PLAIN, LONG_DESCR_PLAIN, EFF_DT, EXPIR_DT, LONG_NAME, SHORT_NAME, ORG_STATE, ORG_TYPE) values ('7', 'TESTUSER', {ts '2009-01-22 00:00:00.0'}, 'TESTUSER', {ts '2009-01-22 00:00:00.0'}, 1, '', '', {ts '2000-01-01 00:00:00.0'}, {ts '2050-01-01 00:00:00.0'}, 'President''s Cabinet for College-Wide Planning', 'PresidentsCabinet', 'Active', 'kuali.org.type.advisory.group')
/
insert into KSEN_ORG(ID, CREATEID, CREATETIME, UPDATEID, UPDATETIME, VER_NBR, SHORT_DESCR_PLAIN, LONG_DESCR_PLAIN, EFF_DT, EXPIR_DT, LONG_NAME, SHORT_NAME, ORG_STATE, ORG_TYPE) values ('8', 'TESTUSER', {ts '2009-01-22 00:00:00.0'}, 'TESTUSER', {ts '2009-01-22 00:00:00.0'}, 1, '', '', {ts '2000-01-01 00:00:00.0'}, {ts '2050-01-01 00:00:00.0'}, 'President''s Council for College-Wide Planning', 'PresidentsCouncil', 'Active', 'kuali.org.type.advisory.group')
/
insert into KSEN_ORG(ID, CREATEID, CREATETIME, UPDATEID, UPDATETIME, VER_NBR, SHORT_DESCR_PLAIN, LONG_DESCR_PLAIN, EFF_DT, EXPIR_DT, LONG_NAME, SHORT_NAME, ORG_STATE, ORG_TYPE) values ('9', 'TESTUSER', {ts '2009-01-22 00:00:00.0'}, 'TESTUSER', {ts '2009-01-22 00:00:00.0'}, 1, '', '', {ts '2000-01-01 00:00:00.0'}, {ts '2050-01-01 00:00:00.0'}, 'Internal Audit', 'Audit', 'Active', 'kuali.org.type.office')
/
insert into KSEN_ORG(ID, CREATEID, CREATETIME, UPDATEID, UPDATETIME, VER_NBR, SHORT_DESCR_PLAIN, LONG_DESCR_PLAIN, EFF_DT, EXPIR_DT, LONG_NAME, SHORT_NAME, ORG_STATE, ORG_TYPE) values ('10', 'TESTUSER', {ts '2009-01-22 00:00:00.0'}, 'TESTUSER', {ts '2009-01-22 00:00:00.0'}, 1, '', '', {ts '2000-01-01 00:00:00.0'}, {ts '2050-01-01 00:00:00.0'}, 'Legal Counsel', 'Legal', 'Active', 'kuali.org.type.office')
/
insert into KSEN_ORG(ID, CREATEID, CREATETIME, UPDATEID, UPDATETIME, VER_NBR, SHORT_DESCR_PLAIN, LONG_DESCR_PLAIN, EFF_DT, EXPIR_DT, LONG_NAME, SHORT_NAME, ORG_STATE, ORG_TYPE) values ('11', 'TESTUSER', {ts '2009-01-22 00:00:00.0'}, 'TESTUSER', {ts '2009-01-22 00:00:00.0'}, 1, '', '', {ts '2000-01-01 00:00:00.0'}, {ts '2050-01-01 00:00:00.0'}, 'The Foundation', 'Foundation', 'Active', 'kuali.org.type.office')
/
insert into KSEN_ORG(ID, CREATEID, CREATETIME, UPDATEID, UPDATETIME, VER_NBR, SHORT_DESCR_PLAIN, LONG_DESCR_PLAIN, EFF_DT, EXPIR_DT, LONG_NAME, SHORT_NAME, ORG_STATE, ORG_TYPE) values ('12', 'TESTUSER', {ts '2009-01-22 00:00:00.0'}, 'TESTUSER', {ts '2009-01-22 00:00:00.0'}, 1, '', '', {ts '2000-01-01 00:00:00.0'}, {ts '2050-01-01 00:00:00.0'}, 'Intercollegiate Athletics', 'Athletics', 'Active', 'kuali.org.type.academic.department')
/
insert into KSEN_ORG(ID, CREATEID, CREATETIME, UPDATEID, UPDATETIME, VER_NBR, SHORT_DESCR_PLAIN, LONG_DESCR_PLAIN, EFF_DT, EXPIR_DT, LONG_NAME, SHORT_NAME, ORG_STATE, ORG_TYPE) values ('13', 'TESTUSER', {ts '2009-01-22 00:00:00.0'}, 'TESTUSER', {ts '2009-01-22 00:00:00.0'}, 1, '', '', {ts '2000-01-01 00:00:00.0'}, {ts '2050-01-01 00:00:00.0'}, 'Alumni Relations', 'AlumniRelations', 'Active', 'kuali.org.type.office')
/
insert into KSEN_ORG(ID, CREATEID, CREATETIME, UPDATEID, UPDATETIME, VER_NBR, SHORT_DESCR_PLAIN, LONG_DESCR_PLAIN, EFF_DT, EXPIR_DT, LONG_NAME, SHORT_NAME, ORG_STATE, ORG_TYPE) values ('14', 'TESTUSER', {ts '2009-01-22 00:00:00.0'}, 'TESTUSER', {ts '2009-01-22 00:00:00.0'}, 1, '', '', {ts '2000-01-01 00:00:00.0'}, {ts '2050-01-01 00:00:00.0'}, 'Alumni Association', 'AlumniAssociation', 'Active', 'kuali.org.type.association')
/
insert into KSEN_ORG(ID, CREATEID, CREATETIME, UPDATEID, UPDATETIME, VER_NBR, SHORT_DESCR_PLAIN, LONG_DESCR_PLAIN, EFF_DT, EXPIR_DT, LONG_NAME, SHORT_NAME, ORG_STATE, ORG_TYPE) values ('15', 'TESTUSER', {ts '2009-01-22 00:00:00.0'}, 'TESTUSER', {ts '2009-01-22 00:00:00.0'}, 1, '', '', {ts '2000-01-01 00:00:00.0'}, {ts '2050-01-01 00:00:00.0'}, 'Academic Affairs (EVPP)', 'Academics', 'Active', 'kuali.org.type.division')
/
insert into KSEN_ORG(ID, CREATEID, CREATETIME, UPDATEID, UPDATETIME, VER_NBR, SHORT_DESCR_PLAIN, LONG_DESCR_PLAIN, EFF_DT, EXPIR_DT, LONG_NAME, SHORT_NAME, ORG_STATE, ORG_TYPE) values ('16', 'TESTUSER', {ts '2009-01-22 00:00:00.0'}, 'TESTUSER', {ts '2009-01-22 00:00:00.0'}, 1, '', '', {ts '2000-01-01 00:00:00.0'}, {ts '2050-01-01 00:00:00.0'}, 'Administration and Finance', 'Administration', 'Active', 'kuali.org.type.division')
/
insert into KSEN_ORG(ID, CREATEID, CREATETIME, UPDATEID, UPDATETIME, VER_NBR, SHORT_DESCR_PLAIN, LONG_DESCR_PLAIN, EFF_DT, EXPIR_DT, LONG_NAME, SHORT_NAME, ORG_STATE, ORG_TYPE) values ('17', 'TESTUSER', {ts '2009-01-22 00:00:00.0'}, 'TESTUSER', {ts '2009-01-22 00:00:00.0'}, 1, '', '', {ts '2000-01-01 00:00:00.0'}, {ts '2050-01-01 00:00:00.0'}, 'Student Affairs', 'Students', 'Active', 'kuali.org.type.division')
/
insert into KSEN_ORG(ID, CREATEID, CREATETIME, UPDATEID, UPDATETIME, VER_NBR, SHORT_DESCR_PLAIN, LONG_DESCR_PLAIN, EFF_DT, EXPIR_DT, LONG_NAME, SHORT_NAME, ORG_STATE, ORG_TYPE) values ('18', 'TESTUSER', {ts '2009-01-22 00:00:00.0'}, 'TESTUSER', {ts '2009-01-22 00:00:00.0'}, 1, '', '', {ts '2000-01-01 00:00:00.0'}, {ts '2050-01-01 00:00:00.0'}, 'Research and Economic Development', 'Research', 'Active', 'kuali.org.type.division')
/
insert into KSEN_ORG(ID, CREATEID, CREATETIME, UPDATEID, UPDATETIME, VER_NBR, SHORT_DESCR_PLAIN, LONG_DESCR_PLAIN, EFF_DT, EXPIR_DT, LONG_NAME, SHORT_NAME, ORG_STATE, ORG_TYPE) values ('19', 'TESTUSER', {ts '2009-01-22 00:00:00.0'}, 'TESTUSER', {ts '2009-01-22 00:00:00.0'}, 1, '', '', {ts '2000-01-01 00:00:00.0'}, {ts '2050-01-01 00:00:00.0'}, 'Office of the Executive Vice President and Provost', 'EVPPOffice', 'Active', 'kuali.org.type.office')
/
insert into KSEN_ORG(ID, CREATEID, CREATETIME, UPDATEID, UPDATETIME, VER_NBR, SHORT_DESCR_PLAIN, LONG_DESCR_PLAIN, EFF_DT, EXPIR_DT, LONG_NAME, SHORT_NAME, ORG_STATE, ORG_TYPE) values ('20', 'TESTUSER', {ts '2009-01-22 00:00:00.0'}, 'TESTUSER', {ts '2009-01-22 00:00:00.0'}, 1, '', '', {ts '2000-01-01 00:00:00.0'}, {ts '2050-01-01 00:00:00.0'}, 'Office of the VP for Business Administration and Finance', 'VPAdminOffice', 'Active', 'kuali.org.type.office')
/
insert into KSEN_ORG(ID, CREATEID, CREATETIME, UPDATEID, UPDATETIME, VER_NBR, SHORT_DESCR_PLAIN, LONG_DESCR_PLAIN, EFF_DT, EXPIR_DT, LONG_NAME, SHORT_NAME, ORG_STATE, ORG_TYPE) values ('21', 'TESTUSER', {ts '2009-01-22 00:00:00.0'}, 'TESTUSER', {ts '2009-01-22 00:00:00.0'}, 1, '', '', {ts '2000-01-01 00:00:00.0'}, {ts '2050-01-01 00:00:00.0'}, 'Office of the VP for Student Affairs', 'VPStudentsOffice', 'Active', 'kuali.org.type.office')
/
insert into KSEN_ORG(ID, CREATEID, CREATETIME, UPDATEID, UPDATETIME, VER_NBR, SHORT_DESCR_PLAIN, LONG_DESCR_PLAIN, EFF_DT, EXPIR_DT, LONG_NAME, SHORT_NAME, ORG_STATE, ORG_TYPE) values ('22', 'TESTUSER', {ts '2009-01-22 00:00:00.0'}, 'TESTUSER', {ts '2009-01-22 00:00:00.0'}, 1, '', '', {ts '2000-01-01 00:00:00.0'}, {ts '2050-01-01 00:00:00.0'}, 'Office of the VP for Research and Economic Development', 'VPResearchOffice', 'Active', 'kuali.org.type.office')
/
insert into KSEN_ORG(ID, CREATEID, CREATETIME, UPDATEID, UPDATETIME, VER_NBR, SHORT_DESCR_PLAIN, LONG_DESCR_PLAIN, EFF_DT, EXPIR_DT, LONG_NAME, SHORT_NAME, ORG_STATE, ORG_TYPE) values ('23', 'TESTUSER', {ts '2009-01-22 00:00:00.0'}, 'TESTUSER', {ts '2009-01-22 00:00:00.0'}, 1, '', '', {ts '2000-01-01 00:00:00.0'}, {ts '2050-01-01 00:00:00.0'}, 'Information Technology', 'IT', 'Active', 'kuali.org.type.academic.department')
/
insert into KSEN_ORG(ID, CREATEID, CREATETIME, UPDATEID, UPDATETIME, VER_NBR, SHORT_DESCR_PLAIN, LONG_DESCR_PLAIN, EFF_DT, EXPIR_DT, LONG_NAME, SHORT_NAME, ORG_STATE, ORG_TYPE) values ('24', 'TESTUSER', {ts '2009-01-22 00:00:00.0'}, 'TESTUSER', {ts '2009-01-22 00:00:00.0'}, 1, '', '', {ts '2000-01-01 00:00:00.0'}, {ts '2050-01-01 00:00:00.0'}, 'The Undergraduate Program', 'UndergraduateProgram', 'Active', 'kuali.org.type.program')
/
insert into KSEN_ORG(ID, CREATEID, CREATETIME, UPDATEID, UPDATETIME, VER_NBR, SHORT_DESCR_PLAIN, LONG_DESCR_PLAIN, EFF_DT, EXPIR_DT, LONG_NAME, SHORT_NAME, ORG_STATE, ORG_TYPE) values ('25', 'TESTUSER', {ts '2009-01-22 00:00:00.0'}, 'TESTUSER', {ts '2009-01-22 00:00:00.0'}, 1, '', '', {ts '2000-01-01 00:00:00.0'}, {ts '2050-01-01 00:00:00.0'}, 'Office of the Dean of Students', 'DeanStudentsOffice', 'Active', 'kuali.org.type.office')
/
insert into KSEN_ORG(ID, CREATEID, CREATETIME, UPDATEID, UPDATETIME, VER_NBR, SHORT_DESCR_PLAIN, LONG_DESCR_PLAIN, EFF_DT, EXPIR_DT, LONG_NAME, SHORT_NAME, ORG_STATE, ORG_TYPE) values ('26', 'TESTUSER', {ts '2009-01-22 00:00:00.0'}, 'TESTUSER', {ts '2009-01-22 00:00:00.0'}, 1, '', '', {ts '2000-01-01 00:00:00.0'}, {ts '2050-01-01 00:00:00.0'}, 'The College of Graduate and Professional Studies', 'GraduateSchool', 'Active', 'kuali.org.type.program')
/
insert into KSEN_ORG(ID, CREATEID, CREATETIME, UPDATEID, UPDATETIME, VER_NBR, SHORT_DESCR_PLAIN, LONG_DESCR_PLAIN, EFF_DT, EXPIR_DT, LONG_NAME, SHORT_NAME, ORG_STATE, ORG_TYPE) values ('27', 'TESTUSER', {ts '2009-01-22 00:00:00.0'}, 'TESTUSER', {ts '2009-01-22 00:00:00.0'}, 1, '', '', {ts '2000-01-01 00:00:00.0'}, {ts '2050-01-01 00:00:00.0'}, 'The Graduate School Office', 'GraduateOffice', 'Active', 'kuali.org.type.office')
/
insert into KSEN_ORG(ID, CREATEID, CREATETIME, UPDATEID, UPDATETIME, VER_NBR, SHORT_DESCR_PLAIN, LONG_DESCR_PLAIN, EFF_DT, EXPIR_DT, LONG_NAME, SHORT_NAME, ORG_STATE, ORG_TYPE) values ('28', 'TESTUSER', {ts '2009-01-22 00:00:00.0'}, 'TESTUSER', {ts '2009-01-22 00:00:00.0'}, 1, '', '', {ts '2000-01-01 00:00:00.0'}, {ts '2050-01-01 00:00:00.0'}, 'The College of Arts and Humanities', 'CollegeArtsHum', 'Active', 'kuali.org.type.college')
/
insert into KSEN_ORG(ID, CREATEID, CREATETIME, UPDATEID, UPDATETIME, VER_NBR, SHORT_DESCR_PLAIN, LONG_DESCR_PLAIN, EFF_DT, EXPIR_DT, LONG_NAME, SHORT_NAME, ORG_STATE, ORG_TYPE) values ('29', 'TESTUSER', {ts '2009-01-22 00:00:00.0'}, 'TESTUSER', {ts '2009-01-22 00:00:00.0'}, 1, '', '', {ts '2000-01-01 00:00:00.0'}, {ts '2050-01-01 00:00:00.0'}, 'The College of Behavioral and Social Science', 'CollegeBSOS', 'Active', 'kuali.org.type.college')
/
insert into KSEN_ORG(ID, CREATEID, CREATETIME, UPDATEID, UPDATETIME, VER_NBR, SHORT_DESCR_PLAIN, LONG_DESCR_PLAIN, EFF_DT, EXPIR_DT, LONG_NAME, SHORT_NAME, ORG_STATE, ORG_TYPE) values ('30', 'TESTUSER', {ts '2009-01-22 00:00:00.0'}, 'TESTUSER', {ts '2009-01-22 00:00:00.0'}, 1, '', '', {ts '2000-01-01 00:00:00.0'}, {ts '2050-01-01 00:00:00.0'}, 'The College of Life and Chemical Sciences ', 'CollegeLCS', 'Active', 'kuali.org.type.college')
/
insert into KSEN_ORG(ID, CREATEID, CREATETIME, UPDATEID, UPDATETIME, VER_NBR, SHORT_DESCR_PLAIN, LONG_DESCR_PLAIN, EFF_DT, EXPIR_DT, LONG_NAME, SHORT_NAME, ORG_STATE, ORG_TYPE) values ('31', 'TESTUSER', {ts '2009-01-22 00:00:00.0'}, 'TESTUSER', {ts '2009-01-22 00:00:00.0'}, 1, '', '', {ts '2000-01-01 00:00:00.0'}, {ts '2050-01-01 00:00:00.0'}, 'The College of Engineering', 'CollegeEng', 'Active', 'kuali.org.type.college')
/
insert into KSEN_ORG(ID, CREATEID, CREATETIME, UPDATEID, UPDATETIME, VER_NBR, SHORT_DESCR_PLAIN, LONG_DESCR_PLAIN, EFF_DT, EXPIR_DT, LONG_NAME, SHORT_NAME, ORG_STATE, ORG_TYPE) values ('32', 'TESTUSER', {ts '2009-01-22 00:00:00.0'}, 'TESTUSER', {ts '2009-01-22 00:00:00.0'}, 1, '', '', {ts '2000-01-01 00:00:00.0'}, {ts '2050-01-01 00:00:00.0'}, 'The Kuali School of Business', 'BusinessSchool', 'Active', 'kuali.org.type.school')
/
insert into KSEN_ORG(ID, CREATEID, CREATETIME, UPDATEID, UPDATETIME, VER_NBR, SHORT_DESCR_PLAIN, LONG_DESCR_PLAIN, EFF_DT, EXPIR_DT, LONG_NAME, SHORT_NAME, ORG_STATE, ORG_TYPE) values ('33', 'TESTUSER', {ts '2009-01-22 00:00:00.0'}, 'TESTUSER', {ts '2009-01-22 00:00:00.0'}, 1, '', '', {ts '2000-01-01 00:00:00.0'}, {ts '2050-01-01 00:00:00.0'}, 'The College of Education', 'CollegeEducation', 'Active', 'kuali.org.type.college')
/
insert into KSEN_ORG(ID, CREATEID, CREATETIME, UPDATEID, UPDATETIME, VER_NBR, SHORT_DESCR_PLAIN, LONG_DESCR_PLAIN, EFF_DT, EXPIR_DT, LONG_NAME, SHORT_NAME, ORG_STATE, ORG_TYPE) values ('34', 'TESTUSER', {ts '2009-01-22 00:00:00.0'}, 'TESTUSER', {ts '2009-01-22 00:00:00.0'}, 1, '', '', {ts '2000-01-01 00:00:00.0'}, {ts '2050-01-01 00:00:00.0'}, 'The Kuali Medical School', 'MedicalSchool', 'Active', 'kuali.org.type.school')
/
insert into KSEN_ORG(ID, CREATEID, CREATETIME, UPDATEID, UPDATETIME, VER_NBR, SHORT_DESCR_PLAIN, LONG_DESCR_PLAIN, EFF_DT, EXPIR_DT, LONG_NAME, SHORT_NAME, ORG_STATE, ORG_TYPE) values ('35', 'TESTUSER', {ts '2009-01-22 00:00:00.0'}, 'TESTUSER', {ts '2009-01-22 00:00:00.0'}, 1, '', '', {ts '2000-01-01 00:00:00.0'}, {ts '2050-01-01 00:00:00.0'}, 'Office of the Dean of the College of Arts and Humanities', 'OfficeOfDeanArtsHum', 'Active', 'kuali.org.type.office')
/
insert into KSEN_ORG(ID, CREATEID, CREATETIME, UPDATEID, UPDATETIME, VER_NBR, SHORT_DESCR_PLAIN, LONG_DESCR_PLAIN, EFF_DT, EXPIR_DT, LONG_NAME, SHORT_NAME, ORG_STATE, ORG_TYPE) values ('36', 'TESTUSER', {ts '2009-01-22 00:00:00.0'}, 'TESTUSER', {ts '2009-01-22 00:00:00.0'}, 1, '', '', {ts '2000-01-01 00:00:00.0'}, {ts '2050-01-01 00:00:00.0'}, 'Office of the Dean of the College of Behavioral and Social Science (BSOS)', 'OfficeOfDeanBSOS', 'Active', 'kuali.org.type.office')
/
insert into KSEN_ORG(ID, CREATEID, CREATETIME, UPDATEID, UPDATETIME, VER_NBR, SHORT_DESCR_PLAIN, LONG_DESCR_PLAIN, EFF_DT, EXPIR_DT, LONG_NAME, SHORT_NAME, ORG_STATE, ORG_TYPE) values ('37', 'TESTUSER', {ts '2009-01-22 00:00:00.0'}, 'TESTUSER', {ts '2009-01-22 00:00:00.0'}, 1, '', '', {ts '2000-01-01 00:00:00.0'}, {ts '2050-01-01 00:00:00.0'}, 'Office of the Dean of the College of Engineering', 'OfficeOfDeanEng', 'Active', 'kuali.org.type.office')
/
insert into KSEN_ORG(ID, CREATEID, CREATETIME, UPDATEID, UPDATETIME, VER_NBR, SHORT_DESCR_PLAIN, LONG_DESCR_PLAIN, EFF_DT, EXPIR_DT, LONG_NAME, SHORT_NAME, ORG_STATE, ORG_TYPE) values ('38', 'TESTUSER', {ts '2009-01-22 00:00:00.0'}, 'TESTUSER', {ts '2009-01-22 00:00:00.0'}, 1, '', '', {ts '2000-01-01 00:00:00.0'}, {ts '2050-01-01 00:00:00.0'}, 'Office of the Dean of the College of Life and Chemical Sciences ', 'OfficeOfDeanLCS', 'Active', 'kuali.org.type.office')
/
insert into KSEN_ORG(ID, CREATEID, CREATETIME, UPDATEID, UPDATETIME, VER_NBR, SHORT_DESCR_PLAIN, LONG_DESCR_PLAIN, EFF_DT, EXPIR_DT, LONG_NAME, SHORT_NAME, ORG_STATE, ORG_TYPE) values ('39', 'TESTUSER', {ts '2009-01-22 00:00:00.0'}, 'TESTUSER', {ts '2009-01-22 00:00:00.0'}, 1, '', '', {ts '2000-01-01 00:00:00.0'}, {ts '2050-01-01 00:00:00.0'}, 'Extended Studies Program', 'ExtendedStudies', 'Active', 'kuali.org.type.program')
/
insert into KSEN_ORG(ID, CREATEID, CREATETIME, UPDATEID, UPDATETIME, VER_NBR, SHORT_DESCR_PLAIN, LONG_DESCR_PLAIN, EFF_DT, EXPIR_DT, LONG_NAME, SHORT_NAME, ORG_STATE, ORG_TYPE) values ('40', 'TESTUSER', {ts '2009-01-22 00:00:00.0'}, 'TESTUSER', {ts '2009-01-22 00:00:00.0'}, 1, '', '', {ts '2000-01-01 00:00:00.0'}, {ts '2050-01-01 00:00:00.0'}, 'College of Distance Education', 'DistanceEducation', 'Active', 'kuali.org.type.college')
/
insert into KSEN_ORG(ID, CREATEID, CREATETIME, UPDATEID, UPDATETIME, VER_NBR, SHORT_DESCR_PLAIN, LONG_DESCR_PLAIN, EFF_DT, EXPIR_DT, LONG_NAME, SHORT_NAME, ORG_STATE, ORG_TYPE) values ('41', 'TESTUSER', {ts '2009-01-22 00:00:00.0'}, 'TESTUSER', {ts '2009-01-22 00:00:00.0'}, 1, '', '', {ts '2000-01-01 00:00:00.0'}, {ts '2050-01-01 00:00:00.0'}, 'Learning Communities Programs', 'LearningCommunities', 'Active', 'kuali.org.type.program')
/
insert into KSEN_ORG(ID, CREATEID, CREATETIME, UPDATEID, UPDATETIME, VER_NBR, SHORT_DESCR_PLAIN, LONG_DESCR_PLAIN, EFF_DT, EXPIR_DT, LONG_NAME, SHORT_NAME, ORG_STATE, ORG_TYPE) values ('42', 'TESTUSER', {ts '2009-01-22 00:00:00.0'}, 'TESTUSER', {ts '2009-01-22 00:00:00.0'}, 1, '', '', {ts '2000-01-01 00:00:00.0'}, {ts '2050-01-01 00:00:00.0'}, 'Undergraduate Research Program', 'URP', 'Active', 'kuali.org.type.program')
/
insert into KSEN_ORG(ID, CREATEID, CREATETIME, UPDATEID, UPDATETIME, VER_NBR, SHORT_DESCR_PLAIN, LONG_DESCR_PLAIN, EFF_DT, EXPIR_DT, LONG_NAME, SHORT_NAME, ORG_STATE, ORG_TYPE) values ('43', 'TESTUSER', {ts '2009-01-22 00:00:00.0'}, 'TESTUSER', {ts '2009-01-22 00:00:00.0'}, 1, '', '', {ts '2000-01-01 00:00:00.0'}, {ts '2050-01-01 00:00:00.0'}, 'Freshman Experiential Learning Group', 'FELG', 'Active', 'kuali.org.type.program')
/
insert into KSEN_ORG(ID, CREATEID, CREATETIME, UPDATEID, UPDATETIME, VER_NBR, SHORT_DESCR_PLAIN, LONG_DESCR_PLAIN, EFF_DT, EXPIR_DT, LONG_NAME, SHORT_NAME, ORG_STATE, ORG_TYPE) values ('44', 'TESTUSER', {ts '2009-01-22 00:00:00.0'}, 'TESTUSER', {ts '2009-01-22 00:00:00.0'}, 1, '', '', {ts '2000-01-01 00:00:00.0'}, {ts '2050-01-01 00:00:00.0'}, 'Seminar Based Advising', 'SeminarAdvising', 'Active', 'kuali.org.type.program')
/
insert into KSEN_ORG(ID, CREATEID, CREATETIME, UPDATEID, UPDATETIME, VER_NBR, SHORT_DESCR_PLAIN, LONG_DESCR_PLAIN, EFF_DT, EXPIR_DT, LONG_NAME, SHORT_NAME, ORG_STATE, ORG_TYPE) values ('45', 'TESTUSER', {ts '2009-01-22 00:00:00.0'}, 'TESTUSER', {ts '2009-01-22 00:00:00.0'}, 1, '', '', {ts '2000-01-01 00:00:00.0'}, {ts '2050-01-01 00:00:00.0'}, 'Residence Based Advising', 'ResidenceAdvising', 'Active', 'kuali.org.type.program')
/
insert into KSEN_ORG(ID, CREATEID, CREATETIME, UPDATEID, UPDATETIME, VER_NBR, SHORT_DESCR_PLAIN, LONG_DESCR_PLAIN, EFF_DT, EXPIR_DT, LONG_NAME, SHORT_NAME, ORG_STATE, ORG_TYPE) values ('46', 'TESTUSER', {ts '2009-01-22 00:00:00.0'}, 'TESTUSER', {ts '2009-01-22 00:00:00.0'}, 1, '', '', {ts '2000-01-01 00:00:00.0'}, {ts '2050-01-01 00:00:00.0'}, 'Cross-Registration Program', 'CrossRegistration', 'Active', 'kuali.org.type.program')
/
insert into KSEN_ORG(ID, CREATEID, CREATETIME, UPDATEID, UPDATETIME, VER_NBR, SHORT_DESCR_PLAIN, LONG_DESCR_PLAIN, EFF_DT, EXPIR_DT, LONG_NAME, SHORT_NAME, ORG_STATE, ORG_TYPE) values ('47', 'TESTUSER', {ts '2009-01-22 00:00:00.0'}, 'TESTUSER', {ts '2009-01-22 00:00:00.0'}, 1, '', '', {ts '2000-01-01 00:00:00.0'}, {ts '2050-01-01 00:00:00.0'}, 'Study Abroad Center', 'StudyAbroad', 'Active', 'kuali.org.type.center')
/
insert into KSEN_ORG(ID, CREATEID, CREATETIME, UPDATEID, UPDATETIME, VER_NBR, SHORT_DESCR_PLAIN, LONG_DESCR_PLAIN, EFF_DT, EXPIR_DT, LONG_NAME, SHORT_NAME, ORG_STATE, ORG_TYPE) values ('48', 'TESTUSER', {ts '2009-01-22 00:00:00.0'}, 'TESTUSER', {ts '2009-01-22 00:00:00.0'}, 1, '', '', {ts '2000-01-01 00:00:00.0'}, {ts '2050-01-01 00:00:00.0'}, 'Honors Program', 'HonorsProgram', 'Active', 'kuali.org.type.program')
/
insert into KSEN_ORG(ID, CREATEID, CREATETIME, UPDATEID, UPDATETIME, VER_NBR, SHORT_DESCR_PLAIN, LONG_DESCR_PLAIN, EFF_DT, EXPIR_DT, LONG_NAME, SHORT_NAME, ORG_STATE, ORG_TYPE) values ('49', 'TESTUSER', {ts '2009-01-22 00:00:00.0'}, 'TESTUSER', {ts '2009-01-22 00:00:00.0'}, 1, '', '', {ts '2000-01-01 00:00:00.0'}, {ts '2050-01-01 00:00:00.0'}, 'Gender Studies Program', 'GenderStudies', 'Active', 'kuali.org.type.program')
/
insert into KSEN_ORG(ID, CREATEID, CREATETIME, UPDATEID, UPDATETIME, VER_NBR, SHORT_DESCR_PLAIN, LONG_DESCR_PLAIN, EFF_DT, EXPIR_DT, LONG_NAME, SHORT_NAME, ORG_STATE, ORG_TYPE) values ('50', 'TESTUSER', {ts '2009-01-22 00:00:00.0'}, 'TESTUSER', {ts '2009-01-22 00:00:00.0'}, 1, '', '', {ts '2000-01-01 00:00:00.0'}, {ts '2050-01-01 00:00:00.0'}, 'English Dept', 'English', 'Active', 'kuali.org.type.academic.department')
/
insert into KSEN_ORG(ID, CREATEID, CREATETIME, UPDATEID, UPDATETIME, VER_NBR, SHORT_DESCR_PLAIN, LONG_DESCR_PLAIN, EFF_DT, EXPIR_DT, LONG_NAME, SHORT_NAME, ORG_STATE, ORG_TYPE) values ('51', 'TESTUSER', {ts '2009-01-22 00:00:00.0'}, 'TESTUSER', {ts '2009-01-22 00:00:00.0'}, 1, '', '', {ts '2000-01-01 00:00:00.0'}, {ts '2050-01-01 00:00:00.0'}, 'Fine Arts Dept', 'FineArts', 'Active', 'kuali.org.type.academic.department')
/
insert into KSEN_ORG(ID, CREATEID, CREATETIME, UPDATEID, UPDATETIME, VER_NBR, SHORT_DESCR_PLAIN, LONG_DESCR_PLAIN, EFF_DT, EXPIR_DT, LONG_NAME, SHORT_NAME, ORG_STATE, ORG_TYPE) values ('52', 'TESTUSER', {ts '2009-01-22 00:00:00.0'}, 'TESTUSER', {ts '2009-01-22 00:00:00.0'}, 1, '', '', {ts '2000-01-01 00:00:00.0'}, {ts '2050-01-01 00:00:00.0'}, 'French Dept', 'French', 'Active', 'kuali.org.type.academic.department')
/
insert into KSEN_ORG(ID, CREATEID, CREATETIME, UPDATEID, UPDATETIME, VER_NBR, SHORT_DESCR_PLAIN, LONG_DESCR_PLAIN, EFF_DT, EXPIR_DT, LONG_NAME, SHORT_NAME, ORG_STATE, ORG_TYPE) values ('53', 'TESTUSER', {ts '2009-01-22 00:00:00.0'}, 'TESTUSER', {ts '2009-01-22 00:00:00.0'}, 1, '', '', {ts '2000-01-01 00:00:00.0'}, {ts '2050-01-01 00:00:00.0'}, 'Geography Dept', 'Geography', 'Active', 'kuali.org.type.academic.department')
/
insert into KSEN_ORG(ID, CREATEID, CREATETIME, UPDATEID, UPDATETIME, VER_NBR, SHORT_DESCR_PLAIN, LONG_DESCR_PLAIN, EFF_DT, EXPIR_DT, LONG_NAME, SHORT_NAME, ORG_STATE, ORG_TYPE) values ('54', 'TESTUSER', {ts '2009-01-22 00:00:00.0'}, 'TESTUSER', {ts '2009-01-22 00:00:00.0'}, 1, '', '', {ts '2000-01-01 00:00:00.0'}, {ts '2050-01-01 00:00:00.0'}, 'Linguistics Dept', 'Linguistics', 'Active', 'kuali.org.type.academic.department')
/
insert into KSEN_ORG(ID, CREATEID, CREATETIME, UPDATEID, UPDATETIME, VER_NBR, SHORT_DESCR_PLAIN, LONG_DESCR_PLAIN, EFF_DT, EXPIR_DT, LONG_NAME, SHORT_NAME, ORG_STATE, ORG_TYPE) values ('55', 'TESTUSER', {ts '2009-01-22 00:00:00.0'}, 'TESTUSER', {ts '2009-01-22 00:00:00.0'}, 1, '', '', {ts '2000-01-01 00:00:00.0'}, {ts '2050-01-01 00:00:00.0'}, 'Music Dept', 'Music', 'Active', 'kuali.org.type.academic.department')
/
insert into KSEN_ORG(ID, CREATEID, CREATETIME, UPDATEID, UPDATETIME, VER_NBR, SHORT_DESCR_PLAIN, LONG_DESCR_PLAIN, EFF_DT, EXPIR_DT, LONG_NAME, SHORT_NAME, ORG_STATE, ORG_TYPE) values ('56', 'TESTUSER', {ts '2009-01-22 00:00:00.0'}, 'TESTUSER', {ts '2009-01-22 00:00:00.0'}, 1, '', '', {ts '2000-01-01 00:00:00.0'}, {ts '2050-01-01 00:00:00.0'}, 'History Dept', 'History', 'Active', 'kuali.org.type.academic.department')
/
insert into KSEN_ORG(ID, CREATEID, CREATETIME, UPDATEID, UPDATETIME, VER_NBR, SHORT_DESCR_PLAIN, LONG_DESCR_PLAIN, EFF_DT, EXPIR_DT, LONG_NAME, SHORT_NAME, ORG_STATE, ORG_TYPE) values ('57', 'TESTUSER', {ts '2009-01-22 00:00:00.0'}, 'TESTUSER', {ts '2009-01-22 00:00:00.0'}, 1, '', '', {ts '2000-01-01 00:00:00.0'}, {ts '2050-01-01 00:00:00.0'}, 'Political Science Dept', 'PolySci', 'Active', 'kuali.org.type.academic.department')
/
insert into KSEN_ORG(ID, CREATEID, CREATETIME, UPDATEID, UPDATETIME, VER_NBR, SHORT_DESCR_PLAIN, LONG_DESCR_PLAIN, EFF_DT, EXPIR_DT, LONG_NAME, SHORT_NAME, ORG_STATE, ORG_TYPE) values ('58', 'TESTUSER', {ts '2009-01-22 00:00:00.0'}, 'TESTUSER', {ts '2009-01-22 00:00:00.0'}, 1, '', '', {ts '2000-01-01 00:00:00.0'}, {ts '2050-01-01 00:00:00.0'}, 'Psychology Dept', 'Psychology', 'Active', 'kuali.org.type.academic.department')
/
insert into KSEN_ORG(ID, CREATEID, CREATETIME, UPDATEID, UPDATETIME, VER_NBR, SHORT_DESCR_PLAIN, LONG_DESCR_PLAIN, EFF_DT, EXPIR_DT, LONG_NAME, SHORT_NAME, ORG_STATE, ORG_TYPE) values ('59', 'TESTUSER', {ts '2009-01-22 00:00:00.0'}, 'TESTUSER', {ts '2009-01-22 00:00:00.0'}, 1, '', '', {ts '2000-01-01 00:00:00.0'}, {ts '2050-01-01 00:00:00.0'}, 'Sociology Dept', 'Sociology', 'Active', 'kuali.org.type.academic.department')
/
insert into KSEN_ORG(ID, CREATEID, CREATETIME, UPDATEID, UPDATETIME, VER_NBR, SHORT_DESCR_PLAIN, LONG_DESCR_PLAIN, EFF_DT, EXPIR_DT, LONG_NAME, SHORT_NAME, ORG_STATE, ORG_TYPE) values ('60', 'TESTUSER', {ts '2009-01-22 00:00:00.0'}, 'TESTUSER', {ts '2009-01-22 00:00:00.0'}, 1, '', '', {ts '2000-01-01 00:00:00.0'}, {ts '2050-01-01 00:00:00.0'}, 'Interdisciplinary Studies in Social Science Program', 'InterdiscBSOS', 'Active', 'kuali.org.type.office')
/
insert into KSEN_ORG(ID, CREATEID, CREATETIME, UPDATEID, UPDATETIME, VER_NBR, SHORT_DESCR_PLAIN, LONG_DESCR_PLAIN, EFF_DT, EXPIR_DT, LONG_NAME, SHORT_NAME, ORG_STATE, ORG_TYPE) values ('61', 'TESTUSER', {ts '2009-01-22 00:00:00.0'}, 'TESTUSER', {ts '2009-01-22 00:00:00.0'}, 1, '', '', {ts '2000-01-01 00:00:00.0'}, {ts '2050-01-01 00:00:00.0'}, 'Chemical Engineering Dept', 'Chemical', 'Active', 'kuali.org.type.academic.department')
/
insert into KSEN_ORG(ID, CREATEID, CREATETIME, UPDATEID, UPDATETIME, VER_NBR, SHORT_DESCR_PLAIN, LONG_DESCR_PLAIN, EFF_DT, EXPIR_DT, LONG_NAME, SHORT_NAME, ORG_STATE, ORG_TYPE) values ('62', 'TESTUSER', {ts '2009-01-22 00:00:00.0'}, 'TESTUSER', {ts '2009-01-22 00:00:00.0'}, 1, '', '', {ts '2000-01-01 00:00:00.0'}, {ts '2050-01-01 00:00:00.0'}, 'Civil Engineering Dept', 'Civil', 'Active', 'kuali.org.type.academic.department')
/
insert into KSEN_ORG(ID, CREATEID, CREATETIME, UPDATEID, UPDATETIME, VER_NBR, SHORT_DESCR_PLAIN, LONG_DESCR_PLAIN, EFF_DT, EXPIR_DT, LONG_NAME, SHORT_NAME, ORG_STATE, ORG_TYPE) values ('63', 'TESTUSER', {ts '2009-01-22 00:00:00.0'}, 'TESTUSER', {ts '2009-01-22 00:00:00.0'}, 1, '', '', {ts '2000-01-01 00:00:00.0'}, {ts '2050-01-01 00:00:00.0'}, 'Mechanical Engineering Dept', 'Mechanical', 'Active', 'kuali.org.type.academic.department')
/
insert into KSEN_ORG(ID, CREATEID, CREATETIME, UPDATEID, UPDATETIME, VER_NBR, SHORT_DESCR_PLAIN, LONG_DESCR_PLAIN, EFF_DT, EXPIR_DT, LONG_NAME, SHORT_NAME, ORG_STATE, ORG_TYPE) values ('64', 'TESTUSER', {ts '2009-01-22 00:00:00.0'}, 'TESTUSER', {ts '2009-01-22 00:00:00.0'}, 1, '', '', {ts '2000-01-01 00:00:00.0'}, {ts '2050-01-01 00:00:00.0'}, 'Computer Science Dept', 'CompSci', 'Active', 'kuali.org.type.academic.department')
/
insert into KSEN_ORG(ID, CREATEID, CREATETIME, UPDATEID, UPDATETIME, VER_NBR, SHORT_DESCR_PLAIN, LONG_DESCR_PLAIN, EFF_DT, EXPIR_DT, LONG_NAME, SHORT_NAME, ORG_STATE, ORG_TYPE) values ('65', 'TESTUSER', {ts '2009-01-22 00:00:00.0'}, 'TESTUSER', {ts '2009-01-22 00:00:00.0'}, 1, '', '', {ts '2000-01-01 00:00:00.0'}, {ts '2050-01-01 00:00:00.0'}, 'Biology Dept', 'Biology', 'Active', 'kuali.org.type.academic.department')
/
insert into KSEN_ORG(ID, CREATEID, CREATETIME, UPDATEID, UPDATETIME, VER_NBR, SHORT_DESCR_PLAIN, LONG_DESCR_PLAIN, EFF_DT, EXPIR_DT, LONG_NAME, SHORT_NAME, ORG_STATE, ORG_TYPE) values ('66', 'TESTUSER', {ts '2009-01-22 00:00:00.0'}, 'TESTUSER', {ts '2009-01-22 00:00:00.0'}, 1, '', '', {ts '2000-01-01 00:00:00.0'}, {ts '2050-01-01 00:00:00.0'}, 'Biochemistry Dept', 'Biochemistry', 'Active', 'kuali.org.type.academic.department')
/
insert into KSEN_ORG(ID, CREATEID, CREATETIME, UPDATEID, UPDATETIME, VER_NBR, SHORT_DESCR_PLAIN, LONG_DESCR_PLAIN, EFF_DT, EXPIR_DT, LONG_NAME, SHORT_NAME, ORG_STATE, ORG_TYPE) values ('67', 'TESTUSER', {ts '2009-01-22 00:00:00.0'}, 'TESTUSER', {ts '2009-01-22 00:00:00.0'}, 1, '', '', {ts '2000-01-01 00:00:00.0'}, {ts '2050-01-01 00:00:00.0'}, 'Botany Dept', 'Botany', 'Active', 'kuali.org.type.academic.department')
/
insert into KSEN_ORG(ID, CREATEID, CREATETIME, UPDATEID, UPDATETIME, VER_NBR, SHORT_DESCR_PLAIN, LONG_DESCR_PLAIN, EFF_DT, EXPIR_DT, LONG_NAME, SHORT_NAME, ORG_STATE, ORG_TYPE) values ('68', 'TESTUSER', {ts '2009-01-22 00:00:00.0'}, 'TESTUSER', {ts '2009-01-22 00:00:00.0'}, 1, '', '', {ts '2000-01-01 00:00:00.0'}, {ts '2050-01-01 00:00:00.0'}, 'Chemistry Dept', 'Chemistry', 'Active', 'kuali.org.type.academic.department')
/
insert into KSEN_ORG(ID, CREATEID, CREATETIME, UPDATEID, UPDATETIME, VER_NBR, SHORT_DESCR_PLAIN, LONG_DESCR_PLAIN, EFF_DT, EXPIR_DT, LONG_NAME, SHORT_NAME, ORG_STATE, ORG_TYPE) values ('69', 'TESTUSER', {ts '2009-01-22 00:00:00.0'}, 'TESTUSER', {ts '2009-01-22 00:00:00.0'}, 1, '', '', {ts '2000-01-01 00:00:00.0'}, {ts '2050-01-01 00:00:00.0'}, 'Geology Dept', 'Geology', 'Active', 'kuali.org.type.academic.department')
/
insert into KSEN_ORG(ID, CREATEID, CREATETIME, UPDATEID, UPDATETIME, VER_NBR, SHORT_DESCR_PLAIN, LONG_DESCR_PLAIN, EFF_DT, EXPIR_DT, LONG_NAME, SHORT_NAME, ORG_STATE, ORG_TYPE) values ('70', 'TESTUSER', {ts '2009-01-22 00:00:00.0'}, 'TESTUSER', {ts '2009-01-22 00:00:00.0'}, 1, '', '', {ts '2000-01-01 00:00:00.0'}, {ts '2050-01-01 00:00:00.0'}, 'Accounting Section', 'Accounting', 'Active', 'kuali.org.type.section')
/
insert into KSEN_ORG(ID, CREATEID, CREATETIME, UPDATEID, UPDATETIME, VER_NBR, SHORT_DESCR_PLAIN, LONG_DESCR_PLAIN, EFF_DT, EXPIR_DT, LONG_NAME, SHORT_NAME, ORG_STATE, ORG_TYPE) values ('71', 'TESTUSER', {ts '2009-01-22 00:00:00.0'}, 'TESTUSER', {ts '2009-01-22 00:00:00.0'}, 1, '', '', {ts '2000-01-01 00:00:00.0'}, {ts '2050-01-01 00:00:00.0'}, 'Finance Section', 'Finance', 'Active', 'kuali.org.type.section')
/
insert into KSEN_ORG(ID, CREATEID, CREATETIME, UPDATEID, UPDATETIME, VER_NBR, SHORT_DESCR_PLAIN, LONG_DESCR_PLAIN, EFF_DT, EXPIR_DT, LONG_NAME, SHORT_NAME, ORG_STATE, ORG_TYPE) values ('72', 'TESTUSER', {ts '2009-01-22 00:00:00.0'}, 'TESTUSER', {ts '2009-01-22 00:00:00.0'}, 1, '', '', {ts '2000-01-01 00:00:00.0'}, {ts '2050-01-01 00:00:00.0'}, 'International Business Section', 'InternationalBusiness', 'Active', 'kuali.org.type.section')
/
insert into KSEN_ORG(ID, CREATEID, CREATETIME, UPDATEID, UPDATETIME, VER_NBR, SHORT_DESCR_PLAIN, LONG_DESCR_PLAIN, EFF_DT, EXPIR_DT, LONG_NAME, SHORT_NAME, ORG_STATE, ORG_TYPE) values ('73', 'TESTUSER', {ts '2009-01-22 00:00:00.0'}, 'TESTUSER', {ts '2009-01-22 00:00:00.0'}, 1, '', '', {ts '2000-01-01 00:00:00.0'}, {ts '2050-01-01 00:00:00.0'}, 'Marketing Section', 'Marketing ', 'Active', 'kuali.org.type.section')
/
insert into KSEN_ORG(ID, CREATEID, CREATETIME, UPDATEID, UPDATETIME, VER_NBR, SHORT_DESCR_PLAIN, LONG_DESCR_PLAIN, EFF_DT, EXPIR_DT, LONG_NAME, SHORT_NAME, ORG_STATE, ORG_TYPE) values ('74', 'TESTUSER', {ts '2009-01-22 00:00:00.0'}, 'TESTUSER', {ts '2009-01-22 00:00:00.0'}, 1, '', '', {ts '2000-01-01 00:00:00.0'}, {ts '2050-01-01 00:00:00.0'}, 'Section w/in the Provost Office that deals with all the academic programs', 'AcademicPrograms', 'Active', 'kuali.org.type.section')
/
insert into KSEN_ORG(ID, CREATEID, CREATETIME, UPDATEID, UPDATETIME, VER_NBR, SHORT_DESCR_PLAIN, LONG_DESCR_PLAIN, EFF_DT, EXPIR_DT, LONG_NAME, SHORT_NAME, ORG_STATE, ORG_TYPE) values ('75', 'TESTUSER', {ts '2009-01-22 00:00:00.0'}, 'TESTUSER', {ts '2009-01-22 00:00:00.0'}, 1, '', '', {ts '2000-01-01 00:00:00.0'}, {ts '2050-01-01 00:00:00.0'}, 'Section w/in the Provost Office that deals with assessing the quality of the programs', 'OutcomesAssessment', 'Active', 'kuali.org.type.section')
/
insert into KSEN_ORG(ID, CREATEID, CREATETIME, UPDATEID, UPDATETIME, VER_NBR, SHORT_DESCR_PLAIN, LONG_DESCR_PLAIN, EFF_DT, EXPIR_DT, LONG_NAME, SHORT_NAME, ORG_STATE, ORG_TYPE) values ('76', 'TESTUSER', {ts '2009-01-22 00:00:00.0'}, 'TESTUSER', {ts '2009-01-22 00:00:00.0'}, 1, '', '', {ts '2000-01-01 00:00:00.0'}, {ts '2050-01-01 00:00:00.0'}, 'Section w/in the Provost Office that deals with academic services', 'AcademicServices', 'Active', 'kuali.org.type.section')
/
insert into KSEN_ORG(ID, CREATEID, CREATETIME, UPDATEID, UPDATETIME, VER_NBR, SHORT_DESCR_PLAIN, LONG_DESCR_PLAIN, EFF_DT, EXPIR_DT, LONG_NAME, SHORT_NAME, ORG_STATE, ORG_TYPE) values ('77', 'TESTUSER', {ts '2009-01-22 00:00:00.0'}, 'TESTUSER', {ts '2009-01-22 00:00:00.0'}, 1, '', '', {ts '2000-01-01 00:00:00.0'}, {ts '2050-01-01 00:00:00.0'}, 'Division of Academic Affairs', 'DivisionAcademicAffaris', 'Active', 'kuali.org.type.section')
/
insert into KSEN_ORG(ID, CREATEID, CREATETIME, UPDATEID, UPDATETIME, VER_NBR, SHORT_DESCR_PLAIN, LONG_DESCR_PLAIN, EFF_DT, EXPIR_DT, LONG_NAME, SHORT_NAME, ORG_STATE, ORG_TYPE) values ('78', 'TESTUSER', {ts '2009-01-22 00:00:00.0'}, 'TESTUSER', {ts '2009-01-22 00:00:00.0'}, 1, '', '', {ts '2000-01-01 00:00:00.0'}, {ts '2050-01-01 00:00:00.0'}, 'Housing', 'Housing', 'Active', 'kuali.org.type.office')
/
insert into KSEN_ORG(ID, CREATEID, CREATETIME, UPDATEID, UPDATETIME, VER_NBR, SHORT_DESCR_PLAIN, LONG_DESCR_PLAIN, EFF_DT, EXPIR_DT, LONG_NAME, SHORT_NAME, ORG_STATE, ORG_TYPE) values ('79', 'TESTUSER', {ts '2009-01-22 00:00:00.0'}, 'TESTUSER', {ts '2009-01-22 00:00:00.0'}, 1, '', '', {ts '2000-01-01 00:00:00.0'}, {ts '2050-01-01 00:00:00.0'}, 'Dining', 'Dining', 'Active', 'kuali.org.type.office')
/
insert into KSEN_ORG(ID, CREATEID, CREATETIME, UPDATEID, UPDATETIME, VER_NBR, SHORT_DESCR_PLAIN, LONG_DESCR_PLAIN, EFF_DT, EXPIR_DT, LONG_NAME, SHORT_NAME, ORG_STATE, ORG_TYPE) values ('80', 'TESTUSER', {ts '2009-01-22 00:00:00.0'}, 'TESTUSER', {ts '2009-01-22 00:00:00.0'}, 1, '', '', {ts '2000-01-01 00:00:00.0'}, {ts '2050-01-01 00:00:00.0'}, 'Transportation', 'Transportation', 'Active', 'kuali.org.type.office')
/
insert into KSEN_ORG(ID, CREATEID, CREATETIME, UPDATEID, UPDATETIME, VER_NBR, SHORT_DESCR_PLAIN, LONG_DESCR_PLAIN, EFF_DT, EXPIR_DT, LONG_NAME, SHORT_NAME, ORG_STATE, ORG_TYPE) values ('81', 'TESTUSER', {ts '2009-01-22 00:00:00.0'}, 'TESTUSER', {ts '2009-01-22 00:00:00.0'}, 1, '', '', {ts '2000-01-01 00:00:00.0'}, {ts '2050-01-01 00:00:00.0'}, 'Student Activities', 'StudentActivities', 'Active', 'kuali.org.type.office')
/
insert into KSEN_ORG(ID, CREATEID, CREATETIME, UPDATEID, UPDATETIME, VER_NBR, SHORT_DESCR_PLAIN, LONG_DESCR_PLAIN, EFF_DT, EXPIR_DT, LONG_NAME, SHORT_NAME, ORG_STATE, ORG_TYPE) values ('82', 'TESTUSER', {ts '2009-01-22 00:00:00.0'}, 'TESTUSER', {ts '2009-01-22 00:00:00.0'}, 1, '', '', {ts '2000-01-01 00:00:00.0'}, {ts '2050-01-01 00:00:00.0'}, 'Community Involvement', 'Community', 'Active', 'kuali.org.type.office')
/
insert into KSEN_ORG(ID, CREATEID, CREATETIME, UPDATEID, UPDATETIME, VER_NBR, SHORT_DESCR_PLAIN, LONG_DESCR_PLAIN, EFF_DT, EXPIR_DT, LONG_NAME, SHORT_NAME, ORG_STATE, ORG_TYPE) values ('83', 'TESTUSER', {ts '2009-01-22 00:00:00.0'}, 'TESTUSER', {ts '2009-01-22 00:00:00.0'}, 1, '', '', {ts '2000-01-01 00:00:00.0'}, {ts '2050-01-01 00:00:00.0'}, 'Recreation', 'Recreation', 'Active', 'kuali.org.type.office')
/
insert into KSEN_ORG(ID, CREATEID, CREATETIME, UPDATEID, UPDATETIME, VER_NBR, SHORT_DESCR_PLAIN, LONG_DESCR_PLAIN, EFF_DT, EXPIR_DT, LONG_NAME, SHORT_NAME, ORG_STATE, ORG_TYPE) values ('84', 'TESTUSER', {ts '2009-01-22 00:00:00.0'}, 'TESTUSER', {ts '2009-01-22 00:00:00.0'}, 1, '', '', {ts '2000-01-01 00:00:00.0'}, {ts '2050-01-01 00:00:00.0'}, 'Health', 'Health', 'Active', 'kuali.org.type.office')
/
insert into KSEN_ORG(ID, CREATEID, CREATETIME, UPDATEID, UPDATETIME, VER_NBR, SHORT_DESCR_PLAIN, LONG_DESCR_PLAIN, EFF_DT, EXPIR_DT, LONG_NAME, SHORT_NAME, ORG_STATE, ORG_TYPE) values ('85', 'TESTUSER', {ts '2009-01-22 00:00:00.0'}, 'TESTUSER', {ts '2009-01-22 00:00:00.0'}, 1, '', '', {ts '2000-01-01 00:00:00.0'}, {ts '2050-01-01 00:00:00.0'}, 'Wellness', 'Wellness', 'Active', 'kuali.org.type.office')
/
insert into KSEN_ORG(ID, CREATEID, CREATETIME, UPDATEID, UPDATETIME, VER_NBR, SHORT_DESCR_PLAIN, LONG_DESCR_PLAIN, EFF_DT, EXPIR_DT, LONG_NAME, SHORT_NAME, ORG_STATE, ORG_TYPE) values ('86', 'TESTUSER', {ts '2009-01-22 00:00:00.0'}, 'TESTUSER', {ts '2009-01-22 00:00:00.0'}, 1, '', '', {ts '2000-01-01 00:00:00.0'}, {ts '2050-01-01 00:00:00.0'}, 'Spirituality', 'Spirituality', 'Active', 'kuali.org.type.office')
/
insert into KSEN_ORG(ID, CREATEID, CREATETIME, UPDATEID, UPDATETIME, VER_NBR, SHORT_DESCR_PLAIN, LONG_DESCR_PLAIN, EFF_DT, EXPIR_DT, LONG_NAME, SHORT_NAME, ORG_STATE, ORG_TYPE) values ('87', 'TESTUSER', {ts '2009-01-22 00:00:00.0'}, 'TESTUSER', {ts '2009-01-22 00:00:00.0'}, 1, '', '', {ts '2000-01-01 00:00:00.0'}, {ts '2050-01-01 00:00:00.0'}, 'Career and Social Development', 'Career', 'Active', 'kuali.org.type.office')
/
insert into KSEN_ORG(ID, CREATEID, CREATETIME, UPDATEID, UPDATETIME, VER_NBR, SHORT_DESCR_PLAIN, LONG_DESCR_PLAIN, EFF_DT, EXPIR_DT, LONG_NAME, SHORT_NAME, ORG_STATE, ORG_TYPE) values ('88', 'TESTUSER', {ts '2009-01-22 00:00:00.0'}, 'TESTUSER', {ts '2009-01-22 00:00:00.0'}, 1, '', '', {ts '2000-01-01 00:00:00.0'}, {ts '2050-01-01 00:00:00.0'}, 'Drug & Alcohol Awareness', 'DrugAlcohol', 'Active', 'kuali.org.type.program')
/
insert into KSEN_ORG(ID, CREATEID, CREATETIME, UPDATEID, UPDATETIME, VER_NBR, SHORT_DESCR_PLAIN, LONG_DESCR_PLAIN, EFF_DT, EXPIR_DT, LONG_NAME, SHORT_NAME, ORG_STATE, ORG_TYPE) values ('89', 'TESTUSER', {ts '2009-01-22 00:00:00.0'}, 'TESTUSER', {ts '2009-01-22 00:00:00.0'}, 1, '', '', {ts '2000-01-01 00:00:00.0'}, {ts '2050-01-01 00:00:00.0'}, 'Greek Affairs', 'GreekProgram', 'Active', 'kuali.org.type.program')
/
insert into KSEN_ORG(ID, CREATEID, CREATETIME, UPDATEID, UPDATETIME, VER_NBR, SHORT_DESCR_PLAIN, LONG_DESCR_PLAIN, EFF_DT, EXPIR_DT, LONG_NAME, SHORT_NAME, ORG_STATE, ORG_TYPE) values ('90', 'TESTUSER', {ts '2009-01-22 00:00:00.0'}, 'TESTUSER', {ts '2009-01-22 00:00:00.0'}, 1, '', '', {ts '2000-01-01 00:00:00.0'}, {ts '2050-01-01 00:00:00.0'}, 'Multicultural and Diversity', 'DiversityProgram', 'Active', 'kuali.org.type.program')
/
insert into KSEN_ORG(ID, CREATEID, CREATETIME, UPDATEID, UPDATETIME, VER_NBR, SHORT_DESCR_PLAIN, LONG_DESCR_PLAIN, EFF_DT, EXPIR_DT, LONG_NAME, SHORT_NAME, ORG_STATE, ORG_TYPE) values ('91', 'TESTUSER', {ts '2009-01-22 00:00:00.0'}, 'TESTUSER', {ts '2009-01-22 00:00:00.0'}, 1, '', '', {ts '2000-01-01 00:00:00.0'}, {ts '2050-01-01 00:00:00.0'}, 'New Student Life Programs', 'NewStudentLifeProgram', 'Active', 'kuali.org.type.program')
/
insert into KSEN_ORG(ID, CREATEID, CREATETIME, UPDATEID, UPDATETIME, VER_NBR, SHORT_DESCR_PLAIN, LONG_DESCR_PLAIN, EFF_DT, EXPIR_DT, LONG_NAME, SHORT_NAME, ORG_STATE, ORG_TYPE) values ('92', 'TESTUSER', {ts '2009-01-22 00:00:00.0'}, 'TESTUSER', {ts '2009-01-22 00:00:00.0'}, 1, '', '', {ts '2000-01-01 00:00:00.0'}, {ts '2050-01-01 00:00:00.0'}, 'Off-Campus Life', 'OffCampusLifeProgram', 'Active', 'kuali.org.type.program')
/
insert into KSEN_ORG(ID, CREATEID, CREATETIME, UPDATEID, UPDATETIME, VER_NBR, SHORT_DESCR_PLAIN, LONG_DESCR_PLAIN, EFF_DT, EXPIR_DT, LONG_NAME, SHORT_NAME, ORG_STATE, ORG_TYPE) values ('93', 'TESTUSER', {ts '2009-01-22 00:00:00.0'}, 'TESTUSER', {ts '2009-01-22 00:00:00.0'}, 1, '', '', {ts '2000-01-01 00:00:00.0'}, {ts '2050-01-01 00:00:00.0'}, 'Peer Counseling Services', 'PeerCounselingServices', 'Active', 'kuali.org.type.program')
/
insert into KSEN_ORG(ID, CREATEID, CREATETIME, UPDATEID, UPDATETIME, VER_NBR, SHORT_DESCR_PLAIN, LONG_DESCR_PLAIN, EFF_DT, EXPIR_DT, LONG_NAME, SHORT_NAME, ORG_STATE, ORG_TYPE) values ('94', 'TESTUSER', {ts '2009-01-22 00:00:00.0'}, 'TESTUSER', {ts '2009-01-22 00:00:00.0'}, 1, '', '', {ts '2000-01-01 00:00:00.0'}, {ts '2050-01-01 00:00:00.0'}, 'Student Conduct & Judicial Affairs', 'StudentConductJudicial', 'Active', 'kuali.org.type.program')
/
insert into KSEN_ORG(ID, CREATEID, CREATETIME, UPDATEID, UPDATETIME, VER_NBR, SHORT_DESCR_PLAIN, LONG_DESCR_PLAIN, EFF_DT, EXPIR_DT, LONG_NAME, SHORT_NAME, ORG_STATE, ORG_TYPE) values ('95', 'TESTUSER', {ts '2009-01-22 00:00:00.0'}, 'TESTUSER', {ts '2009-01-22 00:00:00.0'}, 1, '', '', {ts '2000-01-01 00:00:00.0'}, {ts '2050-01-01 00:00:00.0'}, 'Student Disability Services', 'StudentDisabilityServices', 'Active', 'kuali.org.type.program')
/
insert into KSEN_ORG(ID, CREATEID, CREATETIME, UPDATEID, UPDATETIME, VER_NBR, SHORT_DESCR_PLAIN, LONG_DESCR_PLAIN, EFF_DT, EXPIR_DT, LONG_NAME, SHORT_NAME, ORG_STATE, ORG_TYPE) values ('96', 'TESTUSER', {ts '2009-01-22 00:00:00.0'}, 'TESTUSER', {ts '2009-01-22 00:00:00.0'}, 1, '', '', {ts '2000-01-01 00:00:00.0'}, {ts '2050-01-01 00:00:00.0'}, 'Student Legal Services', 'StudentLegalServices', 'Active', 'kuali.org.type.program')
/
insert into KSEN_ORG(ID, CREATEID, CREATETIME, UPDATEID, UPDATETIME, VER_NBR, SHORT_DESCR_PLAIN, LONG_DESCR_PLAIN, EFF_DT, EXPIR_DT, LONG_NAME, SHORT_NAME, ORG_STATE, ORG_TYPE) values ('97', 'TESTUSER', {ts '2009-01-22 00:00:00.0'}, 'TESTUSER', {ts '2009-01-22 00:00:00.0'}, 1, '', '', {ts '2000-01-01 00:00:00.0'}, {ts '2050-01-01 00:00:00.0'}, 'Student Organizations', 'StudentOrganizations', 'Active', 'kuali.org.type.program')
/
insert into KSEN_ORG(ID, CREATEID, CREATETIME, UPDATEID, UPDATETIME, VER_NBR, SHORT_DESCR_PLAIN, LONG_DESCR_PLAIN, EFF_DT, EXPIR_DT, LONG_NAME, SHORT_NAME, ORG_STATE, ORG_TYPE) values ('98', 'TESTUSER', {ts '2009-01-22 00:00:00.0'}, 'TESTUSER', {ts '2009-01-22 00:00:00.0'}, 1, '', '', {ts '2000-01-01 00:00:00.0'}, {ts '2050-01-01 00:00:00.0'}, 'Admissions and Enrollment Planning', 'Admissions', 'Active', 'kuali.org.type.academic.department')
/
insert into KSEN_ORG(ID, CREATEID, CREATETIME, UPDATEID, UPDATETIME, VER_NBR, SHORT_DESCR_PLAIN, LONG_DESCR_PLAIN, EFF_DT, EXPIR_DT, LONG_NAME, SHORT_NAME, ORG_STATE, ORG_TYPE) values ('99', 'TESTUSER', {ts '2009-01-22 00:00:00.0'}, 'TESTUSER', {ts '2009-01-22 00:00:00.0'}, 1, '', '', {ts '2000-01-01 00:00:00.0'}, {ts '2050-01-01 00:00:00.0'}, 'Financial Aid Office (Scholarships and Student Aid)', 'FinancialAid', 'Active', 'kuali.org.type.academic.department')
/
insert into KSEN_ORG(ID, CREATEID, CREATETIME, UPDATEID, UPDATETIME, VER_NBR, SHORT_DESCR_PLAIN, LONG_DESCR_PLAIN, EFF_DT, EXPIR_DT, LONG_NAME, SHORT_NAME, ORG_STATE, ORG_TYPE) values ('100', 'TESTUSER', {ts '2009-01-22 00:00:00.0'}, 'TESTUSER', {ts '2009-01-22 00:00:00.0'}, 1, '', '', {ts '2000-01-01 00:00:00.0'}, {ts '2050-01-01 00:00:00.0'}, 'Undergraduate Admissions', 'Admissions', 'Active', 'kuali.org.type.academic.department')
/
insert into KSEN_ORG(ID, CREATEID, CREATETIME, UPDATEID, UPDATETIME, VER_NBR, SHORT_DESCR_PLAIN, LONG_DESCR_PLAIN, EFF_DT, EXPIR_DT, LONG_NAME, SHORT_NAME, ORG_STATE, ORG_TYPE) values ('102', 'TESTUSER', {ts '2009-01-22 00:00:00.0'}, 'TESTUSER', {ts '2009-01-22 00:00:00.0'}, 1, '', '', {ts '2000-01-01 00:00:00.0'}, {ts '2050-01-01 00:00:00.0'}, 'Records and Registration (Registrar''s Office)', 'Registrar', 'Active', 'kuali.org.type.academic.department')
/
insert into KSEN_ORG(ID, CREATEID, CREATETIME, UPDATEID, UPDATETIME, VER_NBR, SHORT_DESCR_PLAIN, LONG_DESCR_PLAIN, EFF_DT, EXPIR_DT, LONG_NAME, SHORT_NAME, ORG_STATE, ORG_TYPE) values ('103', 'TESTUSER', {ts '2009-01-22 00:00:00.0'}, 'TESTUSER', {ts '2009-01-22 00:00:00.0'}, 1, '', '', {ts '2000-01-01 00:00:00.0'}, {ts '2050-01-01 00:00:00.0'}, 'Curriculum Section of the Registrar''s Office', 'CurriculumSection', 'Active', 'kuali.org.type.section')
/
insert into KSEN_ORG(ID, CREATEID, CREATETIME, UPDATEID, UPDATETIME, VER_NBR, SHORT_DESCR_PLAIN, LONG_DESCR_PLAIN, EFF_DT, EXPIR_DT, LONG_NAME, SHORT_NAME, ORG_STATE, ORG_TYPE) values ('104', 'TESTUSER', {ts '2009-01-22 00:00:00.0'}, 'TESTUSER', {ts '2009-01-22 00:00:00.0'}, 1, '', '', {ts '2000-01-01 00:00:00.0'}, {ts '2050-01-01 00:00:00.0'}, 'Institutional Research', 'InstitutionalResearch', 'Active', 'kuali.org.type.office')
/
insert into KSEN_ORG(ID, CREATEID, CREATETIME, UPDATEID, UPDATETIME, VER_NBR, SHORT_DESCR_PLAIN, LONG_DESCR_PLAIN, EFF_DT, EXPIR_DT, LONG_NAME, SHORT_NAME, ORG_STATE, ORG_TYPE) values ('105', 'TESTUSER', {ts '2009-01-22 00:00:00.0'}, 'TESTUSER', {ts '2009-01-22 00:00:00.0'}, 1, '', '', {ts '2000-01-01 00:00:00.0'}, {ts '2050-01-01 00:00:00.0'}, 'Advising and Orientation Office', 'Advising', 'Active', 'kuali.org.type.academic.department')
/
insert into KSEN_ORG(ID, CREATEID, CREATETIME, UPDATEID, UPDATETIME, VER_NBR, SHORT_DESCR_PLAIN, LONG_DESCR_PLAIN, EFF_DT, EXPIR_DT, LONG_NAME, SHORT_NAME, ORG_STATE, ORG_TYPE) values ('106', 'TESTUSER', {ts '2009-01-22 00:00:00.0'}, 'TESTUSER', {ts '2009-01-22 00:00:00.0'}, 1, '', '', {ts '2000-01-01 00:00:00.0'}, {ts '2050-01-01 00:00:00.0'}, 'Career Services Department', 'CareerServices', 'Active', 'kuali.org.type.academic.department')
/
insert into KSEN_ORG(ID, CREATEID, CREATETIME, UPDATEID, UPDATETIME, VER_NBR, SHORT_DESCR_PLAIN, LONG_DESCR_PLAIN, EFF_DT, EXPIR_DT, LONG_NAME, SHORT_NAME, ORG_STATE, ORG_TYPE) values ('107', 'TESTUSER', {ts '2009-01-22 00:00:00.0'}, 'TESTUSER', {ts '2009-01-22 00:00:00.0'}, 1, '', '', {ts '2000-01-01 00:00:00.0'}, {ts '2050-01-01 00:00:00.0'}, 'Student Accounts', 'StudentAccounts', 'Active', 'kuali.org.type.academic.department')
/
insert into KSEN_ORG(ID, CREATEID, CREATETIME, UPDATEID, UPDATETIME, VER_NBR, SHORT_DESCR_PLAIN, LONG_DESCR_PLAIN, EFF_DT, EXPIR_DT, LONG_NAME, SHORT_NAME, ORG_STATE, ORG_TYPE) values ('108', 'TESTUSER', {ts '2009-01-22 00:00:00.0'}, 'TESTUSER', {ts '2009-01-22 00:00:00.0'}, 1, '', 'This committee coordinates the advising programs of the various colleges and advises the Vice President for Academic Affairs on issues of interest or concern to advisors.', {ts '2000-01-01 00:00:00.0'}, {ts '2050-01-01 00:00:00.0'}, 'Academic Advising Committee', 'AdvisingCommittee', 'Active', 'kuali.org.type.committee')
/
insert into KSEN_ORG(ID, CREATEID, CREATETIME, UPDATEID, UPDATETIME, VER_NBR, SHORT_DESCR_PLAIN, LONG_DESCR_PLAIN, EFF_DT, EXPIR_DT, LONG_NAME, SHORT_NAME, ORG_STATE, ORG_TYPE) values ('109', 'TESTUSER', {ts '2009-01-22 00:00:00.0'}, 'TESTUSER', {ts '2009-01-22 00:00:00.0'}, 1, '', 'This Committee considers policies and procedures related to academic standards, Admissions, and advising for both prospective and enrolled undergraduate students.  Jurisdiction includes Admissions Appeals.  ', {ts '2000-01-01 00:00:00.0'}, {ts '2050-01-01 00:00:00.0'}, 'Academic Standards and Admissions Committee', 'AdmissionsCommittee', 'Active', 'kuali.org.type.committee')
/
insert into KSEN_ORG(ID, CREATEID, CREATETIME, UPDATEID, UPDATETIME, VER_NBR, SHORT_DESCR_PLAIN, LONG_DESCR_PLAIN, EFF_DT, EXPIR_DT, LONG_NAME, SHORT_NAME, ORG_STATE, ORG_TYPE) values ('110', 'TESTUSER', {ts '2009-01-22 00:00:00.0'}, 'TESTUSER', {ts '2009-01-22 00:00:00.0'}, 1, '', 'Invites nominations for honorary degrees based on a candidate''s record of scholarship, research, and/or creative activity and recommends names directly to the Faculty Senate Executive Board for the awarding of honorary degrees.', {ts '2000-01-01 00:00:00.0'}, {ts '2050-01-01 00:00:00.0'}, 'Committee on Honorary Degrees ', 'HonoraryDegreesCommittee', 'Active', 'kuali.org.type.committee')
/
insert into KSEN_ORG(ID, CREATEID, CREATETIME, UPDATEID, UPDATETIME, VER_NBR, SHORT_DESCR_PLAIN, LONG_DESCR_PLAIN, EFF_DT, EXPIR_DT, LONG_NAME, SHORT_NAME, ORG_STATE, ORG_TYPE) values ('112', 'TESTUSER', {ts '2009-01-22 00:00:00.0'}, 'TESTUSER', {ts '2009-01-22 00:00:00.0'}, 1, '', 'The purpose of the Council is to enhance programmatic and institutional articulation between Kuali University and institutions and programs that are significant or potentially significant sources of transfer students.', {ts '2000-01-01 00:00:00.0'}, {ts '2050-01-01 00:00:00.0'}, 'Articulation Coordination Council', 'ArticulationCouncil', 'Active', 'kuali.org.type.committee')
/
insert into KSEN_ORG(ID, CREATEID, CREATETIME, UPDATEID, UPDATETIME, VER_NBR, SHORT_DESCR_PLAIN, LONG_DESCR_PLAIN, EFF_DT, EXPIR_DT, LONG_NAME, SHORT_NAME, ORG_STATE, ORG_TYPE) values ('115', 'TESTUSER', {ts '2009-01-22 00:00:00.0'}, 'TESTUSER', {ts '2009-01-22 00:00:00.0'}, 1, '', 'See Budget Cabinet', {ts '2000-01-01 00:00:00.0'}, {ts '2050-01-01 00:00:00.0'}, 'Presidents Advisory Committee on Budget Priorities and Planning', 'BudgetPrioritiesCommittee', 'Active', 'kuali.org.type.advisory.group')
/
insert into KSEN_ORG(ID, CREATEID, CREATETIME, UPDATEID, UPDATETIME, VER_NBR, SHORT_DESCR_PLAIN, LONG_DESCR_PLAIN, EFF_DT, EXPIR_DT, LONG_NAME, SHORT_NAME, ORG_STATE, ORG_TYPE) values ('121', 'TESTUSER', {ts '2009-01-22 00:00:00.0'}, 'TESTUSER', {ts '2009-01-22 00:00:00.0'}, 1, '', '', {ts '2000-01-01 00:00:00.0'}, {ts '2050-01-01 00:00:00.0'}, 'Faculty Senate Executive Board', 'SenateExcecutiveBoard', 'Active', 'kuali.org.type.committee')
/
insert into KSEN_ORG(ID, CREATEID, CREATETIME, UPDATEID, UPDATETIME, VER_NBR, SHORT_DESCR_PLAIN, LONG_DESCR_PLAIN, EFF_DT, EXPIR_DT, LONG_NAME, SHORT_NAME, ORG_STATE, ORG_TYPE) values ('124', 'TESTUSER', {ts '2009-01-22 00:00:00.0'}, 'TESTUSER', {ts '2009-01-22 00:00:00.0'}, 1, '', '', {ts '2000-01-01 00:00:00.0'}, {ts '2050-01-01 00:00:00.0'}, 'Offices of Research Assurances', 'ResearchAssurances', 'Active', 'kuali.org.type.office')
/
insert into KSEN_ORG(ID, CREATEID, CREATETIME, UPDATEID, UPDATETIME, VER_NBR, SHORT_DESCR_PLAIN, LONG_DESCR_PLAIN, EFF_DT, EXPIR_DT, LONG_NAME, SHORT_NAME, ORG_STATE, ORG_TYPE) values ('129', 'TESTUSER', {ts '2009-01-22 00:00:00.0'}, 'TESTUSER', {ts '2009-01-22 00:00:00.0'}, 1, '', '', {ts '2000-01-01 00:00:00.0'}, {ts '2050-01-01 00:00:00.0'}, 'Office of New Student Programs', 'NewStudentPrograms', 'Active', 'kuali.org.type.office')
/
insert into KSEN_ORG(ID, CREATEID, CREATETIME, UPDATEID, UPDATETIME, VER_NBR, SHORT_DESCR_PLAIN, LONG_DESCR_PLAIN, EFF_DT, EXPIR_DT, LONG_NAME, SHORT_NAME, ORG_STATE, ORG_TYPE) values ('136', 'TESTUSER', {ts '2009-01-22 00:00:00.0'}, 'TESTUSER', {ts '2009-01-22 00:00:00.0'}, 1, '', '', {ts '2000-01-01 00:00:00.0'}, {ts '2050-01-01 00:00:00.0'}, 'Faculty Development and Administrative Relations Council', 'FDARC', 'Active', 'kuali.org.type.committee')
/
insert into KSEN_ORG(ID, CREATEID, CREATETIME, UPDATEID, UPDATETIME, VER_NBR, SHORT_DESCR_PLAIN, LONG_DESCR_PLAIN, EFF_DT, EXPIR_DT, LONG_NAME, SHORT_NAME, ORG_STATE, ORG_TYPE) values ('137', 'TESTUSER', {ts '2009-01-22 00:00:00.0'}, 'TESTUSER', {ts '2009-01-22 00:00:00.0'}, 1, '', '', {ts '2000-01-01 00:00:00.0'}, {ts '2050-01-01 00:00:00.0'}, 'Resource Policies and Allocations Council', 'RPAC', 'Active', 'kuali.org.type.committee')
/
insert into KSEN_ORG(ID, CREATEID, CREATETIME, UPDATEID, UPDATETIME, VER_NBR, SHORT_DESCR_PLAIN, LONG_DESCR_PLAIN, EFF_DT, EXPIR_DT, LONG_NAME, SHORT_NAME, ORG_STATE, ORG_TYPE) values ('138', 'TESTUSER', {ts '2009-01-22 00:00:00.0'}, 'TESTUSER', {ts '2009-01-22 00:00:00.0'}, 1, '', 'The Judiciary and Appeals Committee (JAC) hears cases in which a serious violation of the Conduct Code may result in suspension or expulsion from the University.     JAC may also hear cases of minor nature.', {ts '2000-01-01 00:00:00.0'}, {ts '2050-01-01 00:00:00.0'}, 'Judiciary and Appeals Committee (JAC)', 'JAC', 'Active', 'kuali.org.type.committee')
/
insert into KSEN_ORG(ID, CREATEID, CREATETIME, UPDATEID, UPDATETIME, VER_NBR, SHORT_DESCR_PLAIN, LONG_DESCR_PLAIN, EFF_DT, EXPIR_DT, LONG_NAME, SHORT_NAME, ORG_STATE, ORG_TYPE) values ('139', 'TESTUSER', {ts '2009-01-22 00:00:00.0'}, 'TESTUSER', {ts '2009-01-22 00:00:00.0'}, 1, '', 'The JAC hears cases in boards of five persons each, at least two of whom are students.   The JAC makes its recommendation to the Dean of Students.', {ts '2000-01-01 00:00:00.0'}, {ts '2050-01-01 00:00:00.0'}, 'Judiciary Board assembled to hear a particular case', 'JAC-BoardFor ?', 'Active', 'kuali.org.type.committee')
/
insert into KSEN_ORG(ID, CREATEID, CREATETIME, UPDATEID, UPDATETIME, VER_NBR, SHORT_DESCR_PLAIN, LONG_DESCR_PLAIN, EFF_DT, EXPIR_DT, LONG_NAME, SHORT_NAME, ORG_STATE, ORG_TYPE) values ('142', 'TESTUSER', {ts '2009-01-22 00:00:00.0'}, 'TESTUSER', {ts '2009-01-22 00:00:00.0'}, 1, '', '', {ts '2000-01-01 00:00:00.0'}, {ts '2050-01-01 00:00:00.0'}, 'Departmental Representatives to the COC', 'Dept COC Reps', 'Active', 'kuali.org.type.work.group')
/
insert into KSEN_ORG(ID, CREATEID, CREATETIME, UPDATEID, UPDATETIME, VER_NBR, SHORT_DESCR_PLAIN, LONG_DESCR_PLAIN, EFF_DT, EXPIR_DT, LONG_NAME, SHORT_NAME, ORG_STATE, ORG_TYPE) values ('143', 'TESTUSER', {ts '2009-01-22 00:00:00.0'}, 'TESTUSER', {ts '2009-01-22 00:00:00.0'}, 1, '', '', {ts '2000-01-01 00:00:00.0'}, {ts '2050-01-01 00:00:00.0'}, 'College of Arts and Hum Curriculum Committee', 'Arts & Hum COC', 'Active', 'kuali.org.type.coc')
/
insert into KSEN_ORG(ID, CREATEID, CREATETIME, UPDATEID, UPDATETIME, VER_NBR, SHORT_DESCR_PLAIN, LONG_DESCR_PLAIN, EFF_DT, EXPIR_DT, LONG_NAME, SHORT_NAME, ORG_STATE, ORG_TYPE) values ('144', 'TESTUSER', {ts '2009-01-22 00:00:00.0'}, 'TESTUSER', {ts '2009-01-22 00:00:00.0'}, 1, '', '', {ts '2000-01-01 00:00:00.0'}, {ts '2050-01-01 00:00:00.0'}, 'College of Behavioral and Social Sciences Curriculum Committee', 'BSOS COC', 'Active', 'kuali.org.type.coc')
/
insert into KSEN_ORG(ID, CREATEID, CREATETIME, UPDATEID, UPDATETIME, VER_NBR, SHORT_DESCR_PLAIN, LONG_DESCR_PLAIN, EFF_DT, EXPIR_DT, LONG_NAME, SHORT_NAME, ORG_STATE, ORG_TYPE) values ('145', 'TESTUSER', {ts '2009-01-22 00:00:00.0'}, 'TESTUSER', {ts '2009-01-22 00:00:00.0'}, 1, '', '', {ts '2000-01-01 00:00:00.0'}, {ts '2050-01-01 00:00:00.0'}, 'College of Life and Chemical Sciences Curriculum Committee', 'Life & Chem Sciences COC', 'Active', 'kuali.org.type.coc')
/
insert into KSEN_ORG(ID, CREATEID, CREATETIME, UPDATEID, UPDATETIME, VER_NBR, SHORT_DESCR_PLAIN, LONG_DESCR_PLAIN, EFF_DT, EXPIR_DT, LONG_NAME, SHORT_NAME, ORG_STATE, ORG_TYPE) values ('146', 'TESTUSER', {ts '2009-01-22 00:00:00.0'}, 'TESTUSER', {ts '2009-01-22 00:00:00.0'}, 1, '', '', {ts '2000-01-01 00:00:00.0'}, {ts '2050-01-01 00:00:00.0'}, 'College of Engineering Curriculum Committee', 'Engineering COC', 'Active', 'kuali.org.type.coc')
/
insert into KSEN_ORG(ID, CREATEID, CREATETIME, UPDATEID, UPDATETIME, VER_NBR, SHORT_DESCR_PLAIN, LONG_DESCR_PLAIN, EFF_DT, EXPIR_DT, LONG_NAME, SHORT_NAME, ORG_STATE, ORG_TYPE) values ('147', 'TESTUSER', {ts '2009-01-22 00:00:00.0'}, 'TESTUSER', {ts '2009-01-22 00:00:00.0'}, 1, '', '', {ts '2000-01-01 00:00:00.0'}, {ts '2050-01-01 00:00:00.0'}, 'English Dept Curriculum Committee', 'English COC', 'Active', 'kuali.org.type.coc')
/
insert into KSEN_ORG(ID, CREATEID, CREATETIME, UPDATEID, UPDATETIME, VER_NBR, SHORT_DESCR_PLAIN, LONG_DESCR_PLAIN, EFF_DT, EXPIR_DT, LONG_NAME, SHORT_NAME, ORG_STATE, ORG_TYPE) values ('148', 'TESTUSER', {ts '2009-01-22 00:00:00.0'}, 'TESTUSER', {ts '2009-01-22 00:00:00.0'}, 1, '', '', {ts '2000-01-01 00:00:00.0'}, {ts '2050-01-01 00:00:00.0'}, 'Fine Arts Dept Curriculum Committee', 'FineArts COC', 'Active', 'kuali.org.type.coc')
/
insert into KSEN_ORG(ID, CREATEID, CREATETIME, UPDATEID, UPDATETIME, VER_NBR, SHORT_DESCR_PLAIN, LONG_DESCR_PLAIN, EFF_DT, EXPIR_DT, LONG_NAME, SHORT_NAME, ORG_STATE, ORG_TYPE) values ('149', 'TESTUSER', {ts '2009-01-22 00:00:00.0'}, 'TESTUSER', {ts '2009-01-22 00:00:00.0'}, 1, '', '', {ts '2000-01-01 00:00:00.0'}, {ts '2050-01-01 00:00:00.0'}, 'French Dept Curriculum Committee', 'French COC', 'Active', 'kuali.org.type.coc')
/
insert into KSEN_ORG(ID, CREATEID, CREATETIME, UPDATEID, UPDATETIME, VER_NBR, SHORT_DESCR_PLAIN, LONG_DESCR_PLAIN, EFF_DT, EXPIR_DT, LONG_NAME, SHORT_NAME, ORG_STATE, ORG_TYPE) values ('150', 'TESTUSER', {ts '2009-01-22 00:00:00.0'}, 'TESTUSER', {ts '2009-01-22 00:00:00.0'}, 1, '', '', {ts '2000-01-01 00:00:00.0'}, {ts '2050-01-01 00:00:00.0'}, 'Geography Dept Curriculum Committee', 'Geography COC', 'Active', 'kuali.org.type.coc')
/
insert into KSEN_ORG(ID, CREATEID, CREATETIME, UPDATEID, UPDATETIME, VER_NBR, SHORT_DESCR_PLAIN, LONG_DESCR_PLAIN, EFF_DT, EXPIR_DT, LONG_NAME, SHORT_NAME, ORG_STATE, ORG_TYPE) values ('151', 'TESTUSER', {ts '2009-01-22 00:00:00.0'}, 'TESTUSER', {ts '2009-01-22 00:00:00.0'}, 1, '', '', {ts '2000-01-01 00:00:00.0'}, {ts '2050-01-01 00:00:00.0'}, 'Linguistics Dept Curriculum Committee', 'Linguistics COC', 'Active', 'kuali.org.type.coc')
/
insert into KSEN_ORG(ID, CREATEID, CREATETIME, UPDATEID, UPDATETIME, VER_NBR, SHORT_DESCR_PLAIN, LONG_DESCR_PLAIN, EFF_DT, EXPIR_DT, LONG_NAME, SHORT_NAME, ORG_STATE, ORG_TYPE) values ('152', 'TESTUSER', {ts '2009-01-22 00:00:00.0'}, 'TESTUSER', {ts '2009-01-22 00:00:00.0'}, 1, '', '', {ts '2000-01-01 00:00:00.0'}, {ts '2050-01-01 00:00:00.0'}, 'Music Dept Curriculum Committee', 'Music COC', 'Active', 'kuali.org.type.coc')
/
insert into KSEN_ORG(ID, CREATEID, CREATETIME, UPDATEID, UPDATETIME, VER_NBR, SHORT_DESCR_PLAIN, LONG_DESCR_PLAIN, EFF_DT, EXPIR_DT, LONG_NAME, SHORT_NAME, ORG_STATE, ORG_TYPE) values ('153', 'TESTUSER', {ts '2009-01-22 00:00:00.0'}, 'TESTUSER', {ts '2009-01-22 00:00:00.0'}, 1, '', '', {ts '2000-01-01 00:00:00.0'}, {ts '2050-01-01 00:00:00.0'}, 'History Dept Curriculum Committee', 'History COC', 'Active', 'kuali.org.type.coc')
/
insert into KSEN_ORG(ID, CREATEID, CREATETIME, UPDATEID, UPDATETIME, VER_NBR, SHORT_DESCR_PLAIN, LONG_DESCR_PLAIN, EFF_DT, EXPIR_DT, LONG_NAME, SHORT_NAME, ORG_STATE, ORG_TYPE) values ('154', 'TESTUSER', {ts '2009-01-22 00:00:00.0'}, 'TESTUSER', {ts '2009-01-22 00:00:00.0'}, 1, '', '', {ts '2000-01-01 00:00:00.0'}, {ts '2050-01-01 00:00:00.0'}, 'Political Science Dept Curriculum Committee', 'PolySci COC', 'Active', 'kuali.org.type.coc')
/
insert into KSEN_ORG(ID, CREATEID, CREATETIME, UPDATEID, UPDATETIME, VER_NBR, SHORT_DESCR_PLAIN, LONG_DESCR_PLAIN, EFF_DT, EXPIR_DT, LONG_NAME, SHORT_NAME, ORG_STATE, ORG_TYPE) values ('155', 'TESTUSER', {ts '2009-01-22 00:00:00.0'}, 'TESTUSER', {ts '2009-01-22 00:00:00.0'}, 1, '', '', {ts '2000-01-01 00:00:00.0'}, {ts '2050-01-01 00:00:00.0'}, 'Psychology Dept Curriculum Committee', 'Psychology COC', 'Active', 'kuali.org.type.coc')
/
insert into KSEN_ORG(ID, CREATEID, CREATETIME, UPDATEID, UPDATETIME, VER_NBR, SHORT_DESCR_PLAIN, LONG_DESCR_PLAIN, EFF_DT, EXPIR_DT, LONG_NAME, SHORT_NAME, ORG_STATE, ORG_TYPE) values ('156', 'TESTUSER', {ts '2009-01-22 00:00:00.0'}, 'TESTUSER', {ts '2009-01-22 00:00:00.0'}, 1, '', '', {ts '2000-01-01 00:00:00.0'}, {ts '2050-01-01 00:00:00.0'}, 'Sociology Dept Curriculum Committee', 'Sociology COC', 'Active', 'kuali.org.type.coc')
/
insert into KSEN_ORG(ID, CREATEID, CREATETIME, UPDATEID, UPDATETIME, VER_NBR, SHORT_DESCR_PLAIN, LONG_DESCR_PLAIN, EFF_DT, EXPIR_DT, LONG_NAME, SHORT_NAME, ORG_STATE, ORG_TYPE) values ('157', 'TESTUSER', {ts '2009-01-22 00:00:00.0'}, 'TESTUSER', {ts '2009-01-22 00:00:00.0'}, 1, '', '', {ts '2000-01-01 00:00:00.0'}, {ts '2050-01-01 00:00:00.0'}, 'Interdisciplinary BSOS COC', 'InterdiscBSOS COC', 'Active', 'kuali.org.type.coc')
/
insert into KSEN_ORG(ID, CREATEID, CREATETIME, UPDATEID, UPDATETIME, VER_NBR, SHORT_DESCR_PLAIN, LONG_DESCR_PLAIN, EFF_DT, EXPIR_DT, LONG_NAME, SHORT_NAME, ORG_STATE, ORG_TYPE) values ('158', 'TESTUSER', {ts '2009-01-22 00:00:00.0'}, 'TESTUSER', {ts '2009-01-22 00:00:00.0'}, 1, '', '', {ts '2000-01-01 00:00:00.0'}, {ts '2050-01-01 00:00:00.0'}, 'Chemical Engineering Dept Curriculum Committee', 'Chemical COC', 'Active', 'kuali.org.type.coc')
/
insert into KSEN_ORG(ID, CREATEID, CREATETIME, UPDATEID, UPDATETIME, VER_NBR, SHORT_DESCR_PLAIN, LONG_DESCR_PLAIN, EFF_DT, EXPIR_DT, LONG_NAME, SHORT_NAME, ORG_STATE, ORG_TYPE) values ('159', 'TESTUSER', {ts '2009-01-22 00:00:00.0'}, 'TESTUSER', {ts '2009-01-22 00:00:00.0'}, 1, '', '', {ts '2000-01-01 00:00:00.0'}, {ts '2050-01-01 00:00:00.0'}, 'Civil Engineering Dept Curriculum Committee', 'Civil COC', 'Active', 'kuali.org.type.coc')
/
insert into KSEN_ORG(ID, CREATEID, CREATETIME, UPDATEID, UPDATETIME, VER_NBR, SHORT_DESCR_PLAIN, LONG_DESCR_PLAIN, EFF_DT, EXPIR_DT, LONG_NAME, SHORT_NAME, ORG_STATE, ORG_TYPE) values ('160', 'TESTUSER', {ts '2009-01-22 00:00:00.0'}, 'TESTUSER', {ts '2009-01-22 00:00:00.0'}, 1, '', '', {ts '2000-01-01 00:00:00.0'}, {ts '2050-01-01 00:00:00.0'}, 'Mechanical Engineering Dept Curriculum Committee', 'Mechanical COC', 'Active', 'kuali.org.type.coc')
/
insert into KSEN_ORG(ID, CREATEID, CREATETIME, UPDATEID, UPDATETIME, VER_NBR, SHORT_DESCR_PLAIN, LONG_DESCR_PLAIN, EFF_DT, EXPIR_DT, LONG_NAME, SHORT_NAME, ORG_STATE, ORG_TYPE) values ('161', 'TESTUSER', {ts '2009-01-22 00:00:00.0'}, 'TESTUSER', {ts '2009-01-22 00:00:00.0'}, 1, '', '', {ts '2000-01-01 00:00:00.0'}, {ts '2050-01-01 00:00:00.0'}, 'Computer Science Dept Curriculum Committee', 'CompSci COC', 'Active', 'kuali.org.type.coc')
/
insert into KSEN_ORG(ID, CREATEID, CREATETIME, UPDATEID, UPDATETIME, VER_NBR, SHORT_DESCR_PLAIN, LONG_DESCR_PLAIN, EFF_DT, EXPIR_DT, LONG_NAME, SHORT_NAME, ORG_STATE, ORG_TYPE) values ('162', 'TESTUSER', {ts '2009-01-22 00:00:00.0'}, 'TESTUSER', {ts '2009-01-22 00:00:00.0'}, 1, '', '', {ts '2000-01-01 00:00:00.0'}, {ts '2050-01-01 00:00:00.0'}, 'Biology Dept Curriculum Committee', 'Biology COC', 'Active', 'kuali.org.type.coc')
/
insert into KSEN_ORG(ID, CREATEID, CREATETIME, UPDATEID, UPDATETIME, VER_NBR, SHORT_DESCR_PLAIN, LONG_DESCR_PLAIN, EFF_DT, EXPIR_DT, LONG_NAME, SHORT_NAME, ORG_STATE, ORG_TYPE) values ('163', 'TESTUSER', {ts '2009-01-22 00:00:00.0'}, 'TESTUSER', {ts '2009-01-22 00:00:00.0'}, 1, '', '', {ts '2000-01-01 00:00:00.0'}, {ts '2050-01-01 00:00:00.0'}, 'Biochemistry Dept Curriculum Committee', 'Biochemistry COC', 'Active', 'kuali.org.type.coc')
/
insert into KSEN_ORG(ID, CREATEID, CREATETIME, UPDATEID, UPDATETIME, VER_NBR, SHORT_DESCR_PLAIN, LONG_DESCR_PLAIN, EFF_DT, EXPIR_DT, LONG_NAME, SHORT_NAME, ORG_STATE, ORG_TYPE) values ('164', 'TESTUSER', {ts '2009-01-22 00:00:00.0'}, 'TESTUSER', {ts '2009-01-22 00:00:00.0'}, 1, '', '', {ts '2000-01-01 00:00:00.0'}, {ts '2050-01-01 00:00:00.0'}, 'Botany Dept Curriculum Committee', 'Botany COC', 'Active', 'kuali.org.type.coc')
/
insert into KSEN_ORG(ID, CREATEID, CREATETIME, UPDATEID, UPDATETIME, VER_NBR, SHORT_DESCR_PLAIN, LONG_DESCR_PLAIN, EFF_DT, EXPIR_DT, LONG_NAME, SHORT_NAME, ORG_STATE, ORG_TYPE) values ('165', 'TESTUSER', {ts '2009-01-22 00:00:00.0'}, 'TESTUSER', {ts '2009-01-22 00:00:00.0'}, 1, '', '', {ts '2000-01-01 00:00:00.0'}, {ts '2050-01-01 00:00:00.0'}, 'Chemistry Dept Curriculum Committee', 'Chemistry COC', 'Active', 'kuali.org.type.coc')
/
insert into KSEN_ORG(ID, CREATEID, CREATETIME, UPDATEID, UPDATETIME, VER_NBR, SHORT_DESCR_PLAIN, LONG_DESCR_PLAIN, EFF_DT, EXPIR_DT, LONG_NAME, SHORT_NAME, ORG_STATE, ORG_TYPE) values ('166', 'TESTUSER', {ts '2009-01-22 00:00:00.0'}, 'TESTUSER', {ts '2009-01-22 00:00:00.0'}, 1, '', '', {ts '2000-01-01 00:00:00.0'}, {ts '2050-01-01 00:00:00.0'}, 'Geology Dept Curriculum Committee', 'Geology COC', 'Active', 'kuali.org.type.coc')
/
insert into KSEN_ORG(ID, CREATEID, CREATETIME, UPDATEID, UPDATETIME, VER_NBR, SHORT_DESCR_PLAIN, LONG_DESCR_PLAIN, EFF_DT, EXPIR_DT, LONG_NAME, SHORT_NAME, ORG_STATE, ORG_TYPE) values ('167', 'TESTUSER', {ts '2009-01-22 00:00:00.0'}, 'TESTUSER', {ts '2009-01-22 00:00:00.0'}, 1, '', '', {ts '2000-01-01 00:00:00.0'}, {ts '2050-01-01 00:00:00.0'}, 'Gender Studies Curriculum Committee', 'GenderStudies COC', 'Active', 'kuali.org.type.coc')
/
insert into KSEN_ORG(ID, CREATEID, CREATETIME, UPDATEID, UPDATETIME, VER_NBR, SHORT_DESCR_PLAIN, LONG_DESCR_PLAIN, EFF_DT, EXPIR_DT, LONG_NAME, SHORT_NAME, ORG_STATE, ORG_TYPE) values ('168', 'TESTUSER', {ts '2009-01-22 00:00:00.0'}, 'TESTUSER', {ts '2009-01-22 00:00:00.0'}, 1, 'Committee charted by Geology Dept. head to evaluate dept. curriculum', 'This committee was chartered by the Head of the Geology Department to review and possibly revamp the geology Department''s curriculum', {ts '2000-01-01 00:00:00.0'}, {ts '2050-01-01 00:00:00.0'}, 'Business School Curriculum Committee', 'Business School COC', 'Active', 'kuali.org.type.coc')
/
insert into KSEN_ORG(ID, CREATEID, CREATETIME, UPDATEID, UPDATETIME, VER_NBR, SHORT_DESCR_PLAIN, LONG_DESCR_PLAIN, EFF_DT, EXPIR_DT, LONG_NAME, SHORT_NAME, ORG_STATE, ORG_TYPE) values ('169', 'TESTUSER', {ts '2009-01-22 00:00:00.0'}, 'TESTUSER', {ts '2009-01-22 00:00:00.0'}, 1, 'Committee charted by Geology Dept. head to evaluate dept. curriculum', 'This committee was chartered by the Head of the Geology Department to review and possibly revamp the geology Department''s curriculum', {ts '2000-01-01 00:00:00.0'}, {ts '2050-01-01 00:00:00.0'}, 'Education School Curriculum Committee', 'Education School COC', 'Active', 'kuali.org.type.coc')
/
insert into KSEN_ORG(ID, CREATEID, CREATETIME, UPDATEID, UPDATETIME, VER_NBR, SHORT_DESCR_PLAIN, LONG_DESCR_PLAIN, EFF_DT, EXPIR_DT, LONG_NAME, SHORT_NAME, ORG_STATE, ORG_TYPE) values ('170', 'TESTUSER', {ts '2009-01-22 00:00:00.0'}, 'TESTUSER', {ts '2009-01-22 00:00:00.0'}, 1, 'Committee charted by Geology Dept. head to evaluate dept. curriculum', 'This committee was chartered by the Head of the Geology Department to review and possibly revamp the geology Department''s curriculum', {ts '2000-01-01 00:00:00.0'}, {ts '2050-01-01 00:00:00.0'}, 'Medical School Curriculum Committee', 'Medical School COC', 'Active', 'kuali.org.type.coc')
/
insert into KSEN_ORG(ID, CREATEID, CREATETIME, UPDATEID, UPDATETIME, VER_NBR, SHORT_DESCR_PLAIN, LONG_DESCR_PLAIN, EFF_DT, EXPIR_DT, LONG_NAME, SHORT_NAME, ORG_STATE, ORG_TYPE) values ('171', 'TESTUSER', {ts '2009-01-22 00:00:00.0'}, 'TESTUSER', {ts '2009-01-22 00:00:00.0'}, 1, 'Committee charted by Geology Dept. head to evaluate dept. curriculum', 'This committee was chartered by the Head of the Geology Department to review and possibly revamp the geology Department''s curriculum', {ts '2000-01-01 00:00:00.0'}, {ts '2050-01-01 00:00:00.0'}, 'Ad hoc Committee for Geology Curriculum Innovation', 'Geology CIC', 'Active', 'kuali.org.type.adhoc.committee')
/
insert into KSEN_ORG(ID, CREATEID, CREATETIME, UPDATEID, UPDATETIME, VER_NBR, SHORT_DESCR_PLAIN, LONG_DESCR_PLAIN, EFF_DT, EXPIR_DT, LONG_NAME, SHORT_NAME, ORG_STATE, ORG_TYPE) values ('111', 'TESTUSER', {ts '2009-01-22 00:00:00.0'}, 'TESTUSER', {ts '2009-01-22 00:00:00.0'}, 1, '', 'The purpose of the Council is to enhance programmatic and institutional articulation between Kuali University and institutions and programs that are significant or potentially significant sources of transfer students.', {ts '2000-01-01 00:00:00.0'}, {ts '2050-01-01 00:00:00.0'}, 'Administrative Support Programs Advisory Committee', 'ASPAC', 'Active', 'kuali.org.type.committee')
/
insert into KSEN_ORG(ID, CREATEID, CREATETIME, UPDATEID, UPDATETIME, VER_NBR, SHORT_DESCR_PLAIN, LONG_DESCR_PLAIN, EFF_DT, EXPIR_DT, LONG_NAME, SHORT_NAME, ORG_STATE, ORG_TYPE) values ('113', 'TESTUSER', {ts '2009-01-22 00:00:00.0'}, 'TESTUSER', {ts '2009-01-22 00:00:00.0'}, 1, '', 'Allocation of new revenues, final policy for faculty and professional staff compensation increases and, when necessary, assignment of budget reduction targets are made centrally by the universitys Budget Cabinet. The Budget Cabinet is strictly advisory t', {ts '2000-01-01 00:00:00.0'}, {ts '2050-01-01 00:00:00.0'}, 'University Budget Advisory Committee (BAC)', 'BAC', 'Active', 'kuali.org.type.committee')
/
insert into KSEN_ORG(ID, CREATEID, CREATETIME, UPDATEID, UPDATETIME, VER_NBR, SHORT_DESCR_PLAIN, LONG_DESCR_PLAIN, EFF_DT, EXPIR_DT, LONG_NAME, SHORT_NAME, ORG_STATE, ORG_TYPE) values ('114', 'TESTUSER', {ts '2009-01-22 00:00:00.0'}, 'TESTUSER', {ts '2009-01-22 00:00:00.0'}, 1, '', 'See Budget Cabinet', {ts '2000-01-01 00:00:00.0'}, {ts '2050-01-01 00:00:00.0'}, 'Budget Cabinet', 'BudgetCabinet', 'Active', 'kuali.org.type.advisory.group')
/
insert into KSEN_ORG(ID, CREATEID, CREATETIME, UPDATEID, UPDATETIME, VER_NBR, SHORT_DESCR_PLAIN, LONG_DESCR_PLAIN, EFF_DT, EXPIR_DT, LONG_NAME, SHORT_NAME, ORG_STATE, ORG_TYPE) values ('116', 'TESTUSER', {ts '2009-01-22 00:00:00.0'}, 'TESTUSER', {ts '2009-01-22 00:00:00.0'}, 1, '', 'Capital project information is submitted via a vice president to the Capital Projects Advisory Committee (CPAC) for review of all capital improvements greater than $250,000. The Committee is advisory to the President, and the President''s approval is requi', {ts '2000-01-01 00:00:00.0'}, {ts '2050-01-01 00:00:00.0'}, 'Business and Finance Advisory Committee', 'FinanceAdvisoryCommittee', 'Active', 'kuali.org.type.advisory.group')
/
insert into KSEN_ORG(ID, CREATEID, CREATETIME, UPDATEID, UPDATETIME, VER_NBR, SHORT_DESCR_PLAIN, LONG_DESCR_PLAIN, EFF_DT, EXPIR_DT, LONG_NAME, SHORT_NAME, ORG_STATE, ORG_TYPE) values ('117', 'TESTUSER', {ts '2009-01-22 00:00:00.0'}, 'TESTUSER', {ts '2009-01-22 00:00:00.0'}, 1, '', 'The Career Services Council reviews and sets policies as they relate to legal, ethical, and professional practice related to the recruitment, hiring, and selection of students and alumni in experiential learning and full-time employment. The Council facil', {ts '2000-01-01 00:00:00.0'}, {ts '2050-01-01 00:00:00.0'}, 'Capital Projects Advisory Committee (CPAC)', 'CPAC', 'Active', 'kuali.org.type.advisory.group')
/
insert into KSEN_ORG(ID, CREATEID, CREATETIME, UPDATEID, UPDATETIME, VER_NBR, SHORT_DESCR_PLAIN, LONG_DESCR_PLAIN, EFF_DT, EXPIR_DT, LONG_NAME, SHORT_NAME, ORG_STATE, ORG_TYPE) values ('118', 'TESTUSER', {ts '2009-01-22 00:00:00.0'}, 'TESTUSER', {ts '2009-01-22 00:00:00.0'}, 1, '', 'The Council of Deans has members from each college. It is the principal source in higher education of collective views on all matters relating to education and research. It aims to respond dynamically to the changes and trends in higher education.   The C', {ts '2000-01-01 00:00:00.0'}, {ts '2050-01-01 00:00:00.0'}, 'Career Services Council', 'CareerServicesCouncil', 'Active', 'kuali.org.type.committee')
/
insert into KSEN_ORG(ID, CREATEID, CREATETIME, UPDATEID, UPDATETIME, VER_NBR, SHORT_DESCR_PLAIN, LONG_DESCR_PLAIN, EFF_DT, EXPIR_DT, LONG_NAME, SHORT_NAME, ORG_STATE, ORG_TYPE) values ('119', 'TESTUSER', {ts '2009-01-22 00:00:00.0'}, 'TESTUSER', {ts '2009-01-22 00:00:00.0'}, 1, '', 'The Department Chairs Council [cabinet] shall discuss and establish positions on matters of University concern with particular implications for academic departments and programs of the University. The Council shall provide for communication between the De', {ts '2000-01-01 00:00:00.0'}, {ts '2050-01-01 00:00:00.0'}, 'Council of Deans', 'TheDeans', 'Active', 'kuali.org.type.committee')
/
insert into KSEN_ORG(ID, CREATEID, CREATETIME, UPDATEID, UPDATETIME, VER_NBR, SHORT_DESCR_PLAIN, LONG_DESCR_PLAIN, EFF_DT, EXPIR_DT, LONG_NAME, SHORT_NAME, ORG_STATE, ORG_TYPE) values ('122', 'TESTUSER', {ts '2009-01-22 00:00:00.0'}, 'TESTUSER', {ts '2009-01-22 00:00:00.0'}, 1, '', 'The Institutional Review Board (IRB) is a federally mandated committee responsible for review of all research involving human participants for compliance with the federal regulations.   The IRB is sponsored by the Offices of Research Assurances and the Vi', {ts '2000-01-01 00:00:00.0'}, {ts '2050-01-01 00:00:00.0'}, 'Information Technology Services Advisory Committee (ITSAC)', 'ITSAC', 'Active', 'kuali.org.type.committee')
/
insert into KSEN_ORG(ID, CREATEID, CREATETIME, UPDATEID, UPDATETIME, VER_NBR, SHORT_DESCR_PLAIN, LONG_DESCR_PLAIN, EFF_DT, EXPIR_DT, LONG_NAME, SHORT_NAME, ORG_STATE, ORG_TYPE) values ('125', 'TESTUSER', {ts '2009-01-22 00:00:00.0'}, 'TESTUSER', {ts '2009-01-22 00:00:00.0'}, 1, '', 'The mission of the Council on International Programs (CIP) is to promote, improve, and expand the internationalization/ globalization of the University.   The Councils goals are to further internationalization in the following areas:  Strengthen undergr', {ts '2000-01-01 00:00:00.0'}, {ts '2050-01-01 00:00:00.0'}, 'Investment Committee', 'InvestmentCommittee', 'Active', 'kuali.org.type.committee')
/
insert into KSEN_ORG(ID, CREATEID, CREATETIME, UPDATEID, UPDATETIME, VER_NBR, SHORT_DESCR_PLAIN, LONG_DESCR_PLAIN, EFF_DT, EXPIR_DT, LONG_NAME, SHORT_NAME, ORG_STATE, ORG_TYPE) values ('126', 'TESTUSER', {ts '2009-01-22 00:00:00.0'}, 'TESTUSER', {ts '2009-01-22 00:00:00.0'}, 1, '', 'Sponsored by both the Vice President for Student Affairs and the Provost, the Learning Community Advisory Committee exists to  Advise the Co-Directors of Learning Communities and the Associate Provost for Academic Programs and the Associate Vice Presiden', {ts '2000-01-01 00:00:00.0'}, {ts '2050-01-01 00:00:00.0'}, 'Council on International Programs', 'CIP', 'Active', 'kuali.org.type.committee')
/
insert into KSEN_ORG(ID, CREATEID, CREATETIME, UPDATEID, UPDATETIME, VER_NBR, SHORT_DESCR_PLAIN, LONG_DESCR_PLAIN, EFF_DT, EXPIR_DT, LONG_NAME, SHORT_NAME, ORG_STATE, ORG_TYPE) values ('127', 'TESTUSER', {ts '2009-01-22 00:00:00.0'}, 'TESTUSER', {ts '2009-01-22 00:00:00.0'}, 1, '', 'The University Orientation Committee, composed of University faculty and staff, is responsible for student orientation programs. The undergraduate colleges of the university, in cooperation with the Office of New Student Programs, have responsibility for ', {ts '2000-01-01 00:00:00.0'}, {ts '2050-01-01 00:00:00.0'}, 'Learning Community Advisory Committee', 'LCAC', 'Active', 'kuali.org.type.committee')
/
insert into KSEN_ORG(ID, CREATEID, CREATETIME, UPDATEID, UPDATETIME, VER_NBR, SHORT_DESCR_PLAIN, LONG_DESCR_PLAIN, EFF_DT, EXPIR_DT, LONG_NAME, SHORT_NAME, ORG_STATE, ORG_TYPE) values ('130', 'TESTUSER', {ts '2009-01-22 00:00:00.0'}, 'TESTUSER', {ts '2009-01-22 00:00:00.0'}, 1, '', 'The Special Student Fee and Tuition Committee (SSFTC) is a statutory committee of five students and five university employees that considers proposed student activity changes and makes recommendations to the President concerning special student fee change', {ts '2000-01-01 00:00:00.0'}, {ts '2050-01-01 00:00:00.0'}, 'Residency Review Committee', 'ResidencyCommittee', 'Active', 'kuali.org.type.committee')
/
insert into KSEN_ORG(ID, CREATEID, CREATETIME, UPDATEID, UPDATETIME, VER_NBR, SHORT_DESCR_PLAIN, LONG_DESCR_PLAIN, EFF_DT, EXPIR_DT, LONG_NAME, SHORT_NAME, ORG_STATE, ORG_TYPE) values ('131', 'TESTUSER', {ts '2009-01-22 00:00:00.0'}, 'TESTUSER', {ts '2009-01-22 00:00:00.0'}, 1, '', 'The University Student Government Association is the foremost student organization at Kuali University. Along with providing comprehensive representation of the views and opinions of the student body, the SGA attempts to coordinate the efforts of the mult', {ts '2000-01-01 00:00:00.0'}, {ts '2050-01-01 00:00:00.0'}, 'Special Student Fee and Tuition Committee', 'SSFTC', 'Active', 'kuali.org.type.committee')
/
insert into KSEN_ORG(ID, CREATEID, CREATETIME, UPDATEID, UPDATETIME, VER_NBR, SHORT_DESCR_PLAIN, LONG_DESCR_PLAIN, EFF_DT, EXPIR_DT, LONG_NAME, SHORT_NAME, ORG_STATE, ORG_TYPE) values ('132', 'TESTUSER', {ts '2009-01-22 00:00:00.0'}, 'TESTUSER', {ts '2009-01-22 00:00:00.0'}, 1, '', 'The Graduate and Professional Student Association represents the graduate and professional students'' perspective on campus issues and serves as a liaison between graduate/professional students and the university administration. Each department is permitte', {ts '2000-01-01 00:00:00.0'}, {ts '2050-01-01 00:00:00.0'}, 'Student Government Association ', 'SGA', 'Active', 'kuali.org.type.committee')
/
insert into KSEN_ORG(ID, CREATEID, CREATETIME, UPDATEID, UPDATETIME, VER_NBR, SHORT_DESCR_PLAIN, LONG_DESCR_PLAIN, EFF_DT, EXPIR_DT, LONG_NAME, SHORT_NAME, ORG_STATE, ORG_TYPE) values ('133', 'TESTUSER', {ts '2009-01-22 00:00:00.0'}, 'TESTUSER', {ts '2009-01-22 00:00:00.0'}, 1, '', 'The Senate has legislative responsibility for general academic and educational policy. It also serves to facilitate communication among faculty, students, and administration. Finally, it cooperates with the administration in conflict resolution. The Senat', {ts '2000-01-01 00:00:00.0'}, {ts '2050-01-01 00:00:00.0'}, 'The Graduate and Professional Student Association', 'GPSA', 'Active', 'kuali.org.type.committee')
/
insert into KSEN_ORG(ID, CREATEID, CREATETIME, UPDATEID, UPDATETIME, VER_NBR, SHORT_DESCR_PLAIN, LONG_DESCR_PLAIN, EFF_DT, EXPIR_DT, LONG_NAME, SHORT_NAME, ORG_STATE, ORG_TYPE) values ('134', 'TESTUSER', {ts '2009-01-22 00:00:00.0'}, 'TESTUSER', {ts '2009-01-22 00:00:00.0'}, 1, '', 'The Academic Affairs Council coordinates the creation and consideration of policy in the area of academic affairs, including but not limited to instructional policies, honors programs, and the academic calendar.    They also coordinate the policy proposal', {ts '2000-01-01 00:00:00.0'}, {ts '2050-01-01 00:00:00.0'}, 'University Senate', 'Senate', 'Active', 'kuali.org.type.senate')
/
insert into KSEN_ORG(ID, CREATEID, CREATETIME, UPDATEID, UPDATETIME, VER_NBR, SHORT_DESCR_PLAIN, LONG_DESCR_PLAIN, EFF_DT, EXPIR_DT, LONG_NAME, SHORT_NAME, ORG_STATE, ORG_TYPE) values ('140', 'TESTUSER', {ts '2009-01-22 00:00:00.0'}, 'TESTUSER', {ts '2009-01-22 00:00:00.0'}, 1, '', 'Recommends and develops policies and procedures for university-wide curricular standards, reviews catalog offerings and degree requirements, and initiates discussions on future curricular matters. The committee reviews college proposals and makes recommen', {ts '2000-01-01 00:00:00.0'}, {ts '2050-01-01 00:00:00.0'}, 'Faculty Governance Council', 'FacultyGovernance', 'Active', 'kuali.org.type.committee')
/
insert into KSEN_ORG(ID, CREATEID, CREATETIME, UPDATEID, UPDATETIME, VER_NBR, SHORT_DESCR_PLAIN, LONG_DESCR_PLAIN, EFF_DT, EXPIR_DT, LONG_NAME, SHORT_NAME, ORG_STATE, ORG_TYPE) values ('2', 'TESTUSER', {ts '2009-01-22 00:00:00.0'}, 'TESTUSER', {ts '2009-01-22 00:00:00.0'}, 1, '', 'A (put a number here) member Board of Regents, including one full-time student governs the Kuali University System.   The Regents oversee the system''s academic, administrative, and financial operations; formulate policy; and appoint the Kuali Chancellor ', {ts '2000-01-01 00:00:00.0'}, {ts '2050-01-01 00:00:00.0'}, 'Board of Regents', 'BORG', 'Active', 'kuali.org.type.board')
/
insert into KSEN_ORG(ID, CREATEID, CREATETIME, UPDATEID, UPDATETIME, VER_NBR, SHORT_DESCR_PLAIN, LONG_DESCR_PLAIN, EFF_DT, EXPIR_DT, LONG_NAME, SHORT_NAME, ORG_STATE, ORG_TYPE) values ('101', 'TESTUSER', {ts '2009-01-22 00:00:00.0'}, 'TESTUSER', {ts '2009-01-22 00:00:00.0'}, 1, '', 'The charge of the Enrollment Management Council is to give special attention to three areas:  Increasing the effectiveness of recruitment, marketing and financial aid programs directed at new freshmen.   Improving success in recruiting transfer students', {ts '2000-01-01 00:00:00.0'}, {ts '2050-01-01 00:00:00.0'}, 'Enrollment Management Council', 'EMC', 'Active', 'kuali.org.type.committee')
/
insert into KSEN_ORG(ID, CREATEID, CREATETIME, UPDATEID, UPDATETIME, VER_NBR, SHORT_DESCR_PLAIN, LONG_DESCR_PLAIN, EFF_DT, EXPIR_DT, LONG_NAME, SHORT_NAME, ORG_STATE, ORG_TYPE) values ('120', 'TESTUSER', {ts '2009-01-22 00:00:00.0'}, 'TESTUSER', {ts '2009-01-22 00:00:00.0'}, 1, '', 'The Department Chairs Council [cabinet] shall discuss and establish positions on matters of University concern with particular implications for academic departments and programs of the University. The Council shall provide for communication between the De', {ts '2000-01-01 00:00:00.0'}, {ts '2050-01-01 00:00:00.0'}, 'Department Chairs Cabinet', 'TheDeptChairs', 'Active', 'kuali.org.type.committee')
/
insert into KSEN_ORG(ID, CREATEID, CREATETIME, UPDATEID, UPDATETIME, VER_NBR, SHORT_DESCR_PLAIN, LONG_DESCR_PLAIN, EFF_DT, EXPIR_DT, LONG_NAME, SHORT_NAME, ORG_STATE, ORG_TYPE) values ('123', 'TESTUSER', {ts '2009-01-22 00:00:00.0'}, 'TESTUSER', {ts '2009-01-22 00:00:00.0'}, 1, '', 'The Institutional Review Board (IRB) is a federally mandated committee responsible for review of all research involving human participants for compliance with the federal regulations.   The IRB is sponsored by the Offices of Research Assurances and the Vi', {ts '2000-01-01 00:00:00.0'}, {ts '2050-01-01 00:00:00.0'}, 'Institutional Review Board (IRB)', 'IRB', 'Active', 'kuali.org.type.committee')
/
insert into KSEN_ORG(ID, CREATEID, CREATETIME, UPDATEID, UPDATETIME, VER_NBR, SHORT_DESCR_PLAIN, LONG_DESCR_PLAIN, EFF_DT, EXPIR_DT, LONG_NAME, SHORT_NAME, ORG_STATE, ORG_TYPE) values ('128', 'TESTUSER', {ts '2009-01-22 00:00:00.0'}, 'TESTUSER', {ts '2009-01-22 00:00:00.0'}, 1, '', 'The University Orientation Committee, composed of University faculty and staff, is responsible for student orientation programs. The undergraduate colleges of the university, in cooperation with the Office of New Student Programs, have responsibility for ', {ts '2000-01-01 00:00:00.0'}, {ts '2050-01-01 00:00:00.0'}, 'University Orientation Committee', 'OrientationCommittee', 'Active', 'kuali.org.type.committee')
/
insert into KSEN_ORG(ID, CREATEID, CREATETIME, UPDATEID, UPDATETIME, VER_NBR, SHORT_DESCR_PLAIN, LONG_DESCR_PLAIN, EFF_DT, EXPIR_DT, LONG_NAME, SHORT_NAME, ORG_STATE, ORG_TYPE) values ('135', 'TESTUSER', {ts '2009-01-22 00:00:00.0'}, 'TESTUSER', {ts '2009-01-22 00:00:00.0'}, 1, '', 'The Academic Affairs Council coordinates the creation and consideration of policy in the area of academic affairs, including but not limited to instructional policies, honors programs, and the academic calendar.    They also coordinate the policy proposal', {ts '2000-01-01 00:00:00.0'}, {ts '2050-01-01 00:00:00.0'}, 'Academic Affairs Council', 'AAC', 'Active', 'kuali.org.type.committee')
/
insert into KSEN_ORG(ID, CREATEID, CREATETIME, UPDATEID, UPDATETIME, VER_NBR, SHORT_DESCR_PLAIN, LONG_DESCR_PLAIN, EFF_DT, EXPIR_DT, LONG_NAME, SHORT_NAME, ORG_STATE, ORG_TYPE) values ('141', 'TESTUSER', {ts '2009-01-22 00:00:00.0'}, 'TESTUSER', {ts '2009-01-22 00:00:00.0'}, 1, '', 'Recommends and develops policies and procedures for university-wide curricular standards, reviews catalog offerings and degree requirements, and initiates discussions on future curricular matters. The committee reviews college proposals and makes recommen', {ts '2000-01-01 00:00:00.0'}, {ts '2050-01-01 00:00:00.0'}, 'Senate Subcommittee on Curricula', 'COC', 'Active', 'kuali.org.type.coc')
/

//ORG HIERARCHY

insert into KSEN_ORG_HIRCHY (ID, DESCR_PLAIN, EFF_DT, EXPIR_DT, NAME, ROOT_ORG_ID, ORG_HIRCHY_TYPE, ORG_HIRCHY_STATE, VER_NBR, CREATETIME, CREATEID) values ('kuali.org.hierarchy.Curriculum', 'Hierarchy used to Manage Curriculum', {ts '2000-01-01 00:00:00.0'}, {ts '2000-12-31 00:00:00.0'}, 'Curriculum', '141', 'kuali.org.hierarchy.Curriculum', 'Active', 1, {ts '2009-01-22 00:00:00.0'}, 'TESTUSER')
/
insert into KSEN_ORG_HIRCHY (ID, DESCR_PLAIN, EFF_DT, EXPIR_DT, NAME, ROOT_ORG_ID, ORG_HIRCHY_TYPE, ORG_HIRCHY_STATE, VER_NBR, CREATETIME, CREATEID) values ('kuali.org.hierarchy.Main', 'Main Organizational Hierarchy', {ts '2000-01-01 00:00:00.0'}, {ts '2000-12-31 00:00:00.0'}, 'Main', '4', 'kuali.org.hierarchy.Main', 'Active', 1, {ts '2009-01-22 00:00:00.0'}, 'TESTUSER')
/


//ORG ORG RELATION TYPE
insert into KSEN_TYPE (TYPE_KEY, DESCR_PLAIN, DESCR_FORMATTED, EFF_DT, EXPIR_DT, REF_OBJECT_URI, SERVICE_URI, VER_NBR, CREATETIME, CREATEID, NAME) values ('kuali.org.Part', 'Indicates that one organization is simply a part of another larger organization', '', {ts '2000-01-01 00:00:00.0'}, {ts '2000-12-31 00:00:00.0'}, 'http://student.kuali.org/wsdl/organization/OrgOrgRelationInfo', 'http://student.kuali.org/wsdl/organization', 1, {ts '2000-12-31 00:00:00.0'}, 'USER_X', 'Part')
/
insert into KSEN_TYPE (TYPE_KEY, DESCR_PLAIN, DESCR_FORMATTED, EFF_DT, EXPIR_DT, REF_OBJECT_URI, SERVICE_URI, VER_NBR, CREATETIME, CREATEID, NAME) values ('kuali.org.orgOrgRelation.type.Section', 'Indicates that one organization is section of another larger organization', '', {ts '2000-01-01 00:00:00.0'}, {ts '2000-12-31 00:00:00.0'},'http://student.kuali.org/wsdl/organization/OrgOrgRelationInfo', 'http://student.kuali.org/wsdl/organization', 1, {ts '2000-12-31 00:00:00.0'}, 'USER_X', 'Section')
/
insert into KSEN_TYPE (TYPE_KEY, DESCR_PLAIN, DESCR_FORMATTED, EFF_DT, EXPIR_DT, REF_OBJECT_URI, SERVICE_URI, VER_NBR, CREATETIME, CREATEID, NAME) values ('kuali.org.Report', 'Describes where the head of one organization directly reports to the head of the higher level organization',  '',{ts '2000-01-01 00:00:00.0'}, {ts '2000-12-31 00:00:00.0'},'http://student.kuali.org/wsdl/organization/OrgOrgRelationInfo', 'http://student.kuali.org/wsdl/organization', 1, {ts '2000-12-31 00:00:00.0'}, 'USER_X', 'Report')
/
insert into KSEN_TYPE (TYPE_KEY, DESCR_PLAIN, DESCR_FORMATTED, EFF_DT, EXPIR_DT, REF_OBJECT_URI, SERVICE_URI, VER_NBR, CREATETIME, CREATEID, NAME) values ('kuali.org.Administer', 'Describes where one organization is administratively responsible for another organization that is not simply "part" of that organization and where the relationship cannot be said to be so strong that there is a "reporting" relationship', '', {ts '2000-01-01 00:00:00.0'}, {ts '2000-12-31 00:00:00.0'},'http://student.kuali.org/wsdl/organization/OrgOrgRelationInfo', 'http://student.kuali.org/wsdl/organization', 1, {ts '2000-12-31 00:00:00.0'}, 'USER_X', 'Administer')
/
insert into KSEN_TYPE (TYPE_KEY, DESCR_PLAIN, DESCR_FORMATTED, EFF_DT, EXPIR_DT, REF_OBJECT_URI, SERVICE_URI, VER_NBR, CREATETIME, CREATEID, NAME) values ('kuali.org.Chartered', 'Indicates that one organization exists because it is chartered or recognized or sponsored by another organization', '', {ts '2000-01-01 00:00:00.0'}, {ts '2000-12-31 00:00:00.0'},'http://student.kuali.org/wsdl/organization/OrgOrgRelationInfo', 'http://student.kuali.org/wsdl/organization', 1, {ts '2000-12-31 00:00:00.0'}, 'USER_X', 'Chartered')
/
insert into KSEN_TYPE (TYPE_KEY, DESCR_PLAIN, DESCR_FORMATTED, EFF_DT, EXPIR_DT, REF_OBJECT_URI, SERVICE_URI, VER_NBR, CREATETIME, CREATEID, NAME) values ('kuali.org.Functional', 'Functionally connected by not administratiavely Used for mapping matrix responsibilities', '', {ts '2000-01-01 00:00:00.0'}, {ts '2000-12-31 00:00:00.0'},'http://student.kuali.org/wsdl/organization/OrgOrgRelationInfo', 'http://student.kuali.org/wsdl/organization', 1, {ts '2000-12-31 00:00:00.0'}, 'USER_X', 'Functional')
/
insert into KSEN_TYPE (TYPE_KEY, DESCR_PLAIN, DESCR_FORMATTED, EFF_DT, EXPIR_DT, REF_OBJECT_URI, SERVICE_URI, VER_NBR, CREATETIME, CREATEID, NAME) values ('kuali.org.Collaborate', 'Peer Organizations Collaborating Together', '', {ts '2000-01-01 00:00:00.0'}, {ts '2000-12-31 00:00:00.0'},'http://student.kuali.org/wsdl/organization/OrgOrgRelationInfo', 'http://student.kuali.org/wsdl/organization', 1, {ts '2000-12-31 00:00:00.0'}, 'USER_X', 'Collaborate')
/
insert into KSEN_TYPE (TYPE_KEY, DESCR_PLAIN, DESCR_FORMATTED, EFF_DT, EXPIR_DT, REF_OBJECT_URI, SERVICE_URI, VER_NBR, CREATETIME, CREATEID, NAME) values ('kuali.org.Sponsor', 'Sponsors, creates or charters another group, typically a committee or sub-committee for a particular task.', '', {ts '2000-01-01 00:00:00.0'}, {ts '2000-12-31 00:00:00.0'},'http://student.kuali.org/wsdl/organization/OrgOrgRelationInfo', 'http://student.kuali.org/wsdl/organization', 1, {ts '2000-12-31 00:00:00.0'}, 'USER_X', 'Sponsor')
/
insert into KSEN_TYPE (TYPE_KEY, DESCR_PLAIN, DESCR_FORMATTED, EFF_DT, EXPIR_DT, REF_OBJECT_URI, SERVICE_URI, VER_NBR, CREATETIME, CREATEID, NAME) values ('kuali.org.HQ', 'The headquarters or administrative office for a larger division', '', {ts '2000-01-01 00:00:00.0'}, {ts '2000-12-31 00:00:00.0'},'http://student.kuali.org/wsdl/organization/OrgOrgRelationInfo', 'http://student.kuali.org/wsdl/organization', 1, {ts '2000-12-31 00:00:00.0'}, 'USER_X', 'HQ')
/
insert into KSEN_TYPE (TYPE_KEY, DESCR_PLAIN, DESCR_FORMATTED, EFF_DT, EXPIR_DT, REF_OBJECT_URI, SERVICE_URI, VER_NBR, CREATETIME, CREATEID, NAME) values ('kuali.org.orgOrgRelation.type.Board', 'Holds a Board of Trustee Relationship to the organization', '', {ts '2000-01-01 00:00:00.0'}, {ts '2000-12-31 00:00:00.0'},'http://student.kuali.org/wsdl/organization/OrgOrgRelationInfo', 'http://student.kuali.org/wsdl/organization', 1, {ts '2000-12-31 00:00:00.0'}, 'USER_X', 'Board')
/
insert into KSEN_TYPE (TYPE_KEY, DESCR_PLAIN, DESCR_FORMATTED, EFF_DT, EXPIR_DT, REF_OBJECT_URI, SERVICE_URI, VER_NBR, CREATETIME, CREATEID, NAME) values ('kuali.org.Advisory', 'Indicates that one organization provides advice to the leadership of another organization', '', {ts '2000-01-01 00:00:00.0'}, {ts '2000-12-31 00:00:00.0'},'http://student.kuali.org/wsdl/organization/OrgOrgRelationInfo', 'http://student.kuali.org/wsdl/organization', 1, {ts '2000-12-31 00:00:00.0'}, 'USER_X', 'Advisory')
/
insert into KSEN_TYPE (TYPE_KEY, DESCR_PLAIN, DESCR_FORMATTED, EFF_DT, EXPIR_DT, REF_OBJECT_URI, SERVICE_URI, VER_NBR, CREATETIME, CREATEID, NAME) values ('kuali.org.Subcommittee', 'Indicates this is a subcommittee of another committee or organization', '', {ts '2000-01-01 00:00:00.0'}, {ts '2000-12-31 00:00:00.0'},'http://student.kuali.org/wsdl/organization/OrgOrgRelationInfo', 'http://student.kuali.org/wsdl/organization', 1, {ts '2000-12-31 00:00:00.0'}, 'USER_X', 'Subcommittee')
/
insert into KSEN_TYPE (TYPE_KEY, DESCR_PLAIN, DESCR_FORMATTED, EFF_DT, EXPIR_DT, REF_OBJECT_URI, SERVICE_URI, VER_NBR, CREATETIME, CREATEID, NAME) values ('kuali.org.CurriculumChild', 'Indicates that one organization is the child of another organization in the curriculum Hierarchy', '', {ts '2000-01-01 00:00:00.0'}, {ts '2000-12-31 00:00:00.0'},'http://student.kuali.org/wsdl/organization/OrgOrgRelationInfo', 'http://student.kuali.org/wsdl/organization', 1, {ts '2000-12-31 00:00:00.0'}, 'USER_X', 'Curriculum Child')
/
//ORG PERSON RELATION TYPE
insert into KSEN_TYPE (TYPE_KEY, DESCR_PLAIN, EFF_DT, EXPIR_DT, REF_OBJECT_URI, SERVICE_URI, VER_NBR, CREATETIME, CREATEID, NAME) values ('kuali.org.person.relation.type.president', 'President', {ts '2000-01-01 00:00:00.0'}, {ts '2000-12-31 00:00:00.0'}, 'http://student.kuali.org/wsdl/organization/OrgPersonRelationInfo', 'http://student.kuali.org/wsdl/organization', 1, {ts '2000-12-31 00:00:00.0'}, 'USER_X', 'President')
/
insert into KSEN_TYPE (TYPE_KEY, DESCR_PLAIN, EFF_DT, EXPIR_DT, REF_OBJECT_URI, SERVICE_URI, VER_NBR, CREATETIME, CREATEID, NAME) values ('kuali.org.person.relation.type.evpp', 'Executive VP and Provost', {ts '2000-01-01 00:00:00.0'}, {ts '2000-12-31 00:00:00.0'}, 'http://student.kuali.org/wsdl/organization/OrgPersonRelationInfo', 'http://student.kuali.org/wsdl/organization', 1, {ts '2000-12-31 00:00:00.0'}, 'USER_X', 'Executive Vice President and Provost')
/
insert into KSEN_TYPE (TYPE_KEY, DESCR_PLAIN, EFF_DT, EXPIR_DT, REF_OBJECT_URI, SERVICE_URI, VER_NBR, CREATETIME, CREATEID, NAME) values ('kuali.org.person.relation.type.vice.chancellor', 'Vice Chancellor', {ts '2000-01-01 00:00:00.0'}, {ts '2000-12-31 00:00:00.0'}, 'http://student.kuali.org/wsdl/organization/OrgPersonRelationInfo', 'http://student.kuali.org/wsdl/organization', 1, {ts '2000-12-31 00:00:00.0'}, 'USER_X', 'Vice Chancellor')
/
insert into KSEN_TYPE (TYPE_KEY, DESCR_PLAIN, EFF_DT, EXPIR_DT, REF_OBJECT_URI, SERVICE_URI, VER_NBR, CREATETIME, CREATEID, NAME) values ('kuali.org.person.relation.type.vice.president', 'Vice President', {ts '2000-01-01 00:00:00.0'}, {ts '2000-12-31 00:00:00.0'}, 'http://student.kuali.org/wsdl/organization/OrgPersonRelationInfo', 'http://student.kuali.org/wsdl/organization', 1, {ts '2000-12-31 00:00:00.0'}, 'USER_X', 'Vice President')
/
insert into KSEN_TYPE (TYPE_KEY, DESCR_PLAIN, EFF_DT, EXPIR_DT, REF_OBJECT_URI, SERVICE_URI, VER_NBR, CREATETIME, CREATEID, NAME) values ('kuali.org.person.relation.type.assoc.dean', 'Associate Dean', {ts '2000-01-01 00:00:00.0'}, {ts '2000-12-31 00:00:00.0'}, 'http://student.kuali.org/wsdl/organization/OrgPersonRelationInfo', 'http://student.kuali.org/wsdl/organization', 1, {ts '2000-12-31 00:00:00.0'}, 'USER_X', 'Associate Dean')
/
insert into KSEN_TYPE (TYPE_KEY, DESCR_PLAIN, EFF_DT, EXPIR_DT, REF_OBJECT_URI, SERVICE_URI, VER_NBR, CREATETIME, CREATEID, NAME) values ('kuali.org.person.relation.type.assoc.provost', 'Associate Provost',{ts '2000-01-01 00:00:00.0'}, {ts '2000-12-31 00:00:00.0'}, 'http://student.kuali.org/wsdl/organization/OrgPersonRelationInfo', 'http://student.kuali.org/wsdl/organization', 1, {ts '2000-12-31 00:00:00.0'}, 'USER_X', 'Associate Provost')
/
insert into KSEN_TYPE (TYPE_KEY, DESCR_PLAIN, EFF_DT, EXPIR_DT, REF_OBJECT_URI, SERVICE_URI, VER_NBR, CREATETIME, CREATEID, NAME) values ('kuali.org.person.relation.type.chancellor', 'Chancellor', {ts '2000-01-01 00:00:00.0'}, {ts '2000-12-31 00:00:00.0'}, 'http://student.kuali.org/wsdl/organization/OrgPersonRelationInfo', 'http://student.kuali.org/wsdl/organization', 1, {ts '2000-12-31 00:00:00.0'}, 'USER_X', 'Chancellor')
/
insert into KSEN_TYPE (TYPE_KEY, DESCR_PLAIN, EFF_DT, EXPIR_DT, REF_OBJECT_URI, SERVICE_URI, VER_NBR, CREATETIME, CREATEID, NAME) values ('kuali.org.person.relation.type.dean', 'Dean', {ts '2000-01-01 00:00:00.0'}, {ts '2000-12-31 00:00:00.0'}, 'http://student.kuali.org/wsdl/organization/OrgPersonRelationInfo', 'http://student.kuali.org/wsdl/organization', 1, {ts '2000-12-31 00:00:00.0'}, 'USER_X', 'Dean')
/
insert into KSEN_TYPE (TYPE_KEY, DESCR_PLAIN, EFF_DT, EXPIR_DT, REF_OBJECT_URI, SERVICE_URI, VER_NBR, CREATETIME, CREATEID, NAME) values ('kuali.org.person.relation.type.executive.officer', 'Executive Officer', {ts '2000-01-01 00:00:00.0'}, {ts '2000-12-31 00:00:00.0'}, 'http://student.kuali.org/wsdl/organization/OrgPersonRelationInfo', 'http://student.kuali.org/wsdl/organization', 1, {ts '2000-12-31 00:00:00.0'}, 'USER_X', 'Executive Officer')
/
insert into KSEN_TYPE (TYPE_KEY, DESCR_PLAIN, EFF_DT, EXPIR_DT, REF_OBJECT_URI, SERVICE_URI, VER_NBR, CREATETIME, CREATEID, NAME) values ('kuali.org.person.relation.type.administrative.officer', 'Administrative Officer', {ts '2000-01-01 00:00:00.0'}, {ts '2000-12-31 00:00:00.0'}, 'http://student.kuali.org/wsdl/organization/OrgPersonRelationInfo', 'http://student.kuali.org/wsdl/organization', 1, {ts '2000-12-31 00:00:00.0'}, 'USER_X', 'Administrative Officer')
/
insert into KSEN_TYPE (TYPE_KEY, DESCR_PLAIN, EFF_DT, EXPIR_DT, REF_OBJECT_URI, SERVICE_URI, VER_NBR, CREATETIME, CREATEID, NAME) values ('kuali.org.person.relation.type.director', 'Director', {ts '2000-01-01 00:00:00.0'}, {ts '2000-12-31 00:00:00.0'}, 'http://student.kuali.org/wsdl/organization/OrgPersonRelationInfo', 'http://student.kuali.org/wsdl/organization', 1, {ts '2000-12-31 00:00:00.0'}, 'USER_X', 'Director')
/
insert into KSEN_TYPE (TYPE_KEY, DESCR_PLAIN, EFF_DT, EXPIR_DT, REF_OBJECT_URI, SERVICE_URI, VER_NBR, CREATETIME, CREATEID, NAME) values ('kuali.org.person.relation.type.head', 'Head', {ts '2000-01-01 00:00:00.0'}, {ts '2000-12-31 00:00:00.0'}, 'http://student.kuali.org/wsdl/organization/OrgPersonRelationInfo', 'http://student.kuali.org/wsdl/organization', 1, {ts '2000-12-31 00:00:00.0'}, 'USER_X', 'Head')
/
insert into KSEN_TYPE (TYPE_KEY, DESCR_PLAIN, EFF_DT, EXPIR_DT, REF_OBJECT_URI, SERVICE_URI, VER_NBR, CREATETIME, CREATEID, NAME) values ('kuali.org.person.relation.type.ex-officio', 'Ex-Officio Member', {ts '2000-01-01 00:00:00.0'}, {ts '2000-12-31 00:00:00.0'}, 'http://student.kuali.org/wsdl/organization/OrgPersonRelationInfo', 'http://student.kuali.org/wsdl/organization', 1, {ts '2000-12-31 00:00:00.0'}, 'USER_X', 'Ex-Officio Member')
/
insert into KSEN_TYPE (TYPE_KEY, DESCR_PLAIN, EFF_DT, EXPIR_DT, REF_OBJECT_URI, SERVICE_URI, VER_NBR, CREATETIME, CREATEID, NAME) values ('kuali.org.person.relation.type.admin.member', 'Administrative Member', {ts '2000-01-01 00:00:00.0'}, {ts '2000-12-31 00:00:00.0'}, 'http://student.kuali.org/wsdl/organization/OrgPersonRelationInfo', 'http://student.kuali.org/wsdl/organization', 1, {ts '2000-12-31 00:00:00.0'}, 'USER_X', 'Administrative Member')
/
insert into KSEN_TYPE (TYPE_KEY, DESCR_PLAIN, EFF_DT, EXPIR_DT, REF_OBJECT_URI, SERVICE_URI, VER_NBR, CREATETIME, CREATEID, NAME) values ('kuali.org.person.relation.type.admin.assistant', 'Administrative Assistant', {ts '2000-01-01 00:00:00.0'}, {ts '2000-12-31 00:00:00.0'}, 'http://student.kuali.org/wsdl/organization/OrgPersonRelationInfo', 'http://student.kuali.org/wsdl/organization', 1, {ts '2000-12-31 00:00:00.0'}, 'USER_X', 'Administrative Assistant')
/
insert into KSEN_TYPE (TYPE_KEY, DESCR_PLAIN, EFF_DT, EXPIR_DT, REF_OBJECT_URI, SERVICE_URI, VER_NBR, CREATETIME, CREATEID, NAME) values ('kuali.org.person.relation.type.member', 'Member', {ts '2000-01-01 00:00:00.0'}, {ts '2000-12-31 00:00:00.0'}, 'http://student.kuali.org/wsdl/organization/OrgPersonRelationInfo', 'http://student.kuali.org/wsdl/organization', 1, {ts '2000-12-31 00:00:00.0'}, 'USER_X', 'Member')
/
insert into KSEN_TYPE (TYPE_KEY, DESCR_PLAIN, EFF_DT, EXPIR_DT, REF_OBJECT_URI, SERVICE_URI, VER_NBR, CREATETIME, CREATEID, NAME) values ('kuali.org.person.relation.type.registrar', 'Registrar', {ts '2000-01-01 00:00:00.0'}, {ts '2000-12-31 00:00:00.0'}, 'http://student.kuali.org/wsdl/organization/OrgPersonRelationInfo', 'http://student.kuali.org/wsdl/organization', 1, {ts '2000-12-31 00:00:00.0'}, 'USER_X', 'Registrar')
/
insert into KSEN_TYPE (TYPE_KEY, DESCR_PLAIN, EFF_DT, EXPIR_DT, REF_OBJECT_URI, SERVICE_URI, VER_NBR, CREATETIME, CREATEID, NAME) values ('kuali.org.person.relation.type.assoc.registrar', 'Associate Registrar', {ts '2000-01-01 00:00:00.0'}, {ts '2000-12-31 00:00:00.0'}, 'http://student.kuali.org/wsdl/organization/OrgPersonRelationInfo', 'http://student.kuali.org/wsdl/organization', 1, {ts '2000-12-31 00:00:00.0'}, 'USER_X', 'Associate Registrar')
/
insert into KSEN_TYPE (TYPE_KEY, DESCR_PLAIN, EFF_DT, EXPIR_DT, REF_OBJECT_URI, SERVICE_URI, VER_NBR, CREATETIME, CREATEID, NAME) values ('kuali.org.person.relation.type.chair', 'Chair', {ts '2000-01-01 00:00:00.0'}, {ts '2000-12-31 00:00:00.0'}, 'http://student.kuali.org/wsdl/organization/OrgPersonRelationInfo', 'http://student.kuali.org/wsdl/organization', 1, {ts '2000-12-31 00:00:00.0'}, 'USER_X', 'Chair')
/
insert into KSEN_TYPE (TYPE_KEY, DESCR_PLAIN, EFF_DT, EXPIR_DT, REF_OBJECT_URI, SERVICE_URI, VER_NBR, CREATETIME, CREATEID, NAME) values ('kuali.org.person.relation.type.co-chair', 'Co-Chair', {ts '2000-01-01 00:00:00.0'}, {ts '2000-12-31 00:00:00.0'}, 'http://student.kuali.org/wsdl/organization/OrgPersonRelationInfo', 'http://student.kuali.org/wsdl/organization', 1, {ts '2000-12-31 00:00:00.0'}, 'USER_X', 'Co-Chair')
/
insert into KSEN_TYPE (TYPE_KEY, DESCR_PLAIN, EFF_DT, EXPIR_DT, REF_OBJECT_URI, SERVICE_URI, VER_NBR, CREATETIME, CREATEID, NAME) values ('kuali.org.person.relation.type.officer', 'Officer', {ts '2000-01-01 00:00:00.0'}, {ts '2000-12-31 00:00:00.0'}, 'http://student.kuali.org/wsdl/organization/OrgPersonRelationInfo', 'http://student.kuali.org/wsdl/organization', 1, {ts '2000-12-31 00:00:00.0'}, 'USER_X', 'Officer')
/
insert into KSEN_TYPE (TYPE_KEY, DESCR_PLAIN, EFF_DT, EXPIR_DT, REF_OBJECT_URI, SERVICE_URI, VER_NBR, CREATETIME, CREATEID, NAME) values ('kuali.org.person.relation.type.treasurer', 'Treasurer', {ts '2000-01-01 00:00:00.0'}, {ts '2000-12-31 00:00:00.0'}, 'http://student.kuali.org/wsdl/organization/OrgPersonRelationInfo', 'http://student.kuali.org/wsdl/organization', 1, {ts '2000-12-31 00:00:00.0'}, 'USER_X', 'Treasurer')
/
insert into KSEN_TYPE (TYPE_KEY, DESCR_PLAIN, EFF_DT, EXPIR_DT, REF_OBJECT_URI, SERVICE_URI, VER_NBR, CREATETIME, CREATEID, NAME) values ('kuali.org.person.relation.type.secretary', 'Secretary', {ts '2000-01-01 00:00:00.0'}, {ts '2000-12-31 00:00:00.0'}, 'http://student.kuali.org/wsdl/organization/OrgPersonRelationInfo', 'http://student.kuali.org/wsdl/organization', 1, {ts '2000-12-31 00:00:00.0'}, 'USER_X', 'Secretary')
/
insert into KSEN_TYPE (TYPE_KEY, DESCR_PLAIN, EFF_DT, EXPIR_DT, REF_OBJECT_URI, SERVICE_URI, VER_NBR, CREATETIME, CREATEID, NAME) values ('kuali.org.person.relation.type.coordinator', 'Coordinator', {ts '2000-01-01 00:00:00.0'}, {ts '2000-12-31 00:00:00.0'}, 'http://student.kuali.org/wsdl/organization/OrgPersonRelationInfo', 'http://student.kuali.org/wsdl/organization', 1, {ts '2000-12-31 00:00:00.0'}, 'USER_X', 'Coordinator')
/
insert into KSEN_TYPE (TYPE_KEY, DESCR_PLAIN, EFF_DT, EXPIR_DT, REF_OBJECT_URI, SERVICE_URI, VER_NBR, CREATETIME, CREATEID, NAME) values ('kuali.org.person.relation.type.rep', 'Representative of a constituency', {ts '2000-01-01 00:00:00.0'}, {ts '2000-12-31 00:00:00.0'}, 'http://student.kuali.org/wsdl/organization/OrgPersonRelationInfo', 'http://student.kuali.org/wsdl/organization', 1, {ts '2000-12-31 00:00:00.0'}, 'USER_X', 'Representative')
/
insert into KSEN_TYPE (TYPE_KEY, DESCR_PLAIN, EFF_DT, EXPIR_DT, REF_OBJECT_URI, SERVICE_URI, VER_NBR, CREATETIME, CREATEID, NAME) values ('kuali.org.person.relation.type.professor', 'Professor', {ts '2000-01-01 00:00:00.0'}, {ts '2000-12-31 00:00:00.0'}, 'http://student.kuali.org/wsdl/organization/OrgPersonRelationInfo', 'http://student.kuali.org/wsdl/organization', 1, {ts '2000-12-31 00:00:00.0'}, 'USER_X', 'Professor')
/

//ORG POSITION RESTRICTION
insert into KSEN_ORG_POS_RESTR (ID, CREATEID, CREATETIME, UPDATEID, UPDATETIME, VER_NBR, DESCR_PLAIN, MAX_NUM_REL, MIN_NUM_REL, STD_DUR_TYPE, STD_DUR_TIME_QTY, TITLE, ORG_ID, ORG_PERS_RELTN_TYPE) values ('1', 'TESTUSER', {ts '2000-01-01 00:00:00.0'}, 'TESTUSER', {ts '2000-01-01 00:00:00.0'}, 1, 'Appointed by the Governor.  With the exception of the student member, each Regent is appointed for a term of five years, and may not serve more than two consecutive terms. The student regent is appointed for a one-year term, and may be reappointed. Regent', 100, 1, '1', 1, 'Member of the Board of Regents', '2', 'kuali.org.person.relation.type.member')
/
insert into KSEN_ORG_POS_RESTR (ID, CREATEID, CREATETIME, UPDATEID, UPDATETIME, VER_NBR, DESCR_PLAIN, MAX_NUM_REL, MIN_NUM_REL, STD_DUR_TYPE, STD_DUR_TIME_QTY, TITLE, ORG_ID, ORG_PERS_RELTN_TYPE) values ('2', 'TESTUSER', {ts '2000-01-01 00:00:00.0'}, 'TESTUSER', {ts '2000-01-01 00:00:00.0'}, 1, '', 100, 1, '1', 1, 'Treasurer of the Board of Regents', '2', 'kuali.org.person.relation.type.treasurer')
/
insert into KSEN_ORG_POS_RESTR (ID, CREATEID, CREATETIME, UPDATEID, UPDATETIME, VER_NBR, DESCR_PLAIN, MAX_NUM_REL, MIN_NUM_REL, STD_DUR_TYPE, STD_DUR_TIME_QTY, TITLE, ORG_ID, ORG_PERS_RELTN_TYPE) values ('3', 'TESTUSER', {ts '2000-01-01 00:00:00.0'}, 'TESTUSER', {ts '2000-01-01 00:00:00.0'}, 1, 'Appointed by the Board of Regents.  The Chancellor is the administrative and executive head of Kuali University and exercises complete executive authority over the University, subject to the direction of the President.   The Chancellor is responsible for ', 100, 1, '1', 1, 'Chancellor', '3', 'kuali.org.person.relation.type.chancellor')
/
insert into KSEN_ORG_POS_RESTR (ID, CREATEID, CREATETIME, UPDATEID, UPDATETIME, VER_NBR, DESCR_PLAIN, MAX_NUM_REL, MIN_NUM_REL, STD_DUR_TYPE, STD_DUR_TIME_QTY, TITLE, ORG_ID, ORG_PERS_RELTN_TYPE) values ('4', 'TESTUSER', {ts '2000-01-01 00:00:00.0'}, 'TESTUSER', {ts '2000-01-01 00:00:00.0'}, 1, '', 100, 1, '1', 1, 'Chief Academic Officer and Executive Vice Chancellor', '3', 'kuali.org.person.relation.type.vice.chancellor')
/
insert into KSEN_ORG_POS_RESTR (ID, CREATEID, CREATETIME, UPDATEID, UPDATETIME, VER_NBR, DESCR_PLAIN, MAX_NUM_REL, MIN_NUM_REL, STD_DUR_TYPE, STD_DUR_TIME_QTY, TITLE, ORG_ID, ORG_PERS_RELTN_TYPE) values ('5', 'TESTUSER', {ts '2000-01-01 00:00:00.0'}, 'TESTUSER', {ts '2000-01-01 00:00:00.0'}, 1, 'As chief executive officer, the president reports directly the  Board of Regents and is ultimately responsible to that governing board for the supervision and administration of academic, business and fiscal operations, as well as all other matters pertain', 100, 1, '1', 1, 'President of Kuali University', '6', 'kuali.org.person.relation.type.president')
/
insert into KSEN_ORG_POS_RESTR (ID, CREATEID, CREATETIME, UPDATEID, UPDATETIME, VER_NBR, DESCR_PLAIN, MAX_NUM_REL, MIN_NUM_REL, STD_DUR_TYPE, STD_DUR_TIME_QTY, TITLE, ORG_ID, ORG_PERS_RELTN_TYPE) values ('6', 'TESTUSER', {ts '2000-01-01 00:00:00.0'}, 'TESTUSER', {ts '2000-01-01 00:00:00.0'}, 1, 'The role of the Foundation Vice President includes developing policies, procedures, guidelines and long-range plans for the operation of the Kuali University Foundation, overseeing the financial affairs and investments of the Foundation, and serving as ad', 100, 1, '1', 1, 'Foundation Vice President ', '11', 'kuali.org.person.relation.type.vice.president')
/
insert into KSEN_ORG_POS_RESTR (ID, CREATEID, CREATETIME, UPDATEID, UPDATETIME, VER_NBR, DESCR_PLAIN, MAX_NUM_REL, MIN_NUM_REL, STD_DUR_TYPE, STD_DUR_TIME_QTY, TITLE, ORG_ID, ORG_PERS_RELTN_TYPE) values ('7', 'TESTUSER', {ts '2000-01-01 00:00:00.0'}, 'TESTUSER', {ts '2000-01-01 00:00:00.0'}, 1, 'The Provost is responsible for the strategic leadership and operational delivery of the University''s academic objectives. This includes oversight of the University''s academic staff with the aim of recruiting and retaining staff of the highest distinction ', 100, 1, '1', 1, 'Provost and Executive Vice President for Academic Affairs', '15', 'kuali.org.person.relation.type.evpp')
/
insert into KSEN_ORG_POS_RESTR (ID, CREATEID, CREATETIME, UPDATEID, UPDATETIME, VER_NBR, DESCR_PLAIN, MAX_NUM_REL, MIN_NUM_REL, STD_DUR_TYPE, STD_DUR_TIME_QTY, TITLE, ORG_ID, ORG_PERS_RELTN_TYPE) values ('8', 'TESTUSER', {ts '2000-01-01 00:00:00.0'}, 'TESTUSER', {ts '2000-01-01 00:00:00.0'}, 1, 'The Vice President for Student Affairs oversees student services and programs for the entire campus community. Composed of 15 departments and over 1500 staff members, the Division of Student Affairs is involved in all aspects of a students life including', 100, 1, '1', 1, 'Vice President of the Student Affairs', '17', 'kuali.org.person.relation.type.vice.president')
/
insert into KSEN_ORG_POS_RESTR (ID, CREATEID, CREATETIME, UPDATEID, UPDATETIME, VER_NBR, DESCR_PLAIN, MAX_NUM_REL, MIN_NUM_REL, STD_DUR_TYPE, STD_DUR_TIME_QTY, TITLE, ORG_ID, ORG_PERS_RELTN_TYPE) values ('9', 'TESTUSER', {ts '2000-01-01 00:00:00.0'}, 'TESTUSER', {ts '2000-01-01 00:00:00.0'}, 1, '', 100, 1, '1', 1, 'VP for Business Administration and Finance', '16', 'kuali.org.person.relation.type.vice.president')
/
insert into KSEN_ORG_POS_RESTR (ID, CREATEID, CREATETIME, UPDATEID, UPDATETIME, VER_NBR, DESCR_PLAIN, MAX_NUM_REL, MIN_NUM_REL, STD_DUR_TYPE, STD_DUR_TIME_QTY, TITLE, ORG_ID, ORG_PERS_RELTN_TYPE) values ('10', 'TESTUSER', {ts '2000-01-01 00:00:00.0'}, 'TESTUSER', {ts '2000-01-01 00:00:00.0'}, 1, 'The dean is the chief academic, administrative, and budgetary officer of the Graduate School and reports directly to the Provost. The Dean of Graduate School at Kuali University oversees recruitment and retention of quality students and faculty.', 100, 1, '1', 1, 'Dean of the Graduate School', '26', 'kuali.org.person.relation.type.dean')
/
insert into KSEN_ORG_POS_RESTR (ID, CREATEID, CREATETIME, UPDATEID, UPDATETIME, VER_NBR, DESCR_PLAIN, MAX_NUM_REL, MIN_NUM_REL, STD_DUR_TYPE, STD_DUR_TIME_QTY, TITLE, ORG_ID, ORG_PERS_RELTN_TYPE) values ('11', 'TESTUSER', {ts '2000-01-01 00:00:00.0'}, 'TESTUSER', {ts '2000-01-01 00:00:00.0'}, 1, 'The Associate Provost for Academic Affairs and Dean of Undergraduate Studies at Kuali University serves as chief of staff to the provost and is responsible for substantial planning and personnel functions in the university. The associate provost oversees ', 100, 1, '1', 1, 'Associate Provost for Academic Affairs and Dean of Undergraduate Studies', '19', 'kuali.org.person.relation.type.assoc.provost')
/
insert into KSEN_ORG_POS_RESTR (ID, CREATEID, CREATETIME, UPDATEID, UPDATETIME, VER_NBR, DESCR_PLAIN, MAX_NUM_REL, MIN_NUM_REL, STD_DUR_TYPE, STD_DUR_TIME_QTY, TITLE, ORG_ID, ORG_PERS_RELTN_TYPE) values ('12', 'TESTUSER', {ts '2000-01-01 00:00:00.0'}, 'TESTUSER', {ts '2000-01-01 00:00:00.0'}, 1, 'The Associate Provost for Academic Affairs and Dean of Undergraduate Studies at Kuali University serves as chief of staff to the provost and is responsible for substantial planning and personnel functions in the university. The associate provost oversees ', 100, 1, '1', 1, 'Associate Provost for Academic Affairs and Dean of Undergraduate Studies', '24', 'kuali.org.person.relation.type.dean')
/
insert into KSEN_ORG_POS_RESTR (ID, CREATEID, CREATETIME, UPDATEID, UPDATETIME, VER_NBR, DESCR_PLAIN, MAX_NUM_REL, MIN_NUM_REL, STD_DUR_TYPE, STD_DUR_TIME_QTY, TITLE, ORG_ID, ORG_PERS_RELTN_TYPE) values ('17', 'TESTUSER', {ts '2000-01-01 00:00:00.0'}, 'TESTUSER', {ts '2000-01-01 00:00:00.0'}, 1, 'The Dean of Students Office is responsible for planning, coordinating and implementing a variety of programs and services which are designed to assist and support students in achieving academic and personal success. Areas of oversight include: Drug & Alco', 100, 1, '1', 1, 'Dean of Students', '19', 'kuali.org.person.relation.type.dean')
/
insert into KSEN_ORG_POS_RESTR (ID, CREATEID, CREATETIME, UPDATEID, UPDATETIME, VER_NBR, DESCR_PLAIN, MAX_NUM_REL, MIN_NUM_REL, STD_DUR_TYPE, STD_DUR_TIME_QTY, TITLE, ORG_ID, ORG_PERS_RELTN_TYPE) values ('18', 'TESTUSER', {ts '2000-01-01 00:00:00.0'}, 'TESTUSER', {ts '2000-01-01 00:00:00.0'}, 1, '', 100, 1, '1', 1, 'Vice Provost for Information Technology & CIO ', '23', 'kuali.org.person.relation.type.assoc.provost')
/
insert into KSEN_ORG_POS_RESTR (ID, CREATEID, CREATETIME, UPDATEID, UPDATETIME, VER_NBR, DESCR_PLAIN, MAX_NUM_REL, MIN_NUM_REL, STD_DUR_TYPE, STD_DUR_TIME_QTY, TITLE, ORG_ID, ORG_PERS_RELTN_TYPE) values ('19', 'TESTUSER', {ts '2000-01-01 00:00:00.0'}, 'TESTUSER', {ts '2000-01-01 00:00:00.0'}, 1, '', 100, 1, '1', 1, 'Dean of Arts and Humanities', '28', 'kuali.org.person.relation.type.dean')
/
insert into KSEN_ORG_POS_RESTR (ID, CREATEID, CREATETIME, UPDATEID, UPDATETIME, VER_NBR, DESCR_PLAIN, MAX_NUM_REL, MIN_NUM_REL, STD_DUR_TYPE, STD_DUR_TIME_QTY, TITLE, ORG_ID, ORG_PERS_RELTN_TYPE) values ('20', 'TESTUSER', {ts '2000-01-01 00:00:00.0'}, 'TESTUSER', {ts '2000-01-01 00:00:00.0'}, 1, '', 100, 1, '1', 1, 'Chair of the English Department', '50', 'kuali.org.person.relation.type.chair')
/
insert into KSEN_ORG_POS_RESTR (ID, CREATEID, CREATETIME, UPDATEID, UPDATETIME, VER_NBR, DESCR_PLAIN, MAX_NUM_REL, MIN_NUM_REL, STD_DUR_TYPE, STD_DUR_TIME_QTY, TITLE, ORG_ID, ORG_PERS_RELTN_TYPE) values ('21', 'TESTUSER', {ts '2000-01-01 00:00:00.0'}, 'TESTUSER', {ts '2000-01-01 00:00:00.0'}, 1, '', 100, 1, '1', 1, 'Chair of the Fine Arts Department', '51', 'kuali.org.person.relation.type.chair')
/
insert into KSEN_ORG_POS_RESTR (ID, CREATEID, CREATETIME, UPDATEID, UPDATETIME, VER_NBR, DESCR_PLAIN, MAX_NUM_REL, MIN_NUM_REL, STD_DUR_TYPE, STD_DUR_TIME_QTY, TITLE, ORG_ID, ORG_PERS_RELTN_TYPE) values ('22', 'TESTUSER', {ts '2000-01-01 00:00:00.0'}, 'TESTUSER', {ts '2000-01-01 00:00:00.0'}, 1, '', 100, 1, '1', 1, 'Chair of the French Department', '52', 'kuali.org.person.relation.type.chair')
/
insert into KSEN_ORG_POS_RESTR (ID, CREATEID, CREATETIME, UPDATEID, UPDATETIME, VER_NBR, DESCR_PLAIN, MAX_NUM_REL, MIN_NUM_REL, STD_DUR_TYPE, STD_DUR_TIME_QTY, TITLE, ORG_ID, ORG_PERS_RELTN_TYPE) values ('23', 'TESTUSER', {ts '2000-01-01 00:00:00.0'}, 'TESTUSER', {ts '2000-01-01 00:00:00.0'}, 1, '', 100, 1, '1', 1, 'Chair of the Geography Department', '53', 'kuali.org.person.relation.type.chair')
/
insert into KSEN_ORG_POS_RESTR (ID, CREATEID, CREATETIME, UPDATEID, UPDATETIME, VER_NBR, DESCR_PLAIN, MAX_NUM_REL, MIN_NUM_REL, STD_DUR_TYPE, STD_DUR_TIME_QTY, TITLE, ORG_ID, ORG_PERS_RELTN_TYPE) values ('24', 'TESTUSER', {ts '2000-01-01 00:00:00.0'}, 'TESTUSER', {ts '2000-01-01 00:00:00.0'}, 1, '', 100, 1, '1', 1, 'Chair of the Linguistics Department', '54', 'kuali.org.person.relation.type.chair')
/
insert into KSEN_ORG_POS_RESTR (ID, CREATEID, CREATETIME, UPDATEID, UPDATETIME, VER_NBR, DESCR_PLAIN, MAX_NUM_REL, MIN_NUM_REL, STD_DUR_TYPE, STD_DUR_TIME_QTY, TITLE, ORG_ID, ORG_PERS_RELTN_TYPE) values ('25', 'TESTUSER', {ts '2000-01-01 00:00:00.0'}, 'TESTUSER', {ts '2000-01-01 00:00:00.0'}, 1, '', 100, 1, '1', 1, 'Chair of the Music Department', '55', 'kuali.org.person.relation.type.chair')
/
insert into KSEN_ORG_POS_RESTR (ID, CREATEID, CREATETIME, UPDATEID, UPDATETIME, VER_NBR, DESCR_PLAIN, MAX_NUM_REL, MIN_NUM_REL, STD_DUR_TYPE, STD_DUR_TIME_QTY, TITLE, ORG_ID, ORG_PERS_RELTN_TYPE) values ('26', 'TESTUSER', {ts '2000-01-01 00:00:00.0'}, 'TESTUSER', {ts '2000-01-01 00:00:00.0'}, 1, '', 100, 1, '1', 1, 'Dean for Behavioral and Social Sciences', '29', 'kuali.org.person.relation.type.dean')
/
insert into KSEN_ORG_POS_RESTR (ID, CREATEID, CREATETIME, UPDATEID, UPDATETIME, VER_NBR, DESCR_PLAIN, MAX_NUM_REL, MIN_NUM_REL, STD_DUR_TYPE, STD_DUR_TIME_QTY, TITLE, ORG_ID, ORG_PERS_RELTN_TYPE) values ('27', 'TESTUSER', {ts '2000-01-01 00:00:00.0'}, 'TESTUSER', {ts '2000-01-01 00:00:00.0'}, 1, '', 100, 1, '1', 1, 'Chair of the History Dept', '56', 'kuali.org.person.relation.type.chair')
/
insert into KSEN_ORG_POS_RESTR (ID, CREATEID, CREATETIME, UPDATEID, UPDATETIME, VER_NBR, DESCR_PLAIN, MAX_NUM_REL, MIN_NUM_REL, STD_DUR_TYPE, STD_DUR_TIME_QTY, TITLE, ORG_ID, ORG_PERS_RELTN_TYPE) values ('28', 'TESTUSER', {ts '2000-01-01 00:00:00.0'}, 'TESTUSER', {ts '2000-01-01 00:00:00.0'}, 1, '', 100, 1, '1', 1, 'Chair of the Political Science Dept', '57', 'kuali.org.person.relation.type.chair')
/
insert into KSEN_ORG_POS_RESTR (ID, CREATEID, CREATETIME, UPDATEID, UPDATETIME, VER_NBR, DESCR_PLAIN, MAX_NUM_REL, MIN_NUM_REL, STD_DUR_TYPE, STD_DUR_TIME_QTY, TITLE, ORG_ID, ORG_PERS_RELTN_TYPE) values ('29', 'TESTUSER', {ts '2000-01-01 00:00:00.0'}, 'TESTUSER', {ts '2000-01-01 00:00:00.0'}, 1, '', 100, 1, '1', 1, 'Chair of the Psychology Dept', '58', 'kuali.org.person.relation.type.chair')
/
insert into KSEN_ORG_POS_RESTR (ID, CREATEID, CREATETIME, UPDATEID, UPDATETIME, VER_NBR, DESCR_PLAIN, MAX_NUM_REL, MIN_NUM_REL, STD_DUR_TYPE, STD_DUR_TIME_QTY, TITLE, ORG_ID, ORG_PERS_RELTN_TYPE) values ('30', 'TESTUSER', {ts '2000-01-01 00:00:00.0'}, 'TESTUSER', {ts '2000-01-01 00:00:00.0'}, 1, '', 100, 1, '1', 1, 'Chair of the Sociology Dept', '59', 'kuali.org.person.relation.type.chair')
/
insert into KSEN_ORG_POS_RESTR (ID, CREATEID, CREATETIME, UPDATEID, UPDATETIME, VER_NBR, DESCR_PLAIN, MAX_NUM_REL, MIN_NUM_REL, STD_DUR_TYPE, STD_DUR_TIME_QTY, TITLE, ORG_ID, ORG_PERS_RELTN_TYPE) values ('31', 'TESTUSER', {ts '2000-01-01 00:00:00.0'}, 'TESTUSER', {ts '2000-01-01 00:00:00.0'}, 1, '', 100, 1, '1', 1, 'Head of the Interdisciplinary Studies in Social Science Program', '60', 'kuali.org.person.relation.type.head')
/
insert into KSEN_ORG_POS_RESTR (ID, CREATEID, CREATETIME, UPDATEID, UPDATETIME, VER_NBR, DESCR_PLAIN, MAX_NUM_REL, MIN_NUM_REL, STD_DUR_TYPE, STD_DUR_TIME_QTY, TITLE, ORG_ID, ORG_PERS_RELTN_TYPE) values ('32', 'TESTUSER', {ts '2000-01-01 00:00:00.0'}, 'TESTUSER', {ts '2000-01-01 00:00:00.0'}, 1, '', 100, 1, '1', 1, 'Dean of Engineering', '31', 'kuali.org.person.relation.type.dean')
/
insert into KSEN_ORG_POS_RESTR (ID, CREATEID, CREATETIME, UPDATEID, UPDATETIME, VER_NBR, DESCR_PLAIN, MAX_NUM_REL, MIN_NUM_REL, STD_DUR_TYPE, STD_DUR_TIME_QTY, TITLE, ORG_ID, ORG_PERS_RELTN_TYPE) values ('33', 'TESTUSER', {ts '2000-01-01 00:00:00.0'}, 'TESTUSER', {ts '2000-01-01 00:00:00.0'}, 1, '', 100, 1, '1', 1, 'Chair of the Chemical Engineering Dept', '61', 'kuali.org.person.relation.type.chair')
/
insert into KSEN_ORG_POS_RESTR (ID, CREATEID, CREATETIME, UPDATEID, UPDATETIME, VER_NBR, DESCR_PLAIN, MAX_NUM_REL, MIN_NUM_REL, STD_DUR_TYPE, STD_DUR_TIME_QTY, TITLE, ORG_ID, ORG_PERS_RELTN_TYPE) values ('34', 'TESTUSER', {ts '2000-01-01 00:00:00.0'}, 'TESTUSER', {ts '2000-01-01 00:00:00.0'}, 1, '', 100, 1, '1', 1, 'Chair of the Civil Engineering Dept', '62', 'kuali.org.person.relation.type.chair')
/
insert into KSEN_ORG_POS_RESTR (ID, CREATEID, CREATETIME, UPDATEID, UPDATETIME, VER_NBR, DESCR_PLAIN, MAX_NUM_REL, MIN_NUM_REL, STD_DUR_TYPE, STD_DUR_TIME_QTY, TITLE, ORG_ID, ORG_PERS_RELTN_TYPE) values ('35', 'TESTUSER', {ts '2000-01-01 00:00:00.0'}, 'TESTUSER', {ts '2000-01-01 00:00:00.0'}, 1, '', 100, 1, '1', 1, 'Chair of the Mechanical Engineering Dept', '63', 'kuali.org.person.relation.type.chair')
/
insert into KSEN_ORG_POS_RESTR (ID, CREATEID, CREATETIME, UPDATEID, UPDATETIME, VER_NBR, DESCR_PLAIN, MAX_NUM_REL, MIN_NUM_REL, STD_DUR_TYPE, STD_DUR_TIME_QTY, TITLE, ORG_ID, ORG_PERS_RELTN_TYPE) values ('36', 'TESTUSER', {ts '2000-01-01 00:00:00.0'}, 'TESTUSER', {ts '2000-01-01 00:00:00.0'}, 1, '', 100, 1, '1', 1, 'Chair of the Computer Science Dept', '64', 'kuali.org.person.relation.type.chair')
/
insert into KSEN_ORG_POS_RESTR (ID, CREATEID, CREATETIME, UPDATEID, UPDATETIME, VER_NBR, DESCR_PLAIN, MAX_NUM_REL, MIN_NUM_REL, STD_DUR_TYPE, STD_DUR_TIME_QTY, TITLE, ORG_ID, ORG_PERS_RELTN_TYPE) values ('37', 'TESTUSER', {ts '2000-01-01 00:00:00.0'}, 'TESTUSER', {ts '2000-01-01 00:00:00.0'}, 1, '', 100, 1, '1', 1, 'Dean of the Science College', '30', 'kuali.org.person.relation.type.dean')
/
insert into KSEN_ORG_POS_RESTR (ID, CREATEID, CREATETIME, UPDATEID, UPDATETIME, VER_NBR, DESCR_PLAIN, MAX_NUM_REL, MIN_NUM_REL, STD_DUR_TYPE, STD_DUR_TIME_QTY, TITLE, ORG_ID, ORG_PERS_RELTN_TYPE) values ('38', 'TESTUSER', {ts '2000-01-01 00:00:00.0'}, 'TESTUSER', {ts '2000-01-01 00:00:00.0'}, 1, '', 100, 1, '1', 1, 'Chair of the Biology Dept', '65', 'kuali.org.person.relation.type.chair')
/
insert into KSEN_ORG_POS_RESTR (ID, CREATEID, CREATETIME, UPDATEID, UPDATETIME, VER_NBR, DESCR_PLAIN, MAX_NUM_REL, MIN_NUM_REL, STD_DUR_TYPE, STD_DUR_TIME_QTY, TITLE, ORG_ID, ORG_PERS_RELTN_TYPE) values ('39', 'TESTUSER', {ts '2000-01-01 00:00:00.0'}, 'TESTUSER', {ts '2000-01-01 00:00:00.0'}, 1, '', 100, 1, '1', 1, 'Chair of the Biochemistry Dept', '66', 'kuali.org.person.relation.type.chair')
/
insert into KSEN_ORG_POS_RESTR (ID, CREATEID, CREATETIME, UPDATEID, UPDATETIME, VER_NBR, DESCR_PLAIN, MAX_NUM_REL, MIN_NUM_REL, STD_DUR_TYPE, STD_DUR_TIME_QTY, TITLE, ORG_ID, ORG_PERS_RELTN_TYPE) values ('40', 'TESTUSER', {ts '2000-01-01 00:00:00.0'}, 'TESTUSER', {ts '2000-01-01 00:00:00.0'}, 1, '', 100, 1, '1', 1, 'Chair of the Botany Dept', '67', 'kuali.org.person.relation.type.chair')
/
insert into KSEN_ORG_POS_RESTR (ID, CREATEID, CREATETIME, UPDATEID, UPDATETIME, VER_NBR, DESCR_PLAIN, MAX_NUM_REL, MIN_NUM_REL, STD_DUR_TYPE, STD_DUR_TIME_QTY, TITLE, ORG_ID, ORG_PERS_RELTN_TYPE) values ('41', 'TESTUSER', {ts '2000-01-01 00:00:00.0'}, 'TESTUSER', {ts '2000-01-01 00:00:00.0'}, 1, '', 100, 1, '1', 1, 'Chair of the Chemistry Dept', '68', 'kuali.org.person.relation.type.chair')
/
insert into KSEN_ORG_POS_RESTR (ID, CREATEID, CREATETIME, UPDATEID, UPDATETIME, VER_NBR, DESCR_PLAIN, MAX_NUM_REL, MIN_NUM_REL, STD_DUR_TYPE, STD_DUR_TIME_QTY, TITLE, ORG_ID, ORG_PERS_RELTN_TYPE) values ('42', 'TESTUSER', {ts '2000-01-01 00:00:00.0'}, 'TESTUSER', {ts '2000-01-01 00:00:00.0'}, 1, '', 100, 1, '1', 1, 'Chair of the Geology Dept', '69', 'kuali.org.person.relation.type.chair')
/
insert into KSEN_ORG_POS_RESTR (ID, CREATEID, CREATETIME, UPDATEID, UPDATETIME, VER_NBR, DESCR_PLAIN, MAX_NUM_REL, MIN_NUM_REL, STD_DUR_TYPE, STD_DUR_TIME_QTY, TITLE, ORG_ID, ORG_PERS_RELTN_TYPE) values ('43', 'TESTUSER', {ts '2000-01-01 00:00:00.0'}, 'TESTUSER', {ts '2000-01-01 00:00:00.0'}, 1, '', 100, 1, '1', 1, 'Dean of the Business School', '32', 'kuali.org.person.relation.type.dean')
/
insert into KSEN_ORG_POS_RESTR (ID, CREATEID, CREATETIME, UPDATEID, UPDATETIME, VER_NBR, DESCR_PLAIN, MAX_NUM_REL, MIN_NUM_REL, STD_DUR_TYPE, STD_DUR_TIME_QTY, TITLE, ORG_ID, ORG_PERS_RELTN_TYPE) values ('44', 'TESTUSER', {ts '2000-01-01 00:00:00.0'}, 'TESTUSER', {ts '2000-01-01 00:00:00.0'}, 1, '', 100, 1, '1', 1, 'Head of the Accounting Section', '70', 'kuali.org.person.relation.type.head')
/
insert into KSEN_ORG_POS_RESTR (ID, CREATEID, CREATETIME, UPDATEID, UPDATETIME, VER_NBR, DESCR_PLAIN, MAX_NUM_REL, MIN_NUM_REL, STD_DUR_TYPE, STD_DUR_TIME_QTY, TITLE, ORG_ID, ORG_PERS_RELTN_TYPE) values ('45', 'TESTUSER', {ts '2000-01-01 00:00:00.0'}, 'TESTUSER', {ts '2000-01-01 00:00:00.0'}, 1, '', 100, 1, '1', 1, 'Head of the Finance Section', '71', 'kuali.org.person.relation.type.head')
/
insert into KSEN_ORG_POS_RESTR (ID, CREATEID, CREATETIME, UPDATEID, UPDATETIME, VER_NBR, DESCR_PLAIN, MAX_NUM_REL, MIN_NUM_REL, STD_DUR_TYPE, STD_DUR_TIME_QTY, TITLE, ORG_ID, ORG_PERS_RELTN_TYPE) values ('46', 'TESTUSER', {ts '2000-01-01 00:00:00.0'}, 'TESTUSER', {ts '2000-01-01 00:00:00.0'}, 1, '', 100, 1, '1', 1, 'Head of the International Business Section', '72', 'kuali.org.person.relation.type.head')
/
insert into KSEN_ORG_POS_RESTR (ID, CREATEID, CREATETIME, UPDATEID, UPDATETIME, VER_NBR, DESCR_PLAIN, MAX_NUM_REL, MIN_NUM_REL, STD_DUR_TYPE, STD_DUR_TIME_QTY, TITLE, ORG_ID, ORG_PERS_RELTN_TYPE) values ('47', 'TESTUSER', {ts '2000-01-01 00:00:00.0'}, 'TESTUSER', {ts '2000-01-01 00:00:00.0'}, 1, '', 100, 1, '1', 1, 'Head of the Marketing Section', '73', 'kuali.org.person.relation.type.head')
/
insert into KSEN_ORG_POS_RESTR (ID, CREATEID, CREATETIME, UPDATEID, UPDATETIME, VER_NBR, DESCR_PLAIN, MAX_NUM_REL, MIN_NUM_REL, STD_DUR_TYPE, STD_DUR_TIME_QTY, TITLE, ORG_ID, ORG_PERS_RELTN_TYPE) values ('48', 'TESTUSER', {ts '2000-01-01 00:00:00.0'}, 'TESTUSER', {ts '2000-01-01 00:00:00.0'}, 1, '', 100, 1, '1', 1, 'Dean of the Medical School', '34', 'kuali.org.person.relation.type.dean')
/
insert into KSEN_ORG_POS_RESTR (ID, CREATEID, CREATETIME, UPDATEID, UPDATETIME, VER_NBR, DESCR_PLAIN, MAX_NUM_REL, MIN_NUM_REL, STD_DUR_TYPE, STD_DUR_TIME_QTY, TITLE, ORG_ID, ORG_PERS_RELTN_TYPE) values ('49', 'TESTUSER', {ts '2000-01-01 00:00:00.0'}, 'TESTUSER', {ts '2000-01-01 00:00:00.0'}, 1, '', 100, 1, '1', 1, 'Deal of the College of Education', '33', 'kuali.org.person.relation.type.dean')
/
insert into KSEN_ORG_POS_RESTR (ID, CREATEID, CREATETIME, UPDATEID, UPDATETIME, VER_NBR, DESCR_PLAIN, MAX_NUM_REL, MIN_NUM_REL, STD_DUR_TYPE, STD_DUR_TIME_QTY, TITLE, ORG_ID, ORG_PERS_RELTN_TYPE) values ('50', 'TESTUSER', {ts '2000-01-01 00:00:00.0'}, 'TESTUSER', {ts '2000-01-01 00:00:00.0'}, 1, '', 100, 1, '1', 1, 'Dean of the College of Distance Education', '40', 'kuali.org.person.relation.type.dean')
/
insert into KSEN_ORG_POS_RESTR (ID, CREATEID, CREATETIME, UPDATEID, UPDATETIME, VER_NBR, DESCR_PLAIN, MAX_NUM_REL, MIN_NUM_REL, STD_DUR_TYPE, STD_DUR_TIME_QTY, TITLE, ORG_ID, ORG_PERS_RELTN_TYPE) values ('51', 'TESTUSER', {ts '2000-01-01 00:00:00.0'}, 'TESTUSER', {ts '2000-01-01 00:00:00.0'}, 1, '', 100, 1, '1', 1, 'Chair of the Extended Studies Program', '39', 'kuali.org.person.relation.type.chair')
/
insert into KSEN_ORG_POS_RESTR (ID, CREATEID, CREATETIME, UPDATEID, UPDATETIME, VER_NBR, DESCR_PLAIN, MAX_NUM_REL, MIN_NUM_REL, STD_DUR_TYPE, STD_DUR_TIME_QTY, TITLE, ORG_ID, ORG_PERS_RELTN_TYPE) values ('52', 'TESTUSER', {ts '2000-01-01 00:00:00.0'}, 'TESTUSER', {ts '2000-01-01 00:00:00.0'}, 1, 'Administers and supervises the implementation of all university financial aid policies, office procedures and funding programs. Supervise all office personnel. Plans, organizes and supervises the operational functions of the Financial Aid Office.', 100, 1, '1', 1, 'Director of Financial Aid', '99', 'kuali.org.person.relation.type.director')
/
insert into KSEN_ORG_POS_RESTR (ID, CREATEID, CREATETIME, UPDATEID, UPDATETIME, VER_NBR, DESCR_PLAIN, MAX_NUM_REL, MIN_NUM_REL, STD_DUR_TYPE, STD_DUR_TIME_QTY, TITLE, ORG_ID, ORG_PERS_RELTN_TYPE) values ('53', 'TESTUSER', {ts '2000-01-01 00:00:00.0'}, 'TESTUSER', {ts '2000-01-01 00:00:00.0'}, 1, 'Oversee undergraduate students'' college choice, transition to college, retention, and graduation rates. Manage and coordinate recruitment strategies with campus units involved in those areas, including the undergraduate admissions, scholarships and studen', 100, 1, '1', 1, 'Director of Admissions and Enrollment Planning', '98', 'kuali.org.person.relation.type.director')
/
insert into KSEN_ORG_POS_RESTR (ID, CREATEID, CREATETIME, UPDATEID, UPDATETIME, VER_NBR, DESCR_PLAIN, MAX_NUM_REL, MIN_NUM_REL, STD_DUR_TYPE, STD_DUR_TIME_QTY, TITLE, ORG_ID, ORG_PERS_RELTN_TYPE) values ('54', 'TESTUSER', {ts '2000-01-01 00:00:00.0'}, 'TESTUSER', {ts '2000-01-01 00:00:00.0'}, 1, 'The Registrar oversee customer service to students, faculty members, administrators, alumni, and the general public in the areas of record keeping, course scheduling, course registration, exam scheduling, grades collection, program audit and evaluation, g', 100, 1, '1', 1, 'Registrar', '102', 'kuali.org.person.relation.type.registrar')
/
insert into KSEN_ORG_POS_RESTR (ID, CREATEID, CREATETIME, UPDATEID, UPDATETIME, VER_NBR, DESCR_PLAIN, MAX_NUM_REL, MIN_NUM_REL, STD_DUR_TYPE, STD_DUR_TIME_QTY, TITLE, ORG_ID, ORG_PERS_RELTN_TYPE) values ('55', 'TESTUSER', {ts '2000-01-01 00:00:00.0'}, 'TESTUSER', {ts '2000-01-01 00:00:00.0'}, 1, 'The Registrar oversee customer service to students, faculty members, administrators, alumni, and the general public in the areas of record keeping, course scheduling, course registration, exam scheduling, grades collection, program audit and evaluation, g', 100, 1, '1', 1, 'Associate Registrar for Curriculumn', '103', 'kuali.org.person.relation.type.assoc.registrar')
/
insert into KSEN_ORG_POS_RESTR (ID, CREATEID, CREATETIME, UPDATEID, UPDATETIME, VER_NBR, DESCR_PLAIN, MAX_NUM_REL, MIN_NUM_REL, STD_DUR_TYPE, STD_DUR_TIME_QTY, TITLE, ORG_ID, ORG_PERS_RELTN_TYPE) values ('56', 'TESTUSER', {ts '2000-01-01 00:00:00.0'}, 'TESTUSER', {ts '2000-01-01 00:00:00.0'}, 1, 'The Registrar oversee customer service to students, faculty members, administrators, alumni, and the general public in the areas of record keeping, course scheduling, course registration, exam scheduling, grades collection, program audit and evaluation, g', 100, 1, '1', 1, 'Administrative Assistant in the Curriculumn Section of the Registrar''s Office', '102', 'kuali.org.person.relation.type.admin.assistant')
/
insert into KSEN_ORG_POS_RESTR (ID, CREATEID, CREATETIME, UPDATEID, UPDATETIME, VER_NBR, DESCR_PLAIN, MAX_NUM_REL, MIN_NUM_REL, STD_DUR_TYPE, STD_DUR_TIME_QTY, TITLE, ORG_ID, ORG_PERS_RELTN_TYPE) values ('57', 'TESTUSER', {ts '2000-01-01 00:00:00.0'}, 'TESTUSER', {ts '2000-01-01 00:00:00.0'}, 1, 'The Director Student Accounts is responsible for tuition and student fee assessment, payment and collection.  ', 100, 1, '1', 1, 'Bursar', '107', 'kuali.org.person.relation.type.director')
/
insert into KSEN_ORG_POS_RESTR (ID, CREATEID, CREATETIME, UPDATEID, UPDATETIME, VER_NBR, DESCR_PLAIN, MAX_NUM_REL, MIN_NUM_REL, STD_DUR_TYPE, STD_DUR_TIME_QTY, TITLE, ORG_ID, ORG_PERS_RELTN_TYPE) values ('58', 'TESTUSER', {ts '2000-01-01 00:00:00.0'}, 'TESTUSER', {ts '2000-01-01 00:00:00.0'}, 1, 'Member terms are for one year beginning on July 1. Members may be reappointed by the units they represent.    The University Academic Advising Committee meets once a month throughout the academic year. The Committee membership is to include representative', 100, 1, '1', 1, 'Member of the Academic Advising Committee', '108', 'kuali.org.person.relation.type.member')
/
insert into KSEN_ORG_POS_RESTR (ID, CREATEID, CREATETIME, UPDATEID, UPDATETIME, VER_NBR, DESCR_PLAIN, MAX_NUM_REL, MIN_NUM_REL, STD_DUR_TYPE, STD_DUR_TIME_QTY, TITLE, ORG_ID, ORG_PERS_RELTN_TYPE) values ('59', 'TESTUSER', {ts '2000-01-01 00:00:00.0'}, 'TESTUSER', {ts '2000-01-01 00:00:00.0'}, 1, 'Committee membership includes: Associate Provost for Academic Programs, Council of Deans, Department Chairs Cabinet, Faculty, Senate, Student Government Association, Student Affairs ', 100, 1, '1', 1, 'Member of ASPAC', '111', 'kuali.org.person.relation.type.member')
/
insert into KSEN_ORG_POS_RESTR (ID, CREATEID, CREATETIME, UPDATEID, UPDATETIME, VER_NBR, DESCR_PLAIN, MAX_NUM_REL, MIN_NUM_REL, STD_DUR_TYPE, STD_DUR_TIME_QTY, TITLE, ORG_ID, ORG_PERS_RELTN_TYPE) values ('60', 'TESTUSER', {ts '2000-01-01 00:00:00.0'}, 'TESTUSER', {ts '2000-01-01 00:00:00.0'}, 1, 'The Council''s membership is to include representatives from: Admissions. Provost Division, Student Affairs, Each Academic College (approximately half should be faculty members), Senate, Student Government  preferably a transfer student', 100, 1, '1', 1, 'Member of the Articulation Coordination Council', '112', 'kuali.org.person.relation.type.member')
/
insert into KSEN_ORG_POS_RESTR (ID, CREATEID, CREATETIME, UPDATEID, UPDATETIME, VER_NBR, DESCR_PLAIN, MAX_NUM_REL, MIN_NUM_REL, STD_DUR_TYPE, STD_DUR_TIME_QTY, TITLE, ORG_ID, ORG_PERS_RELTN_TYPE) values ('62', 'TESTUSER', {ts '2000-01-01 00:00:00.0'}, 'TESTUSER', {ts '2000-01-01 00:00:00.0'}, 1, 'This committee consists of: Council of Deans member, Department Chairs Cabinet, Executive Vice President & Provost, Faculty, Senate Past President, Senate President, Senate President-Elect,  Student Government Association member', 100, 1, '1', 1, '', '113', 'kuali.org.person.relation.type.member')
/
insert into KSEN_ORG_POS_RESTR (ID, CREATEID, CREATETIME, UPDATEID, UPDATETIME, VER_NBR, DESCR_PLAIN, MAX_NUM_REL, MIN_NUM_REL, STD_DUR_TYPE, STD_DUR_TIME_QTY, TITLE, ORG_ID, ORG_PERS_RELTN_TYPE) values ('63', 'TESTUSER', {ts '2000-01-01 00:00:00.0'}, 'TESTUSER', {ts '2000-01-01 00:00:00.0'}, 1, 'This committee consists of: Associate Vice President - Budget & Planning, Executive Vice President & Provost, President of Kuali University, Vice President for Business & Finance, Vice President for Student Affairs', 100, 1, '1', 1, 'Member of Budget Cabinet', '114', 'kuali.org.person.relation.type.member')
/
insert into KSEN_ORG_POS_RESTR (ID, CREATEID, CREATETIME, UPDATEID, UPDATETIME, VER_NBR, DESCR_PLAIN, MAX_NUM_REL, MIN_NUM_REL, STD_DUR_TYPE, STD_DUR_TIME_QTY, TITLE, ORG_ID, ORG_PERS_RELTN_TYPE) values ('64', 'TESTUSER', {ts '2000-01-01 00:00:00.0'}, 'TESTUSER', {ts '2000-01-01 00:00:00.0'}, 1, 'The Council of Deans has members from each college.', 100, 1, '1', 1, 'Member of The Council of Deans', '119', 'kuali.org.person.relation.type.member')
/
insert into KSEN_ORG_POS_RESTR (ID, CREATEID, CREATETIME, UPDATEID, UPDATETIME, VER_NBR, DESCR_PLAIN, MAX_NUM_REL, MIN_NUM_REL, STD_DUR_TYPE, STD_DUR_TIME_QTY, TITLE, ORG_ID, ORG_PERS_RELTN_TYPE) values ('65', 'TESTUSER', {ts '2000-01-01 00:00:00.0'}, 'TESTUSER', {ts '2000-01-01 00:00:00.0'}, 1, 'Chairs of each academic department or program', 100, 1, '1', 1, 'Member of Department Chairs Cabinet', '120', 'kuali.org.person.relation.type.member')
/
insert into KSEN_ORG_POS_RESTR (ID, CREATEID, CREATETIME, UPDATEID, UPDATETIME, VER_NBR, DESCR_PLAIN, MAX_NUM_REL, MIN_NUM_REL, STD_DUR_TYPE, STD_DUR_TIME_QTY, TITLE, ORG_ID, ORG_PERS_RELTN_TYPE) values ('66', 'TESTUSER', {ts '2000-01-01 00:00:00.0'}, 'TESTUSER', {ts '2000-01-01 00:00:00.0'}, 1, '45CFR46.107 IRB Membership (a) Each IRB shall have at least five members, with varying backgrounds to promote complete and adequate review of research activities commonly conducted by the institution. The IRB shall be sufficiently qualified through the e', 100, 1, '1', 1, 'Member of the IRB', '123', 'kuali.org.person.relation.type.member')
/
insert into KSEN_ORG_POS_RESTR (ID, CREATEID, CREATETIME, UPDATEID, UPDATETIME, VER_NBR, DESCR_PLAIN, MAX_NUM_REL, MIN_NUM_REL, STD_DUR_TYPE, STD_DUR_TIME_QTY, TITLE, ORG_ID, ORG_PERS_RELTN_TYPE) values ('67', 'TESTUSER', {ts '2000-01-01 00:00:00.0'}, 'TESTUSER', {ts '2000-01-01 00:00:00.0'}, 1, 'The JAC is appointed by the President and is composed of ten faculty members nominated by the members of the University community or the Faculty Senate, five staff members nominated by the Vice President for Student Affairs, five graduate students nominat', 100, 1, '1', 1, 'Member of the JAC', '138', 'kuali.org.person.relation.type.member')
/
insert into KSEN_ORG_POS_RESTR (ID, CREATEID, CREATETIME, UPDATEID, UPDATETIME, VER_NBR, DESCR_PLAIN, MAX_NUM_REL, MIN_NUM_REL, STD_DUR_TYPE, STD_DUR_TIME_QTY, TITLE, ORG_ID, ORG_PERS_RELTN_TYPE) values ('68', 'TESTUSER', {ts '2000-01-01 00:00:00.0'}, 'TESTUSER', {ts '2000-01-01 00:00:00.0'}, 1, 'Student Government members are elected by the students to a one year term. ', 100, 1, '1', 1, 'Student Government Representative', '132', 'kuali.org.person.relation.type.rep')
/
insert into KSEN_ORG_POS_RESTR (ID, CREATEID, CREATETIME, UPDATEID, UPDATETIME, VER_NBR, DESCR_PLAIN, MAX_NUM_REL, MIN_NUM_REL, STD_DUR_TYPE, STD_DUR_TIME_QTY, TITLE, ORG_ID, ORG_PERS_RELTN_TYPE) values ('69', 'TESTUSER', {ts '2000-01-01 00:00:00.0'}, 'TESTUSER', {ts '2000-01-01 00:00:00.0'}, 1, 'Student members are elected by the students for a one-year term. ', 100, 1, '1', 1, 'Grad Student Representataive', '133', 'kuali.org.person.relation.type.rep')
/
insert into KSEN_ORG_POS_RESTR (ID, CREATEID, CREATETIME, UPDATEID, UPDATETIME, VER_NBR, DESCR_PLAIN, MAX_NUM_REL, MIN_NUM_REL, STD_DUR_TYPE, STD_DUR_TIME_QTY, TITLE, ORG_ID, ORG_PERS_RELTN_TYPE) values ('70', 'TESTUSER', {ts '2000-01-01 00:00:00.0'}, 'TESTUSER', {ts '2000-01-01 00:00:00.0'}, 1, '', 100, 1, '1', 1, 'Senate President', '134', 'kuali.org.person.relation.type.president')
/
insert into KSEN_ORG_POS_RESTR (ID, CREATEID, CREATETIME, UPDATEID, UPDATETIME, VER_NBR, DESCR_PLAIN, MAX_NUM_REL, MIN_NUM_REL, STD_DUR_TYPE, STD_DUR_TIME_QTY, TITLE, ORG_ID, ORG_PERS_RELTN_TYPE) values ('71', 'TESTUSER', {ts '2000-01-01 00:00:00.0'}, 'TESTUSER', {ts '2000-01-01 00:00:00.0'}, 1, '', 100, 1, '1', 1, 'Chair of the AAC', '135', 'kuali.org.person.relation.type.chair')
/
insert into KSEN_ORG_POS_RESTR (ID, CREATEID, CREATETIME, UPDATEID, UPDATETIME, VER_NBR, DESCR_PLAIN, MAX_NUM_REL, MIN_NUM_REL, STD_DUR_TYPE, STD_DUR_TIME_QTY, TITLE, ORG_ID, ORG_PERS_RELTN_TYPE) values ('72', 'TESTUSER', {ts '2000-01-01 00:00:00.0'}, 'TESTUSER', {ts '2000-01-01 00:00:00.0'}, 1, '', 100, 1, '1', 1, 'Chair of the FDARC', '136', 'kuali.org.person.relation.type.chair')
/
insert into KSEN_ORG_POS_RESTR (ID, CREATEID, CREATETIME, UPDATEID, UPDATETIME, VER_NBR, DESCR_PLAIN, MAX_NUM_REL, MIN_NUM_REL, STD_DUR_TYPE, STD_DUR_TIME_QTY, TITLE, ORG_ID, ORG_PERS_RELTN_TYPE) values ('73', 'TESTUSER', {ts '2000-01-01 00:00:00.0'}, 'TESTUSER', {ts '2000-01-01 00:00:00.0'}, 1, '', 100, 1, '1', 1, 'Chair of  the RPAC', '137', 'kuali.org.person.relation.type.chair')
/
insert into KSEN_ORG_POS_RESTR (ID, CREATEID, CREATETIME, UPDATEID, UPDATETIME, VER_NBR, DESCR_PLAIN, MAX_NUM_REL, MIN_NUM_REL, STD_DUR_TYPE, STD_DUR_TIME_QTY, TITLE, ORG_ID, ORG_PERS_RELTN_TYPE) values ('74', 'TESTUSER', {ts '2000-01-01 00:00:00.0'}, 'TESTUSER', {ts '2000-01-01 00:00:00.0'}, 1, '', 100, 1, '1', 1, 'Chair of the JAC', '138', 'kuali.org.person.relation.type.chair')
/
insert into KSEN_ORG_POS_RESTR (ID, CREATEID, CREATETIME, UPDATEID, UPDATETIME, VER_NBR, DESCR_PLAIN, MAX_NUM_REL, MIN_NUM_REL, STD_DUR_TYPE, STD_DUR_TIME_QTY, TITLE, ORG_ID, ORG_PERS_RELTN_TYPE) values ('75', 'TESTUSER', {ts '2000-01-01 00:00:00.0'}, 'TESTUSER', {ts '2000-01-01 00:00:00.0'}, 1, '', 100, 1, '1', 1, 'Chair of the Faculty Governance Council', '140', 'kuali.org.person.relation.type.chair')
/
insert into KSEN_ORG_POS_RESTR (ID, CREATEID, CREATETIME, UPDATEID, UPDATETIME, VER_NBR, DESCR_PLAIN, MAX_NUM_REL, MIN_NUM_REL, STD_DUR_TYPE, STD_DUR_TIME_QTY, TITLE, ORG_ID, ORG_PERS_RELTN_TYPE) values ('76', 'TESTUSER', {ts '2000-01-01 00:00:00.0'}, 'TESTUSER', {ts '2000-01-01 00:00:00.0'}, 1, 'Must be a faculty member, term for 3 years', 100, 1, '1', 1, 'Chair of the COC', '141', 'kuali.org.person.relation.type.chair')
/
insert into KSEN_ORG_POS_RESTR (ID, CREATEID, CREATETIME, UPDATEID, UPDATETIME, VER_NBR, DESCR_PLAIN, MAX_NUM_REL, MIN_NUM_REL, STD_DUR_TYPE, STD_DUR_TIME_QTY, TITLE, ORG_ID, ORG_PERS_RELTN_TYPE) values ('77', 'TESTUSER', {ts '2000-01-01 00:00:00.0'}, 'TESTUSER', {ts '2000-01-01 00:00:00.0'}, 1, 'Filled by the Associate Provost for Academic Planning and Programs', 100, 1, '1', 1, 'Ex-Officio Member of the COC', '141', 'kuali.org.person.relation.type.ex-officio')
/
insert into KSEN_ORG_POS_RESTR (ID, CREATEID, CREATETIME, UPDATEID, UPDATETIME, VER_NBR, DESCR_PLAIN, MAX_NUM_REL, MIN_NUM_REL, STD_DUR_TYPE, STD_DUR_TIME_QTY, TITLE, ORG_ID, ORG_PERS_RELTN_TYPE) values ('78', 'TESTUSER', {ts '2000-01-01 00:00:00.0'}, 'TESTUSER', {ts '2000-01-01 00:00:00.0'}, 1, 'Six faculty members and 4 students, terms for 1 year', 100, 1, '1', 1, 'Member of the COC', '141', 'kuali.org.person.relation.type.member')
/
insert into KSEN_ORG_POS_RESTR (ID, CREATEID, CREATETIME, UPDATEID, UPDATETIME, VER_NBR, DESCR_PLAIN, MAX_NUM_REL, MIN_NUM_REL, STD_DUR_TYPE, STD_DUR_TIME_QTY, TITLE, ORG_ID, ORG_PERS_RELTN_TYPE) values ('79', 'TESTUSER', {ts '2000-01-01 00:00:00.0'}, 'TESTUSER', {ts '2000-01-01 00:00:00.0'}, 1, 'Ex-Officio- non voting filled by the Associate Registrar for Curriculum', 100, 1, '1', 1, 'Executive Officer of the COC', '141', 'kuali.org.person.relation.type.executive.officer')
/
insert into KSEN_ORG_POS_RESTR (ID, CREATEID, CREATETIME, UPDATEID, UPDATETIME, VER_NBR, DESCR_PLAIN, MAX_NUM_REL, MIN_NUM_REL, STD_DUR_TYPE, STD_DUR_TIME_QTY, TITLE, ORG_ID, ORG_PERS_RELTN_TYPE) values ('80', 'TESTUSER', {ts '2000-01-01 00:00:00.0'}, 'TESTUSER', {ts '2000-01-01 00:00:00.0'}, 1, 'Administrative member of the committee, member of the Registrar''s office who reports to the Associate Registrar for Curriculum', 100, 1, '1', 1, 'Administrative Member of the COC', '141', 'kuali.org.person.relation.type.admin.member')
/
insert into KSEN_ORG_POS_RESTR (ID, CREATEID, CREATETIME, UPDATEID, UPDATETIME, VER_NBR, DESCR_PLAIN, MAX_NUM_REL, MIN_NUM_REL, STD_DUR_TYPE, STD_DUR_TIME_QTY, TITLE, ORG_ID, ORG_PERS_RELTN_TYPE) values ('81', 'TESTUSER', {ts '2000-01-01 00:00:00.0'}, 'TESTUSER', {ts '2000-01-01 00:00:00.0'}, 1, '', 100, 1, '1', 1, 'Chair of the English COC', '147', 'kuali.org.person.relation.type.chair')
/
insert into KSEN_ORG_POS_RESTR (ID, CREATEID, CREATETIME, UPDATEID, UPDATETIME, VER_NBR, DESCR_PLAIN, MAX_NUM_REL, MIN_NUM_REL, STD_DUR_TYPE, STD_DUR_TIME_QTY, TITLE, ORG_ID, ORG_PERS_RELTN_TYPE) values ('82', 'TESTUSER', {ts '2000-01-01 00:00:00.0'}, 'TESTUSER', {ts '2000-01-01 00:00:00.0'}, 1, 'Two Co-Chairs one from the Studio Art section and one from the Art History sections', 100, 1, '1', 1, 'Co-Chair of the FineArts COC', '148', 'kuali.org.person.relation.type.chair')
/
insert into KSEN_ORG_POS_RESTR (ID, CREATEID, CREATETIME, UPDATEID, UPDATETIME, VER_NBR, DESCR_PLAIN, MAX_NUM_REL, MIN_NUM_REL, STD_DUR_TYPE, STD_DUR_TIME_QTY, TITLE, ORG_ID, ORG_PERS_RELTN_TYPE) values ('83', 'TESTUSER', {ts '2000-01-01 00:00:00.0'}, 'TESTUSER', {ts '2000-01-01 00:00:00.0'}, 1, '', 100, 1, '1', 1, 'Chair of the French COC', '149', 'kuali.org.person.relation.type.chair')
/
insert into KSEN_ORG_POS_RESTR (ID, CREATEID, CREATETIME, UPDATEID, UPDATETIME, VER_NBR, DESCR_PLAIN, MAX_NUM_REL, MIN_NUM_REL, STD_DUR_TYPE, STD_DUR_TIME_QTY, TITLE, ORG_ID, ORG_PERS_RELTN_TYPE) values ('84', 'TESTUSER', {ts '2000-01-01 00:00:00.0'}, 'TESTUSER', {ts '2000-01-01 00:00:00.0'}, 1, '', 100, 1, '1', 1, 'Chair of the Geography COC', '150', 'kuali.org.person.relation.type.chair')
/
insert into KSEN_ORG_POS_RESTR (ID, CREATEID, CREATETIME, UPDATEID, UPDATETIME, VER_NBR, DESCR_PLAIN, MAX_NUM_REL, MIN_NUM_REL, STD_DUR_TYPE, STD_DUR_TIME_QTY, TITLE, ORG_ID, ORG_PERS_RELTN_TYPE) values ('85', 'TESTUSER', {ts '2000-01-01 00:00:00.0'}, 'TESTUSER', {ts '2000-01-01 00:00:00.0'}, 1, '', 100, 1, '1', 1, 'Chair of the Linguistics COC', '151', 'kuali.org.person.relation.type.chair')
/
insert into KSEN_ORG_POS_RESTR (ID, CREATEID, CREATETIME, UPDATEID, UPDATETIME, VER_NBR, DESCR_PLAIN, MAX_NUM_REL, MIN_NUM_REL, STD_DUR_TYPE, STD_DUR_TIME_QTY, TITLE, ORG_ID, ORG_PERS_RELTN_TYPE) values ('86', 'TESTUSER', {ts '2000-01-01 00:00:00.0'}, 'TESTUSER', {ts '2000-01-01 00:00:00.0'}, 1, '', 100, 1, '1', 1, 'Chair of the Music COC', '152', 'kuali.org.person.relation.type.chair')
/
insert into KSEN_ORG_POS_RESTR (ID, CREATEID, CREATETIME, UPDATEID, UPDATETIME, VER_NBR, DESCR_PLAIN, MAX_NUM_REL, MIN_NUM_REL, STD_DUR_TYPE, STD_DUR_TIME_QTY, TITLE, ORG_ID, ORG_PERS_RELTN_TYPE) values ('87', 'TESTUSER', {ts '2000-01-01 00:00:00.0'}, 'TESTUSER', {ts '2000-01-01 00:00:00.0'}, 1, '', 100, 1, '1', 1, 'Chair of the History COC', '153', 'kuali.org.person.relation.type.chair')
/
insert into KSEN_ORG_POS_RESTR (ID, CREATEID, CREATETIME, UPDATEID, UPDATETIME, VER_NBR, DESCR_PLAIN, MAX_NUM_REL, MIN_NUM_REL, STD_DUR_TYPE, STD_DUR_TIME_QTY, TITLE, ORG_ID, ORG_PERS_RELTN_TYPE) values ('88', 'TESTUSER', {ts '2000-01-01 00:00:00.0'}, 'TESTUSER', {ts '2000-01-01 00:00:00.0'}, 1, '', 100, 1, '1', 1, 'Chair of the PolySci COC', '154', 'kuali.org.person.relation.type.chair')
/
insert into KSEN_ORG_POS_RESTR (ID, CREATEID, CREATETIME, UPDATEID, UPDATETIME, VER_NBR, DESCR_PLAIN, MAX_NUM_REL, MIN_NUM_REL, STD_DUR_TYPE, STD_DUR_TIME_QTY, TITLE, ORG_ID, ORG_PERS_RELTN_TYPE) values ('89', 'TESTUSER', {ts '2000-01-01 00:00:00.0'}, 'TESTUSER', {ts '2000-01-01 00:00:00.0'}, 1, '', 100, 1, '1', 1, 'Chair of the Psychology COC', '155', 'kuali.org.person.relation.type.chair')
/
insert into KSEN_ORG_POS_RESTR (ID, CREATEID, CREATETIME, UPDATEID, UPDATETIME, VER_NBR, DESCR_PLAIN, MAX_NUM_REL, MIN_NUM_REL, STD_DUR_TYPE, STD_DUR_TIME_QTY, TITLE, ORG_ID, ORG_PERS_RELTN_TYPE) values ('90', 'TESTUSER', {ts '2000-01-01 00:00:00.0'}, 'TESTUSER', {ts '2000-01-01 00:00:00.0'}, 1, '', 100, 1, '1', 1, 'Chair of the Sociology COC', '156', 'kuali.org.person.relation.type.chair')
/
insert into KSEN_ORG_POS_RESTR (ID, CREATEID, CREATETIME, UPDATEID, UPDATETIME, VER_NBR, DESCR_PLAIN, MAX_NUM_REL, MIN_NUM_REL, STD_DUR_TYPE, STD_DUR_TIME_QTY, TITLE, ORG_ID, ORG_PERS_RELTN_TYPE) values ('91', 'TESTUSER', {ts '2000-01-01 00:00:00.0'}, 'TESTUSER', {ts '2000-01-01 00:00:00.0'}, 1, 'There is really no COC and the Chair is by definition the head of the Interdisciplinary Office', 100, 1, '1', 1, 'Chair of the InterdiscBSOS COC', '157', 'kuali.org.person.relation.type.chair')
/
insert into KSEN_ORG_POS_RESTR (ID, CREATEID, CREATETIME, UPDATEID, UPDATETIME, VER_NBR, DESCR_PLAIN, MAX_NUM_REL, MIN_NUM_REL, STD_DUR_TYPE, STD_DUR_TIME_QTY, TITLE, ORG_ID, ORG_PERS_RELTN_TYPE) values ('92', 'TESTUSER', {ts '2000-01-01 00:00:00.0'}, 'TESTUSER', {ts '2000-01-01 00:00:00.0'}, 1, '', 100, 1, '1', 1, 'Chair of the Chemical COC', '158', 'kuali.org.person.relation.type.chair')
/
insert into KSEN_ORG_POS_RESTR (ID, CREATEID, CREATETIME, UPDATEID, UPDATETIME, VER_NBR, DESCR_PLAIN, MAX_NUM_REL, MIN_NUM_REL, STD_DUR_TYPE, STD_DUR_TIME_QTY, TITLE, ORG_ID, ORG_PERS_RELTN_TYPE) values ('93', 'TESTUSER', {ts '2000-01-01 00:00:00.0'}, 'TESTUSER', {ts '2000-01-01 00:00:00.0'}, 1, '', 100, 1, '1', 1, 'Chair of the Civil COC', '159', 'kuali.org.person.relation.type.chair')
/
insert into KSEN_ORG_POS_RESTR (ID, CREATEID, CREATETIME, UPDATEID, UPDATETIME, VER_NBR, DESCR_PLAIN, MAX_NUM_REL, MIN_NUM_REL, STD_DUR_TYPE, STD_DUR_TIME_QTY, TITLE, ORG_ID, ORG_PERS_RELTN_TYPE) values ('94', 'TESTUSER', {ts '2000-01-01 00:00:00.0'}, 'TESTUSER', {ts '2000-01-01 00:00:00.0'}, 1, '', 100, 1, '1', 1, 'Chair of the Mechanical COC', '160', 'kuali.org.person.relation.type.chair')
/
insert into KSEN_ORG_POS_RESTR (ID, CREATEID, CREATETIME, UPDATEID, UPDATETIME, VER_NBR, DESCR_PLAIN, MAX_NUM_REL, MIN_NUM_REL, STD_DUR_TYPE, STD_DUR_TIME_QTY, TITLE, ORG_ID, ORG_PERS_RELTN_TYPE) values ('95', 'TESTUSER', {ts '2000-01-01 00:00:00.0'}, 'TESTUSER', {ts '2000-01-01 00:00:00.0'}, 1, '', 100, 1, '1', 1, 'Chair of the CompSci COC', '161', 'kuali.org.person.relation.type.chair')
/
insert into KSEN_ORG_POS_RESTR (ID, CREATEID, CREATETIME, UPDATEID, UPDATETIME, VER_NBR, DESCR_PLAIN, MAX_NUM_REL, MIN_NUM_REL, STD_DUR_TYPE, STD_DUR_TIME_QTY, TITLE, ORG_ID, ORG_PERS_RELTN_TYPE) values ('96', 'TESTUSER', {ts '2000-01-01 00:00:00.0'}, 'TESTUSER', {ts '2000-01-01 00:00:00.0'}, 1, '', 100, 1, '1', 1, 'Chair of the Biology COC', '162', 'kuali.org.person.relation.type.chair')
/
insert into KSEN_ORG_POS_RESTR (ID, CREATEID, CREATETIME, UPDATEID, UPDATETIME, VER_NBR, DESCR_PLAIN, MAX_NUM_REL, MIN_NUM_REL, STD_DUR_TYPE, STD_DUR_TIME_QTY, TITLE, ORG_ID, ORG_PERS_RELTN_TYPE) values ('97', 'TESTUSER', {ts '2000-01-01 00:00:00.0'}, 'TESTUSER', {ts '2000-01-01 00:00:00.0'}, 1, '', 100, 1, '1', 1, 'Chair of the Biochemistry COC', '163', 'kuali.org.person.relation.type.chair')
/
insert into KSEN_ORG_POS_RESTR (ID, CREATEID, CREATETIME, UPDATEID, UPDATETIME, VER_NBR, DESCR_PLAIN, MAX_NUM_REL, MIN_NUM_REL, STD_DUR_TYPE, STD_DUR_TIME_QTY, TITLE, ORG_ID, ORG_PERS_RELTN_TYPE) values ('98', 'TESTUSER', {ts '2000-01-01 00:00:00.0'}, 'TESTUSER', {ts '2000-01-01 00:00:00.0'}, 1, '', 100, 1, '1', 1, 'Chair of the Botany COC', '164', 'kuali.org.person.relation.type.chair')
/
insert into KSEN_ORG_POS_RESTR (ID, CREATEID, CREATETIME, UPDATEID, UPDATETIME, VER_NBR, DESCR_PLAIN, MAX_NUM_REL, MIN_NUM_REL, STD_DUR_TYPE, STD_DUR_TIME_QTY, TITLE, ORG_ID, ORG_PERS_RELTN_TYPE) values ('99', 'TESTUSER', {ts '2000-01-01 00:00:00.0'}, 'TESTUSER', {ts '2000-01-01 00:00:00.0'}, 1, '', 100, 1, '1', 1, 'Chair of the Chemistry COC', '165', 'kuali.org.person.relation.type.chair')
/
insert into KSEN_ORG_POS_RESTR (ID, CREATEID, CREATETIME, UPDATEID, UPDATETIME, VER_NBR, DESCR_PLAIN, MAX_NUM_REL, MIN_NUM_REL, STD_DUR_TYPE, STD_DUR_TIME_QTY, TITLE, ORG_ID, ORG_PERS_RELTN_TYPE) values ('100', 'TESTUSER', {ts '2000-01-01 00:00:00.0'}, 'TESTUSER', {ts '2000-01-01 00:00:00.0'}, 1, '', 100, 1, '1', 1, 'Chair of the Geology COC', '166', 'kuali.org.person.relation.type.chair')
/
insert into KSEN_ORG_POS_RESTR (ID, CREATEID, CREATETIME, UPDATEID, UPDATETIME, VER_NBR, DESCR_PLAIN, MAX_NUM_REL, MIN_NUM_REL, STD_DUR_TYPE, STD_DUR_TIME_QTY, TITLE, ORG_ID, ORG_PERS_RELTN_TYPE) values ('101', 'TESTUSER', {ts '2000-01-01 00:00:00.0'}, 'TESTUSER', {ts '2000-01-01 00:00:00.0'}, 1, '', 100, 1, '1', 1, 'Chair of the GenderStudies COC', '167', 'kuali.org.person.relation.type.chair')
/
insert into KSEN_ORG_POS_RESTR (ID, CREATEID, CREATETIME, UPDATEID, UPDATETIME, VER_NBR, DESCR_PLAIN, MAX_NUM_REL, MIN_NUM_REL, STD_DUR_TYPE, STD_DUR_TIME_QTY, TITLE, ORG_ID, ORG_PERS_RELTN_TYPE) values ('102', 'TESTUSER', {ts '2000-01-01 00:00:00.0'}, 'TESTUSER', {ts '2000-01-01 00:00:00.0'}, 1, '', 100, 1, '1', 1, 'Member of the English COC', '147', 'kuali.org.person.relation.type.member')
/
insert into KSEN_ORG_POS_RESTR (ID, CREATEID, CREATETIME, UPDATEID, UPDATETIME, VER_NBR, DESCR_PLAIN, MAX_NUM_REL, MIN_NUM_REL, STD_DUR_TYPE, STD_DUR_TIME_QTY, TITLE, ORG_ID, ORG_PERS_RELTN_TYPE) values ('103', 'TESTUSER', {ts '2000-01-01 00:00:00.0'}, 'TESTUSER', {ts '2000-01-01 00:00:00.0'}, 1, '', 100, 1, '1', 1, 'Member of the FineArts COC', '148', 'kuali.org.person.relation.type.member')
/
insert into KSEN_ORG_POS_RESTR (ID, CREATEID, CREATETIME, UPDATEID, UPDATETIME, VER_NBR, DESCR_PLAIN, MAX_NUM_REL, MIN_NUM_REL, STD_DUR_TYPE, STD_DUR_TIME_QTY, TITLE, ORG_ID, ORG_PERS_RELTN_TYPE) values ('104', 'TESTUSER', {ts '2000-01-01 00:00:00.0'}, 'TESTUSER', {ts '2000-01-01 00:00:00.0'}, 1, '', 100, 1, '1', 1, 'Member of the French COC', '149', 'kuali.org.person.relation.type.member')
/
insert into KSEN_ORG_POS_RESTR (ID, CREATEID, CREATETIME, UPDATEID, UPDATETIME, VER_NBR, DESCR_PLAIN, MAX_NUM_REL, MIN_NUM_REL, STD_DUR_TYPE, STD_DUR_TIME_QTY, TITLE, ORG_ID, ORG_PERS_RELTN_TYPE) values ('105', 'TESTUSER', {ts '2000-01-01 00:00:00.0'}, 'TESTUSER', {ts '2000-01-01 00:00:00.0'}, 1, '', 100, 1, '1', 1, 'Member of the Geography COC', '150', 'kuali.org.person.relation.type.member')
/
insert into KSEN_ORG_POS_RESTR (ID, CREATEID, CREATETIME, UPDATEID, UPDATETIME, VER_NBR, DESCR_PLAIN, MAX_NUM_REL, MIN_NUM_REL, STD_DUR_TYPE, STD_DUR_TIME_QTY, TITLE, ORG_ID, ORG_PERS_RELTN_TYPE) values ('106', 'TESTUSER', {ts '2000-01-01 00:00:00.0'}, 'TESTUSER', {ts '2000-01-01 00:00:00.0'}, 1, '', 100, 1, '1', 1, 'Member of the Linguistics COC', '151', 'kuali.org.person.relation.type.member')
/
insert into KSEN_ORG_POS_RESTR (ID, CREATEID, CREATETIME, UPDATEID, UPDATETIME, VER_NBR, DESCR_PLAIN, MAX_NUM_REL, MIN_NUM_REL, STD_DUR_TYPE, STD_DUR_TIME_QTY, TITLE, ORG_ID, ORG_PERS_RELTN_TYPE) values ('107', 'TESTUSER', {ts '2000-01-01 00:00:00.0'}, 'TESTUSER', {ts '2000-01-01 00:00:00.0'}, 1, '', 100, 1, '1', 1, 'Member of the Music COC', '152', 'kuali.org.person.relation.type.member')
/
insert into KSEN_ORG_POS_RESTR (ID, CREATEID, CREATETIME, UPDATEID, UPDATETIME, VER_NBR, DESCR_PLAIN, MAX_NUM_REL, MIN_NUM_REL, STD_DUR_TYPE, STD_DUR_TIME_QTY, TITLE, ORG_ID, ORG_PERS_RELTN_TYPE) values ('108', 'TESTUSER', {ts '2000-01-01 00:00:00.0'}, 'TESTUSER', {ts '2000-01-01 00:00:00.0'}, 1, '', 100, 1, '1', 1, 'Member of the History COC', '153', 'kuali.org.person.relation.type.member')
/
insert into KSEN_ORG_POS_RESTR (ID, CREATEID, CREATETIME, UPDATEID, UPDATETIME, VER_NBR, DESCR_PLAIN, MAX_NUM_REL, MIN_NUM_REL, STD_DUR_TYPE, STD_DUR_TIME_QTY, TITLE, ORG_ID, ORG_PERS_RELTN_TYPE) values ('109', 'TESTUSER', {ts '2000-01-01 00:00:00.0'}, 'TESTUSER', {ts '2000-01-01 00:00:00.0'}, 1, '', 100, 1, '1', 1, 'Member of the PolySci COC', '154', 'kuali.org.person.relation.type.member')
/
insert into KSEN_ORG_POS_RESTR (ID, CREATEID, CREATETIME, UPDATEID, UPDATETIME, VER_NBR, DESCR_PLAIN, MAX_NUM_REL, MIN_NUM_REL, STD_DUR_TYPE, STD_DUR_TIME_QTY, TITLE, ORG_ID, ORG_PERS_RELTN_TYPE) values ('110', 'TESTUSER', {ts '2000-01-01 00:00:00.0'}, 'TESTUSER', {ts '2000-01-01 00:00:00.0'}, 1, '', 100, 1, '1', 1, 'Member of the Psychology COC', '155', 'kuali.org.person.relation.type.member')
/
insert into KSEN_ORG_POS_RESTR (ID, CREATEID, CREATETIME, UPDATEID, UPDATETIME, VER_NBR, DESCR_PLAIN, MAX_NUM_REL, MIN_NUM_REL, STD_DUR_TYPE, STD_DUR_TIME_QTY, TITLE, ORG_ID, ORG_PERS_RELTN_TYPE) values ('111', 'TESTUSER', {ts '2000-01-01 00:00:00.0'}, 'TESTUSER', {ts '2000-01-01 00:00:00.0'}, 1, '', 100, 1, '1', 1, 'Member of the Sociology COC', '156', 'kuali.org.person.relation.type.member')
/
insert into KSEN_ORG_POS_RESTR (ID, CREATEID, CREATETIME, UPDATEID, UPDATETIME, VER_NBR, DESCR_PLAIN, MAX_NUM_REL, MIN_NUM_REL, STD_DUR_TYPE, STD_DUR_TIME_QTY, TITLE, ORG_ID, ORG_PERS_RELTN_TYPE) values ('112', 'TESTUSER', {ts '2000-01-01 00:00:00.0'}, 'TESTUSER', {ts '2000-01-01 00:00:00.0'}, 1, '', 100, 1, '1', 1, 'Member of the InterdiscBSOS COC', '157', 'kuali.org.person.relation.type.member')
/
insert into KSEN_ORG_POS_RESTR (ID, CREATEID, CREATETIME, UPDATEID, UPDATETIME, VER_NBR, DESCR_PLAIN, MAX_NUM_REL, MIN_NUM_REL, STD_DUR_TYPE, STD_DUR_TIME_QTY, TITLE, ORG_ID, ORG_PERS_RELTN_TYPE) values ('113', 'TESTUSER', {ts '2000-01-01 00:00:00.0'}, 'TESTUSER', {ts '2000-01-01 00:00:00.0'}, 1, '', 100, 1, '1', 1, 'Member of the Chemical COC', '158', 'kuali.org.person.relation.type.member')
/
insert into KSEN_ORG_POS_RESTR (ID, CREATEID, CREATETIME, UPDATEID, UPDATETIME, VER_NBR, DESCR_PLAIN, MAX_NUM_REL, MIN_NUM_REL, STD_DUR_TYPE, STD_DUR_TIME_QTY, TITLE, ORG_ID, ORG_PERS_RELTN_TYPE) values ('114', 'TESTUSER', {ts '2000-01-01 00:00:00.0'}, 'TESTUSER', {ts '2000-01-01 00:00:00.0'}, 1, '', 100, 1, '1', 1, 'Member of the Civil COC', '159', 'kuali.org.person.relation.type.member')
/
insert into KSEN_ORG_POS_RESTR (ID, CREATEID, CREATETIME, UPDATEID, UPDATETIME, VER_NBR, DESCR_PLAIN, MAX_NUM_REL, MIN_NUM_REL, STD_DUR_TYPE, STD_DUR_TIME_QTY, TITLE, ORG_ID, ORG_PERS_RELTN_TYPE) values ('115', 'TESTUSER', {ts '2000-01-01 00:00:00.0'}, 'TESTUSER', {ts '2000-01-01 00:00:00.0'}, 1, '', 100, 1, '1', 1, 'Member of the Mechanical COC', '160', 'kuali.org.person.relation.type.member')
/
insert into KSEN_ORG_POS_RESTR (ID, CREATEID, CREATETIME, UPDATEID, UPDATETIME, VER_NBR, DESCR_PLAIN, MAX_NUM_REL, MIN_NUM_REL, STD_DUR_TYPE, STD_DUR_TIME_QTY, TITLE, ORG_ID, ORG_PERS_RELTN_TYPE) values ('116', 'TESTUSER', {ts '2000-01-01 00:00:00.0'}, 'TESTUSER', {ts '2000-01-01 00:00:00.0'}, 1, '', 100, 1, '1', 1, 'Member of the CompSci COC', '161', 'kuali.org.person.relation.type.member')
/
insert into KSEN_ORG_POS_RESTR (ID, CREATEID, CREATETIME, UPDATEID, UPDATETIME, VER_NBR, DESCR_PLAIN, MAX_NUM_REL, MIN_NUM_REL, STD_DUR_TYPE, STD_DUR_TIME_QTY, TITLE, ORG_ID, ORG_PERS_RELTN_TYPE) values ('117', 'TESTUSER', {ts '2000-01-01 00:00:00.0'}, 'TESTUSER', {ts '2000-01-01 00:00:00.0'}, 1, '', 100, 1, '1', 1, 'Member of the Biology COC', '162', 'kuali.org.person.relation.type.member')
/
insert into KSEN_ORG_POS_RESTR (ID, CREATEID, CREATETIME, UPDATEID, UPDATETIME, VER_NBR, DESCR_PLAIN, MAX_NUM_REL, MIN_NUM_REL, STD_DUR_TYPE, STD_DUR_TIME_QTY, TITLE, ORG_ID, ORG_PERS_RELTN_TYPE) values ('118', 'TESTUSER', {ts '2000-01-01 00:00:00.0'}, 'TESTUSER', {ts '2000-01-01 00:00:00.0'}, 1, '', 100, 1, '1', 1, 'Member of the Biochemistry COC', '163', 'kuali.org.person.relation.type.member')
/
insert into KSEN_ORG_POS_RESTR (ID, CREATEID, CREATETIME, UPDATEID, UPDATETIME, VER_NBR, DESCR_PLAIN, MAX_NUM_REL, MIN_NUM_REL, STD_DUR_TYPE, STD_DUR_TIME_QTY, TITLE, ORG_ID, ORG_PERS_RELTN_TYPE) values ('119', 'TESTUSER', {ts '2000-01-01 00:00:00.0'}, 'TESTUSER', {ts '2000-01-01 00:00:00.0'}, 1, '', 100, 1, '1', 1, 'Member of the Botany COC', '164', 'kuali.org.person.relation.type.member')
/
insert into KSEN_ORG_POS_RESTR (ID, CREATEID, CREATETIME, UPDATEID, UPDATETIME, VER_NBR, DESCR_PLAIN, MAX_NUM_REL, MIN_NUM_REL, STD_DUR_TYPE, STD_DUR_TIME_QTY, TITLE, ORG_ID, ORG_PERS_RELTN_TYPE) values ('120', 'TESTUSER', {ts '2000-01-01 00:00:00.0'}, 'TESTUSER', {ts '2000-01-01 00:00:00.0'}, 1, '', 100, 1, '1', 1, 'Member of the Chemistry COC', '165', 'kuali.org.person.relation.type.member')
/
insert into KSEN_ORG_POS_RESTR (ID, CREATEID, CREATETIME, UPDATEID, UPDATETIME, VER_NBR, DESCR_PLAIN, MAX_NUM_REL, MIN_NUM_REL, STD_DUR_TYPE, STD_DUR_TIME_QTY, TITLE, ORG_ID, ORG_PERS_RELTN_TYPE) values ('122', 'TESTUSER', {ts '2000-01-01 00:00:00.0'}, 'TESTUSER', {ts '2000-01-01 00:00:00.0'}, 1, '', 100, 1, '1', 1, 'Member of the GenderStudies COC', '167', 'kuali.org.person.relation.type.member')
/
insert into KSEN_ORG_POS_RESTR (ID, CREATEID, CREATETIME, UPDATEID, UPDATETIME, VER_NBR, DESCR_PLAIN, MAX_NUM_REL, MIN_NUM_REL, STD_DUR_TYPE, STD_DUR_TIME_QTY, TITLE, ORG_ID, ORG_PERS_RELTN_TYPE) values ('123', 'TESTUSER', {ts '2000-01-01 00:00:00.0'}, 'TESTUSER', {ts '2000-01-01 00:00:00.0'}, 1, '', 100, 1, '1', 1, 'Member of the Geology COC', '166', 'kuali.org.person.relation.type.member')
/
insert into KSEN_ORG_POS_RESTR (ID, CREATEID, CREATETIME, UPDATEID, UPDATETIME, VER_NBR, DESCR_PLAIN, MAX_NUM_REL, MIN_NUM_REL, STD_DUR_TYPE, STD_DUR_TIME_QTY, TITLE, ORG_ID, ORG_PERS_RELTN_TYPE) values ('124', 'TESTUSER', {ts '2000-01-01 00:00:00.0'}, 'TESTUSER', {ts '2000-01-01 00:00:00.0'}, 1, '', 100, 1, '1', 1, 'Administrative Member of the English COC', '147', 'kuali.org.person.relation.type.admin.member')
/
insert into KSEN_ORG_POS_RESTR (ID, CREATEID, CREATETIME, UPDATEID, UPDATETIME, VER_NBR, DESCR_PLAIN, MAX_NUM_REL, MIN_NUM_REL, STD_DUR_TYPE, STD_DUR_TIME_QTY, TITLE, ORG_ID, ORG_PERS_RELTN_TYPE) values ('125', 'TESTUSER', {ts '2000-01-01 00:00:00.0'}, 'TESTUSER', {ts '2000-01-01 00:00:00.0'}, 1, '', 100, 1, '1', 1, 'Administrative Member of the FineArts COC', '148', 'kuali.org.person.relation.type.admin.member')
/
insert into KSEN_ORG_POS_RESTR (ID, CREATEID, CREATETIME, UPDATEID, UPDATETIME, VER_NBR, DESCR_PLAIN, MAX_NUM_REL, MIN_NUM_REL, STD_DUR_TYPE, STD_DUR_TIME_QTY, TITLE, ORG_ID, ORG_PERS_RELTN_TYPE) values ('126', 'TESTUSER', {ts '2000-01-01 00:00:00.0'}, 'TESTUSER', {ts '2000-01-01 00:00:00.0'}, 1, '', 100, 1, '1', 1, 'Administrative Member of the French COC', '149', 'kuali.org.person.relation.type.admin.member')
/
insert into KSEN_ORG_POS_RESTR (ID, CREATEID, CREATETIME, UPDATEID, UPDATETIME, VER_NBR, DESCR_PLAIN, MAX_NUM_REL, MIN_NUM_REL, STD_DUR_TYPE, STD_DUR_TIME_QTY, TITLE, ORG_ID, ORG_PERS_RELTN_TYPE) values ('127', 'TESTUSER', {ts '2000-01-01 00:00:00.0'}, 'TESTUSER', {ts '2000-01-01 00:00:00.0'}, 1, '', 100, 1, '1', 1, 'Administrative Member of the Geography COC', '150', 'kuali.org.person.relation.type.admin.member')
/
insert into KSEN_ORG_POS_RESTR (ID, CREATEID, CREATETIME, UPDATEID, UPDATETIME, VER_NBR, DESCR_PLAIN, MAX_NUM_REL, MIN_NUM_REL, STD_DUR_TYPE, STD_DUR_TIME_QTY, TITLE, ORG_ID, ORG_PERS_RELTN_TYPE) values ('128', 'TESTUSER', {ts '2000-01-01 00:00:00.0'}, 'TESTUSER', {ts '2000-01-01 00:00:00.0'}, 1, '', 100, 1, '1', 1, 'Administrative Member of the Linguistics COC', '151', 'kuali.org.person.relation.type.admin.member')
/
insert into KSEN_ORG_POS_RESTR (ID, CREATEID, CREATETIME, UPDATEID, UPDATETIME, VER_NBR, DESCR_PLAIN, MAX_NUM_REL, MIN_NUM_REL, STD_DUR_TYPE, STD_DUR_TIME_QTY, TITLE, ORG_ID, ORG_PERS_RELTN_TYPE) values ('129', 'TESTUSER', {ts '2000-01-01 00:00:00.0'}, 'TESTUSER', {ts '2000-01-01 00:00:00.0'}, 1, '', 100, 1, '1', 1, 'Administrative Member of the Music COC', '152', 'kuali.org.person.relation.type.admin.member')
/
insert into KSEN_ORG_POS_RESTR (ID, CREATEID, CREATETIME, UPDATEID, UPDATETIME, VER_NBR, DESCR_PLAIN, MAX_NUM_REL, MIN_NUM_REL, STD_DUR_TYPE, STD_DUR_TIME_QTY, TITLE, ORG_ID, ORG_PERS_RELTN_TYPE) values ('130', 'TESTUSER', {ts '2000-01-01 00:00:00.0'}, 'TESTUSER', {ts '2000-01-01 00:00:00.0'}, 1, '', 100, 1, '1', 1, 'Administrative Member of the History COC', '153', 'kuali.org.person.relation.type.admin.member')
/
insert into KSEN_ORG_POS_RESTR (ID, CREATEID, CREATETIME, UPDATEID, UPDATETIME, VER_NBR, DESCR_PLAIN, MAX_NUM_REL, MIN_NUM_REL, STD_DUR_TYPE, STD_DUR_TIME_QTY, TITLE, ORG_ID, ORG_PERS_RELTN_TYPE) values ('131', 'TESTUSER', {ts '2000-01-01 00:00:00.0'}, 'TESTUSER', {ts '2000-01-01 00:00:00.0'}, 1, '', 100, 1, '1', 1, 'Administrative Member of the PolySci COC', '154', 'kuali.org.person.relation.type.admin.member')
/
insert into KSEN_ORG_POS_RESTR (ID, CREATEID, CREATETIME, UPDATEID, UPDATETIME, VER_NBR, DESCR_PLAIN, MAX_NUM_REL, MIN_NUM_REL, STD_DUR_TYPE, STD_DUR_TIME_QTY, TITLE, ORG_ID, ORG_PERS_RELTN_TYPE) values ('132', 'TESTUSER', {ts '2000-01-01 00:00:00.0'}, 'TESTUSER', {ts '2000-01-01 00:00:00.0'}, 1, '', 100, 1, '1', 1, 'Administrative Member of the Psychology COC', '155', 'kuali.org.person.relation.type.admin.member')
/
insert into KSEN_ORG_POS_RESTR (ID, CREATEID, CREATETIME, UPDATEID, UPDATETIME, VER_NBR, DESCR_PLAIN, MAX_NUM_REL, MIN_NUM_REL, STD_DUR_TYPE, STD_DUR_TIME_QTY, TITLE, ORG_ID, ORG_PERS_RELTN_TYPE) values ('133', 'TESTUSER', {ts '2000-01-01 00:00:00.0'}, 'TESTUSER', {ts '2000-01-01 00:00:00.0'}, 1, '', 100, 1, '1', 1, 'Administrative Member of the Sociology COC', '156', 'kuali.org.person.relation.type.admin.member')
/
insert into KSEN_ORG_POS_RESTR (ID, CREATEID, CREATETIME, UPDATEID, UPDATETIME, VER_NBR, DESCR_PLAIN, MAX_NUM_REL, MIN_NUM_REL, STD_DUR_TYPE, STD_DUR_TIME_QTY, TITLE, ORG_ID, ORG_PERS_RELTN_TYPE) values ('134', 'TESTUSER', {ts '2000-01-01 00:00:00.0'}, 'TESTUSER', {ts '2000-01-01 00:00:00.0'}, 1, '', 100, 1, '1', 1, 'Administrative Member of the InterdiscBSOS COC', '157', 'kuali.org.person.relation.type.admin.member')
/
insert into KSEN_ORG_POS_RESTR (ID, CREATEID, CREATETIME, UPDATEID, UPDATETIME, VER_NBR, DESCR_PLAIN, MAX_NUM_REL, MIN_NUM_REL, STD_DUR_TYPE, STD_DUR_TIME_QTY, TITLE, ORG_ID, ORG_PERS_RELTN_TYPE) values ('135', 'TESTUSER', {ts '2000-01-01 00:00:00.0'}, 'TESTUSER', {ts '2000-01-01 00:00:00.0'}, 1, '', 100, 1, '1', 1, 'Administrative Member of the Chemical COC', '158', 'kuali.org.person.relation.type.admin.member')
/
insert into KSEN_ORG_POS_RESTR (ID, CREATEID, CREATETIME, UPDATEID, UPDATETIME, VER_NBR, DESCR_PLAIN, MAX_NUM_REL, MIN_NUM_REL, STD_DUR_TYPE, STD_DUR_TIME_QTY, TITLE, ORG_ID, ORG_PERS_RELTN_TYPE) values ('136', 'TESTUSER', {ts '2000-01-01 00:00:00.0'}, 'TESTUSER', {ts '2000-01-01 00:00:00.0'}, 1, '', 100, 1, '1', 1, 'Administrative Member of the Civil COC', '159', 'kuali.org.person.relation.type.admin.member')
/
insert into KSEN_ORG_POS_RESTR (ID, CREATEID, CREATETIME, UPDATEID, UPDATETIME, VER_NBR, DESCR_PLAIN, MAX_NUM_REL, MIN_NUM_REL, STD_DUR_TYPE, STD_DUR_TIME_QTY, TITLE, ORG_ID, ORG_PERS_RELTN_TYPE) values ('137', 'TESTUSER', {ts '2000-01-01 00:00:00.0'}, 'TESTUSER', {ts '2000-01-01 00:00:00.0'}, 1, '', 100, 1, '1', 1, 'Administrative Member of the Mechanical COC', '160', 'kuali.org.person.relation.type.admin.member')
/
insert into KSEN_ORG_POS_RESTR (ID, CREATEID, CREATETIME, UPDATEID, UPDATETIME, VER_NBR, DESCR_PLAIN, MAX_NUM_REL, MIN_NUM_REL, STD_DUR_TYPE, STD_DUR_TIME_QTY, TITLE, ORG_ID, ORG_PERS_RELTN_TYPE) values ('138', 'TESTUSER', {ts '2000-01-01 00:00:00.0'}, 'TESTUSER', {ts '2000-01-01 00:00:00.0'}, 1, '', 100, 1, '1', 1, 'Administrative Member of the CompSci COC', '161', 'kuali.org.person.relation.type.admin.member')
/
insert into KSEN_ORG_POS_RESTR (ID, CREATEID, CREATETIME, UPDATEID, UPDATETIME, VER_NBR, DESCR_PLAIN, MAX_NUM_REL, MIN_NUM_REL, STD_DUR_TYPE, STD_DUR_TIME_QTY, TITLE, ORG_ID, ORG_PERS_RELTN_TYPE) values ('139', 'TESTUSER', {ts '2000-01-01 00:00:00.0'}, 'TESTUSER', {ts '2000-01-01 00:00:00.0'}, 1, '', 100, 1, '1', 1, 'Administrative Member of the Biology COC', '162', 'kuali.org.person.relation.type.admin.member')
/
insert into KSEN_ORG_POS_RESTR (ID, CREATEID, CREATETIME, UPDATEID, UPDATETIME, VER_NBR, DESCR_PLAIN, MAX_NUM_REL, MIN_NUM_REL, STD_DUR_TYPE, STD_DUR_TIME_QTY, TITLE, ORG_ID, ORG_PERS_RELTN_TYPE) values ('140', 'TESTUSER', {ts '2000-01-01 00:00:00.0'}, 'TESTUSER', {ts '2000-01-01 00:00:00.0'}, 1, '', 100, 1, '1', 1, 'Administrative Member of the Biochemistry COC', '163', 'kuali.org.person.relation.type.admin.member')
/
insert into KSEN_ORG_POS_RESTR (ID, CREATEID, CREATETIME, UPDATEID, UPDATETIME, VER_NBR, DESCR_PLAIN, MAX_NUM_REL, MIN_NUM_REL, STD_DUR_TYPE, STD_DUR_TIME_QTY, TITLE, ORG_ID, ORG_PERS_RELTN_TYPE) values ('141', 'TESTUSER', {ts '2000-01-01 00:00:00.0'}, 'TESTUSER', {ts '2000-01-01 00:00:00.0'}, 1, '', 100, 1, '1', 1, 'Administrative Member of the Botany COC', '164', 'kuali.org.person.relation.type.admin.member')
/
insert into KSEN_ORG_POS_RESTR (ID, CREATEID, CREATETIME, UPDATEID, UPDATETIME, VER_NBR, DESCR_PLAIN, MAX_NUM_REL, MIN_NUM_REL, STD_DUR_TYPE, STD_DUR_TIME_QTY, TITLE, ORG_ID, ORG_PERS_RELTN_TYPE) values ('142', 'TESTUSER', {ts '2000-01-01 00:00:00.0'}, 'TESTUSER', {ts '2000-01-01 00:00:00.0'}, 1, '', 100, 1, '1', 1, 'Administrative Member of the Chemistry COC', '165', 'kuali.org.person.relation.type.admin.member')
/
insert into KSEN_ORG_POS_RESTR (ID, CREATEID, CREATETIME, UPDATEID, UPDATETIME, VER_NBR, DESCR_PLAIN, MAX_NUM_REL, MIN_NUM_REL, STD_DUR_TYPE, STD_DUR_TIME_QTY, TITLE, ORG_ID, ORG_PERS_RELTN_TYPE) values ('144', 'TESTUSER', {ts '2000-01-01 00:00:00.0'}, 'TESTUSER', {ts '2000-01-01 00:00:00.0'}, 1, '', 100, 1, '1', 1, 'Administrative Member of the GenderStudies COC', '167', 'kuali.org.person.relation.type.admin.member')
/
insert into KSEN_ORG_POS_RESTR (ID, CREATEID, CREATETIME, UPDATEID, UPDATETIME, VER_NBR, DESCR_PLAIN, MAX_NUM_REL, MIN_NUM_REL, STD_DUR_TYPE, STD_DUR_TIME_QTY, TITLE, ORG_ID, ORG_PERS_RELTN_TYPE) values ('145', 'TESTUSER', {ts '2000-01-01 00:00:00.0'}, 'TESTUSER', {ts '2000-01-01 00:00:00.0'}, 1, '', 100, 1, '1', 1, 'Administrative Member of the Geology COC', '166', 'kuali.org.person.relation.type.admin.member')
/
insert into KSEN_ORG_POS_RESTR (ID, CREATEID, CREATETIME, UPDATEID, UPDATETIME, VER_NBR, DESCR_PLAIN, MAX_NUM_REL, MIN_NUM_REL, STD_DUR_TYPE, STD_DUR_TIME_QTY, TITLE, ORG_ID, ORG_PERS_RELTN_TYPE) values ('146', 'TESTUSER', {ts '2000-01-01 00:00:00.0'}, 'TESTUSER', {ts '2000-01-01 00:00:00.0'}, 1, 'Composed of ALL the Administrative Members of each of the Departmental COCs', 100, 1, '1', 1, 'Ex-Officio Member of the Dept COC Reps', '142', 'kuali.org.person.relation.type.ex-officio')
/
insert into KSEN_ORG_POS_RESTR (ID, CREATEID, CREATETIME, UPDATEID, UPDATETIME, VER_NBR, DESCR_PLAIN, MAX_NUM_REL, MIN_NUM_REL, STD_DUR_TYPE, STD_DUR_TIME_QTY, TITLE, ORG_ID, ORG_PERS_RELTN_TYPE) values ('147', 'TESTUSER', {ts '2000-01-01 00:00:00.0'}, 'TESTUSER', {ts '2000-01-01 00:00:00.0'}, 1, 'Named Chair', 100, 1, '1', 1, 'Chair of the Geology CIC', '171', 'kuali.org.person.relation.type.chair')
/
insert into KSEN_ORG_POS_RESTR (ID, CREATEID, CREATETIME, UPDATEID, UPDATETIME, VER_NBR, DESCR_PLAIN, MAX_NUM_REL, MIN_NUM_REL, STD_DUR_TYPE, STD_DUR_TIME_QTY, TITLE, ORG_ID, ORG_PERS_RELTN_TYPE) values ('148', 'TESTUSER', {ts '2000-01-01 00:00:00.0'}, 'TESTUSER', {ts '2000-01-01 00:00:00.0'}, 1, '8 Other Named Faculty members from the department', 100, 1, '1', 1, 'Member of the Geology CIC', '171', 'kuali.org.person.relation.type.member')
/
insert into KSEN_ORG_POS_RESTR (ID, CREATEID, CREATETIME, UPDATEID, UPDATETIME, VER_NBR, DESCR_PLAIN, MAX_NUM_REL, MIN_NUM_REL, STD_DUR_TYPE, STD_DUR_TIME_QTY, TITLE, ORG_ID, ORG_PERS_RELTN_TYPE) values ('149', 'TESTUSER', {ts '2000-01-01 00:00:00.0'}, 'TESTUSER', {ts '2000-01-01 00:00:00.0'}, 1, 'Must be the Chair of the Departmental COC', 100, 1, '1', 1, 'Ex-Officio Member of the Geology CIC', '171', 'kuali.org.person.relation.type.ex-officio')
/
insert into KSEN_ORG_POS_RESTR (ID, CREATEID, CREATETIME, UPDATEID, UPDATETIME, VER_NBR, DESCR_PLAIN, MAX_NUM_REL, MIN_NUM_REL, STD_DUR_TYPE, STD_DUR_TIME_QTY, TITLE, ORG_ID, ORG_PERS_RELTN_TYPE) values ('150', 'TESTUSER', {ts '2000-01-01 00:00:00.0'}, 'TESTUSER', {ts '2000-01-01 00:00:00.0'}, 1, 'Administrative Officer of Chemical Engineering Dept', 100, 1, '1', 1, 'Administrative Officer of Chemical Engineering Dept', '61', 'kuali.org.person.relation.type.administrative.officer')
/
insert into KSEN_ORG_POS_RESTR (ID, CREATEID, CREATETIME, UPDATEID, UPDATETIME, VER_NBR, DESCR_PLAIN, MAX_NUM_REL, MIN_NUM_REL, STD_DUR_TYPE, STD_DUR_TIME_QTY, TITLE, ORG_ID, ORG_PERS_RELTN_TYPE) values ('151', 'TESTUSER', {ts '2000-01-01 00:00:00.0'}, 'TESTUSER', {ts '2000-01-01 00:00:00.0'}, 1, 'Administrative Officer of Civil Engineering Dept', 100, 1, '1', 1, 'Administrative Officer of Civil Engineering Dept', '62', 'kuali.org.person.relation.type.administrative.officer')
/
insert into KSEN_ORG_POS_RESTR (ID, CREATEID, CREATETIME, UPDATEID, UPDATETIME, VER_NBR, DESCR_PLAIN, MAX_NUM_REL, MIN_NUM_REL, STD_DUR_TYPE, STD_DUR_TIME_QTY, TITLE, ORG_ID, ORG_PERS_RELTN_TYPE) values ('152', 'TESTUSER', {ts '2000-01-01 00:00:00.0'}, 'TESTUSER', {ts '2000-01-01 00:00:00.0'}, 1, 'Administrative Officer of Engineering College', 100, 1, '1', 1, 'Administrative Officer of Engineering College', '31', 'kuali.org.person.relation.type.administrative.officer')
/

//ORG ORG RELATION
insert into KSEN_ORG_ORG_RELTN (ID, CREATEID, CREATETIME, UPDATEID, UPDATETIME, VER_NBR, EFF_DT, EXPIR_DT, ORG_RELTN_STATE, RELATED_ORG_ID, ORG_ID, ORG_RELTN_TYPE) values ('1', 'TESTUSER', {ts '2009-01-22 00:00:00.0'}, 'TESTUSER', {ts '2009-01-22 00:00:00.0'}, 1, {ts '2000-01-01 00:00:00.0'}, {ts '2000-12-31 00:00:00.0'}, 'Active', '2', '1', 'kuali.org.orgOrgRelation.type.Board')
/
insert into KSEN_ORG_ORG_RELTN (ID, CREATEID, CREATETIME, UPDATEID, UPDATETIME, VER_NBR, EFF_DT, EXPIR_DT, ORG_RELTN_STATE, RELATED_ORG_ID, ORG_ID, ORG_RELTN_TYPE) values ('2', 'TESTUSER', {ts '2009-01-22 00:00:00.0'}, 'TESTUSER', {ts '2009-01-22 00:00:00.0'}, 1, {ts '2000-01-01 00:00:00.0'}, {ts '2000-12-31 00:00:00.0'}, 'Active', '4', '1', 'kuali.org.Part')
/
insert into KSEN_ORG_ORG_RELTN (ID, CREATEID, CREATETIME, UPDATEID, UPDATETIME, VER_NBR, EFF_DT, EXPIR_DT, ORG_RELTN_STATE, RELATED_ORG_ID, ORG_ID, ORG_RELTN_TYPE) values ('3', 'TESTUSER', {ts '2009-01-22 00:00:00.0'}, 'TESTUSER', {ts '2009-01-22 00:00:00.0'}, 1, {ts '2000-01-01 00:00:00.0'}, {ts '2000-12-31 00:00:00.0'}, 'Active', '5', '4', 'kuali.org.orgOrgRelation.type.Board')
/
insert into KSEN_ORG_ORG_RELTN (ID, CREATEID, CREATETIME, UPDATEID, UPDATETIME, VER_NBR, EFF_DT, EXPIR_DT, ORG_RELTN_STATE, RELATED_ORG_ID, ORG_ID, ORG_RELTN_TYPE) values ('4', 'TESTUSER', {ts '2009-01-22 00:00:00.0'}, 'TESTUSER', {ts '2009-01-22 00:00:00.0'}, 1, {ts '2000-01-01 00:00:00.0'}, {ts '2000-12-31 00:00:00.0'}, 'Active', '6', '4', 'kuali.org.HQ')
/
insert into KSEN_ORG_ORG_RELTN (ID, CREATEID, CREATETIME, UPDATEID, UPDATETIME, VER_NBR, EFF_DT, EXPIR_DT, ORG_RELTN_STATE, RELATED_ORG_ID, ORG_ID, ORG_RELTN_TYPE) values ('5', 'TESTUSER', {ts '2009-01-22 00:00:00.0'}, 'TESTUSER', {ts '2009-01-22 00:00:00.0'}, 1, {ts '2000-01-01 00:00:00.0'}, {ts '2000-12-31 00:00:00.0'}, 'Active', '7', '6', 'kuali.org.Advisory')
/
insert into KSEN_ORG_ORG_RELTN (ID, CREATEID, CREATETIME, UPDATEID, UPDATETIME, VER_NBR, EFF_DT, EXPIR_DT, ORG_RELTN_STATE, RELATED_ORG_ID, ORG_ID, ORG_RELTN_TYPE) values ('6', 'TESTUSER', {ts '2009-01-22 00:00:00.0'}, 'TESTUSER', {ts '2009-01-22 00:00:00.0'}, 1, {ts '2000-01-01 00:00:00.0'}, {ts '2000-12-31 00:00:00.0'}, 'Active', '8', '6', 'kuali.org.Advisory')
/
insert into KSEN_ORG_ORG_RELTN (ID, CREATEID, CREATETIME, UPDATEID, UPDATETIME, VER_NBR, EFF_DT, EXPIR_DT, ORG_RELTN_STATE, RELATED_ORG_ID, ORG_ID, ORG_RELTN_TYPE) values ('7', 'TESTUSER', {ts '2009-01-22 00:00:00.0'}, 'TESTUSER', {ts '2009-01-22 00:00:00.0'}, 1, {ts '2000-01-01 00:00:00.0'}, {ts '2000-12-31 00:00:00.0'}, 'Active', '9', '6', 'kuali.org.Report')
/
insert into KSEN_ORG_ORG_RELTN (ID, CREATEID, CREATETIME, UPDATEID, UPDATETIME, VER_NBR, EFF_DT, EXPIR_DT, ORG_RELTN_STATE, RELATED_ORG_ID, ORG_ID, ORG_RELTN_TYPE) values ('8', 'TESTUSER', {ts '2009-01-22 00:00:00.0'}, 'TESTUSER', {ts '2009-01-22 00:00:00.0'}, 1, {ts '2000-01-01 00:00:00.0'}, {ts '2000-12-31 00:00:00.0'}, 'Active', '10', '6', 'kuali.org.Report')
/
insert into KSEN_ORG_ORG_RELTN (ID, CREATEID, CREATETIME, UPDATEID, UPDATETIME, VER_NBR, EFF_DT, EXPIR_DT, ORG_RELTN_STATE, RELATED_ORG_ID, ORG_ID, ORG_RELTN_TYPE) values ('9', 'TESTUSER', {ts '2009-01-22 00:00:00.0'}, 'TESTUSER', {ts '2009-01-22 00:00:00.0'}, 1, {ts '2000-01-01 00:00:00.0'}, {ts '2000-12-31 00:00:00.0'}, 'Active', '11', '6', 'kuali.org.Administer')
/
insert into KSEN_ORG_ORG_RELTN (ID, CREATEID, CREATETIME, UPDATEID, UPDATETIME, VER_NBR, EFF_DT, EXPIR_DT, ORG_RELTN_STATE, RELATED_ORG_ID, ORG_ID, ORG_RELTN_TYPE) values ('10', 'TESTUSER', {ts '2009-01-22 00:00:00.0'}, 'TESTUSER', {ts '2009-01-22 00:00:00.0'}, 1, {ts '2000-01-01 00:00:00.0'}, {ts '2000-12-31 00:00:00.0'}, 'Active', '12', '6', 'kuali.org.Administer')
/
insert into KSEN_ORG_ORG_RELTN (ID, CREATEID, CREATETIME, UPDATEID, UPDATETIME, VER_NBR, EFF_DT, EXPIR_DT, ORG_RELTN_STATE, RELATED_ORG_ID, ORG_ID, ORG_RELTN_TYPE) values ('11', 'TESTUSER', {ts '2009-01-22 00:00:00.0'}, 'TESTUSER', {ts '2009-01-22 00:00:00.0'}, 1, {ts '2000-01-01 00:00:00.0'}, {ts '2000-12-31 00:00:00.0'}, 'Active', '13', '6', 'kuali.org.Administer')
/
insert into KSEN_ORG_ORG_RELTN (ID, CREATEID, CREATETIME, UPDATEID, UPDATETIME, VER_NBR, EFF_DT, EXPIR_DT, ORG_RELTN_STATE, RELATED_ORG_ID, ORG_ID, ORG_RELTN_TYPE) values ('12', 'TESTUSER', {ts '2009-01-22 00:00:00.0'}, 'TESTUSER', {ts '2009-01-22 00:00:00.0'}, 1, {ts '2000-01-01 00:00:00.0'}, {ts '2000-12-31 00:00:00.0'}, 'Active', '14', '13', 'kuali.org.Administer')
/
insert into KSEN_ORG_ORG_RELTN (ID, CREATEID, CREATETIME, UPDATEID, UPDATETIME, VER_NBR, EFF_DT, EXPIR_DT, ORG_RELTN_STATE, RELATED_ORG_ID, ORG_ID, ORG_RELTN_TYPE) values ('13', 'TESTUSER', {ts '2009-01-22 00:00:00.0'}, 'TESTUSER', {ts '2009-01-22 00:00:00.0'}, 1, {ts '2000-01-01 00:00:00.0'}, {ts '2000-12-31 00:00:00.0'}, 'Active', '15', '4', 'kuali.org.Part')
/
insert into KSEN_ORG_ORG_RELTN (ID, CREATEID, CREATETIME, UPDATEID, UPDATETIME, VER_NBR, EFF_DT, EXPIR_DT, ORG_RELTN_STATE, RELATED_ORG_ID, ORG_ID, ORG_RELTN_TYPE) values ('14', 'TESTUSER', {ts '2009-01-22 00:00:00.0'}, 'TESTUSER', {ts '2009-01-22 00:00:00.0'}, 1, {ts '2000-01-01 00:00:00.0'}, {ts '2000-12-31 00:00:00.0'}, 'Active', '16', '4', 'kuali.org.Part')
/
insert into KSEN_ORG_ORG_RELTN (ID, CREATEID, CREATETIME, UPDATEID, UPDATETIME, VER_NBR, EFF_DT, EXPIR_DT, ORG_RELTN_STATE, RELATED_ORG_ID, ORG_ID, ORG_RELTN_TYPE) values ('15', 'TESTUSER', {ts '2009-01-22 00:00:00.0'}, 'TESTUSER', {ts '2009-01-22 00:00:00.0'}, 1, {ts '2000-01-01 00:00:00.0'}, {ts '2000-12-31 00:00:00.0'}, 'Active', '17', '4', 'kuali.org.Part')
/
insert into KSEN_ORG_ORG_RELTN (ID, CREATEID, CREATETIME, UPDATEID, UPDATETIME, VER_NBR, EFF_DT, EXPIR_DT, ORG_RELTN_STATE, RELATED_ORG_ID, ORG_ID, ORG_RELTN_TYPE) values ('16', 'TESTUSER', {ts '2009-01-22 00:00:00.0'}, 'TESTUSER', {ts '2009-01-22 00:00:00.0'}, 1, {ts '2000-01-01 00:00:00.0'}, {ts '2000-12-31 00:00:00.0'}, 'Active', '18', '4', 'kuali.org.Part')
/
insert into KSEN_ORG_ORG_RELTN (ID, CREATEID, CREATETIME, UPDATEID, UPDATETIME, VER_NBR, EFF_DT, EXPIR_DT, ORG_RELTN_STATE, RELATED_ORG_ID, ORG_ID, ORG_RELTN_TYPE) values ('17', 'TESTUSER', {ts '2009-01-22 00:00:00.0'}, 'TESTUSER', {ts '2009-01-22 00:00:00.0'}, 1, {ts '2000-01-01 00:00:00.0'}, {ts '2000-12-31 00:00:00.0'}, 'Active', '19', '15', 'kuali.org.HQ')
/
insert into KSEN_ORG_ORG_RELTN (ID, CREATEID, CREATETIME, UPDATEID, UPDATETIME, VER_NBR, EFF_DT, EXPIR_DT, ORG_RELTN_STATE, RELATED_ORG_ID, ORG_ID, ORG_RELTN_TYPE) values ('18', 'TESTUSER', {ts '2009-01-22 00:00:00.0'}, 'TESTUSER', {ts '2009-01-22 00:00:00.0'}, 1, {ts '2000-01-01 00:00:00.0'}, {ts '2000-12-31 00:00:00.0'}, 'Active', '20', '16', 'kuali.org.HQ')
/
insert into KSEN_ORG_ORG_RELTN (ID, CREATEID, CREATETIME, UPDATEID, UPDATETIME, VER_NBR, EFF_DT, EXPIR_DT, ORG_RELTN_STATE, RELATED_ORG_ID, ORG_ID, ORG_RELTN_TYPE) values ('19', 'TESTUSER', {ts '2009-01-22 00:00:00.0'}, 'TESTUSER', {ts '2009-01-22 00:00:00.0'}, 1, {ts '2000-01-01 00:00:00.0'}, {ts '2000-12-31 00:00:00.0'}, 'Active', '21', '17', 'kuali.org.HQ')
/
insert into KSEN_ORG_ORG_RELTN (ID, CREATEID, CREATETIME, UPDATEID, UPDATETIME, VER_NBR, EFF_DT, EXPIR_DT, ORG_RELTN_STATE, RELATED_ORG_ID, ORG_ID, ORG_RELTN_TYPE) values ('20', 'TESTUSER', {ts '2009-01-22 00:00:00.0'}, 'TESTUSER', {ts '2009-01-22 00:00:00.0'}, 1, {ts '2000-01-01 00:00:00.0'}, {ts '2000-12-31 00:00:00.0'}, 'Active', '22', '18', 'kuali.org.HQ')
/
insert into KSEN_ORG_ORG_RELTN (ID, CREATEID, CREATETIME, UPDATEID, UPDATETIME, VER_NBR, EFF_DT, EXPIR_DT, ORG_RELTN_STATE, RELATED_ORG_ID, ORG_ID, ORG_RELTN_TYPE) values ('21', 'TESTUSER', {ts '2009-01-22 00:00:00.0'}, 'TESTUSER', {ts '2009-01-22 00:00:00.0'}, 1, {ts '2000-01-01 00:00:00.0'}, {ts '2000-12-31 00:00:00.0'}, 'Active', '23', '19', 'kuali.org.Report')
/
insert into KSEN_ORG_ORG_RELTN (ID, CREATEID, CREATETIME, UPDATEID, UPDATETIME, VER_NBR, EFF_DT, EXPIR_DT, ORG_RELTN_STATE, RELATED_ORG_ID, ORG_ID, ORG_RELTN_TYPE) values ('22', 'TESTUSER', {ts '2009-01-22 00:00:00.0'}, 'TESTUSER', {ts '2009-01-22 00:00:00.0'}, 1, {ts '2000-01-01 00:00:00.0'}, {ts '2000-12-31 00:00:00.0'}, 'Active', '25', '21', 'kuali.org.Report')
/
insert into KSEN_ORG_ORG_RELTN (ID, CREATEID, CREATETIME, UPDATEID, UPDATETIME, VER_NBR, EFF_DT, EXPIR_DT, ORG_RELTN_STATE, RELATED_ORG_ID, ORG_ID, ORG_RELTN_TYPE) values ('23', 'TESTUSER', {ts '2009-01-22 00:00:00.0'}, 'TESTUSER', {ts '2009-01-22 00:00:00.0'}, 1, {ts '2000-01-01 00:00:00.0'}, {ts '2000-12-31 00:00:00.0'}, 'Active', '25', '24', 'kuali.org.HQ')
/
insert into KSEN_ORG_ORG_RELTN (ID, CREATEID, CREATETIME, UPDATEID, UPDATETIME, VER_NBR, EFF_DT, EXPIR_DT, ORG_RELTN_STATE, RELATED_ORG_ID, ORG_ID, ORG_RELTN_TYPE) values ('24', 'TESTUSER', {ts '2009-01-22 00:00:00.0'}, 'TESTUSER', {ts '2009-01-22 00:00:00.0'}, 1, {ts '2000-01-01 00:00:00.0'}, {ts '2000-12-31 00:00:00.0'}, 'Active', '24', '15', 'kuali.org.Part')
/
insert into KSEN_ORG_ORG_RELTN (ID, CREATEID, CREATETIME, UPDATEID, UPDATETIME, VER_NBR, EFF_DT, EXPIR_DT, ORG_RELTN_STATE, RELATED_ORG_ID, ORG_ID, ORG_RELTN_TYPE) values ('25', 'TESTUSER', {ts '2009-01-22 00:00:00.0'}, 'TESTUSER', {ts '2009-01-22 00:00:00.0'}, 1, {ts '2000-01-01 00:00:00.0'}, {ts '2000-12-31 00:00:00.0'}, 'Active', '26', '15', 'kuali.org.Part')
/
insert into KSEN_ORG_ORG_RELTN (ID, CREATEID, CREATETIME, UPDATEID, UPDATETIME, VER_NBR, EFF_DT, EXPIR_DT, ORG_RELTN_STATE, RELATED_ORG_ID, ORG_ID, ORG_RELTN_TYPE) values ('26', 'TESTUSER', {ts '2009-01-22 00:00:00.0'}, 'TESTUSER', {ts '2009-01-22 00:00:00.0'}, 1, {ts '2000-01-01 00:00:00.0'}, {ts '2000-12-31 00:00:00.0'}, 'Active', '27', '26', 'kuali.org.HQ')
/
insert into KSEN_ORG_ORG_RELTN (ID, CREATEID, CREATETIME, UPDATEID, UPDATETIME, VER_NBR, EFF_DT, EXPIR_DT, ORG_RELTN_STATE, RELATED_ORG_ID, ORG_ID, ORG_RELTN_TYPE) values ('27', 'TESTUSER', {ts '2009-01-22 00:00:00.0'}, 'TESTUSER', {ts '2009-01-22 00:00:00.0'}, 1, {ts '2000-01-01 00:00:00.0'}, {ts '2000-12-31 00:00:00.0'}, 'Active', '28', '15', 'kuali.org.Part')
/
insert into KSEN_ORG_ORG_RELTN (ID, CREATEID, CREATETIME, UPDATEID, UPDATETIME, VER_NBR, EFF_DT, EXPIR_DT, ORG_RELTN_STATE, RELATED_ORG_ID, ORG_ID, ORG_RELTN_TYPE) values ('28', 'TESTUSER', {ts '2009-01-22 00:00:00.0'}, 'TESTUSER', {ts '2009-01-22 00:00:00.0'}, 1, {ts '2000-01-01 00:00:00.0'}, {ts '2000-12-31 00:00:00.0'}, 'Active', '29', '15', 'kuali.org.Part')
/
insert into KSEN_ORG_ORG_RELTN (ID, CREATEID, CREATETIME, UPDATEID, UPDATETIME, VER_NBR, EFF_DT, EXPIR_DT, ORG_RELTN_STATE, RELATED_ORG_ID, ORG_ID, ORG_RELTN_TYPE) values ('29', 'TESTUSER', {ts '2009-01-22 00:00:00.0'}, 'TESTUSER', {ts '2009-01-22 00:00:00.0'}, 1, {ts '2000-01-01 00:00:00.0'}, {ts '2000-12-31 00:00:00.0'}, 'Active', '31', '15', 'kuali.org.Part')
/
insert into KSEN_ORG_ORG_RELTN (ID, CREATEID, CREATETIME, UPDATEID, UPDATETIME, VER_NBR, EFF_DT, EXPIR_DT, ORG_RELTN_STATE, RELATED_ORG_ID, ORG_ID, ORG_RELTN_TYPE) values ('30', 'TESTUSER', {ts '2009-01-22 00:00:00.0'}, 'TESTUSER', {ts '2009-01-22 00:00:00.0'}, 1, {ts '2000-01-01 00:00:00.0'}, {ts '2000-12-31 00:00:00.0'}, 'Active', '30', '15', 'kuali.org.Part')
/
insert into KSEN_ORG_ORG_RELTN (ID, CREATEID, CREATETIME, UPDATEID, UPDATETIME, VER_NBR, EFF_DT, EXPIR_DT, ORG_RELTN_STATE, RELATED_ORG_ID, ORG_ID, ORG_RELTN_TYPE) values ('31', 'TESTUSER', {ts '2009-01-22 00:00:00.0'}, 'TESTUSER', {ts '2009-01-22 00:00:00.0'}, 1, {ts '2000-01-01 00:00:00.0'}, {ts '2000-12-31 00:00:00.0'}, 'Active', '32', '15', 'kuali.org.Part')
/
insert into KSEN_ORG_ORG_RELTN (ID, CREATEID, CREATETIME, UPDATEID, UPDATETIME, VER_NBR, EFF_DT, EXPIR_DT, ORG_RELTN_STATE, RELATED_ORG_ID, ORG_ID, ORG_RELTN_TYPE) values ('32', 'TESTUSER', {ts '2009-01-22 00:00:00.0'}, 'TESTUSER', {ts '2009-01-22 00:00:00.0'}, 1, {ts '2000-01-01 00:00:00.0'}, {ts '2000-12-31 00:00:00.0'}, 'Active', '33', '15', 'kuali.org.Part')
/
insert into KSEN_ORG_ORG_RELTN (ID, CREATEID, CREATETIME, UPDATEID, UPDATETIME, VER_NBR, EFF_DT, EXPIR_DT, ORG_RELTN_STATE, RELATED_ORG_ID, ORG_ID, ORG_RELTN_TYPE) values ('33', 'TESTUSER', {ts '2009-01-22 00:00:00.0'}, 'TESTUSER', {ts '2009-01-22 00:00:00.0'}, 1, {ts '2000-01-01 00:00:00.0'}, {ts '2000-12-31 00:00:00.0'}, 'Active', '34', '15', 'kuali.org.Part')
/
insert into KSEN_ORG_ORG_RELTN (ID, CREATEID, CREATETIME, UPDATEID, UPDATETIME, VER_NBR, EFF_DT, EXPIR_DT, ORG_RELTN_STATE, RELATED_ORG_ID, ORG_ID, ORG_RELTN_TYPE) values ('34', 'TESTUSER', {ts '2009-01-22 00:00:00.0'}, 'TESTUSER', {ts '2009-01-22 00:00:00.0'}, 1, {ts '2000-01-01 00:00:00.0'}, {ts '2000-12-31 00:00:00.0'}, 'Active', '35', '28', 'kuali.org.HQ')
/
insert into KSEN_ORG_ORG_RELTN (ID, CREATEID, CREATETIME, UPDATEID, UPDATETIME, VER_NBR, EFF_DT, EXPIR_DT, ORG_RELTN_STATE, RELATED_ORG_ID, ORG_ID, ORG_RELTN_TYPE) values ('35', 'TESTUSER', {ts '2009-01-22 00:00:00.0'}, 'TESTUSER', {ts '2009-01-22 00:00:00.0'}, 1, {ts '2000-01-01 00:00:00.0'}, {ts '2000-12-31 00:00:00.0'}, 'Active', '36', '29', 'kuali.org.HQ')
/
insert into KSEN_ORG_ORG_RELTN (ID, CREATEID, CREATETIME, UPDATEID, UPDATETIME, VER_NBR, EFF_DT, EXPIR_DT, ORG_RELTN_STATE, RELATED_ORG_ID, ORG_ID, ORG_RELTN_TYPE) values ('36', 'TESTUSER', {ts '2009-01-22 00:00:00.0'}, 'TESTUSER', {ts '2009-01-22 00:00:00.0'}, 1, {ts '2000-01-01 00:00:00.0'}, {ts '2000-12-31 00:00:00.0'}, 'Active', '37', '31', 'kuali.org.HQ')
/
insert into KSEN_ORG_ORG_RELTN (ID, CREATEID, CREATETIME, UPDATEID, UPDATETIME, VER_NBR, EFF_DT, EXPIR_DT, ORG_RELTN_STATE, RELATED_ORG_ID, ORG_ID, ORG_RELTN_TYPE) values ('37', 'TESTUSER', {ts '2009-01-22 00:00:00.0'}, 'TESTUSER', {ts '2009-01-22 00:00:00.0'}, 1, {ts '2000-01-01 00:00:00.0'}, {ts '2000-12-31 00:00:00.0'}, 'Active', '38', '30', 'kuali.org.HQ')
/
insert into KSEN_ORG_ORG_RELTN (ID, CREATEID, CREATETIME, UPDATEID, UPDATETIME, VER_NBR, EFF_DT, EXPIR_DT, ORG_RELTN_STATE, RELATED_ORG_ID, ORG_ID, ORG_RELTN_TYPE) values ('38', 'TESTUSER', {ts '2009-01-22 00:00:00.0'}, 'TESTUSER', {ts '2009-01-22 00:00:00.0'}, 1, {ts '2000-01-01 00:00:00.0'}, {ts '2000-12-31 00:00:00.0'}, 'Active', '39', '15', 'kuali.org.Part')
/
insert into KSEN_ORG_ORG_RELTN (ID, CREATEID, CREATETIME, UPDATEID, UPDATETIME, VER_NBR, EFF_DT, EXPIR_DT, ORG_RELTN_STATE, RELATED_ORG_ID, ORG_ID, ORG_RELTN_TYPE) values ('39', 'TESTUSER', {ts '2009-01-22 00:00:00.0'}, 'TESTUSER', {ts '2009-01-22 00:00:00.0'}, 1, {ts '2000-01-01 00:00:00.0'}, {ts '2000-12-31 00:00:00.0'}, 'Active', '50', '28', 'kuali.org.Part')
/
insert into KSEN_ORG_ORG_RELTN (ID, CREATEID, CREATETIME, UPDATEID, UPDATETIME, VER_NBR, EFF_DT, EXPIR_DT, ORG_RELTN_STATE, RELATED_ORG_ID, ORG_ID, ORG_RELTN_TYPE) values ('40', 'TESTUSER', {ts '2009-01-22 00:00:00.0'}, 'TESTUSER', {ts '2009-01-22 00:00:00.0'}, 1, {ts '2000-01-01 00:00:00.0'}, {ts '2000-12-31 00:00:00.0'}, 'Active', '51', '28', 'kuali.org.Part')
/
insert into KSEN_ORG_ORG_RELTN (ID, CREATEID, CREATETIME, UPDATEID, UPDATETIME, VER_NBR, EFF_DT, EXPIR_DT, ORG_RELTN_STATE, RELATED_ORG_ID, ORG_ID, ORG_RELTN_TYPE) values ('41', 'TESTUSER', {ts '2009-01-22 00:00:00.0'}, 'TESTUSER', {ts '2009-01-22 00:00:00.0'}, 1, {ts '2000-01-01 00:00:00.0'}, {ts '2000-12-31 00:00:00.0'}, 'Active', '52', '28', 'kuali.org.Part')
/
insert into KSEN_ORG_ORG_RELTN (ID, CREATEID, CREATETIME, UPDATEID, UPDATETIME, VER_NBR, EFF_DT, EXPIR_DT, ORG_RELTN_STATE, RELATED_ORG_ID, ORG_ID, ORG_RELTN_TYPE) values ('42', 'TESTUSER', {ts '2009-01-22 00:00:00.0'}, 'TESTUSER', {ts '2009-01-22 00:00:00.0'}, 1, {ts '2000-01-01 00:00:00.0'}, {ts '2000-12-31 00:00:00.0'}, 'Active', '53', '28', 'kuali.org.Part')
/
insert into KSEN_ORG_ORG_RELTN (ID, CREATEID, CREATETIME, UPDATEID, UPDATETIME, VER_NBR, EFF_DT, EXPIR_DT, ORG_RELTN_STATE, RELATED_ORG_ID, ORG_ID, ORG_RELTN_TYPE) values ('43', 'TESTUSER', {ts '2009-01-22 00:00:00.0'}, 'TESTUSER', {ts '2009-01-22 00:00:00.0'}, 1, {ts '2000-01-01 00:00:00.0'}, {ts '2000-12-31 00:00:00.0'}, 'Active', '54', '28', 'kuali.org.Part')
/
insert into KSEN_ORG_ORG_RELTN (ID, CREATEID, CREATETIME, UPDATEID, UPDATETIME, VER_NBR, EFF_DT, EXPIR_DT, ORG_RELTN_STATE, RELATED_ORG_ID, ORG_ID, ORG_RELTN_TYPE) values ('44', 'TESTUSER', {ts '2009-01-22 00:00:00.0'}, 'TESTUSER', {ts '2009-01-22 00:00:00.0'}, 1, {ts '2000-01-01 00:00:00.0'}, {ts '2000-12-31 00:00:00.0'}, 'Active', '55', '28', 'kuali.org.Part')
/
insert into KSEN_ORG_ORG_RELTN (ID, CREATEID, CREATETIME, UPDATEID, UPDATETIME, VER_NBR, EFF_DT, EXPIR_DT, ORG_RELTN_STATE, RELATED_ORG_ID, ORG_ID, ORG_RELTN_TYPE) values ('45', 'TESTUSER', {ts '2009-01-22 00:00:00.0'}, 'TESTUSER', {ts '2009-01-22 00:00:00.0'}, 1, {ts '2000-01-01 00:00:00.0'}, {ts '2000-12-31 00:00:00.0'}, 'Active', '56', '29', 'kuali.org.Part')
/
insert into KSEN_ORG_ORG_RELTN (ID, CREATEID, CREATETIME, UPDATEID, UPDATETIME, VER_NBR, EFF_DT, EXPIR_DT, ORG_RELTN_STATE, RELATED_ORG_ID, ORG_ID, ORG_RELTN_TYPE) values ('46', 'TESTUSER', {ts '2009-01-22 00:00:00.0'}, 'TESTUSER', {ts '2009-01-22 00:00:00.0'}, 1, {ts '2000-01-01 00:00:00.0'}, {ts '2000-12-31 00:00:00.0'}, 'Active', '57', '29', 'kuali.org.Part')
/
insert into KSEN_ORG_ORG_RELTN (ID, CREATEID, CREATETIME, UPDATEID, UPDATETIME, VER_NBR, EFF_DT, EXPIR_DT, ORG_RELTN_STATE, RELATED_ORG_ID, ORG_ID, ORG_RELTN_TYPE) values ('47', 'TESTUSER', {ts '2009-01-22 00:00:00.0'}, 'TESTUSER', {ts '2009-01-22 00:00:00.0'}, 1, {ts '2000-01-01 00:00:00.0'}, {ts '2000-12-31 00:00:00.0'}, 'Active', '58', '29', 'kuali.org.Part')
/
insert into KSEN_ORG_ORG_RELTN (ID, CREATEID, CREATETIME, UPDATEID, UPDATETIME, VER_NBR, EFF_DT, EXPIR_DT, ORG_RELTN_STATE, RELATED_ORG_ID, ORG_ID, ORG_RELTN_TYPE) values ('48', 'TESTUSER', {ts '2009-01-22 00:00:00.0'}, 'TESTUSER', {ts '2009-01-22 00:00:00.0'}, 1, {ts '2000-01-01 00:00:00.0'}, {ts '2000-12-31 00:00:00.0'}, 'Active', '59', '29', 'kuali.org.Part')
/
insert into KSEN_ORG_ORG_RELTN (ID, CREATEID, CREATETIME, UPDATEID, UPDATETIME, VER_NBR, EFF_DT, EXPIR_DT, ORG_RELTN_STATE, RELATED_ORG_ID, ORG_ID, ORG_RELTN_TYPE) values ('49', 'TESTUSER', {ts '2009-01-22 00:00:00.0'}, 'TESTUSER', {ts '2009-01-22 00:00:00.0'}, 1, {ts '2000-01-01 00:00:00.0'}, {ts '2000-12-31 00:00:00.0'}, 'Active', '60', '29', 'kuali.org.Part')
/
insert into KSEN_ORG_ORG_RELTN (ID, CREATEID, CREATETIME, UPDATEID, UPDATETIME, VER_NBR, EFF_DT, EXPIR_DT, ORG_RELTN_STATE, RELATED_ORG_ID, ORG_ID, ORG_RELTN_TYPE) values ('50', 'TESTUSER', {ts '2009-01-22 00:00:00.0'}, 'TESTUSER', {ts '2009-01-22 00:00:00.0'}, 1, {ts '2000-01-01 00:00:00.0'}, {ts '2000-12-31 00:00:00.0'}, 'Active', '60', '56', 'kuali.org.Collaborate')
/
insert into KSEN_ORG_ORG_RELTN (ID, CREATEID, CREATETIME, UPDATEID, UPDATETIME, VER_NBR, EFF_DT, EXPIR_DT, ORG_RELTN_STATE, RELATED_ORG_ID, ORG_ID, ORG_RELTN_TYPE) values ('51', 'TESTUSER', {ts '2009-01-22 00:00:00.0'}, 'TESTUSER', {ts '2009-01-22 00:00:00.0'}, 1, {ts '2000-01-01 00:00:00.0'}, {ts '2000-12-31 00:00:00.0'}, 'Active', '60', '57', 'kuali.org.Collaborate')
/
insert into KSEN_ORG_ORG_RELTN (ID, CREATEID, CREATETIME, UPDATEID, UPDATETIME, VER_NBR, EFF_DT, EXPIR_DT, ORG_RELTN_STATE, RELATED_ORG_ID, ORG_ID, ORG_RELTN_TYPE) values ('52', 'TESTUSER', {ts '2009-01-22 00:00:00.0'}, 'TESTUSER', {ts '2009-01-22 00:00:00.0'}, 1, {ts '2000-01-01 00:00:00.0'}, {ts '2000-12-31 00:00:00.0'}, 'Active', '60', '58', 'kuali.org.Collaborate')
/
insert into KSEN_ORG_ORG_RELTN (ID, CREATEID, CREATETIME, UPDATEID, UPDATETIME, VER_NBR, EFF_DT, EXPIR_DT, ORG_RELTN_STATE, RELATED_ORG_ID, ORG_ID, ORG_RELTN_TYPE) values ('53', 'TESTUSER', {ts '2009-01-22 00:00:00.0'}, 'TESTUSER', {ts '2009-01-22 00:00:00.0'}, 1, {ts '2000-01-01 00:00:00.0'}, {ts '2000-12-31 00:00:00.0'}, 'Active', '60', '59', 'kuali.org.Collaborate')
/
insert into KSEN_ORG_ORG_RELTN (ID, CREATEID, CREATETIME, UPDATEID, UPDATETIME, VER_NBR, EFF_DT, EXPIR_DT, ORG_RELTN_STATE, RELATED_ORG_ID, ORG_ID, ORG_RELTN_TYPE) values ('54', 'TESTUSER', {ts '2009-01-22 00:00:00.0'}, 'TESTUSER', {ts '2009-01-22 00:00:00.0'}, 1, {ts '2000-01-01 00:00:00.0'}, {ts '2000-12-31 00:00:00.0'}, 'Active', '61', '31', 'kuali.org.Part')
/
insert into KSEN_ORG_ORG_RELTN (ID, CREATEID, CREATETIME, UPDATEID, UPDATETIME, VER_NBR, EFF_DT, EXPIR_DT, ORG_RELTN_STATE, RELATED_ORG_ID, ORG_ID, ORG_RELTN_TYPE) values ('55', 'TESTUSER', {ts '2009-01-22 00:00:00.0'}, 'TESTUSER', {ts '2009-01-22 00:00:00.0'}, 1, {ts '2000-01-01 00:00:00.0'}, {ts '2000-12-31 00:00:00.0'}, 'Active', '62', '31', 'kuali.org.Part')
/
insert into KSEN_ORG_ORG_RELTN (ID, CREATEID, CREATETIME, UPDATEID, UPDATETIME, VER_NBR, EFF_DT, EXPIR_DT, ORG_RELTN_STATE, RELATED_ORG_ID, ORG_ID, ORG_RELTN_TYPE) values ('56', 'TESTUSER', {ts '2009-01-22 00:00:00.0'}, 'TESTUSER', {ts '2009-01-22 00:00:00.0'}, 1, {ts '2000-01-01 00:00:00.0'}, {ts '2000-12-31 00:00:00.0'}, 'Active', '63', '31', 'kuali.org.Part')
/
insert into KSEN_ORG_ORG_RELTN (ID, CREATEID, CREATETIME, UPDATEID, UPDATETIME, VER_NBR, EFF_DT, EXPIR_DT, ORG_RELTN_STATE, RELATED_ORG_ID, ORG_ID, ORG_RELTN_TYPE) values ('57', 'TESTUSER', {ts '2009-01-22 00:00:00.0'}, 'TESTUSER', {ts '2009-01-22 00:00:00.0'}, 1, {ts '2000-01-01 00:00:00.0'}, {ts '2000-12-31 00:00:00.0'}, 'Active', '64', '31', 'kuali.org.Part')
/
insert into KSEN_ORG_ORG_RELTN (ID, CREATEID, CREATETIME, UPDATEID, UPDATETIME, VER_NBR, EFF_DT, EXPIR_DT, ORG_RELTN_STATE, RELATED_ORG_ID, ORG_ID, ORG_RELTN_TYPE) values ('58', 'TESTUSER', {ts '2009-01-22 00:00:00.0'}, 'TESTUSER', {ts '2009-01-22 00:00:00.0'}, 1, {ts '2000-01-01 00:00:00.0'}, {ts '2000-12-31 00:00:00.0'}, 'Active', '70', '32', 'kuali.org.Part')
/
insert into KSEN_ORG_ORG_RELTN (ID, CREATEID, CREATETIME, UPDATEID, UPDATETIME, VER_NBR, EFF_DT, EXPIR_DT, ORG_RELTN_STATE, RELATED_ORG_ID, ORG_ID, ORG_RELTN_TYPE) values ('59', 'TESTUSER', {ts '2009-01-22 00:00:00.0'}, 'TESTUSER', {ts '2009-01-22 00:00:00.0'}, 1, {ts '2000-01-01 00:00:00.0'}, {ts '2000-12-31 00:00:00.0'}, 'Active', '71', '32', 'kuali.org.Part')
/
insert into KSEN_ORG_ORG_RELTN (ID, CREATEID, CREATETIME, UPDATEID, UPDATETIME, VER_NBR, EFF_DT, EXPIR_DT, ORG_RELTN_STATE, RELATED_ORG_ID, ORG_ID, ORG_RELTN_TYPE) values ('60', 'TESTUSER', {ts '2009-01-22 00:00:00.0'}, 'TESTUSER', {ts '2009-01-22 00:00:00.0'}, 1, {ts '2000-01-01 00:00:00.0'}, {ts '2000-12-31 00:00:00.0'}, 'Active', '72', '32', 'kuali.org.Part')
/
insert into KSEN_ORG_ORG_RELTN (ID, CREATEID, CREATETIME, UPDATEID, UPDATETIME, VER_NBR, EFF_DT, EXPIR_DT, ORG_RELTN_STATE, RELATED_ORG_ID, ORG_ID, ORG_RELTN_TYPE) values ('61', 'TESTUSER', {ts '2009-01-22 00:00:00.0'}, 'TESTUSER', {ts '2009-01-22 00:00:00.0'}, 1, {ts '2000-01-01 00:00:00.0'}, {ts '2000-12-31 00:00:00.0'}, 'Active', '73', '32', 'kuali.org.Part')
/
insert into KSEN_ORG_ORG_RELTN (ID, CREATEID, CREATETIME, UPDATEID, UPDATETIME, VER_NBR, EFF_DT, EXPIR_DT, ORG_RELTN_STATE, RELATED_ORG_ID, ORG_ID, ORG_RELTN_TYPE) values ('62', 'TESTUSER', {ts '2009-01-22 00:00:00.0'}, 'TESTUSER', {ts '2009-01-22 00:00:00.0'}, 1, {ts '2000-01-01 00:00:00.0'}, {ts '2000-12-31 00:00:00.0'}, 'Active', '65', '30', 'kuali.org.Part')
/
insert into KSEN_ORG_ORG_RELTN (ID, CREATEID, CREATETIME, UPDATEID, UPDATETIME, VER_NBR, EFF_DT, EXPIR_DT, ORG_RELTN_STATE, RELATED_ORG_ID, ORG_ID, ORG_RELTN_TYPE) values ('63', 'TESTUSER', {ts '2009-01-22 00:00:00.0'}, 'TESTUSER', {ts '2009-01-22 00:00:00.0'}, 1, {ts '2000-01-01 00:00:00.0'}, {ts '2000-12-31 00:00:00.0'}, 'Active', '66', '30', 'kuali.org.Part')
/
insert into KSEN_ORG_ORG_RELTN (ID, CREATEID, CREATETIME, UPDATEID, UPDATETIME, VER_NBR, EFF_DT, EXPIR_DT, ORG_RELTN_STATE, RELATED_ORG_ID, ORG_ID, ORG_RELTN_TYPE) values ('64', 'TESTUSER', {ts '2009-01-22 00:00:00.0'}, 'TESTUSER', {ts '2009-01-22 00:00:00.0'}, 1, {ts '2000-01-01 00:00:00.0'}, {ts '2000-12-31 00:00:00.0'}, 'Active', '67', '30', 'kuali.org.Part')
/
insert into KSEN_ORG_ORG_RELTN (ID, CREATEID, CREATETIME, UPDATEID, UPDATETIME, VER_NBR, EFF_DT, EXPIR_DT, ORG_RELTN_STATE, RELATED_ORG_ID, ORG_ID, ORG_RELTN_TYPE) values ('65', 'TESTUSER', {ts '2009-01-22 00:00:00.0'}, 'TESTUSER', {ts '2009-01-22 00:00:00.0'}, 1, {ts '2000-01-01 00:00:00.0'}, {ts '2000-12-31 00:00:00.0'}, 'Active', '68', '30', 'kuali.org.Part')
/
insert into KSEN_ORG_ORG_RELTN (ID, CREATEID, CREATETIME, UPDATEID, UPDATETIME, VER_NBR, EFF_DT, EXPIR_DT, ORG_RELTN_STATE, RELATED_ORG_ID, ORG_ID, ORG_RELTN_TYPE) values ('66', 'TESTUSER', {ts '2009-01-22 00:00:00.0'}, 'TESTUSER', {ts '2009-01-22 00:00:00.0'}, 1, {ts '2000-01-01 00:00:00.0'}, {ts '2000-12-31 00:00:00.0'}, 'Active', '69', '30', 'kuali.org.Part')
/
insert into KSEN_ORG_ORG_RELTN (ID, CREATEID, CREATETIME, UPDATEID, UPDATETIME, VER_NBR, EFF_DT, EXPIR_DT, ORG_RELTN_STATE, RELATED_ORG_ID, ORG_ID, ORG_RELTN_TYPE) values ('67', 'TESTUSER', {ts '2009-01-22 00:00:00.0'}, 'TESTUSER', {ts '2009-01-22 00:00:00.0'}, 1, {ts '2000-01-01 00:00:00.0'}, {ts '2000-12-31 00:00:00.0'}, 'Active', '40', '39', 'kuali.org.Part')
/
insert into KSEN_ORG_ORG_RELTN (ID, CREATEID, CREATETIME, UPDATEID, UPDATETIME, VER_NBR, EFF_DT, EXPIR_DT, ORG_RELTN_STATE, RELATED_ORG_ID, ORG_ID, ORG_RELTN_TYPE) values ('68', 'TESTUSER', {ts '2009-01-22 00:00:00.0'}, 'TESTUSER', {ts '2009-01-22 00:00:00.0'}, 1, {ts '2000-01-01 00:00:00.0'}, {ts '2000-12-31 00:00:00.0'}, 'Active', '74', '19', 'kuali.org.Part')
/
insert into KSEN_ORG_ORG_RELTN (ID, CREATEID, CREATETIME, UPDATEID, UPDATETIME, VER_NBR, EFF_DT, EXPIR_DT, ORG_RELTN_STATE, RELATED_ORG_ID, ORG_ID, ORG_RELTN_TYPE) values ('69', 'TESTUSER', {ts '2009-01-22 00:00:00.0'}, 'TESTUSER', {ts '2009-01-22 00:00:00.0'}, 1, {ts '2000-01-01 00:00:00.0'}, {ts '2000-12-31 00:00:00.0'}, 'Active', '75', '19', 'kuali.org.Part')
/
insert into KSEN_ORG_ORG_RELTN (ID, CREATEID, CREATETIME, UPDATEID, UPDATETIME, VER_NBR, EFF_DT, EXPIR_DT, ORG_RELTN_STATE, RELATED_ORG_ID, ORG_ID, ORG_RELTN_TYPE) values ('70', 'TESTUSER', {ts '2009-01-22 00:00:00.0'}, 'TESTUSER', {ts '2009-01-22 00:00:00.0'}, 1, {ts '2000-01-01 00:00:00.0'}, {ts '2000-12-31 00:00:00.0'}, 'Active', '76', '19', 'kuali.org.Part')
/
insert into KSEN_ORG_ORG_RELTN (ID, CREATEID, CREATETIME, UPDATEID, UPDATETIME, VER_NBR, EFF_DT, EXPIR_DT, ORG_RELTN_STATE, RELATED_ORG_ID, ORG_ID, ORG_RELTN_TYPE) values ('71', 'TESTUSER', {ts '2009-01-22 00:00:00.0'}, 'TESTUSER', {ts '2009-01-22 00:00:00.0'}, 1, {ts '2000-01-01 00:00:00.0'}, {ts '2000-12-31 00:00:00.0'}, 'Active', '98', '16', 'kuali.org.Report')
/
insert into KSEN_ORG_ORG_RELTN (ID, CREATEID, CREATETIME, UPDATEID, UPDATETIME, VER_NBR, EFF_DT, EXPIR_DT, ORG_RELTN_STATE, RELATED_ORG_ID, ORG_ID, ORG_RELTN_TYPE) values ('72', 'TESTUSER', {ts '2009-01-22 00:00:00.0'}, 'TESTUSER', {ts '2009-01-22 00:00:00.0'}, 1, {ts '2000-01-01 00:00:00.0'}, {ts '2000-12-31 00:00:00.0'}, 'Active', '99', '16', 'kuali.org.Report')
/
insert into KSEN_ORG_ORG_RELTN (ID, CREATEID, CREATETIME, UPDATEID, UPDATETIME, VER_NBR, EFF_DT, EXPIR_DT, ORG_RELTN_STATE, RELATED_ORG_ID, ORG_ID, ORG_RELTN_TYPE) values ('73', 'TESTUSER', {ts '2009-01-22 00:00:00.0'}, 'TESTUSER', {ts '2009-01-22 00:00:00.0'}, 1, {ts '2000-01-01 00:00:00.0'}, {ts '2000-12-31 00:00:00.0'}, 'Active', '98', '16', 'kuali.org.Report')
/
insert into KSEN_ORG_ORG_RELTN (ID, CREATEID, CREATETIME, UPDATEID, UPDATETIME, VER_NBR, EFF_DT, EXPIR_DT, ORG_RELTN_STATE, RELATED_ORG_ID, ORG_ID, ORG_RELTN_TYPE) values ('74', 'TESTUSER', {ts '2009-01-22 00:00:00.0'}, 'TESTUSER', {ts '2009-01-22 00:00:00.0'}, 1, {ts '2000-01-01 00:00:00.0'}, {ts '2000-12-31 00:00:00.0'}, 'Active', '102', '16', 'kuali.org.Report')
/
insert into KSEN_ORG_ORG_RELTN (ID, CREATEID, CREATETIME, UPDATEID, UPDATETIME, VER_NBR, EFF_DT, EXPIR_DT, ORG_RELTN_STATE, RELATED_ORG_ID, ORG_ID, ORG_RELTN_TYPE) values ('75', 'TESTUSER', {ts '2009-01-22 00:00:00.0'}, 'TESTUSER', {ts '2009-01-22 00:00:00.0'}, 1, {ts '2000-01-01 00:00:00.0'}, {ts '2000-12-31 00:00:00.0'}, 'Active', '103', '102', 'kuali.org.Part')
/
insert into KSEN_ORG_ORG_RELTN (ID, CREATEID, CREATETIME, UPDATEID, UPDATETIME, VER_NBR, EFF_DT, EXPIR_DT, ORG_RELTN_STATE, RELATED_ORG_ID, ORG_ID, ORG_RELTN_TYPE) values ('76', 'TESTUSER', {ts '2009-01-22 00:00:00.0'}, 'TESTUSER', {ts '2009-01-22 00:00:00.0'}, 1, {ts '2000-01-01 00:00:00.0'}, {ts '2000-12-31 00:00:00.0'}, 'Active', '104', '16', 'kuali.org.Report')
/
insert into KSEN_ORG_ORG_RELTN (ID, CREATEID, CREATETIME, UPDATEID, UPDATETIME, VER_NBR, EFF_DT, EXPIR_DT, ORG_RELTN_STATE, RELATED_ORG_ID, ORG_ID, ORG_RELTN_TYPE) values ('77', 'TESTUSER', {ts '2009-01-22 00:00:00.0'}, 'TESTUSER', {ts '2009-01-22 00:00:00.0'}, 1, {ts '2000-01-01 00:00:00.0'}, {ts '2000-12-31 00:00:00.0'}, 'Active', '106', '87', 'kuali.org.Report')
/
insert into KSEN_ORG_ORG_RELTN (ID, CREATEID, CREATETIME, UPDATEID, UPDATETIME, VER_NBR, EFF_DT, EXPIR_DT, ORG_RELTN_STATE, RELATED_ORG_ID, ORG_ID, ORG_RELTN_TYPE) values ('78', 'TESTUSER', {ts '2009-01-22 00:00:00.0'}, 'TESTUSER', {ts '2009-01-22 00:00:00.0'}, 1, {ts '2000-01-01 00:00:00.0'}, {ts '2000-12-31 00:00:00.0'}, 'Active', '105', '16', 'kuali.org.Report')
/
insert into KSEN_ORG_ORG_RELTN (ID, CREATEID, CREATETIME, UPDATEID, UPDATETIME, VER_NBR, EFF_DT, EXPIR_DT, ORG_RELTN_STATE, RELATED_ORG_ID, ORG_ID, ORG_RELTN_TYPE) values ('79', 'TESTUSER', {ts '2009-01-22 00:00:00.0'}, 'TESTUSER', {ts '2009-01-22 00:00:00.0'}, 1, {ts '2000-01-01 00:00:00.0'}, {ts '2000-12-31 00:00:00.0'}, 'Active', '39', '16', 'kuali.org.Report')
/
insert into KSEN_ORG_ORG_RELTN (ID, CREATEID, CREATETIME, UPDATEID, UPDATETIME, VER_NBR, EFF_DT, EXPIR_DT, ORG_RELTN_STATE, RELATED_ORG_ID, ORG_ID, ORG_RELTN_TYPE) values ('80', 'TESTUSER', {ts '2009-01-22 00:00:00.0'}, 'TESTUSER', {ts '2009-01-22 00:00:00.0'}, 1, {ts '2000-01-01 00:00:00.0'}, {ts '2000-12-31 00:00:00.0'}, 'Active', '26', '19', 'kuali.org.Report')
/
insert into KSEN_ORG_ORG_RELTN (ID, CREATEID, CREATETIME, UPDATEID, UPDATETIME, VER_NBR, EFF_DT, EXPIR_DT, ORG_RELTN_STATE, RELATED_ORG_ID, ORG_ID, ORG_RELTN_TYPE) values ('81', 'TESTUSER', {ts '2009-01-22 00:00:00.0'}, 'TESTUSER', {ts '2009-01-22 00:00:00.0'}, 1, {ts '2000-01-01 00:00:00.0'}, {ts '2000-12-31 00:00:00.0'}, 'Active', '77', '16', 'kuali.org.Report')
/
insert into KSEN_ORG_ORG_RELTN (ID, CREATEID, CREATETIME, UPDATEID, UPDATETIME, VER_NBR, EFF_DT, EXPIR_DT, ORG_RELTN_STATE, RELATED_ORG_ID, ORG_ID, ORG_RELTN_TYPE) values ('82', 'TESTUSER', {ts '2009-01-22 00:00:00.0'}, 'TESTUSER', {ts '2009-01-22 00:00:00.0'}, 1, {ts '2000-01-01 00:00:00.0'}, {ts '2000-12-31 00:00:00.0'}, 'Active', '107', '16', 'kuali.org.Report')
/
insert into KSEN_ORG_ORG_RELTN (ID, CREATEID, CREATETIME, UPDATEID, UPDATETIME, VER_NBR, EFF_DT, EXPIR_DT, ORG_RELTN_STATE, RELATED_ORG_ID, ORG_ID, ORG_RELTN_TYPE) values ('83', 'TESTUSER', {ts '2009-01-22 00:00:00.0'}, 'TESTUSER', {ts '2009-01-22 00:00:00.0'}, 1, {ts '2000-01-01 00:00:00.0'}, {ts '2000-12-31 00:00:00.0'}, 'Active', '108', '105', 'kuali.org.Advisory')
/
insert into KSEN_ORG_ORG_RELTN (ID, CREATEID, CREATETIME, UPDATEID, UPDATETIME, VER_NBR, EFF_DT, EXPIR_DT, ORG_RELTN_STATE, RELATED_ORG_ID, ORG_ID, ORG_RELTN_TYPE) values ('84', 'TESTUSER', {ts '2009-01-22 00:00:00.0'}, 'TESTUSER', {ts '2009-01-22 00:00:00.0'}, 1, {ts '2000-01-01 00:00:00.0'}, {ts '2000-12-31 00:00:00.0'}, 'Active', '108', '15', 'kuali.org.Chartered')
/
insert into KSEN_ORG_ORG_RELTN (ID, CREATEID, CREATETIME, UPDATEID, UPDATETIME, VER_NBR, EFF_DT, EXPIR_DT, ORG_RELTN_STATE, RELATED_ORG_ID, ORG_ID, ORG_RELTN_TYPE) values ('85', 'TESTUSER', {ts '2009-01-22 00:00:00.0'}, 'TESTUSER', {ts '2009-01-22 00:00:00.0'}, 1, {ts '2000-01-01 00:00:00.0'}, {ts '2000-12-31 00:00:00.0'}, 'Active', '109', '98', 'kuali.org.Chartered')
/
insert into KSEN_ORG_ORG_RELTN (ID, CREATEID, CREATETIME, UPDATEID, UPDATETIME, VER_NBR, EFF_DT, EXPIR_DT, ORG_RELTN_STATE, RELATED_ORG_ID, ORG_ID, ORG_RELTN_TYPE) values ('86', 'TESTUSER', {ts '2009-01-22 00:00:00.0'}, 'TESTUSER', {ts '2009-01-22 00:00:00.0'}, 1, {ts '2000-01-01 00:00:00.0'}, {ts '2000-12-31 00:00:00.0'}, 'Active', '110', '121', 'kuali.org.Chartered')
/
insert into KSEN_ORG_ORG_RELTN (ID, CREATEID, CREATETIME, UPDATEID, UPDATETIME, VER_NBR, EFF_DT, EXPIR_DT, ORG_RELTN_STATE, RELATED_ORG_ID, ORG_ID, ORG_RELTN_TYPE) values ('87', 'TESTUSER', {ts '2009-01-22 00:00:00.0'}, 'TESTUSER', {ts '2009-01-22 00:00:00.0'}, 1, {ts '2000-01-01 00:00:00.0'}, {ts '2000-12-31 00:00:00.0'}, 'Active', '111', '19', 'kuali.org.Advisory')
/
insert into KSEN_ORG_ORG_RELTN (ID, CREATEID, CREATETIME, UPDATEID, UPDATETIME, VER_NBR, EFF_DT, EXPIR_DT, ORG_RELTN_STATE, RELATED_ORG_ID, ORG_ID, ORG_RELTN_TYPE) values ('88', 'TESTUSER', {ts '2009-01-22 00:00:00.0'}, 'TESTUSER', {ts '2009-01-22 00:00:00.0'}, 1, {ts '2000-01-01 00:00:00.0'}, {ts '2000-12-31 00:00:00.0'}, 'Active', '112', '98', 'kuali.org.Chartered')
/
insert into KSEN_ORG_ORG_RELTN (ID, CREATEID, CREATETIME, UPDATEID, UPDATETIME, VER_NBR, EFF_DT, EXPIR_DT, ORG_RELTN_STATE, RELATED_ORG_ID, ORG_ID, ORG_RELTN_TYPE) values ('89', 'TESTUSER', {ts '2009-01-22 00:00:00.0'}, 'TESTUSER', {ts '2009-01-22 00:00:00.0'}, 1, {ts '2000-01-01 00:00:00.0'}, {ts '2000-12-31 00:00:00.0'}, 'Active', '113', '19', 'kuali.org.Advisory')
/
insert into KSEN_ORG_ORG_RELTN (ID, CREATEID, CREATETIME, UPDATEID, UPDATETIME, VER_NBR, EFF_DT, EXPIR_DT, ORG_RELTN_STATE, RELATED_ORG_ID, ORG_ID, ORG_RELTN_TYPE) values ('90', 'TESTUSER', {ts '2009-01-22 00:00:00.0'}, 'TESTUSER', {ts '2009-01-22 00:00:00.0'}, 1, {ts '2000-01-01 00:00:00.0'}, {ts '2000-12-31 00:00:00.0'}, 'Active', '114', '6', 'kuali.org.Advisory')
/
insert into KSEN_ORG_ORG_RELTN (ID, CREATEID, CREATETIME, UPDATEID, UPDATETIME, VER_NBR, EFF_DT, EXPIR_DT, ORG_RELTN_STATE, RELATED_ORG_ID, ORG_ID, ORG_RELTN_TYPE) values ('91', 'TESTUSER', {ts '2009-01-22 00:00:00.0'}, 'TESTUSER', {ts '2009-01-22 00:00:00.0'}, 1, {ts '2000-01-01 00:00:00.0'}, {ts '2000-12-31 00:00:00.0'}, 'Active', '115', '114', 'kuali.org.Advisory')
/
insert into KSEN_ORG_ORG_RELTN (ID, CREATEID, CREATETIME, UPDATEID, UPDATETIME, VER_NBR, EFF_DT, EXPIR_DT, ORG_RELTN_STATE, RELATED_ORG_ID, ORG_ID, ORG_RELTN_TYPE) values ('92', 'TESTUSER', {ts '2009-01-22 00:00:00.0'}, 'TESTUSER', {ts '2009-01-22 00:00:00.0'}, 1, {ts '2000-01-01 00:00:00.0'}, {ts '2000-12-31 00:00:00.0'}, 'Active', '116', '20', 'kuali.org.Chartered')
/
insert into KSEN_ORG_ORG_RELTN (ID, CREATEID, CREATETIME, UPDATEID, UPDATETIME, VER_NBR, EFF_DT, EXPIR_DT, ORG_RELTN_STATE, RELATED_ORG_ID, ORG_ID, ORG_RELTN_TYPE) values ('93', 'TESTUSER', {ts '2009-01-22 00:00:00.0'}, 'TESTUSER', {ts '2009-01-22 00:00:00.0'}, 1, {ts '2000-01-01 00:00:00.0'}, {ts '2000-12-31 00:00:00.0'}, 'Active', '117', '6', 'kuali.org.Advisory')
/
insert into KSEN_ORG_ORG_RELTN (ID, CREATEID, CREATETIME, UPDATEID, UPDATETIME, VER_NBR, EFF_DT, EXPIR_DT, ORG_RELTN_STATE, RELATED_ORG_ID, ORG_ID, ORG_RELTN_TYPE) values ('94', 'TESTUSER', {ts '2009-01-22 00:00:00.0'}, 'TESTUSER', {ts '2009-01-22 00:00:00.0'}, 1, {ts '2000-01-01 00:00:00.0'}, {ts '2000-12-31 00:00:00.0'}, 'Active', '118', '106', 'kuali.org.Chartered')
/
insert into KSEN_ORG_ORG_RELTN (ID, CREATEID, CREATETIME, UPDATEID, UPDATETIME, VER_NBR, EFF_DT, EXPIR_DT, ORG_RELTN_STATE, RELATED_ORG_ID, ORG_ID, ORG_RELTN_TYPE) values ('95', 'TESTUSER', {ts '2009-01-22 00:00:00.0'}, 'TESTUSER', {ts '2009-01-22 00:00:00.0'}, 1, {ts '2000-01-01 00:00:00.0'}, {ts '2000-12-31 00:00:00.0'}, 'Active', '119', '19', 'kuali.org.Chartered')
/
insert into KSEN_ORG_ORG_RELTN (ID, CREATEID, CREATETIME, UPDATEID, UPDATETIME, VER_NBR, EFF_DT, EXPIR_DT, ORG_RELTN_STATE, RELATED_ORG_ID, ORG_ID, ORG_RELTN_TYPE) values ('96', 'TESTUSER', {ts '2009-01-22 00:00:00.0'}, 'TESTUSER', {ts '2009-01-22 00:00:00.0'}, 1, {ts '2000-01-01 00:00:00.0'}, {ts '2000-12-31 00:00:00.0'}, 'Active', '120', '19', 'kuali.org.Chartered')
/
insert into KSEN_ORG_ORG_RELTN (ID, CREATEID, CREATETIME, UPDATEID, UPDATETIME, VER_NBR, EFF_DT, EXPIR_DT, ORG_RELTN_STATE, RELATED_ORG_ID, ORG_ID, ORG_RELTN_TYPE) values ('97', 'TESTUSER', {ts '2009-01-22 00:00:00.0'}, 'TESTUSER', {ts '2009-01-22 00:00:00.0'}, 1, {ts '2000-01-01 00:00:00.0'}, {ts '2000-12-31 00:00:00.0'}, 'Active', '121', '134', 'kuali.org.orgOrgRelation.type.Board')
/
insert into KSEN_ORG_ORG_RELTN (ID, CREATEID, CREATETIME, UPDATEID, UPDATETIME, VER_NBR, EFF_DT, EXPIR_DT, ORG_RELTN_STATE, RELATED_ORG_ID, ORG_ID, ORG_RELTN_TYPE) values ('98', 'TESTUSER', {ts '2009-01-22 00:00:00.0'}, 'TESTUSER', {ts '2009-01-22 00:00:00.0'}, 1, {ts '2000-01-01 00:00:00.0'}, {ts '2000-12-31 00:00:00.0'}, 'Active', '122', '23', 'kuali.org.Chartered')
/
insert into KSEN_ORG_ORG_RELTN (ID, CREATEID, CREATETIME, UPDATEID, UPDATETIME, VER_NBR, EFF_DT, EXPIR_DT, ORG_RELTN_STATE, RELATED_ORG_ID, ORG_ID, ORG_RELTN_TYPE) values ('99', 'TESTUSER', {ts '2009-01-22 00:00:00.0'}, 'TESTUSER', {ts '2009-01-22 00:00:00.0'}, 1, {ts '2000-01-01 00:00:00.0'}, {ts '2000-12-31 00:00:00.0'}, 'Active', '123', '124', 'kuali.org.Chartered')
/
insert into KSEN_ORG_ORG_RELTN (ID, CREATEID, CREATETIME, UPDATEID, UPDATETIME, VER_NBR, EFF_DT, EXPIR_DT, ORG_RELTN_STATE, RELATED_ORG_ID, ORG_ID, ORG_RELTN_TYPE) values ('100', 'TESTUSER', {ts '2009-01-22 00:00:00.0'}, 'TESTUSER', {ts '2009-01-22 00:00:00.0'}, 1, {ts '2000-01-01 00:00:00.0'}, {ts '2000-12-31 00:00:00.0'}, 'Active', '124', '18', 'kuali.org.Report')
/
insert into KSEN_ORG_ORG_RELTN (ID, CREATEID, CREATETIME, UPDATEID, UPDATETIME, VER_NBR, EFF_DT, EXPIR_DT, ORG_RELTN_STATE, RELATED_ORG_ID, ORG_ID, ORG_RELTN_TYPE) values ('101', 'TESTUSER', {ts '2009-01-22 00:00:00.0'}, 'TESTUSER', {ts '2009-01-22 00:00:00.0'}, 1, {ts '2000-01-01 00:00:00.0'}, {ts '2000-12-31 00:00:00.0'}, 'Active', '125', '71', 'kuali.org.Advisory')
/
insert into KSEN_ORG_ORG_RELTN (ID, CREATEID, CREATETIME, UPDATEID, UPDATETIME, VER_NBR, EFF_DT, EXPIR_DT, ORG_RELTN_STATE, RELATED_ORG_ID, ORG_ID, ORG_RELTN_TYPE) values ('102', 'TESTUSER', {ts '2009-01-22 00:00:00.0'}, 'TESTUSER', {ts '2009-01-22 00:00:00.0'}, 1, {ts '2000-01-01 00:00:00.0'}, {ts '2000-12-31 00:00:00.0'}, 'Active', '126', '41', 'kuali.org.Advisory')
/
insert into KSEN_ORG_ORG_RELTN (ID, CREATEID, CREATETIME, UPDATEID, UPDATETIME, VER_NBR, EFF_DT, EXPIR_DT, ORG_RELTN_STATE, RELATED_ORG_ID, ORG_ID, ORG_RELTN_TYPE) values ('103', 'TESTUSER', {ts '2009-01-22 00:00:00.0'}, 'TESTUSER', {ts '2009-01-22 00:00:00.0'}, 1, {ts '2000-01-01 00:00:00.0'}, {ts '2000-12-31 00:00:00.0'}, 'Active', '127', '17', 'kuali.org.Chartered')
/
insert into KSEN_ORG_ORG_RELTN (ID, CREATEID, CREATETIME, UPDATEID, UPDATETIME, VER_NBR, EFF_DT, EXPIR_DT, ORG_RELTN_STATE, RELATED_ORG_ID, ORG_ID, ORG_RELTN_TYPE) values ('104', 'TESTUSER', {ts '2009-01-22 00:00:00.0'}, 'TESTUSER', {ts '2009-01-22 00:00:00.0'}, 1, {ts '2000-01-01 00:00:00.0'}, {ts '2000-12-31 00:00:00.0'}, 'Active', '127', '41', 'kuali.org.Advisory')
/
insert into KSEN_ORG_ORG_RELTN (ID, CREATEID, CREATETIME, UPDATEID, UPDATETIME, VER_NBR, EFF_DT, EXPIR_DT, ORG_RELTN_STATE, RELATED_ORG_ID, ORG_ID, ORG_RELTN_TYPE) values ('105', 'TESTUSER', {ts '2009-01-22 00:00:00.0'}, 'TESTUSER', {ts '2009-01-22 00:00:00.0'}, 1, {ts '2000-01-01 00:00:00.0'}, {ts '2000-12-31 00:00:00.0'}, 'Active', '128', '129', 'kuali.org.Advisory')
/
insert into KSEN_ORG_ORG_RELTN (ID, CREATEID, CREATETIME, UPDATEID, UPDATETIME, VER_NBR, EFF_DT, EXPIR_DT, ORG_RELTN_STATE, RELATED_ORG_ID, ORG_ID, ORG_RELTN_TYPE) values ('106', 'TESTUSER', {ts '2009-01-22 00:00:00.0'}, 'TESTUSER', {ts '2009-01-22 00:00:00.0'}, 1, {ts '2000-01-01 00:00:00.0'}, {ts '2000-12-31 00:00:00.0'}, 'Active', '129', '105', 'kuali.org.Report')
/
insert into KSEN_ORG_ORG_RELTN (ID, CREATEID, CREATETIME, UPDATEID, UPDATETIME, VER_NBR, EFF_DT, EXPIR_DT, ORG_RELTN_STATE, RELATED_ORG_ID, ORG_ID, ORG_RELTN_TYPE) values ('107', 'TESTUSER', {ts '2009-01-22 00:00:00.0'}, 'TESTUSER', {ts '2009-01-22 00:00:00.0'}, 1, {ts '2000-01-01 00:00:00.0'}, {ts '2000-12-31 00:00:00.0'}, 'Active', '130', '102', 'kuali.org.Report')
/
insert into KSEN_ORG_ORG_RELTN (ID, CREATEID, CREATETIME, UPDATEID, UPDATETIME, VER_NBR, EFF_DT, EXPIR_DT, ORG_RELTN_STATE, RELATED_ORG_ID, ORG_ID, ORG_RELTN_TYPE) values ('108', 'TESTUSER', {ts '2009-01-22 00:00:00.0'}, 'TESTUSER', {ts '2009-01-22 00:00:00.0'}, 1, {ts '2000-01-01 00:00:00.0'}, {ts '2000-12-31 00:00:00.0'}, 'Active', '131', '6', 'kuali.org.Advisory')
/
insert into KSEN_ORG_ORG_RELTN (ID, CREATEID, CREATETIME, UPDATEID, UPDATETIME, VER_NBR, EFF_DT, EXPIR_DT, ORG_RELTN_STATE, RELATED_ORG_ID, ORG_ID, ORG_RELTN_TYPE) values ('109', 'TESTUSER', {ts '2009-01-22 00:00:00.0'}, 'TESTUSER', {ts '2009-01-22 00:00:00.0'}, 1, {ts '2000-01-01 00:00:00.0'}, {ts '2000-12-31 00:00:00.0'}, 'Active', '132', '4', 'kuali.org.Chartered')
/
insert into KSEN_ORG_ORG_RELTN (ID, CREATEID, CREATETIME, UPDATEID, UPDATETIME, VER_NBR, EFF_DT, EXPIR_DT, ORG_RELTN_STATE, RELATED_ORG_ID, ORG_ID, ORG_RELTN_TYPE) values ('110', 'TESTUSER', {ts '2009-01-22 00:00:00.0'}, 'TESTUSER', {ts '2009-01-22 00:00:00.0'}, 1, {ts '2000-01-01 00:00:00.0'}, {ts '2000-12-31 00:00:00.0'}, 'Active', '133', '132', 'kuali.org.Chartered')
/
insert into KSEN_ORG_ORG_RELTN (ID, CREATEID, CREATETIME, UPDATEID, UPDATETIME, VER_NBR, EFF_DT, EXPIR_DT, ORG_RELTN_STATE, RELATED_ORG_ID, ORG_ID, ORG_RELTN_TYPE) values ('111', 'TESTUSER', {ts '2009-01-22 00:00:00.0'}, 'TESTUSER', {ts '2009-01-22 00:00:00.0'}, 1, {ts '2000-01-01 00:00:00.0'}, {ts '2000-12-31 00:00:00.0'}, 'Active', '134', '4', 'kuali.org.Part')
/
insert into KSEN_ORG_ORG_RELTN (ID, CREATEID, CREATETIME, UPDATEID, UPDATETIME, VER_NBR, EFF_DT, EXPIR_DT, ORG_RELTN_STATE, RELATED_ORG_ID, ORG_ID, ORG_RELTN_TYPE) values ('112', 'TESTUSER', {ts '2009-01-22 00:00:00.0'}, 'TESTUSER', {ts '2009-01-22 00:00:00.0'}, 1, {ts '2000-01-01 00:00:00.0'}, {ts '2000-12-31 00:00:00.0'}, 'Active', '134', '6', 'kuali.org.Collaborate')
/
insert into KSEN_ORG_ORG_RELTN (ID, CREATEID, CREATETIME, UPDATEID, UPDATETIME, VER_NBR, EFF_DT, EXPIR_DT, ORG_RELTN_STATE, RELATED_ORG_ID, ORG_ID, ORG_RELTN_TYPE) values ('113', 'TESTUSER', {ts '2009-01-22 00:00:00.0'}, 'TESTUSER', {ts '2009-01-22 00:00:00.0'}, 1, {ts '2000-01-01 00:00:00.0'}, {ts '2000-12-31 00:00:00.0'}, 'Active', '135', '134', 'kuali.org.Subcommittee')
/
insert into KSEN_ORG_ORG_RELTN (ID, CREATEID, CREATETIME, UPDATEID, UPDATETIME, VER_NBR, EFF_DT, EXPIR_DT, ORG_RELTN_STATE, RELATED_ORG_ID, ORG_ID, ORG_RELTN_TYPE) values ('114', 'TESTUSER', {ts '2009-01-22 00:00:00.0'}, 'TESTUSER', {ts '2009-01-22 00:00:00.0'}, 1, {ts '2000-01-01 00:00:00.0'}, {ts '2000-12-31 00:00:00.0'}, 'Active', '136', '134', 'kuali.org.Subcommittee')
/
insert into KSEN_ORG_ORG_RELTN (ID, CREATEID, CREATETIME, UPDATEID, UPDATETIME, VER_NBR, EFF_DT, EXPIR_DT, ORG_RELTN_STATE, RELATED_ORG_ID, ORG_ID, ORG_RELTN_TYPE) values ('115', 'TESTUSER', {ts '2009-01-22 00:00:00.0'}, 'TESTUSER', {ts '2009-01-22 00:00:00.0'}, 1, {ts '2000-01-01 00:00:00.0'}, {ts '2000-12-31 00:00:00.0'}, 'Active', '137', '134', 'kuali.org.Subcommittee')
/
insert into KSEN_ORG_ORG_RELTN (ID, CREATEID, CREATETIME, UPDATEID, UPDATETIME, VER_NBR, EFF_DT, EXPIR_DT, ORG_RELTN_STATE, RELATED_ORG_ID, ORG_ID, ORG_RELTN_TYPE) values ('116', 'TESTUSER', {ts '2009-01-22 00:00:00.0'}, 'TESTUSER', {ts '2009-01-22 00:00:00.0'}, 1, {ts '2000-01-01 00:00:00.0'}, {ts '2000-12-31 00:00:00.0'}, 'Active', '138', '134', 'kuali.org.Subcommittee')
/
insert into KSEN_ORG_ORG_RELTN (ID, CREATEID, CREATETIME, UPDATEID, UPDATETIME, VER_NBR, EFF_DT, EXPIR_DT, ORG_RELTN_STATE, RELATED_ORG_ID, ORG_ID, ORG_RELTN_TYPE) values ('117', 'TESTUSER', {ts '2009-01-22 00:00:00.0'}, 'TESTUSER', {ts '2009-01-22 00:00:00.0'}, 1, {ts '2000-01-01 00:00:00.0'}, {ts '2000-12-31 00:00:00.0'}, 'Active', '139', '138', 'kuali.org.Subcommittee')
/
insert into KSEN_ORG_ORG_RELTN (ID, CREATEID, CREATETIME, UPDATEID, UPDATETIME, VER_NBR, EFF_DT, EXPIR_DT, ORG_RELTN_STATE, RELATED_ORG_ID, ORG_ID, ORG_RELTN_TYPE) values ('118', 'TESTUSER', {ts '2009-01-22 00:00:00.0'}, 'TESTUSER', {ts '2009-01-22 00:00:00.0'}, 1, {ts '2000-01-01 00:00:00.0'}, {ts '2000-12-31 00:00:00.0'}, 'Active', '140', '134', 'kuali.org.Subcommittee')
/
insert into KSEN_ORG_ORG_RELTN (ID, CREATEID, CREATETIME, UPDATEID, UPDATETIME, VER_NBR, EFF_DT, EXPIR_DT, ORG_RELTN_STATE, RELATED_ORG_ID, ORG_ID, ORG_RELTN_TYPE) values ('119', 'TESTUSER', {ts '2009-01-22 00:00:00.0'}, 'TESTUSER', {ts '2009-01-22 00:00:00.0'}, 1, {ts '2000-01-01 00:00:00.0'}, {ts '2000-12-31 00:00:00.0'}, 'Active', '141', '135', 'kuali.org.Subcommittee')
/
insert into KSEN_ORG_ORG_RELTN (ID, CREATEID, CREATETIME, UPDATEID, UPDATETIME, VER_NBR, EFF_DT, EXPIR_DT, ORG_RELTN_STATE, RELATED_ORG_ID, ORG_ID, ORG_RELTN_TYPE) values ('120', 'TESTUSER', {ts '2009-01-22 00:00:00.0'}, 'TESTUSER', {ts '2009-01-22 00:00:00.0'}, 1, {ts '2000-01-01 00:00:00.0'}, {ts '2000-12-31 00:00:00.0'}, 'Active', '24', '141', 'kuali.org.CurriculumChild')
/
insert into KSEN_ORG_ORG_RELTN (ID, CREATEID, CREATETIME, UPDATEID, UPDATETIME, VER_NBR, EFF_DT, EXPIR_DT, ORG_RELTN_STATE, RELATED_ORG_ID, ORG_ID, ORG_RELTN_TYPE) values ('121', 'TESTUSER', {ts '2009-01-22 00:00:00.0'}, 'TESTUSER', {ts '2009-01-22 00:00:00.0'}, 1, {ts '2000-01-01 00:00:00.0'}, {ts '2000-12-31 00:00:00.0'}, 'Active', '28', '24', 'kuali.org.CurriculumChild')
/
insert into KSEN_ORG_ORG_RELTN (ID, CREATEID, CREATETIME, UPDATEID, UPDATETIME, VER_NBR, EFF_DT, EXPIR_DT, ORG_RELTN_STATE, RELATED_ORG_ID, ORG_ID, ORG_RELTN_TYPE) values ('122', 'TESTUSER', {ts '2009-01-22 00:00:00.0'}, 'TESTUSER', {ts '2009-01-22 00:00:00.0'}, 1, {ts '2000-01-01 00:00:00.0'}, {ts '2000-12-31 00:00:00.0'}, 'Active', '29', '24', 'kuali.org.CurriculumChild')
/
insert into KSEN_ORG_ORG_RELTN (ID, CREATEID, CREATETIME, UPDATEID, UPDATETIME, VER_NBR, EFF_DT, EXPIR_DT, ORG_RELTN_STATE, RELATED_ORG_ID, ORG_ID, ORG_RELTN_TYPE) values ('123', 'TESTUSER', {ts '2009-01-22 00:00:00.0'}, 'TESTUSER', {ts '2009-01-22 00:00:00.0'}, 1, {ts '2000-01-01 00:00:00.0'}, {ts '2000-12-31 00:00:00.0'}, 'Active', '31', '24', 'kuali.org.CurriculumChild')
/
insert into KSEN_ORG_ORG_RELTN (ID, CREATEID, CREATETIME, UPDATEID, UPDATETIME, VER_NBR, EFF_DT, EXPIR_DT, ORG_RELTN_STATE, RELATED_ORG_ID, ORG_ID, ORG_RELTN_TYPE) values ('124', 'TESTUSER', {ts '2009-01-22 00:00:00.0'}, 'TESTUSER', {ts '2009-01-22 00:00:00.0'}, 1, {ts '2000-01-01 00:00:00.0'}, {ts '2000-12-31 00:00:00.0'}, 'Active', '30', '24', 'kuali.org.CurriculumChild')
/
insert into KSEN_ORG_ORG_RELTN (ID, CREATEID, CREATETIME, UPDATEID, UPDATETIME, VER_NBR, EFF_DT, EXPIR_DT, ORG_RELTN_STATE, RELATED_ORG_ID, ORG_ID, ORG_RELTN_TYPE) values ('125', 'TESTUSER', {ts '2009-01-22 00:00:00.0'}, 'TESTUSER', {ts '2009-01-22 00:00:00.0'}, 1, {ts '2000-01-01 00:00:00.0'}, {ts '2000-12-31 00:00:00.0'}, 'Active', '26', '141', 'kuali.org.CurriculumChild')
/
insert into KSEN_ORG_ORG_RELTN (ID, CREATEID, CREATETIME, UPDATEID, UPDATETIME, VER_NBR, EFF_DT, EXPIR_DT, ORG_RELTN_STATE, RELATED_ORG_ID, ORG_ID, ORG_RELTN_TYPE) values ('126', 'TESTUSER', {ts '2009-01-22 00:00:00.0'}, 'TESTUSER', {ts '2009-01-22 00:00:00.0'}, 1, {ts '2000-01-01 00:00:00.0'}, {ts '2000-12-31 00:00:00.0'}, 'Active', '28', '26', 'kuali.org.CurriculumChild')
/
insert into KSEN_ORG_ORG_RELTN (ID, CREATEID, CREATETIME, UPDATEID, UPDATETIME, VER_NBR, EFF_DT, EXPIR_DT, ORG_RELTN_STATE, RELATED_ORG_ID, ORG_ID, ORG_RELTN_TYPE) values ('127', 'TESTUSER', {ts '2009-01-22 00:00:00.0'}, 'TESTUSER', {ts '2009-01-22 00:00:00.0'}, 1, {ts '2000-01-01 00:00:00.0'}, {ts '2000-12-31 00:00:00.0'}, 'Active', '29', '26', 'kuali.org.CurriculumChild')
/
insert into KSEN_ORG_ORG_RELTN (ID, CREATEID, CREATETIME, UPDATEID, UPDATETIME, VER_NBR, EFF_DT, EXPIR_DT, ORG_RELTN_STATE, RELATED_ORG_ID, ORG_ID, ORG_RELTN_TYPE) values ('128', 'TESTUSER', {ts '2009-01-22 00:00:00.0'}, 'TESTUSER', {ts '2009-01-22 00:00:00.0'}, 1, {ts '2000-01-01 00:00:00.0'}, {ts '2000-12-31 00:00:00.0'}, 'Active', '31', '26', 'kuali.org.CurriculumChild')
/
insert into KSEN_ORG_ORG_RELTN (ID, CREATEID, CREATETIME, UPDATEID, UPDATETIME, VER_NBR, EFF_DT, EXPIR_DT, ORG_RELTN_STATE, RELATED_ORG_ID, ORG_ID, ORG_RELTN_TYPE) values ('129', 'TESTUSER', {ts '2009-01-22 00:00:00.0'}, 'TESTUSER', {ts '2009-01-22 00:00:00.0'}, 1, {ts '2000-01-01 00:00:00.0'}, {ts '2000-12-31 00:00:00.0'}, 'Active', '30', '26', 'kuali.org.CurriculumChild')
/
insert into KSEN_ORG_ORG_RELTN (ID, CREATEID, CREATETIME, UPDATEID, UPDATETIME, VER_NBR, EFF_DT, EXPIR_DT, ORG_RELTN_STATE, RELATED_ORG_ID, ORG_ID, ORG_RELTN_TYPE) values ('130', 'TESTUSER', {ts '2009-01-22 00:00:00.0'}, 'TESTUSER', {ts '2009-01-22 00:00:00.0'}, 1, {ts '2000-01-01 00:00:00.0'}, {ts '2000-12-31 00:00:00.0'}, 'Active', '147', '28', 'kuali.org.CurriculumChild')
/
insert into KSEN_ORG_ORG_RELTN (ID, CREATEID, CREATETIME, UPDATEID, UPDATETIME, VER_NBR, EFF_DT, EXPIR_DT, ORG_RELTN_STATE, RELATED_ORG_ID, ORG_ID, ORG_RELTN_TYPE) values ('131', 'TESTUSER', {ts '2009-01-22 00:00:00.0'}, 'TESTUSER', {ts '2009-01-22 00:00:00.0'}, 1, {ts '2000-01-01 00:00:00.0'}, {ts '2000-12-31 00:00:00.0'}, 'Active', '148', '28', 'kuali.org.CurriculumChild')
/
insert into KSEN_ORG_ORG_RELTN (ID, CREATEID, CREATETIME, UPDATEID, UPDATETIME, VER_NBR, EFF_DT, EXPIR_DT, ORG_RELTN_STATE, RELATED_ORG_ID, ORG_ID, ORG_RELTN_TYPE) values ('132', 'TESTUSER', {ts '2009-01-22 00:00:00.0'}, 'TESTUSER', {ts '2009-01-22 00:00:00.0'}, 1, {ts '2000-01-01 00:00:00.0'}, {ts '2000-12-31 00:00:00.0'}, 'Active', '149', '28', 'kuali.org.CurriculumChild')
/
insert into KSEN_ORG_ORG_RELTN (ID, CREATEID, CREATETIME, UPDATEID, UPDATETIME, VER_NBR, EFF_DT, EXPIR_DT, ORG_RELTN_STATE, RELATED_ORG_ID, ORG_ID, ORG_RELTN_TYPE) values ('133', 'TESTUSER', {ts '2009-01-22 00:00:00.0'}, 'TESTUSER', {ts '2009-01-22 00:00:00.0'}, 1, {ts '2000-01-01 00:00:00.0'}, {ts '2000-12-31 00:00:00.0'}, 'Active', '150', '28', 'kuali.org.CurriculumChild')
/
insert into KSEN_ORG_ORG_RELTN (ID, CREATEID, CREATETIME, UPDATEID, UPDATETIME, VER_NBR, EFF_DT, EXPIR_DT, ORG_RELTN_STATE, RELATED_ORG_ID, ORG_ID, ORG_RELTN_TYPE) values ('134', 'TESTUSER', {ts '2009-01-22 00:00:00.0'}, 'TESTUSER', {ts '2009-01-22 00:00:00.0'}, 1, {ts '2000-01-01 00:00:00.0'}, {ts '2000-12-31 00:00:00.0'}, 'Active', '151', '28', 'kuali.org.CurriculumChild')
/
insert into KSEN_ORG_ORG_RELTN (ID, CREATEID, CREATETIME, UPDATEID, UPDATETIME, VER_NBR, EFF_DT, EXPIR_DT, ORG_RELTN_STATE, RELATED_ORG_ID, ORG_ID, ORG_RELTN_TYPE) values ('135', 'TESTUSER', {ts '2009-01-22 00:00:00.0'}, 'TESTUSER', {ts '2009-01-22 00:00:00.0'}, 1, {ts '2000-01-01 00:00:00.0'}, {ts '2000-12-31 00:00:00.0'}, 'Active', '152', '28', 'kuali.org.CurriculumChild')
/
insert into KSEN_ORG_ORG_RELTN (ID, CREATEID, CREATETIME, UPDATEID, UPDATETIME, VER_NBR, EFF_DT, EXPIR_DT, ORG_RELTN_STATE, RELATED_ORG_ID, ORG_ID, ORG_RELTN_TYPE) values ('136', 'TESTUSER', {ts '2009-01-22 00:00:00.0'}, 'TESTUSER', {ts '2009-01-22 00:00:00.0'}, 1, {ts '2000-01-01 00:00:00.0'}, {ts '2000-12-31 00:00:00.0'}, 'Active', '153', '28', 'kuali.org.CurriculumChild')
/
insert into KSEN_ORG_ORG_RELTN (ID, CREATEID, CREATETIME, UPDATEID, UPDATETIME, VER_NBR, EFF_DT, EXPIR_DT, ORG_RELTN_STATE, RELATED_ORG_ID, ORG_ID, ORG_RELTN_TYPE) values ('137', 'TESTUSER', {ts '2009-01-22 00:00:00.0'}, 'TESTUSER', {ts '2009-01-22 00:00:00.0'}, 1, {ts '2000-01-01 00:00:00.0'}, {ts '2000-12-31 00:00:00.0'}, 'Active', '154', '29', 'kuali.org.CurriculumChild')
/
insert into KSEN_ORG_ORG_RELTN (ID, CREATEID, CREATETIME, UPDATEID, UPDATETIME, VER_NBR, EFF_DT, EXPIR_DT, ORG_RELTN_STATE, RELATED_ORG_ID, ORG_ID, ORG_RELTN_TYPE) values ('138', 'TESTUSER', {ts '2009-01-22 00:00:00.0'}, 'TESTUSER', {ts '2009-01-22 00:00:00.0'}, 1, {ts '2000-01-01 00:00:00.0'}, {ts '2000-12-31 00:00:00.0'}, 'Active', '155', '29', 'kuali.org.CurriculumChild')
/
insert into KSEN_ORG_ORG_RELTN (ID, CREATEID, CREATETIME, UPDATEID, UPDATETIME, VER_NBR, EFF_DT, EXPIR_DT, ORG_RELTN_STATE, RELATED_ORG_ID, ORG_ID, ORG_RELTN_TYPE) values ('139', 'TESTUSER', {ts '2009-01-22 00:00:00.0'}, 'TESTUSER', {ts '2009-01-22 00:00:00.0'}, 1, {ts '2000-01-01 00:00:00.0'}, {ts '2000-12-31 00:00:00.0'}, 'Active', '156', '29', 'kuali.org.CurriculumChild')
/
insert into KSEN_ORG_ORG_RELTN (ID, CREATEID, CREATETIME, UPDATEID, UPDATETIME, VER_NBR, EFF_DT, EXPIR_DT, ORG_RELTN_STATE, RELATED_ORG_ID, ORG_ID, ORG_RELTN_TYPE) values ('140', 'TESTUSER', {ts '2009-01-22 00:00:00.0'}, 'TESTUSER', {ts '2009-01-22 00:00:00.0'}, 1, {ts '2000-01-01 00:00:00.0'}, {ts '2000-12-31 00:00:00.0'}, 'Active', '157', '29', 'kuali.org.CurriculumChild')
/
insert into KSEN_ORG_ORG_RELTN (ID, CREATEID, CREATETIME, UPDATEID, UPDATETIME, VER_NBR, EFF_DT, EXPIR_DT, ORG_RELTN_STATE, RELATED_ORG_ID, ORG_ID, ORG_RELTN_TYPE) values ('141', 'TESTUSER', {ts '2009-01-22 00:00:00.0'}, 'TESTUSER', {ts '2009-01-22 00:00:00.0'}, 1, {ts '2000-01-01 00:00:00.0'}, {ts '2000-12-31 00:00:00.0'}, 'Active', '158', '31', 'kuali.org.CurriculumChild')
/
insert into KSEN_ORG_ORG_RELTN (ID, CREATEID, CREATETIME, UPDATEID, UPDATETIME, VER_NBR, EFF_DT, EXPIR_DT, ORG_RELTN_STATE, RELATED_ORG_ID, ORG_ID, ORG_RELTN_TYPE) values ('142', 'TESTUSER', {ts '2009-01-22 00:00:00.0'}, 'TESTUSER', {ts '2009-01-22 00:00:00.0'}, 1, {ts '2000-01-01 00:00:00.0'}, {ts '2000-12-31 00:00:00.0'}, 'Active', '159', '31', 'kuali.org.CurriculumChild')
/
insert into KSEN_ORG_ORG_RELTN (ID, CREATEID, CREATETIME, UPDATEID, UPDATETIME, VER_NBR, EFF_DT, EXPIR_DT, ORG_RELTN_STATE, RELATED_ORG_ID, ORG_ID, ORG_RELTN_TYPE) values ('143', 'TESTUSER', {ts '2009-01-22 00:00:00.0'}, 'TESTUSER', {ts '2009-01-22 00:00:00.0'}, 1, {ts '2000-01-01 00:00:00.0'}, {ts '2000-12-31 00:00:00.0'}, 'Active', '160', '31', 'kuali.org.CurriculumChild')
/
insert into KSEN_ORG_ORG_RELTN (ID, CREATEID, CREATETIME, UPDATEID, UPDATETIME, VER_NBR, EFF_DT, EXPIR_DT, ORG_RELTN_STATE, RELATED_ORG_ID, ORG_ID, ORG_RELTN_TYPE) values ('144', 'TESTUSER', {ts '2009-01-22 00:00:00.0'}, 'TESTUSER', {ts '2009-01-22 00:00:00.0'}, 1, {ts '2000-01-01 00:00:00.0'}, {ts '2000-12-31 00:00:00.0'}, 'Active', '161', '31', 'kuali.org.CurriculumChild')
/
insert into KSEN_ORG_ORG_RELTN (ID, CREATEID, CREATETIME, UPDATEID, UPDATETIME, VER_NBR, EFF_DT, EXPIR_DT, ORG_RELTN_STATE, RELATED_ORG_ID, ORG_ID, ORG_RELTN_TYPE) values ('145', 'TESTUSER', {ts '2009-01-22 00:00:00.0'}, 'TESTUSER', {ts '2009-01-22 00:00:00.0'}, 1, {ts '2000-01-01 00:00:00.0'}, {ts '2000-12-31 00:00:00.0'}, 'Active', '162', '30', 'kuali.org.CurriculumChild')
/
insert into KSEN_ORG_ORG_RELTN (ID, CREATEID, CREATETIME, UPDATEID, UPDATETIME, VER_NBR, EFF_DT, EXPIR_DT, ORG_RELTN_STATE, RELATED_ORG_ID, ORG_ID, ORG_RELTN_TYPE) values ('146', 'TESTUSER', {ts '2009-01-22 00:00:00.0'}, 'TESTUSER', {ts '2009-01-22 00:00:00.0'}, 1, {ts '2000-01-01 00:00:00.0'}, {ts '2000-12-31 00:00:00.0'}, 'Active', '163', '30', 'kuali.org.CurriculumChild')
/
insert into KSEN_ORG_ORG_RELTN (ID, CREATEID, CREATETIME, UPDATEID, UPDATETIME, VER_NBR, EFF_DT, EXPIR_DT, ORG_RELTN_STATE, RELATED_ORG_ID, ORG_ID, ORG_RELTN_TYPE) values ('147', 'TESTUSER', {ts '2009-01-22 00:00:00.0'}, 'TESTUSER', {ts '2009-01-22 00:00:00.0'}, 1, {ts '2000-01-01 00:00:00.0'}, {ts '2000-12-31 00:00:00.0'}, 'Active', '164', '30', 'kuali.org.CurriculumChild')
/
insert into KSEN_ORG_ORG_RELTN (ID, CREATEID, CREATETIME, UPDATEID, UPDATETIME, VER_NBR, EFF_DT, EXPIR_DT, ORG_RELTN_STATE, RELATED_ORG_ID, ORG_ID, ORG_RELTN_TYPE) values ('148', 'TESTUSER', {ts '2009-01-22 00:00:00.0'}, 'TESTUSER', {ts '2009-01-22 00:00:00.0'}, 1, {ts '2000-01-01 00:00:00.0'}, {ts '2000-12-31 00:00:00.0'}, 'Active', '165', '30', 'kuali.org.CurriculumChild')
/
insert into KSEN_ORG_ORG_RELTN (ID, CREATEID, CREATETIME, UPDATEID, UPDATETIME, VER_NBR, EFF_DT, EXPIR_DT, ORG_RELTN_STATE, RELATED_ORG_ID, ORG_ID, ORG_RELTN_TYPE) values ('149', 'TESTUSER', {ts '2009-01-22 00:00:00.0'}, 'TESTUSER', {ts '2009-01-22 00:00:00.0'}, 1, {ts '2000-01-01 00:00:00.0'}, {ts '2000-12-31 00:00:00.0'}, 'Active', '166', '30', 'kuali.org.CurriculumChild')
/
insert into KSEN_ORG_ORG_RELTN (ID, CREATEID, CREATETIME, UPDATEID, UPDATETIME, VER_NBR, EFF_DT, EXPIR_DT, ORG_RELTN_STATE, RELATED_ORG_ID, ORG_ID, ORG_RELTN_TYPE) values ('150', 'TESTUSER', {ts '2009-01-22 00:00:00.0'}, 'TESTUSER', {ts '2009-01-22 00:00:00.0'}, 1, {ts '2000-01-01 00:00:00.0'}, {ts '2000-12-31 00:00:00.0'}, 'Active', '167', '141', 'kuali.org.CurriculumChild')
/
insert into KSEN_ORG_ORG_RELTN (ID, CREATEID, CREATETIME, UPDATEID, UPDATETIME, VER_NBR, EFF_DT, EXPIR_DT, ORG_RELTN_STATE, RELATED_ORG_ID, ORG_ID, ORG_RELTN_TYPE) values ('151', 'TESTUSER', {ts '2009-01-22 00:00:00.0'}, 'TESTUSER', {ts '2009-01-22 00:00:00.0'}, 1, {ts '2000-01-01 00:00:00.0'}, {ts '2000-12-31 00:00:00.0'}, 'Active', '168', '141', 'kuali.org.CurriculumChild')
/
insert into KSEN_ORG_ORG_RELTN (ID, CREATEID, CREATETIME, UPDATEID, UPDATETIME, VER_NBR, EFF_DT, EXPIR_DT, ORG_RELTN_STATE, RELATED_ORG_ID, ORG_ID, ORG_RELTN_TYPE) values ('152', 'TESTUSER', {ts '2009-01-22 00:00:00.0'}, 'TESTUSER', {ts '2009-01-22 00:00:00.0'}, 1, {ts '2000-01-01 00:00:00.0'}, {ts '2000-12-31 00:00:00.0'}, 'Active', '169', '141', 'kuali.org.CurriculumChild')
/
insert into KSEN_ORG_ORG_RELTN (ID, CREATEID, CREATETIME, UPDATEID, UPDATETIME, VER_NBR, EFF_DT, EXPIR_DT, ORG_RELTN_STATE, RELATED_ORG_ID, ORG_ID, ORG_RELTN_TYPE) values ('153', 'TESTUSER', {ts '2009-01-22 00:00:00.0'}, 'TESTUSER', {ts '2009-01-22 00:00:00.0'}, 1, {ts '2000-01-01 00:00:00.0'}, {ts '2000-12-31 00:00:00.0'}, 'Active', '170', '141', 'kuali.org.CurriculumChild')
/
insert into KSEN_ORG_ORG_RELTN (ID, CREATEID, CREATETIME, UPDATEID, UPDATETIME, VER_NBR, EFF_DT, EXPIR_DT, ORG_RELTN_STATE, RELATED_ORG_ID, ORG_ID, ORG_RELTN_TYPE) values ('154', 'TESTUSER', {ts '2009-01-22 00:00:00.0'}, 'TESTUSER', {ts '2009-01-22 00:00:00.0'}, 1, {ts '2000-01-01 00:00:00.0'}, {ts '2000-12-31 00:00:00.0'}, 'Active', '143', '28', 'kuali.org.Chartered')
/
insert into KSEN_ORG_ORG_RELTN (ID, CREATEID, CREATETIME, UPDATEID, UPDATETIME, VER_NBR, EFF_DT, EXPIR_DT, ORG_RELTN_STATE, RELATED_ORG_ID, ORG_ID, ORG_RELTN_TYPE) values ('155', 'TESTUSER', {ts '2009-01-22 00:00:00.0'}, 'TESTUSER', {ts '2009-01-22 00:00:00.0'}, 1, {ts '2000-01-01 00:00:00.0'}, {ts '2000-12-31 00:00:00.0'}, 'Active', '144', '29', 'kuali.org.Chartered')
/
insert into KSEN_ORG_ORG_RELTN (ID, CREATEID, CREATETIME, UPDATEID, UPDATETIME, VER_NBR, EFF_DT, EXPIR_DT, ORG_RELTN_STATE, RELATED_ORG_ID, ORG_ID, ORG_RELTN_TYPE) values ('156', 'TESTUSER', {ts '2009-01-22 00:00:00.0'}, 'TESTUSER', {ts '2009-01-22 00:00:00.0'}, 1, {ts '2000-01-01 00:00:00.0'}, {ts '2000-12-31 00:00:00.0'}, 'Active', '145', '30', 'kuali.org.Chartered')
/
insert into KSEN_ORG_ORG_RELTN (ID, CREATEID, CREATETIME, UPDATEID, UPDATETIME, VER_NBR, EFF_DT, EXPIR_DT, ORG_RELTN_STATE, RELATED_ORG_ID, ORG_ID, ORG_RELTN_TYPE) values ('157', 'TESTUSER', {ts '2009-01-22 00:00:00.0'}, 'TESTUSER', {ts '2009-01-22 00:00:00.0'}, 1, {ts '2000-01-01 00:00:00.0'}, {ts '2000-12-31 00:00:00.0'}, 'Active', '146', '31', 'kuali.org.Chartered')
/
insert into KSEN_ORG_ORG_RELTN (ID, CREATEID, CREATETIME, UPDATEID, UPDATETIME, VER_NBR, EFF_DT, EXPIR_DT, ORG_RELTN_STATE, RELATED_ORG_ID, ORG_ID, ORG_RELTN_TYPE) values ('158', 'TESTUSER', {ts '2009-01-22 00:00:00.0'}, 'TESTUSER', {ts '2009-01-22 00:00:00.0'}, 1, {ts '2000-01-01 00:00:00.0'}, {ts '2000-12-31 00:00:00.0'}, 'Active', '147', '50', 'kuali.org.Chartered')
/
insert into KSEN_ORG_ORG_RELTN (ID, CREATEID, CREATETIME, UPDATEID, UPDATETIME, VER_NBR, EFF_DT, EXPIR_DT, ORG_RELTN_STATE, RELATED_ORG_ID, ORG_ID, ORG_RELTN_TYPE) values ('159', 'TESTUSER', {ts '2009-01-22 00:00:00.0'}, 'TESTUSER', {ts '2009-01-22 00:00:00.0'}, 1, {ts '2000-01-01 00:00:00.0'}, {ts '2000-12-31 00:00:00.0'}, 'Active', '148', '51', 'kuali.org.Chartered')
/
insert into KSEN_ORG_ORG_RELTN (ID, CREATEID, CREATETIME, UPDATEID, UPDATETIME, VER_NBR, EFF_DT, EXPIR_DT, ORG_RELTN_STATE, RELATED_ORG_ID, ORG_ID, ORG_RELTN_TYPE) values ('160', 'TESTUSER', {ts '2009-01-22 00:00:00.0'}, 'TESTUSER', {ts '2009-01-22 00:00:00.0'}, 1, {ts '2000-01-01 00:00:00.0'}, {ts '2000-12-31 00:00:00.0'}, 'Active', '149', '52', 'kuali.org.Chartered')
/
insert into KSEN_ORG_ORG_RELTN (ID, CREATEID, CREATETIME, UPDATEID, UPDATETIME, VER_NBR, EFF_DT, EXPIR_DT, ORG_RELTN_STATE, RELATED_ORG_ID, ORG_ID, ORG_RELTN_TYPE) values ('161', 'TESTUSER', {ts '2009-01-22 00:00:00.0'}, 'TESTUSER', {ts '2009-01-22 00:00:00.0'}, 1, {ts '2000-01-01 00:00:00.0'}, {ts '2000-12-31 00:00:00.0'}, 'Active', '150', '53', 'kuali.org.Chartered')
/
insert into KSEN_ORG_ORG_RELTN (ID, CREATEID, CREATETIME, UPDATEID, UPDATETIME, VER_NBR, EFF_DT, EXPIR_DT, ORG_RELTN_STATE, RELATED_ORG_ID, ORG_ID, ORG_RELTN_TYPE) values ('162', 'TESTUSER', {ts '2009-01-22 00:00:00.0'}, 'TESTUSER', {ts '2009-01-22 00:00:00.0'}, 1, {ts '2000-01-01 00:00:00.0'}, {ts '2000-12-31 00:00:00.0'}, 'Active', '151', '54', 'kuali.org.Chartered')
/
insert into KSEN_ORG_ORG_RELTN (ID, CREATEID, CREATETIME, UPDATEID, UPDATETIME, VER_NBR, EFF_DT, EXPIR_DT, ORG_RELTN_STATE, RELATED_ORG_ID, ORG_ID, ORG_RELTN_TYPE) values ('163', 'TESTUSER', {ts '2009-01-22 00:00:00.0'}, 'TESTUSER', {ts '2009-01-22 00:00:00.0'}, 1, {ts '2000-01-01 00:00:00.0'}, {ts '2000-12-31 00:00:00.0'}, 'Active', '152', '55', 'kuali.org.Chartered')
/
insert into KSEN_ORG_ORG_RELTN (ID, CREATEID, CREATETIME, UPDATEID, UPDATETIME, VER_NBR, EFF_DT, EXPIR_DT, ORG_RELTN_STATE, RELATED_ORG_ID, ORG_ID, ORG_RELTN_TYPE) values ('164', 'TESTUSER', {ts '2009-01-22 00:00:00.0'}, 'TESTUSER', {ts '2009-01-22 00:00:00.0'}, 1, {ts '2000-01-01 00:00:00.0'}, {ts '2000-12-31 00:00:00.0'}, 'Active', '153', '56', 'kuali.org.Chartered')
/
insert into KSEN_ORG_ORG_RELTN (ID, CREATEID, CREATETIME, UPDATEID, UPDATETIME, VER_NBR, EFF_DT, EXPIR_DT, ORG_RELTN_STATE, RELATED_ORG_ID, ORG_ID, ORG_RELTN_TYPE) values ('165', 'TESTUSER', {ts '2009-01-22 00:00:00.0'}, 'TESTUSER', {ts '2009-01-22 00:00:00.0'}, 1, {ts '2000-01-01 00:00:00.0'}, {ts '2000-12-31 00:00:00.0'}, 'Active', '154', '57', 'kuali.org.Chartered')
/
insert into KSEN_ORG_ORG_RELTN (ID, CREATEID, CREATETIME, UPDATEID, UPDATETIME, VER_NBR, EFF_DT, EXPIR_DT, ORG_RELTN_STATE, RELATED_ORG_ID, ORG_ID, ORG_RELTN_TYPE) values ('166', 'TESTUSER', {ts '2009-01-22 00:00:00.0'}, 'TESTUSER', {ts '2009-01-22 00:00:00.0'}, 1, {ts '2000-01-01 00:00:00.0'}, {ts '2000-12-31 00:00:00.0'}, 'Active', '155', '58', 'kuali.org.Chartered')
/
insert into KSEN_ORG_ORG_RELTN (ID, CREATEID, CREATETIME, UPDATEID, UPDATETIME, VER_NBR, EFF_DT, EXPIR_DT, ORG_RELTN_STATE, RELATED_ORG_ID, ORG_ID, ORG_RELTN_TYPE) values ('167', 'TESTUSER', {ts '2009-01-22 00:00:00.0'}, 'TESTUSER', {ts '2009-01-22 00:00:00.0'}, 1, {ts '2000-01-01 00:00:00.0'}, {ts '2000-12-31 00:00:00.0'}, 'Active', '156', '59', 'kuali.org.Chartered')
/
insert into KSEN_ORG_ORG_RELTN (ID, CREATEID, CREATETIME, UPDATEID, UPDATETIME, VER_NBR, EFF_DT, EXPIR_DT, ORG_RELTN_STATE, RELATED_ORG_ID, ORG_ID, ORG_RELTN_TYPE) values ('168', 'TESTUSER', {ts '2009-01-22 00:00:00.0'}, 'TESTUSER', {ts '2009-01-22 00:00:00.0'}, 1, {ts '2000-01-01 00:00:00.0'}, {ts '2000-12-31 00:00:00.0'}, 'Active', '157', '60', 'kuali.org.Chartered')
/
insert into KSEN_ORG_ORG_RELTN (ID, CREATEID, CREATETIME, UPDATEID, UPDATETIME, VER_NBR, EFF_DT, EXPIR_DT, ORG_RELTN_STATE, RELATED_ORG_ID, ORG_ID, ORG_RELTN_TYPE) values ('169', 'TESTUSER', {ts '2009-01-22 00:00:00.0'}, 'TESTUSER', {ts '2009-01-22 00:00:00.0'}, 1, {ts '2000-01-01 00:00:00.0'}, {ts '2000-12-31 00:00:00.0'}, 'Active', '158', '61', 'kuali.org.Chartered')
/
insert into KSEN_ORG_ORG_RELTN (ID, CREATEID, CREATETIME, UPDATEID, UPDATETIME, VER_NBR, EFF_DT, EXPIR_DT, ORG_RELTN_STATE, RELATED_ORG_ID, ORG_ID, ORG_RELTN_TYPE) values ('170', 'TESTUSER', {ts '2009-01-22 00:00:00.0'}, 'TESTUSER', {ts '2009-01-22 00:00:00.0'}, 1, {ts '2000-01-01 00:00:00.0'}, {ts '2000-12-31 00:00:00.0'}, 'Active', '159', '62', 'kuali.org.Chartered')
/
insert into KSEN_ORG_ORG_RELTN (ID, CREATEID, CREATETIME, UPDATEID, UPDATETIME, VER_NBR, EFF_DT, EXPIR_DT, ORG_RELTN_STATE, RELATED_ORG_ID, ORG_ID, ORG_RELTN_TYPE) values ('171', 'TESTUSER', {ts '2009-01-22 00:00:00.0'}, 'TESTUSER', {ts '2009-01-22 00:00:00.0'}, 1, {ts '2000-01-01 00:00:00.0'}, {ts '2000-12-31 00:00:00.0'}, 'Active', '160', '63', 'kuali.org.Chartered')
/
insert into KSEN_ORG_ORG_RELTN (ID, CREATEID, CREATETIME, UPDATEID, UPDATETIME, VER_NBR, EFF_DT, EXPIR_DT, ORG_RELTN_STATE, RELATED_ORG_ID, ORG_ID, ORG_RELTN_TYPE) values ('172', 'TESTUSER', {ts '2009-01-22 00:00:00.0'}, 'TESTUSER', {ts '2009-01-22 00:00:00.0'}, 1, {ts '2000-01-01 00:00:00.0'}, {ts '2000-12-31 00:00:00.0'}, 'Active', '161', '64', 'kuali.org.Chartered')
/
insert into KSEN_ORG_ORG_RELTN (ID, CREATEID, CREATETIME, UPDATEID, UPDATETIME, VER_NBR, EFF_DT, EXPIR_DT, ORG_RELTN_STATE, RELATED_ORG_ID, ORG_ID, ORG_RELTN_TYPE) values ('173', 'TESTUSER', {ts '2009-01-22 00:00:00.0'}, 'TESTUSER', {ts '2009-01-22 00:00:00.0'}, 1, {ts '2000-01-01 00:00:00.0'}, {ts '2000-12-31 00:00:00.0'}, 'Active', '162', '65', 'kuali.org.Chartered')
/
insert into KSEN_ORG_ORG_RELTN (ID, CREATEID, CREATETIME, UPDATEID, UPDATETIME, VER_NBR, EFF_DT, EXPIR_DT, ORG_RELTN_STATE, RELATED_ORG_ID, ORG_ID, ORG_RELTN_TYPE) values ('174', 'TESTUSER', {ts '2009-01-22 00:00:00.0'}, 'TESTUSER', {ts '2009-01-22 00:00:00.0'}, 1, {ts '2000-01-01 00:00:00.0'}, {ts '2000-12-31 00:00:00.0'}, 'Active', '163', '66', 'kuali.org.Chartered')
/
insert into KSEN_ORG_ORG_RELTN (ID, CREATEID, CREATETIME, UPDATEID, UPDATETIME, VER_NBR, EFF_DT, EXPIR_DT, ORG_RELTN_STATE, RELATED_ORG_ID, ORG_ID, ORG_RELTN_TYPE) values ('175', 'TESTUSER', {ts '2009-01-22 00:00:00.0'}, 'TESTUSER', {ts '2009-01-22 00:00:00.0'}, 1, {ts '2000-01-01 00:00:00.0'}, {ts '2000-12-31 00:00:00.0'}, 'Active', '164', '67', 'kuali.org.Chartered')
/
insert into KSEN_ORG_ORG_RELTN (ID, CREATEID, CREATETIME, UPDATEID, UPDATETIME, VER_NBR, EFF_DT, EXPIR_DT, ORG_RELTN_STATE, RELATED_ORG_ID, ORG_ID, ORG_RELTN_TYPE) values ('176', 'TESTUSER', {ts '2009-01-22 00:00:00.0'}, 'TESTUSER', {ts '2009-01-22 00:00:00.0'}, 1, {ts '2000-01-01 00:00:00.0'}, {ts '2000-12-31 00:00:00.0'}, 'Active', '165', '68', 'kuali.org.Chartered')
/
insert into KSEN_ORG_ORG_RELTN (ID, CREATEID, CREATETIME, UPDATEID, UPDATETIME, VER_NBR, EFF_DT, EXPIR_DT, ORG_RELTN_STATE, RELATED_ORG_ID, ORG_ID, ORG_RELTN_TYPE) values ('177', 'TESTUSER', {ts '2009-01-22 00:00:00.0'}, 'TESTUSER', {ts '2009-01-22 00:00:00.0'}, 1, {ts '2000-01-01 00:00:00.0'}, {ts '2000-12-31 00:00:00.0'}, 'Active', '166', '69', 'kuali.org.Chartered')
/
insert into KSEN_ORG_ORG_RELTN (ID, CREATEID, CREATETIME, UPDATEID, UPDATETIME, VER_NBR, EFF_DT, EXPIR_DT, ORG_RELTN_STATE, RELATED_ORG_ID, ORG_ID, ORG_RELTN_TYPE) values ('178', 'TESTUSER', {ts '2009-01-22 00:00:00.0'}, 'TESTUSER', {ts '2009-01-22 00:00:00.0'}, 1, {ts '2000-01-01 00:00:00.0'}, {ts '2000-12-31 00:00:00.0'}, 'Active', '167', '49', 'kuali.org.Chartered')
/
insert into KSEN_ORG_ORG_RELTN (ID, CREATEID, CREATETIME, UPDATEID, UPDATETIME, VER_NBR, EFF_DT, EXPIR_DT, ORG_RELTN_STATE, RELATED_ORG_ID, ORG_ID, ORG_RELTN_TYPE) values ('179', 'TESTUSER', {ts '2009-01-22 00:00:00.0'}, 'TESTUSER', {ts '2009-01-22 00:00:00.0'}, 1, {ts '2000-01-01 00:00:00.0'}, {ts '2000-12-31 00:00:00.0'}, 'Active', '168', '32', 'kuali.org.Chartered')
/
insert into KSEN_ORG_ORG_RELTN (ID, CREATEID, CREATETIME, UPDATEID, UPDATETIME, VER_NBR, EFF_DT, EXPIR_DT, ORG_RELTN_STATE, RELATED_ORG_ID, ORG_ID, ORG_RELTN_TYPE) values ('180', 'TESTUSER', {ts '2009-01-22 00:00:00.0'}, 'TESTUSER', {ts '2009-01-22 00:00:00.0'}, 1, {ts '2000-01-01 00:00:00.0'}, {ts '2000-12-31 00:00:00.0'}, 'Active', '169', '33', 'kuali.org.Chartered')
/
insert into KSEN_ORG_ORG_RELTN (ID, CREATEID, CREATETIME, UPDATEID, UPDATETIME, VER_NBR, EFF_DT, EXPIR_DT, ORG_RELTN_STATE, RELATED_ORG_ID, ORG_ID, ORG_RELTN_TYPE) values ('181', 'TESTUSER', {ts '2009-01-22 00:00:00.0'}, 'TESTUSER', {ts '2009-01-22 00:00:00.0'}, 1, {ts '2000-01-01 00:00:00.0'}, {ts '2000-12-31 00:00:00.0'}, 'Active', '170', '34', 'kuali.org.Chartered')
/
insert into KSEN_ORG_ORG_RELTN (ID, CREATEID, CREATETIME, UPDATEID, UPDATETIME, VER_NBR, EFF_DT, EXPIR_DT, ORG_RELTN_STATE, RELATED_ORG_ID, ORG_ID, ORG_RELTN_TYPE) values ('182', 'TESTUSER', {ts '2009-01-22 00:00:00.0'}, 'TESTUSER', {ts '2009-01-22 00:00:00.0'}, 1, {ts '2000-01-01 00:00:00.0'}, {ts '2000-12-31 00:00:00.0'}, 'Active', '166', '171', 'kuali.org.Functional')
/
insert into KSEN_ORG_ORG_RELTN (ID, CREATEID, CREATETIME, UPDATEID, UPDATETIME, VER_NBR, EFF_DT, EXPIR_DT, ORG_RELTN_STATE, RELATED_ORG_ID, ORG_ID, ORG_RELTN_TYPE) values ('183', 'TESTUSER', {ts '2009-01-22 00:00:00.0'}, 'TESTUSER', {ts '2009-01-22 00:00:00.0'}, 1, {ts '2000-01-01 00:00:00.0'}, {ts '2000-12-31 00:00:00.0'}, 'Active', '171', '69', 'kuali.org.Chartered')
/


//ORG attributes
insert into KSEN_ORG_ATTR (ID, ATTR_VALUE, ATTR_KEY, OWNER_ID) values ('2', 'Governors', 'ks.org.attr.Alias', '2')
/
insert into KSEN_ORG_ATTR (ID, ATTR_VALUE, ATTR_KEY, OWNER_ID) values ('4', 'KU', 'ks.org.attr.Alias', '4')
/
insert into KSEN_ORG_ATTR (ID, ATTR_VALUE, ATTR_KEY, OWNER_ID) values ('11', 'Fundraising, Endowment Management', 'ks.org.attr.Alias', '11')
/
insert into KSEN_ORG_ATTR (ID, ATTR_VALUE, ATTR_KEY, OWNER_ID) values ('18', 'Research', 'ks.org.attr.Alias', '18')
/
insert into KSEN_ORG_ATTR (ID, ATTR_VALUE, ATTR_KEY, OWNER_ID) values ('19', 'EVPP', 'ks.org.attr.Alias', '19')
/
insert into KSEN_ORG_ATTR (ID, ATTR_VALUE, ATTR_KEY, OWNER_ID) values ('20', 'CFO, COO', 'ks.org.attr.Alias', '20')
/
insert into KSEN_ORG_ATTR (ID, ATTR_VALUE, ATTR_KEY, OWNER_ID) values ('26', 'The Graduate School or Program', 'ks.org.attr.Alias', '26')
/
insert into KSEN_ORG_ATTR (ID, ATTR_VALUE, ATTR_KEY, OWNER_ID) values ('28', 'Faculty of Arts&Hum', 'ks.org.attr.Alias', '28')
/
insert into KSEN_ORG_ATTR (ID, ATTR_VALUE, ATTR_KEY, OWNER_ID) values ('29', 'Faculty of BSOS', 'ks.org.attr.Alias', '29')
/
insert into KSEN_ORG_ATTR (ID, ATTR_VALUE, ATTR_KEY, OWNER_ID) values ('32', 'The B-School', 'ks.org.attr.Alias', '32')
/
insert into KSEN_ORG_ATTR (ID, ATTR_VALUE, ATTR_KEY, OWNER_ID) values ('33', 'The Ed-School', 'ks.org.attr.Alias', '33')
/
insert into KSEN_ORG_ATTR (ID, ATTR_VALUE, ATTR_KEY, OWNER_ID) values ('34', 'Med-School', 'ks.org.attr.Alias', '34')
/
insert into KSEN_ORG_ATTR (ID, ATTR_VALUE, ATTR_KEY, OWNER_ID) values ('39', 'Continuing Eduction, Non-Credit, Not for Credit', 'ks.org.attr.Alias', '39')
/
insert into KSEN_ORG_ATTR (ID, ATTR_VALUE, ATTR_KEY, OWNER_ID) values ('40', 'Distance Learning', 'ks.org.attr.Alias', '40')
/
insert into KSEN_ORG_ATTR (ID, ATTR_VALUE, ATTR_KEY, OWNER_ID) values ('41', 'Experimental, International, Experiential, Alternative', 'ks.org.attr.Alias', '41')
/
insert into KSEN_ORG_ATTR (ID, ATTR_VALUE, ATTR_KEY, OWNER_ID) values ('46', 'Exchange, Non-Institute', 'ks.org.attr.Alias', '46')
/
insert into KSEN_ORG_ATTR (ID, ATTR_VALUE, ATTR_KEY, OWNER_ID) values ('47', 'International, Foreign Exchange', 'ks.org.attr.Alias', '47')
/
insert into KSEN_ORG_ATTR (ID, ATTR_VALUE, ATTR_KEY, OWNER_ID) values ('49', 'Women''s Studies (old)', 'ks.org.attr.Alias', '49')
/
insert into KSEN_ORG_ATTR (ID, ATTR_VALUE, ATTR_KEY, OWNER_ID) values ('51', 'FA', 'ks.org.attr.Alias', '51')
/
insert into KSEN_ORG_ATTR (ID, ATTR_VALUE, ATTR_KEY, OWNER_ID) values ('57', 'PolySci', 'ks.org.attr.Alias', '57')
/
insert into KSEN_ORG_ATTR (ID, ATTR_VALUE, ATTR_KEY, OWNER_ID) values ('58', 'Psych', 'ks.org.attr.Alias', '58')
/
insert into KSEN_ORG_ATTR (ID, ATTR_VALUE, ATTR_KEY, OWNER_ID) values ('59', 'Socs', 'ks.org.attr.Alias', '59')
/
insert into KSEN_ORG_ATTR (ID, ATTR_VALUE, ATTR_KEY, OWNER_ID) values ('61', 'Chem E', 'ks.org.attr.Alias', '61')
/
insert into KSEN_ORG_ATTR (ID, ATTR_VALUE, ATTR_KEY, OWNER_ID) values ('63', 'Mech E', 'ks.org.attr.Alias', '63')
/
insert into KSEN_ORG_ATTR (ID, ATTR_VALUE, ATTR_KEY, OWNER_ID) values ('64', 'Comp Sci', 'ks.org.attr.Alias', '64')
/
insert into KSEN_ORG_ATTR (ID, ATTR_VALUE, ATTR_KEY, OWNER_ID) values ('66', 'Biochem', 'ks.org.attr.Alias', '66')
/
insert into KSEN_ORG_ATTR (ID, ATTR_VALUE, ATTR_KEY, OWNER_ID) values ('132', 'Alma Mater Society', 'ks.org.attr.Alias', '132')
/
insert into KSEN_ORG_ATTR (ID, ATTR_VALUE, ATTR_KEY, OWNER_ID) values ('133', 'Graduate and Professional Student Society', 'ks.org.attr.Alias', '133')
/
insert into KSEN_ORG_ATTR (ID, ATTR_VALUE, ATTR_KEY, OWNER_ID) values ('134', 'Faculty', 'ks.org.attr.Alias', '134')
/
insert into KSEN_ORG_ATTR (ID, ATTR_VALUE, ATTR_KEY, OWNER_ID) values ('141', 'The Curriculum Committee', 'ks.org.attr.Alias', '141')
/
insert into KSEN_ORG_ATTR (ID, ATTR_VALUE, ATTR_KEY, OWNER_ID) values ('142', 'Curriculumn Coordinators', 'ks.org.attr.Alias', '142')
/
insert into KSEN_ORG_ATTR (ID, ATTR_VALUE, ATTR_KEY, OWNER_ID) values ('171', 'Geology CIC', 'ks.org.attr.Alias', '171')
/
insert into KSEN_ORG_ATTR (ID, ATTR_VALUE, ATTR_KEY, OWNER_ID) values ('1', 'KU System', 'ks.org.attr.Alias', '1')
/

//ORG Person Relation
insert into KSEN_ORG_PERS_RELTN (ID, ORG_ID, PERS_ID, EFF_DT, EXPIR_DT, ORG_PERS_RELTN_TYPE, ORG_PERS_RELTN_STATE, VER_NBR, CREATEID, CREATETIME) values ('1', '68', 'KIM-1', {ts '2000-01-01 00:00:00.0'}, {ts '2050-12-31 00:00:00.0'},'kuali.org.person.relation.type.head', 'Active', 1, 'TESTUSER', {ts '2009-01-22 00:00:00.0'})
/
insert into KSEN_ORG_PERS_RELTN (ID, ORG_ID, PERS_ID, EFF_DT, EXPIR_DT, ORG_PERS_RELTN_TYPE, ORG_PERS_RELTN_STATE, VER_NBR, CREATEID, CREATETIME) values ('2', '28', 'KIM-2', {ts '2000-01-01 00:00:00.0'}, {ts '2050-12-31 00:00:00.0'}, 'kuali.org.person.relation.type.admin.assistant', 'Active', 1, 'TESTUSER', {ts '2009-01-22 00:00:00.0'})
/
insert into KSEN_ORG_PERS_RELTN (ID, ORG_ID, PERS_ID, EFF_DT, EXPIR_DT, ORG_PERS_RELTN_TYPE, ORG_PERS_RELTN_STATE, VER_NBR, CREATEID, CREATETIME) values ('3', '147', 'KIM-3', {ts '2000-01-01 00:00:00.0'},{ts '2050-12-31 00:00:00.0'}, 'kuali.org.person.relation.type.coordinator', 'Active', 1, 'TESTUSER', {ts '2009-01-22 00:00:00.0'})
/
insert into KSEN_ORG_PERS_RELTN (ID, ORG_ID, PERS_ID, EFF_DT, EXPIR_DT, ORG_PERS_RELTN_TYPE, ORG_PERS_RELTN_STATE, VER_NBR, CREATEID, CREATETIME) values ('4', '68', 'KIM-4', {ts '2000-01-01 00:00:00.0'}, {ts '2050-12-31 00:00:00.0'},'kuali.org.person.relation.type.professor', 'Active', 1, 'TESTUSER', {ts '2009-01-22 00:00:00.0'})
/
insert into KSEN_ORG_PERS_RELTN (ID, ORG_ID, PERS_ID, EFF_DT, EXPIR_DT, ORG_PERS_RELTN_TYPE, ORG_PERS_RELTN_STATE, VER_NBR, CREATEID, CREATETIME) values ('5', '53', 'KIM-1', {ts '2000-01-01 00:00:00.0'}, {ts '2050-12-31 00:00:00.0'},'kuali.org.person.relation.type.head', 'Active', 1, 'TESTUSER', {ts '2009-01-22 00:00:00.0'})
/
insert into KSEN_ORG_PERS_RELTN (ID, ORG_ID, PERS_ID, EFF_DT, EXPIR_DT, ORG_PERS_RELTN_TYPE, ORG_PERS_RELTN_STATE, VER_NBR, CREATEID, CREATETIME) values ('6', '68', 'KIM-1', {ts '2000-01-01 00:00:00.0'}, {ts '2050-12-31 00:00:00.0'},'kuali.org.person.relation.type.professor', 'Active', 1, 'TESTUSER', {ts '2009-01-22 00:00:00.0'})
/
insert into KSEN_ORG_PERS_RELTN (ID, ORG_ID, PERS_ID, EFF_DT, EXPIR_DT, ORG_PERS_RELTN_TYPE, ORG_PERS_RELTN_STATE, VER_NBR, CREATEID, CREATETIME) values ('7', '31', 'user1', {ts '2000-01-01 00:00:00.0'}, {ts '2050-12-31 00:00:00.0'},'kuali.org.person.relation.type.administrative.officer', 'Active', 1, 'TESTUSER', {ts '2009-01-22 00:00:00.0'})
/
insert into KSEN_ORG_PERS_RELTN (ID, ORG_ID, PERS_ID, EFF_DT, EXPIR_DT, ORG_PERS_RELTN_TYPE, ORG_PERS_RELTN_STATE, VER_NBR, CREATEID, CREATETIME) values ('8', '61', 'user2', {ts '2000-01-01 00:00:00.0'}, {ts '2050-12-31 00:00:00.0'},'kuali.org.person.relation.type.administrative.officer', 'Active', 1, 'TESTUSER', {ts '2009-01-22 00:00:00.0'})
/
insert into KSEN_ORG_PERS_RELTN (ID, ORG_ID, PERS_ID, EFF_DT, EXPIR_DT, ORG_PERS_RELTN_TYPE, ORG_PERS_RELTN_STATE, VER_NBR, CREATEID, CREATETIME) values ('9', '62', 'user2', {ts '2000-01-01 00:00:00.0'}, {ts '2050-12-31 00:00:00.0'},'kuali.org.person.relation.type.administrative.officer', 'Active', 1, 'TESTUSER', {ts '2009-01-22 00:00:00.0'})
/

// Org Hierarchy Type Join
insert into KSEN_ORG_HIRCHY_OORT (ORG_HIRCHY_ID, ORG_ORG_RELTN_TYPE_ID) values ('kuali.org.hierarchy.Main', 'kuali.org.Part')
/
insert into KSEN_ORG_HIRCHY_OORT (ORG_HIRCHY_ID, ORG_ORG_RELTN_TYPE_ID) values ('kuali.org.hierarchy.Main', 'kuali.org.orgOrgRelation.type.Section')
/
insert into KSEN_ORG_HIRCHY_OORT (ORG_HIRCHY_ID, ORG_ORG_RELTN_TYPE_ID) values ('kuali.org.hierarchy.Main', 'kuali.org.Report')
/
insert into KSEN_ORG_HIRCHY_OORT (ORG_HIRCHY_ID, ORG_ORG_RELTN_TYPE_ID) values ('kuali.org.hierarchy.Main', 'kuali.org.Administer')
/
insert into KSEN_ORG_HIRCHY_OORT (ORG_HIRCHY_ID, ORG_ORG_RELTN_TYPE_ID) values ('kuali.org.hierarchy.Main', 'kuali.org.Chartered')
/
insert into KSEN_ORG_HIRCHY_OORT (ORG_HIRCHY_ID, ORG_ORG_RELTN_TYPE_ID) values ('kuali.org.hierarchy.Main', 'kuali.org.Functional')
/
insert into KSEN_ORG_HIRCHY_OORT (ORG_HIRCHY_ID, ORG_ORG_RELTN_TYPE_ID) values ('kuali.org.hierarchy.Main', 'kuali.org.Collaborate')
/
insert into KSEN_ORG_HIRCHY_OORT (ORG_HIRCHY_ID, ORG_ORG_RELTN_TYPE_ID) values ('kuali.org.hierarchy.Main', 'kuali.org.Sponsor')
/
insert into KSEN_ORG_HIRCHY_OORT (ORG_HIRCHY_ID, ORG_ORG_RELTN_TYPE_ID) values ('kuali.org.hierarchy.Main', 'kuali.org.HQ')
/
insert into KSEN_ORG_HIRCHY_OORT (ORG_HIRCHY_ID, ORG_ORG_RELTN_TYPE_ID) values ('kuali.org.hierarchy.Main', 'kuali.org.orgOrgRelation.type.Board')
/
insert into KSEN_ORG_HIRCHY_OORT (ORG_HIRCHY_ID, ORG_ORG_RELTN_TYPE_ID) values ('kuali.org.hierarchy.Main', 'kuali.org.Advisory')
/
insert into KSEN_ORG_HIRCHY_OORT (ORG_HIRCHY_ID, ORG_ORG_RELTN_TYPE_ID) values ('kuali.org.hierarchy.Main', 'kuali.org.Subcommittee')
/
insert into KSEN_ORG_HIRCHY_OORT (ORG_HIRCHY_ID, ORG_ORG_RELTN_TYPE_ID) values ('kuali.org.hierarchy.Curriculum', 'kuali.org.CurriculumChild')
/

//ORG ORG_ORG_RELATION TYPE TYPE RELATION
insert into KSEN_TYPETYPE_RELTN (ID, TYPETYPE_RELTN_TYPE, TYPETYPE_RELTN_STATE, EFF_DT, EXPIR_DT, OWNER_TYPE_ID, RELATED_TYPE_ID, VER_NBR, CREATETIME, CREATEID, RANK) values ('kuali.type.type.relation.allowed.kuali.org.type.school.kuali.org.Part', 'kuali.type.type.relation.type.allowed', 'kuali.type.type.relation.state.active', {ts '2000-01-01 00:00:00.0'}, {ts '2050-12-31 00:00:00.0'}, 'kuali.org.type.school', 'kuali.org.Part', 1, {ts '2000-12-31 00:00:00.0'}, 'USER_X', 1)
/
insert into KSEN_TYPETYPE_RELTN (ID, TYPETYPE_RELTN_TYPE, TYPETYPE_RELTN_STATE, EFF_DT, EXPIR_DT, OWNER_TYPE_ID, RELATED_TYPE_ID, VER_NBR, CREATETIME, CREATEID, RANK) values ('kuali.type.type.relation.allowed.kuali.org.type.office.kuali.org.Report', 'kuali.type.type.relation.type.allowed', 'kuali.type.type.relation.state.active', {ts '2000-01-01 00:00:00.0'}, {ts '2050-12-31 00:00:00.0'}, 'kuali.org.type.office', 'kuali.org.Report', 1, {ts '2000-12-31 00:00:00.0'}, 'USER_X', 1)
/
insert into KSEN_TYPETYPE_RELTN (ID, TYPETYPE_RELTN_TYPE, TYPETYPE_RELTN_STATE, EFF_DT, EXPIR_DT, OWNER_TYPE_ID, RELATED_TYPE_ID, VER_NBR, CREATETIME, CREATEID, RANK) values ('kuali.type.type.relation.allowed.kuali.org.type.division.kuali.org.Part', 'kuali.type.type.relation.type.allowed', 'kuali.type.type.relation.state.active', {ts '2000-01-01 00:00:00.0'}, {ts '2050-12-31 00:00:00.0'}, 'kuali.org.type.division', 'kuali.org.Part', 1, {ts '2000-12-31 00:00:00.0'}, 'USER_X', 1)
/
insert into KSEN_TYPETYPE_RELTN (ID, TYPETYPE_RELTN_TYPE, TYPETYPE_RELTN_STATE, EFF_DT, EXPIR_DT, OWNER_TYPE_ID, RELATED_TYPE_ID, VER_NBR, CREATETIME, CREATEID, RANK) values ('kuali.type.type.relation.allowed.kuali.org.type.senate.kuali.org.orgOrgRelation.type.Board', 'kuali.type.type.relation.type.allowed', 'kuali.type.type.relation.state.active', {ts '2000-01-01 00:00:00.0'}, {ts '2050-12-31 00:00:00.0'}, 'kuali.org.type.senate', 'kuali.org.orgOrgRelation.type.Board', 1, {ts '2000-12-31 00:00:00.0'}, 'USER_X', 1)
/
insert into KSEN_TYPETYPE_RELTN (ID, TYPETYPE_RELTN_TYPE, TYPETYPE_RELTN_STATE, EFF_DT, EXPIR_DT, OWNER_TYPE_ID, RELATED_TYPE_ID, VER_NBR, CREATETIME, CREATEID, RANK) values ('kuali.type.type.relation.allowed.kuali.org.type.corporate.entity.kuali.org.orgOrgRelation.type.Board', 'kuali.type.type.relation.type.allowed', 'kuali.type.type.relation.state.active', {ts '2000-01-01 00:00:00.0'}, {ts '2050-12-31 00:00:00.0'}, 'kuali.org.type.corporate.entity', 'kuali.org.orgOrgRelation.type.Board', 1, {ts '2000-12-31 00:00:00.0'}, 'USER_X', 1)
/
insert into KSEN_TYPETYPE_RELTN (ID, TYPETYPE_RELTN_TYPE, TYPETYPE_RELTN_STATE, EFF_DT, EXPIR_DT, OWNER_TYPE_ID, RELATED_TYPE_ID, VER_NBR, CREATETIME, CREATEID, RANK) values ('kuali.type.type.relation.allowed.kuali.org.type.committee.kuali.org.Subcommittee', 'kuali.type.type.relation.type.allowed', 'kuali.type.type.relation.state.active', {ts '2000-01-01 00:00:00.0'}, {ts '2050-12-31 00:00:00.0'}, 'kuali.org.type.committee', 'kuali.org.Subcommittee', 1, {ts '2000-12-31 00:00:00.0'}, 'USER_X', 1)
/
insert into KSEN_TYPETYPE_RELTN (ID, TYPETYPE_RELTN_TYPE, TYPETYPE_RELTN_STATE, EFF_DT, EXPIR_DT, OWNER_TYPE_ID, RELATED_TYPE_ID, VER_NBR, CREATETIME, CREATEID, RANK) values ('kuali.type.type.relation.allowed.kuali.org.type.committee.kuali.org.orgOrgRelation.type.Board', 'kuali.type.type.relation.type.allowed', 'kuali.type.type.relation.state.active', {ts '2000-01-01 00:00:00.0'}, {ts '2050-12-31 00:00:00.0'}, 'kuali.org.type.committee', 'kuali.org.orgOrgRelation.type.Board', 1, {ts '2000-12-31 00:00:00.0'}, 'USER_X', 1)
/
insert into KSEN_TYPETYPE_RELTN (ID, TYPETYPE_RELTN_TYPE, TYPETYPE_RELTN_STATE, EFF_DT, EXPIR_DT, OWNER_TYPE_ID, RELATED_TYPE_ID, VER_NBR, CREATETIME, CREATEID, RANK) values ('kuali.type.type.relation.allowed.kuali.org.type.division.kuali.org.HQ', 'kuali.type.type.relation.type.allowed', 'kuali.type.type.relation.state.active', {ts '2000-01-01 00:00:00.0'}, {ts '2050-12-31 00:00:00.0'}, 'kuali.org.type.division', 'kuali.org.HQ', 1, {ts '2000-12-31 00:00:00.0'}, 'USER_X', 1)
/
insert into KSEN_TYPETYPE_RELTN (ID, TYPETYPE_RELTN_TYPE, TYPETYPE_RELTN_STATE, EFF_DT, EXPIR_DT, OWNER_TYPE_ID, RELATED_TYPE_ID, VER_NBR, CREATETIME, CREATEID, RANK) values ('kuali.type.type.relation.allowed.kuali.org.type.office.kuali.org.HQ', 'kuali.type.type.relation.type.allowed', 'kuali.type.type.relation.state.active', {ts '2000-01-01 00:00:00.0'}, {ts '2050-12-31 00:00:00.0'}, 'kuali.org.type.office', 'kuali.org.HQ', 1, {ts '2000-12-31 00:00:00.0'}, 'USER_X', 1)
/
insert into KSEN_TYPETYPE_RELTN (ID, TYPETYPE_RELTN_TYPE, TYPETYPE_RELTN_STATE, EFF_DT, EXPIR_DT, OWNER_TYPE_ID, RELATED_TYPE_ID, VER_NBR, CREATETIME, CREATEID, RANK) values ('kuali.type.type.relation.allowed.kuali.org.type.office.kuali.org.Part', 'kuali.type.type.relation.type.allowed', 'kuali.type.type.relation.state.active', {ts '2000-01-01 00:00:00.0'}, {ts '2050-12-31 00:00:00.0'}, 'kuali.org.type.office', 'kuali.org.Part', 1, {ts '2000-12-31 00:00:00.0'}, 'USER_X', 1)
/
insert into KSEN_TYPETYPE_RELTN (ID, TYPETYPE_RELTN_TYPE, TYPETYPE_RELTN_STATE, EFF_DT, EXPIR_DT, OWNER_TYPE_ID, RELATED_TYPE_ID, VER_NBR, CREATETIME, CREATEID, RANK) values ('kuali.type.type.relation.allowed.kuali.org.type.senate.kuali.org.Subcommittee', 'kuali.type.type.relation.type.allowed', 'kuali.type.type.relation.state.active', {ts '2000-01-01 00:00:00.0'}, {ts '2050-12-31 00:00:00.0'}, 'kuali.org.type.senate', 'kuali.org.Subcommittee', 1, {ts '2000-12-31 00:00:00.0'}, 'USER_X', 1)
/
insert into KSEN_TYPETYPE_RELTN (ID, TYPETYPE_RELTN_TYPE, TYPETYPE_RELTN_STATE, EFF_DT, EXPIR_DT, OWNER_TYPE_ID, RELATED_TYPE_ID, VER_NBR, CREATETIME, CREATEID, RANK) values ('kuali.type.type.relation.allowed.kuali.org.type.committee.kuali.org.Chartered', 'kuali.type.type.relation.type.allowed', 'kuali.type.type.relation.state.active', {ts '2000-01-01 00:00:00.0'}, {ts '2050-12-31 00:00:00.0'}, 'kuali.org.type.committee', 'kuali.org.Chartered', 1, {ts '2000-12-31 00:00:00.0'}, 'USER_X', 1)
/
insert into KSEN_TYPETYPE_RELTN (ID, TYPETYPE_RELTN_TYPE, TYPETYPE_RELTN_STATE, EFF_DT, EXPIR_DT, OWNER_TYPE_ID, RELATED_TYPE_ID, VER_NBR, CREATETIME, CREATEID, RANK) values ('kuali.type.type.relation.allowed.kuali.org.type.academic.department.kuali.org.Collaborate', 'kuali.type.type.relation.type.allowed', 'kuali.type.type.relation.state.active', {ts '2000-01-01 00:00:00.0'}, {ts '2050-12-31 00:00:00.0'}, 'kuali.org.type.academic.department', 'kuali.org.Collaborate', 1, {ts '2000-12-31 00:00:00.0'}, 'USER_X', 1)
/
insert into KSEN_TYPETYPE_RELTN (ID, TYPETYPE_RELTN_TYPE, TYPETYPE_RELTN_STATE, EFF_DT, EXPIR_DT, OWNER_TYPE_ID, RELATED_TYPE_ID, VER_NBR, CREATETIME, CREATEID, RANK) values ('kuali.type.type.relation.allowed.kuali.org.type.program.kuali.org.Report', 'kuali.type.type.relation.type.allowed', 'kuali.type.type.relation.state.active', {ts '2000-01-01 00:00:00.0'}, {ts '2050-12-31 00:00:00.0'}, 'kuali.org.type.program', 'kuali.org.Report', 1, {ts '2000-12-31 00:00:00.0'}, 'USER_X', 1)
/
insert into KSEN_TYPETYPE_RELTN (ID, TYPETYPE_RELTN_TYPE, TYPETYPE_RELTN_STATE, EFF_DT, EXPIR_DT, OWNER_TYPE_ID, RELATED_TYPE_ID, VER_NBR, CREATETIME, CREATEID, RANK) values ('kuali.type.type.relation.allowed.kuali.org.type.section.kuali.org.Part', 'kuali.type.type.relation.type.allowed', 'kuali.type.type.relation.state.active', {ts '2000-01-01 00:00:00.0'}, {ts '2050-12-31 00:00:00.0'}, 'kuali.org.type.section', 'kuali.org.Part', 1, {ts '2000-12-31 00:00:00.0'}, 'USER_X', 1)
/
insert into KSEN_TYPETYPE_RELTN (ID, TYPETYPE_RELTN_TYPE, TYPETYPE_RELTN_STATE, EFF_DT, EXPIR_DT, OWNER_TYPE_ID, RELATED_TYPE_ID, VER_NBR, CREATETIME, CREATEID, RANK) values ('kuali.type.type.relation.allowed.kuali.org.type.association.kuali.org.Administer', 'kuali.type.type.relation.type.allowed', 'kuali.type.type.relation.state.active', {ts '2000-01-01 00:00:00.0'}, {ts '2050-12-31 00:00:00.0'}, 'kuali.org.type.association', 'kuali.org.Administer', 1, {ts '2000-12-31 00:00:00.0'}, 'USER_X', 1)
/
insert into KSEN_TYPETYPE_RELTN (ID, TYPETYPE_RELTN_TYPE, TYPETYPE_RELTN_STATE, EFF_DT, EXPIR_DT, OWNER_TYPE_ID, RELATED_TYPE_ID, VER_NBR, CREATETIME, CREATEID, RANK) values ('kuali.type.type.relation.allowed.kuali.org.type.office.kuali.org.Administer', 'kuali.type.type.relation.type.allowed', 'kuali.type.type.relation.state.active', {ts '2000-01-01 00:00:00.0'}, {ts '2050-12-31 00:00:00.0'}, 'kuali.org.type.office', 'kuali.org.Administer', 1, {ts '2000-12-31 00:00:00.0'}, 'USER_X', 1)
/
insert into KSEN_TYPETYPE_RELTN (ID, TYPETYPE_RELTN_TYPE, TYPETYPE_RELTN_STATE, EFF_DT, EXPIR_DT, OWNER_TYPE_ID, RELATED_TYPE_ID, VER_NBR, CREATETIME, CREATEID, RANK) values ('kuali.type.type.relation.allowed.kuali.org.type.adhoc.committee.kuali.org.Chartered', 'kuali.type.type.relation.type.allowed', 'kuali.type.type.relation.state.active', {ts '2000-01-01 00:00:00.0'}, {ts '2050-12-31 00:00:00.0'}, 'kuali.org.type.adhoc.committee', 'kuali.org.Chartered', 1, {ts '2000-12-31 00:00:00.0'}, 'USER_X', 1)
/
insert into KSEN_TYPETYPE_RELTN (ID, TYPETYPE_RELTN_TYPE, TYPETYPE_RELTN_STATE, EFF_DT, EXPIR_DT, OWNER_TYPE_ID, RELATED_TYPE_ID, VER_NBR, CREATETIME, CREATEID, RANK) values ('kuali.type.type.relation.allowed.kuali.org.type.office.kuali.org.Collaborate', 'kuali.type.type.relation.type.allowed', 'kuali.type.type.relation.state.active', {ts '2000-01-01 00:00:00.0'}, {ts '2050-12-31 00:00:00.0'}, 'kuali.org.type.office', 'kuali.org.Collaborate', 1, {ts '2000-12-31 00:00:00.0'}, 'USER_X', 1)
/
insert into KSEN_TYPETYPE_RELTN (ID, TYPETYPE_RELTN_TYPE, TYPETYPE_RELTN_STATE, EFF_DT, EXPIR_DT, OWNER_TYPE_ID, RELATED_TYPE_ID, VER_NBR, CREATETIME, CREATEID, RANK) values ('kuali.type.type.relation.allowed.kuali.org.type.program.kuali.org.CurriculumChild', 'kuali.type.type.relation.type.allowed', 'kuali.type.type.relation.state.active', {ts '2000-01-01 00:00:00.0'}, {ts '2050-12-31 00:00:00.0'}, 'kuali.org.type.program', 'kuali.org.CurriculumChild', 1, {ts '2000-12-31 00:00:00.0'}, 'USER_X', 1)
/
insert into KSEN_TYPETYPE_RELTN (ID, TYPETYPE_RELTN_TYPE, TYPETYPE_RELTN_STATE, EFF_DT, EXPIR_DT, OWNER_TYPE_ID, RELATED_TYPE_ID, VER_NBR, CREATETIME, CREATEID, RANK) values ('kuali.type.type.relation.allowed.kuali.org.type.academic.department.kuali.org.Report', 'kuali.type.type.relation.type.allowed', 'kuali.type.type.relation.state.active', {ts '2000-01-01 00:00:00.0'}, {ts '2050-12-31 00:00:00.0'}, 'kuali.org.type.academic.department', 'kuali.org.Report', 1, {ts '2000-12-31 00:00:00.0'}, 'USER_X', 1)
/
insert into KSEN_TYPETYPE_RELTN (ID, TYPETYPE_RELTN_TYPE, TYPETYPE_RELTN_STATE, EFF_DT, EXPIR_DT, OWNER_TYPE_ID, RELATED_TYPE_ID, VER_NBR, CREATETIME, CREATEID, RANK) values ('kuali.type.type.relation.allowed.kuali.org.type.senate.kuali.org.Collaborate', 'kuali.type.type.relation.type.allowed', 'kuali.type.type.relation.state.active', {ts '2000-01-01 00:00:00.0'}, {ts '2050-12-31 00:00:00.0'}, 'kuali.org.type.senate', 'kuali.org.Collaborate', 1, {ts '2000-12-31 00:00:00.0'}, 'USER_X', 1)
/
insert into KSEN_TYPETYPE_RELTN (ID, TYPETYPE_RELTN_TYPE, TYPETYPE_RELTN_STATE, EFF_DT, EXPIR_DT, OWNER_TYPE_ID, RELATED_TYPE_ID, VER_NBR, CREATETIME, CREATEID, RANK) values ('kuali.type.type.relation.allowed.kuali.org.type.academic.department.kuali.org.Chartered', 'kuali.type.type.relation.type.allowed', 'kuali.type.type.relation.state.active', {ts '2000-01-01 00:00:00.0'}, {ts '2050-12-31 00:00:00.0'}, 'kuali.org.type.academic.department', 'kuali.org.Chartered', 1, {ts '2000-12-31 00:00:00.0'}, 'USER_X', 1)
/
insert into KSEN_TYPETYPE_RELTN (ID, TYPETYPE_RELTN_TYPE, TYPETYPE_RELTN_STATE, EFF_DT, EXPIR_DT, OWNER_TYPE_ID, RELATED_TYPE_ID, VER_NBR, CREATETIME, CREATEID, RANK) values ('kuali.type.type.relation.allowed.kuali.org.type.board.kuali.org.orgOrgRelation.type.Board', 'kuali.type.type.relation.type.allowed', 'kuali.type.type.relation.state.active', {ts '2000-01-01 00:00:00.0'}, {ts '2050-12-31 00:00:00.0'}, 'kuali.org.type.board', 'kuali.org.orgOrgRelation.type.Board', 1, {ts '2000-12-31 00:00:00.0'}, 'USER_X', 1)
/
insert into KSEN_TYPETYPE_RELTN (ID, TYPETYPE_RELTN_TYPE, TYPETYPE_RELTN_STATE, EFF_DT, EXPIR_DT, OWNER_TYPE_ID, RELATED_TYPE_ID, VER_NBR, CREATETIME, CREATEID, RANK) values ('kuali.type.type.relation.allowed.kuali.org.type.college.kuali.org.Part', 'kuali.type.type.relation.type.allowed', 'kuali.type.type.relation.state.active', {ts '2000-01-01 00:00:00.0'}, {ts '2050-12-31 00:00:00.0'}, 'kuali.org.type.college', 'kuali.org.Part', 1, {ts '2000-12-31 00:00:00.0'}, 'USER_X', 1)
/
insert into KSEN_TYPETYPE_RELTN (ID, TYPETYPE_RELTN_TYPE, TYPETYPE_RELTN_STATE, EFF_DT, EXPIR_DT, OWNER_TYPE_ID, RELATED_TYPE_ID, VER_NBR, CREATETIME, CREATEID, RANK) values ('kuali.type.type.relation.allowed.kuali.org.type.senate.kuali.org.Part', 'kuali.type.type.relation.type.allowed', 'kuali.type.type.relation.state.active', {ts '2000-01-01 00:00:00.0'}, {ts '2050-12-31 00:00:00.0'}, 'kuali.org.type.senate', 'kuali.org.Part', 1, {ts '2000-12-31 00:00:00.0'}, 'USER_X', 1)
/
insert into KSEN_TYPETYPE_RELTN (ID, TYPETYPE_RELTN_TYPE, TYPETYPE_RELTN_STATE, EFF_DT, EXPIR_DT, OWNER_TYPE_ID, RELATED_TYPE_ID, VER_NBR, CREATETIME, CREATEID, RANK) values ('kuali.type.type.relation.allowed.kuali.org.type.program.kuali.org.Advisory', 'kuali.type.type.relation.type.allowed', 'kuali.type.type.relation.state.active', {ts '2000-01-01 00:00:00.0'}, {ts '2050-12-31 00:00:00.0'}, 'kuali.org.type.program', 'kuali.org.Advisory', 1, {ts '2000-12-31 00:00:00.0'}, 'USER_X', 1)
/
insert into KSEN_TYPETYPE_RELTN (ID, TYPETYPE_RELTN_TYPE, TYPETYPE_RELTN_STATE, EFF_DT, EXPIR_DT, OWNER_TYPE_ID, RELATED_TYPE_ID, VER_NBR, CREATETIME, CREATEID, RANK) values ('kuali.type.type.relation.allowed.kuali.org.type.program.kuali.org.Part', 'kuali.type.type.relation.type.allowed', 'kuali.type.type.relation.state.active', {ts '2000-01-01 00:00:00.0'}, {ts '2050-12-31 00:00:00.0'}, 'kuali.org.type.program', 'kuali.org.Part', 1, {ts '2000-12-31 00:00:00.0'}, 'USER_X', 1)
/
insert into KSEN_TYPETYPE_RELTN (ID, TYPETYPE_RELTN_TYPE, TYPETYPE_RELTN_STATE, EFF_DT, EXPIR_DT, OWNER_TYPE_ID, RELATED_TYPE_ID, VER_NBR, CREATETIME, CREATEID, RANK) values ('kuali.type.type.relation.allowed.kuali.org.type.corporate.entity.kuali.org.Chartered', 'kuali.type.type.relation.type.allowed', 'kuali.type.type.relation.state.active', {ts '2000-01-01 00:00:00.0'}, {ts '2050-12-31 00:00:00.0'}, 'kuali.org.type.corporate.entity', 'kuali.org.Chartered', 1, {ts '2000-12-31 00:00:00.0'}, 'USER_X', 1)
/
insert into KSEN_TYPETYPE_RELTN (ID, TYPETYPE_RELTN_TYPE, TYPETYPE_RELTN_STATE, EFF_DT, EXPIR_DT, OWNER_TYPE_ID, RELATED_TYPE_ID, VER_NBR, CREATETIME, CREATEID, RANK) values ('kuali.type.type.relation.allowed.kuali.org.type.program.kuali.org.HQ', 'kuali.type.type.relation.type.allowed', 'kuali.type.type.relation.state.active', {ts '2000-01-01 00:00:00.0'}, {ts '2050-12-31 00:00:00.0'}, 'kuali.org.type.program', 'kuali.org.HQ', 1, {ts '2000-12-31 00:00:00.0'}, 'USER_X', 1)
/
insert into KSEN_TYPETYPE_RELTN (ID, TYPETYPE_RELTN_TYPE, TYPETYPE_RELTN_STATE, EFF_DT, EXPIR_DT, OWNER_TYPE_ID, RELATED_TYPE_ID, VER_NBR, CREATETIME, CREATEID, RANK) values ('kuali.type.type.relation.allowed.kuali.org.type.section.kuali.org.Report', 'kuali.type.type.relation.type.allowed', 'kuali.type.type.relation.state.active', {ts '2000-01-01 00:00:00.0'}, {ts '2050-12-31 00:00:00.0'}, 'kuali.org.type.section', 'kuali.org.Report', 1, {ts '2000-12-31 00:00:00.0'}, 'USER_X', 1)
/
insert into KSEN_TYPETYPE_RELTN (ID, TYPETYPE_RELTN_TYPE, TYPETYPE_RELTN_STATE, EFF_DT, EXPIR_DT, OWNER_TYPE_ID, RELATED_TYPE_ID, VER_NBR, CREATETIME, CREATEID, RANK) values ('kuali.type.type.relation.allowed.kuali.org.type.committee.kuali.org.Report', 'kuali.type.type.relation.type.allowed', 'kuali.type.type.relation.state.active', {ts '2000-01-01 00:00:00.0'}, {ts '2050-12-31 00:00:00.0'}, 'kuali.org.type.committee', 'kuali.org.Report', 1, {ts '2000-12-31 00:00:00.0'}, 'USER_X', 1)
/
insert into KSEN_TYPETYPE_RELTN (ID, TYPETYPE_RELTN_TYPE, TYPETYPE_RELTN_STATE, EFF_DT, EXPIR_DT, OWNER_TYPE_ID, RELATED_TYPE_ID, VER_NBR, CREATETIME, CREATEID, RANK) values ('kuali.type.type.relation.allowed.kuali.org.type.division.kuali.org.Report', 'kuali.type.type.relation.type.allowed', 'kuali.type.type.relation.state.active', {ts '2000-01-01 00:00:00.0'}, {ts '2050-12-31 00:00:00.0'}, 'kuali.org.type.division', 'kuali.org.Report', 1, {ts '2000-12-31 00:00:00.0'}, 'USER_X', 1)
/
insert into KSEN_TYPETYPE_RELTN (ID, TYPETYPE_RELTN_TYPE, TYPETYPE_RELTN_STATE, EFF_DT, EXPIR_DT, OWNER_TYPE_ID, RELATED_TYPE_ID, VER_NBR, CREATETIME, CREATEID, RANK) values ('kuali.type.type.relation.allowed.kuali.org.type.corporate.entity.kuali.org.HQ', 'kuali.type.type.relation.type.allowed', 'kuali.type.type.relation.state.active', {ts '2000-01-01 00:00:00.0'}, {ts '2050-12-31 00:00:00.0'}, 'kuali.org.type.corporate.entity', 'kuali.org.HQ', 1, {ts '2000-12-31 00:00:00.0'}, 'USER_X', 1)
/
insert into KSEN_TYPETYPE_RELTN (ID, TYPETYPE_RELTN_TYPE, TYPETYPE_RELTN_STATE, EFF_DT, EXPIR_DT, OWNER_TYPE_ID, RELATED_TYPE_ID, VER_NBR, CREATETIME, CREATEID, RANK) values ('kuali.type.type.relation.allowed.kuali.org.type.program.kuali.org.Chartered', 'kuali.type.type.relation.type.allowed', 'kuali.type.type.relation.state.active', {ts '2000-01-01 00:00:00.0'}, {ts '2050-12-31 00:00:00.0'}, 'kuali.org.type.program', 'kuali.org.Chartered', 1, {ts '2000-12-31 00:00:00.0'}, 'USER_X', 1)
/
insert into KSEN_TYPETYPE_RELTN (ID, TYPETYPE_RELTN_TYPE, TYPETYPE_RELTN_STATE, EFF_DT, EXPIR_DT, OWNER_TYPE_ID, RELATED_TYPE_ID, VER_NBR, CREATETIME, CREATEID, RANK) values ('kuali.type.type.relation.allowed.kuali.org.type.division.kuali.org.Chartered', 'kuali.type.type.relation.type.allowed', 'kuali.type.type.relation.state.active', {ts '2000-01-01 00:00:00.0'}, {ts '2050-12-31 00:00:00.0'}, 'kuali.org.type.division', 'kuali.org.Chartered', 1, {ts '2000-12-31 00:00:00.0'}, 'USER_X', 1)
/
insert into KSEN_TYPETYPE_RELTN (ID, TYPETYPE_RELTN_TYPE, TYPETYPE_RELTN_STATE, EFF_DT, EXPIR_DT, OWNER_TYPE_ID, RELATED_TYPE_ID, VER_NBR, CREATETIME, CREATEID, RANK) values ('kuali.type.type.relation.allowed.kuali.org.type.school.kuali.org.Chartered', 'kuali.type.type.relation.type.allowed', 'kuali.type.type.relation.state.active', {ts '2000-01-01 00:00:00.0'}, {ts '2050-12-31 00:00:00.0'}, 'kuali.org.type.school', 'kuali.org.Chartered', 1, {ts '2000-12-31 00:00:00.0'}, 'USER_X', 1)
/
insert into KSEN_TYPETYPE_RELTN (ID, TYPETYPE_RELTN_TYPE, TYPETYPE_RELTN_STATE, EFF_DT, EXPIR_DT, OWNER_TYPE_ID, RELATED_TYPE_ID, VER_NBR, CREATETIME, CREATEID, RANK) values ('kuali.type.type.relation.allowed.kuali.org.type.committee.kuali.org.Advisory', 'kuali.type.type.relation.type.allowed', 'kuali.type.type.relation.state.active', {ts '2000-01-01 00:00:00.0'}, {ts '2050-12-31 00:00:00.0'}, 'kuali.org.type.committee', 'kuali.org.Advisory', 1, {ts '2000-12-31 00:00:00.0'}, 'USER_X', 1)
/
insert into KSEN_TYPETYPE_RELTN (ID, TYPETYPE_RELTN_TYPE, TYPETYPE_RELTN_STATE, EFF_DT, EXPIR_DT, OWNER_TYPE_ID, RELATED_TYPE_ID, VER_NBR, CREATETIME, CREATEID, RANK) values ('kuali.type.type.relation.allowed.kuali.org.type.college.kuali.org.Chartered', 'kuali.type.type.relation.type.allowed', 'kuali.type.type.relation.state.active', {ts '2000-01-01 00:00:00.0'}, {ts '2050-12-31 00:00:00.0'}, 'kuali.org.type.college', 'kuali.org.Chartered', 1, {ts '2000-12-31 00:00:00.0'}, 'USER_X', 1)
/
insert into KSEN_TYPETYPE_RELTN (ID, TYPETYPE_RELTN_TYPE, TYPETYPE_RELTN_STATE, EFF_DT, EXPIR_DT, OWNER_TYPE_ID, RELATED_TYPE_ID, VER_NBR, CREATETIME, CREATEID, RANK) values ('kuali.type.type.relation.allowed.kuali.org.type.office.kuali.org.Advisory', 'kuali.type.type.relation.type.allowed', 'kuali.type.type.relation.state.active', {ts '2000-01-01 00:00:00.0'}, {ts '2050-12-31 00:00:00.0'}, 'kuali.org.type.office', 'kuali.org.Advisory', 1, {ts '2000-12-31 00:00:00.0'}, 'USER_X', 1)
/
insert into KSEN_TYPETYPE_RELTN (ID, TYPETYPE_RELTN_TYPE, TYPETYPE_RELTN_STATE, EFF_DT, EXPIR_DT, OWNER_TYPE_ID, RELATED_TYPE_ID, VER_NBR, CREATETIME, CREATEID, RANK) values ('kuali.type.type.relation.allowed.kuali.org.type.coc.kuali.org.CurriculumChild', 'kuali.type.type.relation.type.allowed', 'kuali.type.type.relation.state.active', {ts '2000-01-01 00:00:00.0'}, {ts '2050-12-31 00:00:00.0'}, 'kuali.org.type.coc', 'kuali.org.CurriculumChild', 1, {ts '2000-12-31 00:00:00.0'}, 'USER_X', 1)
/
insert into KSEN_TYPETYPE_RELTN (ID, TYPETYPE_RELTN_TYPE, TYPETYPE_RELTN_STATE, EFF_DT, EXPIR_DT, OWNER_TYPE_ID, RELATED_TYPE_ID, VER_NBR, CREATETIME, CREATEID, RANK) values ('kuali.type.type.relation.allowed.kuali.org.type.corporate.entity.kuali.org.Part', 'kuali.type.type.relation.type.allowed', 'kuali.type.type.relation.state.active', {ts '2000-01-01 00:00:00.0'}, {ts '2050-12-31 00:00:00.0'}, 'kuali.org.type.corporate.entity', 'kuali.org.Part', 1, {ts '2000-12-31 00:00:00.0'}, 'USER_X', 1)
/
insert into KSEN_TYPETYPE_RELTN (ID, TYPETYPE_RELTN_TYPE, TYPETYPE_RELTN_STATE, EFF_DT, EXPIR_DT, OWNER_TYPE_ID, RELATED_TYPE_ID, VER_NBR, CREATETIME, CREATEID, RANK) values ('kuali.type.type.relation.allowed.kuali.org.type.academic.department.kuali.org.Administer', 'kuali.type.type.relation.type.allowed', 'kuali.type.type.relation.state.active', {ts '2000-01-01 00:00:00.0'}, {ts '2050-12-31 00:00:00.0'}, 'kuali.org.type.academic.department', 'kuali.org.Administer', 1, {ts '2000-12-31 00:00:00.0'}, 'USER_X', 1)
/
insert into KSEN_TYPETYPE_RELTN (ID, TYPETYPE_RELTN_TYPE, TYPETYPE_RELTN_STATE, EFF_DT, EXPIR_DT, OWNER_TYPE_ID, RELATED_TYPE_ID, VER_NBR, CREATETIME, CREATEID, RANK) values ('kuali.type.type.relation.allowed.kuali.org.type.advisory.group.kuali.org.Advisory', 'kuali.type.type.relation.type.allowed', 'kuali.type.type.relation.state.active', {ts '2000-01-01 00:00:00.0'}, {ts '2050-12-31 00:00:00.0'}, 'kuali.org.type.advisory.group', 'kuali.org.Advisory', 1, {ts '2000-12-31 00:00:00.0'}, 'USER_X', 1)
/
insert into KSEN_TYPETYPE_RELTN (ID, TYPETYPE_RELTN_TYPE, TYPETYPE_RELTN_STATE, EFF_DT, EXPIR_DT, OWNER_TYPE_ID, RELATED_TYPE_ID, VER_NBR, CREATETIME, CREATEID, RANK) values ('kuali.type.type.relation.allowed.kuali.org.type.academic.department.kuali.org.Advisory', 'kuali.type.type.relation.type.allowed', 'kuali.type.type.relation.state.active', {ts '2000-01-01 00:00:00.0'}, {ts '2050-12-31 00:00:00.0'}, 'kuali.org.type.academic.department', 'kuali.org.Advisory', 1, {ts '2000-12-31 00:00:00.0'}, 'USER_X', 1)
/
insert into KSEN_TYPETYPE_RELTN (ID, TYPETYPE_RELTN_TYPE, TYPETYPE_RELTN_STATE, EFF_DT, EXPIR_DT, OWNER_TYPE_ID, RELATED_TYPE_ID, VER_NBR, CREATETIME, CREATEID, RANK) values ('kuali.type.type.relation.allowed.kuali.org.type.office.kuali.org.Chartered', 'kuali.type.type.relation.type.allowed', 'kuali.type.type.relation.state.active', {ts '2000-01-01 00:00:00.0'}, {ts '2050-12-31 00:00:00.0'}, 'kuali.org.type.office', 'kuali.org.Chartered', 1, {ts '2000-12-31 00:00:00.0'}, 'USER_X', 1)
/
insert into KSEN_TYPETYPE_RELTN (ID, TYPETYPE_RELTN_TYPE, TYPETYPE_RELTN_STATE, EFF_DT, EXPIR_DT, OWNER_TYPE_ID, RELATED_TYPE_ID, VER_NBR, CREATETIME, CREATEID, RANK) values ('kuali.type.type.relation.allowed.kuali.org.type.advisory.group.kuali.org.Chartered', 'kuali.type.type.relation.type.allowed', 'kuali.type.type.relation.state.active', {ts '2000-01-01 00:00:00.0'}, {ts '2050-12-31 00:00:00.0'}, 'kuali.org.type.advisory.group', 'kuali.org.Chartered', 1, {ts '2000-12-31 00:00:00.0'}, 'USER_X', 1)
/
insert into KSEN_TYPETYPE_RELTN (ID, TYPETYPE_RELTN_TYPE, TYPETYPE_RELTN_STATE, EFF_DT, EXPIR_DT, OWNER_TYPE_ID, RELATED_TYPE_ID, VER_NBR, CREATETIME, CREATEID, RANK) values ('kuali.type.type.relation.allowed.kuali.org.type.coc.kuali.org.Subcommittee', 'kuali.type.type.relation.type.allowed', 'kuali.type.type.relation.state.active', {ts '2000-01-01 00:00:00.0'}, {ts '2050-12-31 00:00:00.0'}, 'kuali.org.type.coc', 'kuali.org.Subcommittee', 1, {ts '2000-12-31 00:00:00.0'}, 'USER_X', 1)
/
insert into KSEN_TYPETYPE_RELTN (ID, TYPETYPE_RELTN_TYPE, TYPETYPE_RELTN_STATE, EFF_DT, EXPIR_DT, OWNER_TYPE_ID, RELATED_TYPE_ID, VER_NBR, CREATETIME, CREATEID, RANK) values ('kuali.type.type.relation.allowed.kuali.org.type.college.kuali.org.CurriculumChild', 'kuali.type.type.relation.type.allowed', 'kuali.type.type.relation.state.active', {ts '2000-01-01 00:00:00.0'}, {ts '2050-12-31 00:00:00.0'}, 'kuali.org.type.college', 'kuali.org.CurriculumChild', 1, {ts '2000-12-31 00:00:00.0'}, 'USER_X', 1)
/
insert into KSEN_TYPETYPE_RELTN (ID, TYPETYPE_RELTN_TYPE, TYPETYPE_RELTN_STATE, EFF_DT, EXPIR_DT, OWNER_TYPE_ID, RELATED_TYPE_ID, VER_NBR, CREATETIME, CREATEID, RANK) values ('kuali.type.type.relation.allowed.kuali.org.type.academic.department.kuali.org.Part', 'kuali.type.type.relation.type.allowed', 'kuali.type.type.relation.state.active', {ts '2000-01-01 00:00:00.0'}, {ts '2050-12-31 00:00:00.0'}, 'kuali.org.type.academic.department', 'kuali.org.Part', 1, {ts '2000-12-31 00:00:00.0'}, 'USER_X', 1)
/
insert into KSEN_TYPETYPE_RELTN (ID, TYPETYPE_RELTN_TYPE, TYPETYPE_RELTN_STATE, EFF_DT, EXPIR_DT, OWNER_TYPE_ID, RELATED_TYPE_ID, VER_NBR, CREATETIME, CREATEID, RANK) values ('kuali.type.type.relation.allowed.kuali.org.type.coc.kuali.org.Chartered', 'kuali.type.type.relation.type.allowed', 'kuali.type.type.relation.state.active', {ts '2000-01-01 00:00:00.0'}, {ts '2050-12-31 00:00:00.0'}, 'kuali.org.type.coc', 'kuali.org.Chartered', 1, {ts '2000-12-31 00:00:00.0'}, 'USER_X', 1)
/
insert into KSEN_TYPETYPE_RELTN (ID, TYPETYPE_RELTN_TYPE, TYPETYPE_RELTN_STATE, EFF_DT, EXPIR_DT, OWNER_TYPE_ID, RELATED_TYPE_ID, VER_NBR, CREATETIME, CREATEID, RANK) values ('kuali.type.type.relation.allowed.kuali.org.type.college.kuali.org.HQ', 'kuali.type.type.relation.type.allowed', 'kuali.type.type.relation.state.active', {ts '2000-01-01 00:00:00.0'}, {ts '2050-12-31 00:00:00.0'}, 'kuali.org.type.college', 'kuali.org.HQ', 1, {ts '2000-12-31 00:00:00.0'}, 'USER_X', 1)
/
insert into KSEN_TYPETYPE_RELTN (ID, TYPETYPE_RELTN_TYPE, TYPETYPE_RELTN_STATE, EFF_DT, EXPIR_DT, OWNER_TYPE_ID, RELATED_TYPE_ID, VER_NBR, CREATETIME, CREATEID, RANK) values ('kuali.type.type.relation.allowed.kuali.org.type.section.kuali.org.Advisory', 'kuali.type.type.relation.type.allowed', 'kuali.type.type.relation.state.active', {ts '2000-01-01 00:00:00.0'}, {ts '2050-12-31 00:00:00.0'}, 'kuali.org.type.section', 'kuali.org.Advisory', 1, {ts '2000-12-31 00:00:00.0'}, 'USER_X', 1)
/

//ORG ORG_PERSON_RELATION TYPE TYPE RELATION
insert into KSEN_TYPETYPE_RELTN (ID, TYPETYPE_RELTN_TYPE, TYPETYPE_RELTN_STATE, EFF_DT, EXPIR_DT, OWNER_TYPE_ID, RELATED_TYPE_ID, VER_NBR, CREATETIME, CREATEID, RANK) values ('kuali.type.type.relation.allowed.kuali.org.type.academic.department.kuali.org.person.relation.type.professor', 'kuali.type.type.relation.type.allowed', 'kuali.type.type.relation.state.active', {ts '2000-01-01 00:00:00.0'}, {ts '2050-12-31 00:00:00.0'}, 'kuali.org.type.academic.department', 'kuali.org.person.relation.type.professor', 1, {ts '2000-12-31 00:00:00.0'}, 'USER_X', 1)
/
insert into KSEN_TYPETYPE_RELTN (ID, TYPETYPE_RELTN_TYPE, TYPETYPE_RELTN_STATE, EFF_DT, EXPIR_DT, OWNER_TYPE_ID, RELATED_TYPE_ID, VER_NBR, CREATETIME, CREATEID, RANK) values ('kuali.type.type.relation.allowed.kuali.org.type.academic.department.kuali.org.person.relation.type.head', 'kuali.type.type.relation.type.allowed', 'kuali.type.type.relation.state.active', {ts '2000-01-01 00:00:00.0'}, {ts '2050-12-31 00:00:00.0'}, 'kuali.org.type.academic.department', 'kuali.org.person.relation.type.head', 1, {ts '2000-12-31 00:00:00.0'}, 'USER_X', 1)
/
insert into KSEN_TYPETYPE_RELTN (ID, TYPETYPE_RELTN_TYPE, TYPETYPE_RELTN_STATE, EFF_DT, EXPIR_DT, OWNER_TYPE_ID, RELATED_TYPE_ID, VER_NBR, CREATETIME, CREATEID, RANK) values ('kuali.type.type.relation.allowed.kuali.org.type.college.kuali.org.person.relation.type.administrative.officer', 'kuali.type.type.relation.type.allowed', 'kuali.type.type.relation.state.active', {ts '2000-01-01 00:00:00.0'}, {ts '2050-12-31 00:00:00.0'}, 'kuali.org.type.college', 'kuali.org.person.relation.type.administrative.officer', 1, {ts '2000-12-31 00:00:00.0'}, 'USER_X', 1)
/
insert into KSEN_TYPETYPE_RELTN (ID, TYPETYPE_RELTN_TYPE, TYPETYPE_RELTN_STATE, EFF_DT, EXPIR_DT, OWNER_TYPE_ID, RELATED_TYPE_ID, VER_NBR, CREATETIME, CREATEID, RANK) values ('kuali.type.type.relation.allowed.kuali.org.type.college.kuali.org.person.relation.type.admin.assistant', 'kuali.type.type.relation.type.allowed', 'kuali.type.type.relation.state.active', {ts '2000-01-01 00:00:00.0'}, {ts '2050-12-31 00:00:00.0'}, 'kuali.org.type.college', 'kuali.org.person.relation.type.admin.assistant', 1, {ts '2000-12-31 00:00:00.0'}, 'USER_X', 1)
/
insert into KSEN_TYPETYPE_RELTN (ID, TYPETYPE_RELTN_TYPE, TYPETYPE_RELTN_STATE, EFF_DT, EXPIR_DT, OWNER_TYPE_ID, RELATED_TYPE_ID, VER_NBR, CREATETIME, CREATEID, RANK) values ('kuali.type.type.relation.allowed.kuali.org.type.academic.department.kuali.org.person.relation.type.administrative.officer', 'kuali.type.type.relation.type.allowed', 'kuali.type.type.relation.state.active', {ts '2000-01-01 00:00:00.0'}, {ts '2050-12-31 00:00:00.0'}, 'kuali.org.type.academic.department', 'kuali.org.person.relation.type.administrative.officer', 1, {ts '2000-12-31 00:00:00.0'}, 'USER_X', 1)
/