WHENEVER SQLERROR EXIT;

SET DEFINE OFF;

REM Creating KSA Namespace
Insert into RICE.KRCR_NMSPC_T (NMSPC_CD,OBJ_ID,VER_NBR,NM,ACTV_IND,APPL_ID) values ('KSA','424B20A5-C53D-43E7-8C05-CEB1619E2E77',1,'Kuali Student Accounts','Y','KSA');

REM Create KSA Roles
Insert into RICE.KRIM_ROLE_T (ROLE_ID,OBJ_ID,VER_NBR,ROLE_NM,NMSPC_CD,DESC_TXT,KIM_TYP_ID,ACTV_IND,LAST_UPDT_DT) values ('KSAR10001','0AD17C90-2E5C-4AF4-BC02-D545C6C69766',1,'KSA System Admin','KSA','System Admin role for KSA','1','Y',to_date('06-NOV-12','DD-MON-RR'));
Insert into RICE.KRIM_ROLE_T (ROLE_ID,OBJ_ID,VER_NBR,ROLE_NM,NMSPC_CD,DESC_TXT,KIM_TYP_ID,ACTV_IND,LAST_UPDT_DT) values ('KSAR10002','E9110241-8CAF-49EC-A135-0A36473EDE6F',1,'KSA Admin Liason','KSA','Admin Liason role for KSA','1','Y',to_date('06-NOV-12','DD-MON-RR'));
Insert into RICE.KRIM_ROLE_T (ROLE_ID,OBJ_ID,VER_NBR,ROLE_NM,NMSPC_CD,DESC_TXT,KIM_TYP_ID,ACTV_IND,LAST_UPDT_DT) values ('KSAR10003','6DA5387F-D306-4D11-BB0B-2E8E326CE8A6',1,'KSA Bursar','KSA','Bursar role for KSA','1','Y',to_date('06-NOV-12','DD-MON-RR'));
Insert into RICE.KRIM_ROLE_T (ROLE_ID,OBJ_ID,VER_NBR,ROLE_NM,NMSPC_CD,DESC_TXT,KIM_TYP_ID,ACTV_IND,LAST_UPDT_DT) values ('KSAR10004','473AD3D7-C4EA-473C-8F09-3E7646292BB4',1,'KSA Dept Liason','KSA','Dept Liason role for KSA','1','Y',to_date('06-NOV-12','DD-MON-RR'));
Insert into RICE.KRIM_ROLE_T (ROLE_ID,OBJ_ID,VER_NBR,ROLE_NM,NMSPC_CD,DESC_TXT,KIM_TYP_ID,ACTV_IND,LAST_UPDT_DT) values ('KSAR10005','7E7C6A26-D66E-4761-A3A4-29A9B2BC5AF6',1,'KSA CSR','KSA','Customer Service Rep role for KSA','1','Y',to_date('06-NOV-12','DD-MON-RR'));
Insert into RICE.KRIM_ROLE_T (ROLE_ID,OBJ_ID,VER_NBR,ROLE_NM,NMSPC_CD,DESC_TXT,KIM_TYP_ID,ACTV_IND,LAST_UPDT_DT) values ('KSAR10006','427C4A04-ECD5-4DF9-8A6B-C2B51B1304E1',1,'KSA Cashier','KSA','Cashier role for KSA','1','Y',to_date('06-NOV-12','DD-MON-RR'));
Insert into RICE.KRIM_ROLE_T (ROLE_ID,OBJ_ID,VER_NBR,ROLE_NM,NMSPC_CD,DESC_TXT,KIM_TYP_ID,ACTV_IND,LAST_UPDT_DT) values ('KSAR10007','A3019824-1A9E-4C3C-8E9B-40AF4E22BA8B',1,'KSA Super Cashier','KSA','Super Cashier role for KSA','1','Y',to_date('06-NOV-12','DD-MON-RR'));


REM Create KSA Permissions
Insert into RICE.KRIM_PERM_T (PERM_ID,OBJ_ID,VER_NBR,PERM_TMPL_ID,NMSPC_CD,NM,DESC_TXT,ACTV_IND) values ('KSAP10001','6A5ECFCC-7C96-49F6-82CB-BE20C89B8B44',1,null,'KSA','CREATE_ALLOCATION','Can create or remove various types of allocations','Y');
Insert into RICE.KRIM_PERM_T (PERM_ID,OBJ_ID,VER_NBR,PERM_TMPL_ID,NMSPC_CD,NM,DESC_TXT,ACTV_IND) values ('KSAP10002','C0BDF1A7-B7EB-4E7B-B7D3-AA0356BBF68C',1,null,'KSA','CREATE_LOCKED_ALLOCATION','','Y');
Insert into RICE.KRIM_PERM_T (PERM_ID,OBJ_ID,VER_NBR,PERM_TMPL_ID,NMSPC_CD,NM,DESC_TXT,ACTV_IND) values ('KSAP10003','3120EECE-6886-4537-954C-362D1CF7D25D',1,null,'KSA','CREATE_INTERNALLY_LOCKED_ALLOCATION','','Y');
Insert into RICE.KRIM_PERM_T (PERM_ID,OBJ_ID,VER_NBR,PERM_TMPL_ID,NMSPC_CD,NM,DESC_TXT,ACTV_IND) values ('KSAP10004','58AAF19A-5F31-440E-9E78-E16BED2A8D4B',1,null,'KSA','REMOVE_ALLOCATION','','Y');
Insert into RICE.KRIM_PERM_T (PERM_ID,OBJ_ID,VER_NBR,PERM_TMPL_ID,NMSPC_CD,NM,DESC_TXT,ACTV_IND) values ('KSAP10005','EFB02D2F-315C-45DB-B942-E07F23FEBB36',1,null,'KSA','REMOVE_LOCKED_ALLOCATION','','Y');
Insert into RICE.KRIM_PERM_T (PERM_ID,OBJ_ID,VER_NBR,PERM_TMPL_ID,NMSPC_CD,NM,DESC_TXT,ACTV_IND) values ('KSAP10006','3393D513-238D-4443-972A-B94C624CAE08',1,null,'KSA','REMOVE_INTERNALLY_LOCKED_ALLOCATION','','Y');
Insert into RICE.KRIM_PERM_T (PERM_ID,OBJ_ID,VER_NBR,PERM_TMPL_ID,NMSPC_CD,NM,DESC_TXT,ACTV_IND) values ('KSAP10007','6E147F83-D958-41A4-A56C-0BEA4A81234D',1,null,'KSA','VIEW_ACCOUNT_TAB','Top level navigation permissions.','Y');
Insert into RICE.KRIM_PERM_T (PERM_ID,OBJ_ID,VER_NBR,PERM_TMPL_ID,NMSPC_CD,NM,DESC_TXT,ACTV_IND) values ('KSAP10008','072FC220-41A5-46D8-86CC-480E2AFDA32F',1,null,'KSA','VIEW_ADMINISTRATION_TAB','','Y');
Insert into RICE.KRIM_PERM_T (PERM_ID,OBJ_ID,VER_NBR,PERM_TMPL_ID,NMSPC_CD,NM,DESC_TXT,ACTV_IND) values ('KSAP10009','59F8F257-841B-48C2-B191-F209D599A6E4',1,null,'KSA','VIEW_REPORTING_TAB','','Y');
Insert into RICE.KRIM_PERM_T (PERM_ID,OBJ_ID,VER_NBR,PERM_TMPL_ID,NMSPC_CD,NM,DESC_TXT,ACTV_IND) values ('KSAP10010','2D016361-474E-405A-96B3-B22F01BFB674',1,null,'KSA','VIEW_COLLECTIONS_TAB','','Y');
Insert into RICE.KRIM_PERM_T (PERM_ID,OBJ_ID,VER_NBR,PERM_TMPL_ID,NMSPC_CD,NM,DESC_TXT,ACTV_IND) values ('KSAP10011','CD211257-7E21-41B5-B914-6328CB4250C7',1,null,'KSA','VIEW_BATCH_TAB','','Y');
Insert into RICE.KRIM_PERM_T (PERM_ID,OBJ_ID,VER_NBR,PERM_TMPL_ID,NMSPC_CD,NM,DESC_TXT,ACTV_IND) values ('KSAP10012','90BE0FEF-1C9F-4EB6-9C85-A5C905463710',1,null,'KSA','VIEW_THIRD_PARTY_TAB','','Y');
Insert into RICE.KRIM_PERM_T (PERM_ID,OBJ_ID,VER_NBR,PERM_TMPL_ID,NMSPC_CD,NM,DESC_TXT,ACTV_IND) values ('KSAP10013','66C9BE3B-EFBB-4CF5-8FC5-239A981555BC',1,null,'KSA','VIEW_SETTINGS_TAB','','Y');
Insert into RICE.KRIM_PERM_T (PERM_ID,OBJ_ID,VER_NBR,PERM_TMPL_ID,NMSPC_CD,NM,DESC_TXT,ACTV_IND) values ('KSAP10014','759DAD5B-4F97-4345-A0D1-D8777AC4D8B1',1,null,'KSA','VIEW_ADVANCED_SEARCH','','Y');
Insert into RICE.KRIM_PERM_T (PERM_ID,OBJ_ID,VER_NBR,PERM_TMPL_ID,NMSPC_CD,NM,DESC_TXT,ACTV_IND) values ('KSAP10015','AA58CEE9-3BC2-41CF-986E-E6910253979B',1,null,'KSA','VIEW_QUICK_VIEW','','Y');
Insert into RICE.KRIM_PERM_T (PERM_ID,OBJ_ID,VER_NBR,PERM_TMPL_ID,NMSPC_CD,NM,DESC_TXT,ACTV_IND) values ('KSAP10016','20B6D910-878F-44F8-800B-029882FC278E',1,null,'KSA','VIEW_TRANSACTIONS','','Y');
Insert into RICE.KRIM_PERM_T (PERM_ID,OBJ_ID,VER_NBR,PERM_TMPL_ID,NMSPC_CD,NM,DESC_TXT,ACTV_IND) values ('KSAP10017','5680A676-F971-4CB3-B430-EF8D863F07D2',1,null,'KSA','MAKE_PAYMENT','','Y');
Insert into RICE.KRIM_PERM_T (PERM_ID,OBJ_ID,VER_NBR,PERM_TMPL_ID,NMSPC_CD,NM,DESC_TXT,ACTV_IND) values ('KSAP10018','41054D31-720E-4BFA-9418-1FD51D6D0262',1,null,'KSA','ADD_CHARGE','','Y');
Insert into RICE.KRIM_PERM_T (PERM_ID,OBJ_ID,VER_NBR,PERM_TMPL_ID,NMSPC_CD,NM,DESC_TXT,ACTV_IND) values ('KSAP10019','793B93E2-A6B5-49D2-B37C-4EA14087C333',1,null,'KSA','ADD_DEFERMENT','','Y');
Insert into RICE.KRIM_PERM_T (PERM_ID,OBJ_ID,VER_NBR,PERM_TMPL_ID,NMSPC_CD,NM,DESC_TXT,ACTV_IND) values ('KSAP10020','E6A87737-0328-4138-926D-9563CDF72570',1,null,'KSA','WRITE_OFF_ACCOUNT','User is allowed to write off an account.','Y');
Insert into RICE.KRIM_PERM_T (PERM_ID,OBJ_ID,VER_NBR,PERM_TMPL_ID,NMSPC_CD,NM,DESC_TXT,ACTV_IND) values ('KSAP10021','EA6C0702-1B11-46D2-81F4-5396F4CC24D0',1,null,'KSA','READ_BIOGRAPHIC','Get (and therefore view) Biographic Info.','Y');
Insert into RICE.KRIM_PERM_T (PERM_ID,OBJ_ID,VER_NBR,PERM_TMPL_ID,NMSPC_CD,NM,DESC_TXT,ACTV_IND) values ('KSAP10022','9C7F1790-8A53-4B3A-A1CA-1D5C707A419A',1,null,'KSA','READ_FLAG','Get (and therefore view) flags.','Y');
Insert into RICE.KRIM_PERM_T (PERM_ID,OBJ_ID,VER_NBR,PERM_TMPL_ID,NMSPC_CD,NM,DESC_TXT,ACTV_IND) values ('KSAP10023','011D6DD2-A7F5-4A42-91C0-0F463FC24660',1,null,'KSA','READ_ALERT','Get (and therefore view) Alerts.','Y');
Insert into RICE.KRIM_PERM_T (PERM_ID,OBJ_ID,VER_NBR,PERM_TMPL_ID,NMSPC_CD,NM,DESC_TXT,ACTV_IND) values ('KSAP10024','8F1835E0-D13F-41CE-9CCF-09178E324BBC',1,null,'KSA','READ_MEMO','Get (and therefore view) memos.','Y');
Insert into RICE.KRIM_PERM_T (PERM_ID,OBJ_ID,VER_NBR,PERM_TMPL_ID,NMSPC_CD,NM,DESC_TXT,ACTV_IND) values ('KSAP10025','4B8163E7-C053-47BB-8954-4A5FDEE827ED',1,null,'KSA','EDIT_ADMIN_TAG','Edit an administrative tag.','Y');
Insert into RICE.KRIM_PERM_T (PERM_ID,OBJ_ID,VER_NBR,PERM_TMPL_ID,NMSPC_CD,NM,DESC_TXT,ACTV_IND) values ('KSAP10026','3285547D-8D77-4EC3-830C-0B6B5B5AA63A',1,null,'KSA','ASSIGN_TAG_TO_TRANSACTION','','Y');
Insert into RICE.KRIM_PERM_T (PERM_ID,OBJ_ID,VER_NBR,PERM_TMPL_ID,NMSPC_CD,NM,DESC_TXT,ACTV_IND) values ('KSAP10027','A805E86E-20D1-40C6-8819-F4B34B93A84F',1,null,'KSA','ASSIGN_TAG_TO_TRANSACTION_TYPE','','Y');
Insert into RICE.KRIM_PERM_T (PERM_ID,OBJ_ID,VER_NBR,PERM_TMPL_ID,NMSPC_CD,NM,DESC_TXT,ACTV_IND) values ('KSAP10028','677531FA-098B-46E2-8441-BF6BCEE2EC5A',1,null,'KSA','ASSIGN_ADMIN_TAG_TO_TRANSACTION','','Y');
Insert into RICE.KRIM_PERM_T (PERM_ID,OBJ_ID,VER_NBR,PERM_TMPL_ID,NMSPC_CD,NM,DESC_TXT,ACTV_IND) values ('KSAP10029','DDD02AB0-C0F1-4745-9598-3D26894CBF37',1,null,'KSA','ASSIGN_ADMIN_TAG_TO_TRANSACTION_TYPE','','Y');
Insert into RICE.KRIM_PERM_T (PERM_ID,OBJ_ID,VER_NBR,PERM_TMPL_ID,NMSPC_CD,NM,DESC_TXT,ACTV_IND) values ('KSAP10030','BF4AC8B0-75E1-481B-983F-2F4EB073EC73',1,null,'KSA','CREATE_TAG','','Y');
Insert into RICE.KRIM_PERM_T (PERM_ID,OBJ_ID,VER_NBR,PERM_TMPL_ID,NMSPC_CD,NM,DESC_TXT,ACTV_IND) values ('KSAP10031','2E64171A-5B72-4DE2-9D07-DD96DBEDC1DF',1,null,'KSA','EDIT_TAG','','Y');
Insert into RICE.KRIM_PERM_T (PERM_ID,OBJ_ID,VER_NBR,PERM_TMPL_ID,NMSPC_CD,NM,DESC_TXT,ACTV_IND) values ('KSAP10032','B9FEACC5-CF07-457A-A76F-3AEC0FB1E5AD',1,null,'KSA','CREATE_ADMIN_TAG','','Y');
Insert into RICE.KRIM_PERM_T (PERM_ID,OBJ_ID,VER_NBR,PERM_TMPL_ID,NMSPC_CD,NM,DESC_TXT,ACTV_IND) values ('KSAP10033','A9FC323D-1EB7-476B-B13C-328BFC89ECC3',1,null,'KSA','AGE_ACCOUNT','User can age an account.','Y');
Insert into RICE.KRIM_PERM_T (PERM_ID,OBJ_ID,VER_NBR,PERM_TMPL_ID,NMSPC_CD,NM,DESC_TXT,ACTV_IND) values ('KSAP10034','E82BFDE1-BA80-49A7-B364-4C7AB6AEC7E2',1,null,'KSA','ASSESS_FEES','','Y');
Insert into RICE.KRIM_PERM_T (PERM_ID,OBJ_ID,VER_NBR,PERM_TMPL_ID,NMSPC_CD,NM,DESC_TXT,ACTV_IND) values ('KSAP10035','A90BA1B7-F987-4531-BA60-16CC33EB9F40',1,58,'KSA','READ_BALANCE','User has access to account balances.','Y');
Insert into RICE.KRIM_PERM_T (PERM_ID,OBJ_ID,VER_NBR,PERM_TMPL_ID,NMSPC_CD,NM,DESC_TXT,ACTV_IND) values ('KSAP10036','2CB2D65A-42E7-4D34-9A53-BF3AE67FF0DD',1,null,'KSA','READ_ACCOUNT','User is allowed to get an account.','Y');
Insert into RICE.KRIM_PERM_T (PERM_ID,OBJ_ID,VER_NBR,PERM_TMPL_ID,NMSPC_CD,NM,DESC_TXT,ACTV_IND) values ('KSAP10037','29A7FDB3-49D9-489B-A896-4A3E07CC3140',1,null,'KSA','CREATE_ACCOUNT','User is allowed to create an account.','Y');
Insert into RICE.KRIM_PERM_T (PERM_ID,OBJ_ID,VER_NBR,PERM_TMPL_ID,NMSPC_CD,NM,DESC_TXT,ACTV_IND) values ('KSAP10038','4F6F6491-BEBF-4BD8-B960-A6B4F58BB204',1,null,'KSA','UPDATE_ACCOUNT','User is allowed to update account','Y');
Insert into RICE.KRIM_PERM_T (PERM_ID,OBJ_ID,VER_NBR,PERM_TMPL_ID,NMSPC_CD,NM,DESC_TXT,ACTV_IND) values ('KSAP10039','945EB6FF-8AD2-4A40-B673-304C2D46386B',1,null,'KSA','DELETE_ACCOUNT','User is allowed to delete account','Y');
REM Insert into RICE.KRIM_PERM_T (PERM_ID,OBJ_ID,VER_NBR,PERM_TMPL_ID,NMSPC_CD,NM,DESC_TXT,ACTV_IND) values ('KSAP10040','B8B4958D-2052-4611-82A2-DB2B4D50D7D8',1,null,'KSA','WRITE_OFF_ACCOUNT','User is allowed to write off an account.','Y');
Insert into RICE.KRIM_PERM_T (PERM_ID,OBJ_ID,VER_NBR,PERM_TMPL_ID,NMSPC_CD,NM,DESC_TXT,ACTV_IND) values ('KSAP10041','94A581C1-1BA3-4B35-8671-7C1042C2A8ED',1,null,'KSA','READ_ACCOUNT_PROTECTED_INFO','User is allowed to access the protected information block on the account.','Y');
Insert into RICE.KRIM_PERM_T (PERM_ID,OBJ_ID,VER_NBR,PERM_TMPL_ID,NMSPC_CD,NM,DESC_TXT,ACTV_IND) values ('KSAP10042','09F2343F-0806-4230-8FB0-B1394BDA15D0',1,null,'KSA','REBALANCE_ACCOUNT','User is allowed to rebalance account','Y');
Insert into RICE.KRIM_PERM_T (PERM_ID,OBJ_ID,VER_NBR,PERM_TMPL_ID,NMSPC_CD,NM,DESC_TXT,ACTV_IND) values ('KSAP10043','872EB8FA-5C2A-4911-86E5-4BD7DC151FDD',1,null,'KSA','READ_ACH','User is allowed to see ACH attributes','Y');
Insert into RICE.KRIM_PERM_T (PERM_ID,OBJ_ID,VER_NBR,PERM_TMPL_ID,NMSPC_CD,NM,DESC_TXT,ACTV_IND) values ('KSAP10044','09770CB2-22F4-464E-B85C-06412BC9050E',1,null,'KSA','EDIT_CURRENCY','Add, update, delete currency types.','Y');
Insert into RICE.KRIM_PERM_T (PERM_ID,OBJ_ID,VER_NBR,PERM_TMPL_ID,NMSPC_CD,NM,DESC_TXT,ACTV_IND) values ('KSAP10045','B55E5E7E-A69C-4F7C-BCF1-092AAE1E3627',1,null,'KSA','READ_CURRENCY','View currency permission','Y');
Insert into RICE.KRIM_PERM_T (PERM_ID,OBJ_ID,VER_NBR,PERM_TMPL_ID,NMSPC_CD,NM,DESC_TXT,ACTV_IND) values ('KSAP10046','8B4F8908-E7B6-4735-BD84-82A2BE56A22C',1,null,'KSA','EDIT_GL_SETTINGS','Create a new recognition period. Alter an existing recognition period. Allow the import of allowable GL accounts. Create a GL type.','Y');
Insert into RICE.KRIM_PERM_T (PERM_ID,OBJ_ID,VER_NBR,PERM_TMPL_ID,NMSPC_CD,NM,DESC_TXT,ACTV_IND) values ('KSAP10047','0714E302-6AB5-4049-BAC4-825F9C8C7C45',1,null,'KSA','READ_GL_REPORT','Get a report from the GL','Y');
Insert into RICE.KRIM_PERM_T (PERM_ID,OBJ_ID,VER_NBR,PERM_TMPL_ID,NMSPC_CD,NM,DESC_TXT,ACTV_IND) values ('KSAP10048','B1101890-0837-4D8A-9ECF-C72AC3A93D66',1,null,'KSA','CREATE_GL_TRANSMISSION','Prepare the GL transactions to be exported. (step 1)','Y');
Insert into RICE.KRIM_PERM_T (PERM_ID,OBJ_ID,VER_NBR,PERM_TMPL_ID,NMSPC_CD,NM,DESC_TXT,ACTV_IND) values ('KSAP10049','A490A98D-DFEA-41FF-837D-1047E79C8D75',1,null,'KSA','EXPORT_GL_TRANSMISSION','Actually create the XML export for KFS','Y');
Insert into RICE.KRIM_PERM_T (PERM_ID,OBJ_ID,VER_NBR,PERM_TMPL_ID,NMSPC_CD,NM,DESC_TXT,ACTV_IND) values ('KSAP10050','5E8806CD-C08E-4C49-A13B-AF7EAF09F495',1,null,'KSA','CREATE_GL_TRANSACTION','User is allowed to create GL transaction','Y');
Insert into RICE.KRIM_PERM_T (PERM_ID,OBJ_ID,VER_NBR,PERM_TMPL_ID,NMSPC_CD,NM,DESC_TXT,ACTV_IND) values ('KSAP10051','9DCA524D-A148-4303-8679-1903225874EA',1,null,'KSA','EDIT_GL_TRANSACTION','User is allowed to update/delete GL transaction','Y');
Insert into RICE.KRIM_PERM_T (PERM_ID,OBJ_ID,VER_NBR,PERM_TMPL_ID,NMSPC_CD,NM,DESC_TXT,ACTV_IND) values ('KSAP10052','73E06605-DFF4-4C08-9802-9F33D7CD4904',1,null,'KSA','READ_GL_TRANSACTION','User is allowed to view GL transaction','Y');
Insert into RICE.KRIM_PERM_T (PERM_ID,OBJ_ID,VER_NBR,PERM_TMPL_ID,NMSPC_CD,NM,DESC_TXT,ACTV_IND) values ('KSAP10053','F28E12BA-88A4-490F-80DD-86197BF90297',1,null,'KSA','CREATE_GL_BREAKDOWN','User is allowed to create GL breakdowns','Y');
REM Insert into RICE.KRIM_PERM_T (PERM_ID,OBJ_ID,VER_NBR,PERM_TMPL_ID,NMSPC_CD,NM,DESC_TXT,ACTV_IND) values ('KSAP10054','CDBA4171-4404-418F-910D-06FD97ED9C99',1,null,'KSA','READ_MEMO','Get (and therefore view) memos.','Y');
Insert into RICE.KRIM_PERM_T (PERM_ID,OBJ_ID,VER_NBR,PERM_TMPL_ID,NMSPC_CD,NM,DESC_TXT,ACTV_IND) values ('KSAP10055','AF9F034B-571F-4F48-A4F8-88259384DDC0',1,null,'KSA','CREATE_MEMO','Create memos (and follow on memos)','Y');
Insert into RICE.KRIM_PERM_T (PERM_ID,OBJ_ID,VER_NBR,PERM_TMPL_ID,NMSPC_CD,NM,DESC_TXT,ACTV_IND) values ('KSAP10056','98DA9CAD-FDA8-4895-B4A3-C92B3111200C',1,null,'KSA','UPDATE_MEMO','','Y');
Insert into RICE.KRIM_PERM_T (PERM_ID,OBJ_ID,VER_NBR,PERM_TMPL_ID,NMSPC_CD,NM,DESC_TXT,ACTV_IND) values ('KSAP10057','7ECC9F8D-77BF-4C92-A51A-9CD8A5BDDF8E',1,null,'KSA','DELETE_MEMO','','Y');
Insert into RICE.KRIM_PERM_T (PERM_ID,OBJ_ID,VER_NBR,PERM_TMPL_ID,NMSPC_CD,NM,DESC_TXT,ACTV_IND) values ('KSAP10058','AEB1B07D-09FC-4066-A8F2-A99589BF8084',1,null,'KSA','EXPIRE_MEMO','','Y');
REM Insert into RICE.KRIM_PERM_T (PERM_ID,OBJ_ID,VER_NBR,PERM_TMPL_ID,NMSPC_CD,NM,DESC_TXT,ACTV_IND) values ('KSAP10059','537DA1FE-7210-41B8-BCC6-52CD1A5789DA',1,null,'KSA','READ_FLAG','','Y');
Insert into RICE.KRIM_PERM_T (PERM_ID,OBJ_ID,VER_NBR,PERM_TMPL_ID,NMSPC_CD,NM,DESC_TXT,ACTV_IND) values ('KSAP10060','E69CDD34-F2A7-4D07-8BB6-9E1C4781C272',1,null,'KSA','CREATE_FLAG','','Y');
Insert into RICE.KRIM_PERM_T (PERM_ID,OBJ_ID,VER_NBR,PERM_TMPL_ID,NMSPC_CD,NM,DESC_TXT,ACTV_IND) values ('KSAP10061','A5DB2FD9-AF2B-48ED-90EE-85E5EACF6809',1,null,'KSA','UPDATE_FLAG','','Y');
Insert into RICE.KRIM_PERM_T (PERM_ID,OBJ_ID,VER_NBR,PERM_TMPL_ID,NMSPC_CD,NM,DESC_TXT,ACTV_IND) values ('KSAP10062','C4A99F31-A46A-4326-A20D-507A8C4F59C0',1,null,'KSA','DELETE_FLAG','','Y');
Insert into RICE.KRIM_PERM_T (PERM_ID,OBJ_ID,VER_NBR,PERM_TMPL_ID,NMSPC_CD,NM,DESC_TXT,ACTV_IND) values ('KSAP10063','FD312CA1-F0B5-4229-A14B-CBAE7397B196',1,null,'KSA','EXPIRE_FLAG','','Y');
REM Insert into RICE.KRIM_PERM_T (PERM_ID,OBJ_ID,VER_NBR,PERM_TMPL_ID,NMSPC_CD,NM,DESC_TXT,ACTV_IND) values ('KSAP10064','46233F34-A4E4-4006-A902-388CBE6C4763',1,null,'KSA','READ_ALERT','Get (and therefore view) Alerts.','Y');
Insert into RICE.KRIM_PERM_T (PERM_ID,OBJ_ID,VER_NBR,PERM_TMPL_ID,NMSPC_CD,NM,DESC_TXT,ACTV_IND) values ('KSAP10065','98CDD3AB-CBA0-4FC4-B8B4-440C1A2ECD9D',1,null,'KSA','CREATE_ALERT','Create alerts.','Y');
Insert into RICE.KRIM_PERM_T (PERM_ID,OBJ_ID,VER_NBR,PERM_TMPL_ID,NMSPC_CD,NM,DESC_TXT,ACTV_IND) values ('KSAP10066','F4C1EE65-B4ED-405E-9D04-9BE837210336',1,null,'KSA','UPDATE_ALERT','','Y');
Insert into RICE.KRIM_PERM_T (PERM_ID,OBJ_ID,VER_NBR,PERM_TMPL_ID,NMSPC_CD,NM,DESC_TXT,ACTV_IND) values ('KSAP10067','2A96B02C-FC25-43A6-8196-551F3C4B7BF9',1,null,'KSA','DELETE_ALERT','','Y');
Insert into RICE.KRIM_PERM_T (PERM_ID,OBJ_ID,VER_NBR,PERM_TMPL_ID,NMSPC_CD,NM,DESC_TXT,ACTV_IND) values ('KSAP10068','E48CA9E9-C144-4EF4-AD50-8DF8968A95BA',1,null,'KSA','EXPIRE_ALERT','','Y');
Insert into RICE.KRIM_PERM_T (PERM_ID,OBJ_ID,VER_NBR,PERM_TMPL_ID,NMSPC_CD,NM,DESC_TXT,ACTV_IND) values ('KSAP10069','AA46E5EF-8FE3-4EE6-B9E7-5A8385A30CE1',1,null,'KSA','IMPORT_TRANSACTIONS','User can import groups of transactions via XML','Y');
Insert into RICE.KRIM_PERM_T (PERM_ID,OBJ_ID,VER_NBR,PERM_TMPL_ID,NMSPC_CD,NM,DESC_TXT,ACTV_IND) values ('KSAP10070','6A7B4FA4-537B-4661-9121-D9166810D07A',1,null,'KSA','CREATE_CHARGE','User can create a charge','Y');
Insert into RICE.KRIM_PERM_T (PERM_ID,OBJ_ID,VER_NBR,PERM_TMPL_ID,NMSPC_CD,NM,DESC_TXT,ACTV_IND) values ('KSAP10071','F366400F-7EBF-4E74-A8A7-AE4E7E836484',1,null,'KSA','CREATE_PAYMENT','User can create a payment','Y');
Insert into RICE.KRIM_PERM_T (PERM_ID,OBJ_ID,VER_NBR,PERM_TMPL_ID,NMSPC_CD,NM,DESC_TXT,ACTV_IND) values ('KSAP10072','F30746AC-0B6A-49A0-8205-63A7160B9E3D',1,null,'KSA','CREATE_DEFERMENT','User can create a deferment.','Y');
Insert into RICE.KRIM_PERM_T (PERM_ID,OBJ_ID,VER_NBR,PERM_TMPL_ID,NMSPC_CD,NM,DESC_TXT,ACTV_IND) values ('KSAP10073','23B964C8-ED0B-413C-B1C6-3CCD1F9EAAA3',1,null,'KSA','REVERSE_TRANSACTION','User can reverse a transaction.','Y');
Insert into RICE.KRIM_PERM_T (PERM_ID,OBJ_ID,VER_NBR,PERM_TMPL_ID,NMSPC_CD,NM,DESC_TXT,ACTV_IND) values ('KSAP10074','DA4D6BFB-BE04-4550-A72A-8E091C061D02',1,null,'KSA','EXPIRE_DEFERMENT','User can manually expire a deferment.','Y');
Insert into RICE.KRIM_PERM_T (PERM_ID,OBJ_ID,VER_NBR,PERM_TMPL_ID,NMSPC_CD,NM,DESC_TXT,ACTV_IND) values ('KSAP10075','666323C9-61C1-42C9-B851-2F422E9BCE0C',1,null,'KSA','WRITE_OFF_TRANSACTION','User can write off a transaction.','Y');
Insert into RICE.KRIM_PERM_T (PERM_ID,OBJ_ID,VER_NBR,PERM_TMPL_ID,NMSPC_CD,NM,DESC_TXT,ACTV_IND) values ('KSAP10076','254C989E-EA17-47A5-8283-A4A88A3D1EED',1,null,'KSA','BOUNCE_TRANSACTION','User can bounce a transaction.','Y');
Insert into RICE.KRIM_PERM_T (PERM_ID,OBJ_ID,VER_NBR,PERM_TMPL_ID,NMSPC_CD,NM,DESC_TXT,ACTV_IND) values ('KSAP10077','2437614C-4853-4F36-8D22-C2935A279028',1,null,'KSA','CONTEST_CHARGE','User can contest a charge.','Y');
Insert into RICE.KRIM_PERM_T (PERM_ID,OBJ_ID,VER_NBR,PERM_TMPL_ID,NMSPC_CD,NM,DESC_TXT,ACTV_IND) values ('KSAP10078','9E729974-9496-4735-96F7-6AC219F16260',1,null,'KSA','CANCEL_CHARGE','User can cancel charge','Y');
Insert into RICE.KRIM_PERM_T (PERM_ID,OBJ_ID,VER_NBR,PERM_TMPL_ID,NMSPC_CD,NM,DESC_TXT,ACTV_IND) values ('KSAP10079','C90B74CF-20FE-4441-AE59-D4F487E23AF4',1,null,'KSA','EDIT_TRANSACTION','User is allowed to delete/update transactions','Y');
Insert into RICE.KRIM_PERM_T (PERM_ID,OBJ_ID,VER_NBR,PERM_TMPL_ID,NMSPC_CD,NM,DESC_TXT,ACTV_IND) values ('KSAP10080','CE6D5CA7-B467-4BA4-B0CB-A1002182AD53',1,null,'KSA','READ_TRANSACTION','User can get (and therefore view) transactions.','Y');
Insert into RICE.KRIM_PERM_T (PERM_ID,OBJ_ID,VER_NBR,PERM_TMPL_ID,NMSPC_CD,NM,DESC_TXT,ACTV_IND) values ('KSAP10083','474A21B3-EC09-40C9-B473-79B693671484',1,null,'KSA','GENERATE_IRS_8300','User can export a cash limit event file (8300)','Y');
Insert into RICE.KRIM_PERM_T (PERM_ID,OBJ_ID,VER_NBR,PERM_TMPL_ID,NMSPC_CD,NM,DESC_TXT,ACTV_IND) values ('KSAP10084','83B4CE20-1F26-4F24-8619-48C040FCC0AD',1,null,'KSA','CREATE_CASH_LIMIT_PARAMETER','User can create a parameter that is tracked by the cash tracking system.','Y');
Insert into RICE.KRIM_PERM_T (PERM_ID,OBJ_ID,VER_NBR,PERM_TMPL_ID,NMSPC_CD,NM,DESC_TXT,ACTV_IND) values ('KSAP10085','D2909D13-E95E-4AEE-B582-69E33F3C56A0',1,null,'KSA','EDIT_CASH_LIMIT_PARAMETER','User can alter an existing cash limit parameter.','Y');
Insert into RICE.KRIM_PERM_T (PERM_ID,OBJ_ID,VER_NBR,PERM_TMPL_ID,NMSPC_CD,NM,DESC_TXT,ACTV_IND) values ('KSAP10086','B71216C7-9723-4633-ACA1-BBBE77B2EC5B',1,null,'KSA','CHECK_CASH_LIMIT','User can create CashLimitEvent object and call checkCashLimit() method','Y');
Insert into RICE.KRIM_PERM_T (PERM_ID,OBJ_ID,VER_NBR,PERM_TMPL_ID,NMSPC_CD,NM,DESC_TXT,ACTV_IND) values ('KSAP10087','4F09DBD7-21D6-4C36-BF70-DDB510EB2B36',1,null,'KSA','READ_IRS_8300','User can get the generated report.','Y');
Insert into RICE.KRIM_PERM_T (PERM_ID,OBJ_ID,VER_NBR,PERM_TMPL_ID,NMSPC_CD,NM,DESC_TXT,ACTV_IND) values ('KSAP10088','A3CE61DD-0DE6-4EFD-A637-9553827780FC',1,null,'KSA','CREATE_TRANSACTION_TYPE','User is able to create a base transaction type and subtypes.','Y');
Insert into RICE.KRIM_PERM_T (PERM_ID,OBJ_ID,VER_NBR,PERM_TMPL_ID,NMSPC_CD,NM,DESC_TXT,ACTV_IND) values ('KSAP10089','31010D80-9483-434B-9F37-53A3DF99258C',1,null,'KSA','EDIT_TRANSACTION_TYPE','User is able to alter transaction types.','Y');
Insert into RICE.KRIM_PERM_T (PERM_ID,OBJ_ID,VER_NBR,PERM_TMPL_ID,NMSPC_CD,NM,DESC_TXT,ACTV_IND) values ('KSAP10090','979F18F8-74E6-40D5-83AE-3F93D396A92B',1,null,'KSA','READ_TRANSACTION_TYPE','User is allowed to view transaction types','Y');
Insert into RICE.KRIM_PERM_T (PERM_ID,OBJ_ID,VER_NBR,PERM_TMPL_ID,NMSPC_CD,NM,DESC_TXT,ACTV_IND) values ('KSAP10091','AD5E0127-FDCD-40BD-8261-89327999B30A',1,null,'KSA','ASSIGN_TRANSACTION_TYPE_TO_ROLE','User is able to assign transaction types to roles to allow (for example) a dept. liason to have access to a subset of transaction types.','Y');
Insert into RICE.KRIM_PERM_T (PERM_ID,OBJ_ID,VER_NBR,PERM_TMPL_ID,NMSPC_CD,NM,DESC_TXT,ACTV_IND) values ('KSAP10092','DCD99195-F2EE-47BD-9C1A-A7D4EE45FA92',1,null,'KSA','EDIT_TRANSACTION_TYPE_PRIORITY','','Y');
Insert into RICE.KRIM_PERM_T (PERM_ID,OBJ_ID,VER_NBR,PERM_TMPL_ID,NMSPC_CD,NM,DESC_TXT,ACTV_IND) values ('KSAP10093','94CC50EE-20A5-402B-9A6C-75979F3F6184',1,null,'KSA','EDIT_TRANSACTION_TYPE_ROLLUP','','Y');
Insert into RICE.KRIM_PERM_T (PERM_ID,OBJ_ID,VER_NBR,PERM_TMPL_ID,NMSPC_CD,NM,DESC_TXT,ACTV_IND) values ('KSAP10094','6A4E2CF8-7FF6-49D9-ABDC-0EEB9E73A464',1,null,'KSA','EDIT_TRANSACTION_TYPE_GENERAL_LEDGER_BREAKDOWN','','Y');
Insert into RICE.KRIM_PERM_T (PERM_ID,OBJ_ID,VER_NBR,PERM_TMPL_ID,NMSPC_CD,NM,DESC_TXT,ACTV_IND) values ('KSAP10095','B90DB103-7C15-45DA-86B9-85F6574497A0',1,null,'KSA','EDIT_TRANSACTION_TYPE_CANCELLATION_RULE','','Y');
Insert into RICE.KRIM_PERM_T (PERM_ID,OBJ_ID,VER_NBR,PERM_TMPL_ID,NMSPC_CD,NM,DESC_TXT,ACTV_IND) values ('KSAP10096','F504E4FC-52F0-4A53-B6D7-138FF02419AC',1,null,'KSA','EDIT_TRANSACTION_TYPE_REFUND_RULE','','Y');
Insert into RICE.KRIM_PERM_T (PERM_ID,OBJ_ID,VER_NBR,PERM_TMPL_ID,NMSPC_CD,NM,DESC_TXT,ACTV_IND) values ('KSAP10097','C2EDCB55-7971-4FC7-A79C-324E54CE4B6E',1,null,'KSA','EDIT_TRANSACTION_TYPE_UNALLOCATED_ACCOUNT','','Y');
Insert into RICE.KRIM_PERM_T (PERM_ID,OBJ_ID,VER_NBR,PERM_TMPL_ID,NMSPC_CD,NM,DESC_TXT,ACTV_IND) values ('KSAP10098','D22C301D-FE9F-4187-B525-9B7E3EB71C26',1,null,'KSA','CREATE_ROLLUP','','Y');
Insert into RICE.KRIM_PERM_T (PERM_ID,OBJ_ID,VER_NBR,PERM_TMPL_ID,NMSPC_CD,NM,DESC_TXT,ACTV_IND) values ('KSAP10099','11E700D8-90BC-41A5-A007-64D1EF09AC68',1,null,'KSA','EDIT_ROLLUP','','Y');
Insert into RICE.KRIM_PERM_T (PERM_ID,OBJ_ID,VER_NBR,PERM_TMPL_ID,NMSPC_CD,NM,DESC_TXT,ACTV_IND) values ('KSAP10100','843C82BD-1EE9-43FB-86A1-9670C3FAF8D0',1,null,'KSA','READ_ROLLUP','','Y');
Insert into RICE.KRIM_PERM_T (PERM_ID,OBJ_ID,VER_NBR,PERM_TMPL_ID,NMSPC_CD,NM,DESC_TXT,ACTV_IND) values ('KSAP10101','6C69E419-B80B-411D-9264-D718E30D1928',1,null,'KSA','CREATE_BANK_TYPE','','Y');
Insert into RICE.KRIM_PERM_T (PERM_ID,OBJ_ID,VER_NBR,PERM_TMPL_ID,NMSPC_CD,NM,DESC_TXT,ACTV_IND) values ('KSAP10102','AF100A79-A1F7-4865-AC35-AFDC93D6CA77',1,null,'KSA','EDIT_BANK_TYPE','','Y');
Insert into RICE.KRIM_PERM_T (PERM_ID,OBJ_ID,VER_NBR,PERM_TMPL_ID,NMSPC_CD,NM,DESC_TXT,ACTV_IND) values ('KSAP10103','5DC51CEA-9221-4346-92B8-A22565D6F448',1,null,'KSA','CREATE_IDENTITY_TYPE','','Y');
Insert into RICE.KRIM_PERM_T (PERM_ID,OBJ_ID,VER_NBR,PERM_TMPL_ID,NMSPC_CD,NM,DESC_TXT,ACTV_IND) values ('KSAP10104','763FC43C-1672-49BF-8D41-73C4D1512B85',1,null,'KSA','EDIT_IDENTITY_TYPE','','Y');
Insert into RICE.KRIM_PERM_T (PERM_ID,OBJ_ID,VER_NBR,PERM_TMPL_ID,NMSPC_CD,NM,DESC_TXT,ACTV_IND) values ('KSAP10105','54591229-DC4D-423D-B2C3-4A5C8F7A6DA6',1,null,'KSA','CREATE_TAX_TYPE','','Y');
Insert into RICE.KRIM_PERM_T (PERM_ID,OBJ_ID,VER_NBR,PERM_TMPL_ID,NMSPC_CD,NM,DESC_TXT,ACTV_IND) values ('KSAP10106','4C9571AB-D3F6-4933-B1CD-E626C6EF731E',1,null,'KSA','EDIT_TAX_TYPE','','Y');
Insert into RICE.KRIM_PERM_T (PERM_ID,OBJ_ID,VER_NBR,PERM_TMPL_ID,NMSPC_CD,NM,DESC_TXT,ACTV_IND) values ('KSAP10107','E7757804-B8DA-4FD0-84E1-051D58E0494C',1,null,'KSA','CREATE_ACCOUNT_STATUS_TYPE','','Y');
Insert into RICE.KRIM_PERM_T (PERM_ID,OBJ_ID,VER_NBR,PERM_TMPL_ID,NMSPC_CD,NM,DESC_TXT,ACTV_IND) values ('KSAP10108','E083F147-5BA0-43E2-A32E-3E2FDBE302C7',1,null,'KSA','EDIT_ACCOUNT_STATUS_TYPE','','Y');
Insert into RICE.KRIM_PERM_T (PERM_ID,OBJ_ID,VER_NBR,PERM_TMPL_ID,NMSPC_CD,NM,DESC_TXT,ACTV_IND) values ('KSAP10109','FB756D9A-989B-482C-9013-5585D5CA8BD8',1,null,'KSA','CREATE_ACCOUNT_TYPE','','Y');
Insert into RICE.KRIM_PERM_T (PERM_ID,OBJ_ID,VER_NBR,PERM_TMPL_ID,NMSPC_CD,NM,DESC_TXT,ACTV_IND) values ('KSAP10110','FCF29D70-97DB-4579-BFE2-4AB780A49E2C',1,null,'KSA','EDIT_ACCOUNT_TYPE','','Y');
Insert into RICE.KRIM_PERM_T (PERM_ID,OBJ_ID,VER_NBR,PERM_TMPL_ID,NMSPC_CD,NM,DESC_TXT,ACTV_IND) values ('KSAP10111','FF8D51A2-EC43-4A07-86D5-925A98CF500A',1,null,'KSA','CREATE_GL_TYPE','','Y');
Insert into RICE.KRIM_PERM_T (PERM_ID,OBJ_ID,VER_NBR,PERM_TMPL_ID,NMSPC_CD,NM,DESC_TXT,ACTV_IND) values ('KSAP10112','F273ED85-EBDC-4214-A88B-48D8B2C269FE',1,null,'KSA','EDIT_GL_TYPE','','Y');
Insert into RICE.KRIM_PERM_T (PERM_ID,OBJ_ID,VER_NBR,PERM_TMPL_ID,NMSPC_CD,NM,DESC_TXT,ACTV_IND) values ('KSAP10113','B31FC379-3BF3-408B-B075-2F7F42794DF2',1,null,'KSA','READ_GL_TYPE','','Y');
Insert into RICE.KRIM_PERM_T (PERM_ID,OBJ_ID,VER_NBR,PERM_TMPL_ID,NMSPC_CD,NM,DESC_TXT,ACTV_IND) values ('KSAP10114','D08A5B32-E406-4632-B58B-5082B773D2C3',1,null,'KSA','CREATE_ACTIVITY_TYPE','','Y');
Insert into RICE.KRIM_PERM_T (PERM_ID,OBJ_ID,VER_NBR,PERM_TMPL_ID,NMSPC_CD,NM,DESC_TXT,ACTV_IND) values ('KSAP10115','62CAA611-1F4C-495B-A6A6-CFA236A2458C',1,null,'KSA','EDIT_ACTIVITY_TYPE','','Y');
Insert into RICE.KRIM_PERM_T (PERM_ID,OBJ_ID,VER_NBR,PERM_TMPL_ID,NMSPC_CD,NM,DESC_TXT,ACTV_IND) values ('KSAP10116','69026256-5FF5-4CDD-B6A1-8FCED2522345',1,null,'KSA','EDIT_REFUND_TYPE','','Y');
Insert into RICE.KRIM_PERM_T (PERM_ID,OBJ_ID,VER_NBR,PERM_TMPL_ID,NMSPC_CD,NM,DESC_TXT,ACTV_IND) values ('KSAP10117','4265F2CD-54EB-4F9B-AC5B-36DF42B7BDAF',1,null,'KSA','CREATE_TRANSFER_TYPE','','Y');
Insert into RICE.KRIM_PERM_T (PERM_ID,OBJ_ID,VER_NBR,PERM_TMPL_ID,NMSPC_CD,NM,DESC_TXT,ACTV_IND) values ('KSAP10118','E50F6E14-7339-412F-8D58-33FD8D4BF62F',1,null,'KSA','UPDATE_TRANSFER_TYPE','','Y');
Insert into RICE.KRIM_PERM_T (PERM_ID,OBJ_ID,VER_NBR,PERM_TMPL_ID,NMSPC_CD,NM,DESC_TXT,ACTV_IND) values ('KSAP10119','8891F9C0-8E30-4E5B-9496-CF1F5B769356',1,null,'KSA','REQUEST_REFUND','Check for a refund and place it in the refund queue.','Y');
Insert into RICE.KRIM_PERM_T (PERM_ID,OBJ_ID,VER_NBR,PERM_TMPL_ID,NMSPC_CD,NM,DESC_TXT,ACTV_IND) values ('KSAP10120','61583F41-E2F3-4C27-A2C4-55014D4D7771',1,null,'KSA','CREATE_REFUND','Create an actual refund transaction.','Y');
Insert into RICE.KRIM_PERM_T (PERM_ID,OBJ_ID,VER_NBR,PERM_TMPL_ID,NMSPC_CD,NM,DESC_TXT,ACTV_IND) values ('KSAP10121','862173C0-5FE9-4320-95E9-BC6E932FF4C8',1,null,'KSA','VALIDATE_REFUND','Move a refund from the request queue to the process queue.','Y');
Insert into RICE.KRIM_PERM_T (PERM_ID,OBJ_ID,VER_NBR,PERM_TMPL_ID,NMSPC_CD,NM,DESC_TXT,ACTV_IND) values ('KSAP10122','92E5AA0E-D84C-4676-AC00-D3CDC2A460C1',1,null,'KSA','CANCEL_REFUND','Cancel a refund, either pending, or already performed.','Y');
Insert into RICE.KRIM_PERM_T (PERM_ID,OBJ_ID,VER_NBR,PERM_TMPL_ID,NMSPC_CD,NM,DESC_TXT,ACTV_IND) values ('KSAP10123','3D8BBF6A-502D-4CFE-956D-79C6ABDA7C4B',1,null,'KSA','RUN_PAYMENT_APPLICATION','','Y');
Insert into RICE.KRIM_PERM_T (PERM_ID,OBJ_ID,VER_NBR,PERM_TMPL_ID,NMSPC_CD,NM,DESC_TXT,ACTV_IND) values ('KSAP10124','0D61D5E3-A840-402E-96BA-25A1527A6D87',1,null,'KSA','CREATE_PAYMENT_BILLING','Not yet mapped out','Y');
Insert into RICE.KRIM_PERM_T (PERM_ID,OBJ_ID,VER_NBR,PERM_TMPL_ID,NMSPC_CD,NM,DESC_TXT,ACTV_IND) values ('KSAP10125','56E77508-372D-47F1-81BC-E2036155035B',1,null,'KSA','REVERSE_PAYMENT_BILLING','User can reverse the payment billing system in force on an account.','Y');
Insert into RICE.KRIM_PERM_T (PERM_ID,OBJ_ID,VER_NBR,PERM_TMPL_ID,NMSPC_CD,NM,DESC_TXT,ACTV_IND) values ('KSAP10126','4D000C27-6542-4969-BF73-86CA64AAFABB',1,null,'KSA','CREATE_BILL','User can create an XML bill for any account.','Y');
Insert into RICE.KRIM_PERM_T (PERM_ID,OBJ_ID,VER_NBR,PERM_TMPL_ID,NMSPC_CD,NM,DESC_TXT,ACTV_IND) values ('KSAP10127','2DC0CC62-E33E-42CA-859F-F205DE80634B',1,null,'KSA','GENERATE_1098_T','Create new 1098T for a student.','Y');
Insert into RICE.KRIM_PERM_T (PERM_ID,OBJ_ID,VER_NBR,PERM_TMPL_ID,NMSPC_CD,NM,DESC_TXT,ACTV_IND) values ('KSAP10128','C4246B8F-98C5-46DF-A0CF-DC2DB1A5E271',1,null,'KSA','READ_1098_T','Fetch an existing 1098T for a student.','Y');
Insert into RICE.KRIM_PERM_T (PERM_ID,OBJ_ID,VER_NBR,PERM_TMPL_ID,NMSPC_CD,NM,DESC_TXT,ACTV_IND) values ('KSAP10129','A84416E7-E967-4F05-BFA3-2B3BCEDEB835',1,null,'KSA','GENERATE_AGED_BALANCE_REPORT','Produce and aged balance report for accounts.','Y');
Insert into RICE.KRIM_PERM_T (PERM_ID,OBJ_ID,VER_NBR,PERM_TMPL_ID,NMSPC_CD,NM,DESC_TXT,ACTV_IND) values ('KSAP10130','7228E070-AA33-4D4E-983B-BCDA5D265A8C',1,null,'KSA','READ_BATCH_FAILED_REPORT','Get a list of transactions that failed from XML upload.','Y');
Insert into RICE.KRIM_PERM_T (PERM_ID,OBJ_ID,VER_NBR,PERM_TMPL_ID,NMSPC_CD,NM,DESC_TXT,ACTV_IND) values ('KSAP10131','6DB80E68-F292-4682-A42C-32FF064303B9',1,null,'KSA','READ_ACCOUNT_REPORT','','Y');
Insert into RICE.KRIM_PERM_T (PERM_ID,OBJ_ID,VER_NBR,PERM_TMPL_ID,NMSPC_CD,NM,DESC_TXT,ACTV_IND) values ('KSAP10132','71CDEA0D-CE14-4C85-9AC4-3D990C0DDB6A',1,null,'KSA','READ_RECEIPT','Get an XML receipt for a payment.','Y');
Insert into RICE.KRIM_PERM_T (PERM_ID,OBJ_ID,VER_NBR,PERM_TMPL_ID,NMSPC_CD,NM,DESC_TXT,ACTV_IND) values ('KSAP10133','3F8ED024-3FA1-44FF-9BBC-6ABE2A31927B',1,null,'KSA','GENERATE_THIRD_PARTY_TRANSFER','','Y');
Insert into RICE.KRIM_PERM_T (PERM_ID,OBJ_ID,VER_NBR,PERM_TMPL_ID,NMSPC_CD,NM,DESC_TXT,ACTV_IND) values ('KSAP10134','DB1B9F74-6C68-491A-BD20-0F71263BFD98',1,null,'KSA','REVERSE_THIRD_PARTY_TRANSFER','','Y');
Insert into RICE.KRIM_PERM_T (PERM_ID,OBJ_ID,VER_NBR,PERM_TMPL_ID,NMSPC_CD,NM,DESC_TXT,ACTV_IND) values ('KSAP10135','1DDB1003-5E71-4F6E-8ADE-55D236192965',1,null,'KSA','CREATE_RATE_TYPE','Access to creation of rate types (highly administrative).','Y');
Insert into RICE.KRIM_PERM_T (PERM_ID,OBJ_ID,VER_NBR,PERM_TMPL_ID,NMSPC_CD,NM,DESC_TXT,ACTV_IND) values ('KSAP10136','62096771-AF0D-4834-B127-169EC0A0EA8B',1,null,'KSA','UPDATE_RATE_TYPE','','Y');
Insert into RICE.KRIM_PERM_T (PERM_ID,OBJ_ID,VER_NBR,PERM_TMPL_ID,NMSPC_CD,NM,DESC_TXT,ACTV_IND) values ('KSAP10137','F7FACBBC-1144-4BE9-B096-00799751E2D6',1,null,'KSA','DELETE_RATE_TYPE','','Y');
Insert into RICE.KRIM_PERM_T (PERM_ID,OBJ_ID,VER_NBR,PERM_TMPL_ID,NMSPC_CD,NM,DESC_TXT,ACTV_IND) values ('KSAP10138','ABE5FE7A-5BB9-4376-BCDB-AB47B2C32755',1,null,'KSA','READ_RATE_TYPE','Borderline to Rate Catalog.','Y');
Insert into RICE.KRIM_PERM_T (PERM_ID,OBJ_ID,VER_NBR,PERM_TMPL_ID,NMSPC_CD,NM,DESC_TXT,ACTV_IND) values ('KSAP10139','38D8B3EC-CFC3-4AD7-95E5-DB11E29F89AB',1,null,'KSA','CREATE_RATE_CATALOG','Access to creation of rate catalogs (administrative).','Y');
Insert into RICE.KRIM_PERM_T (PERM_ID,OBJ_ID,VER_NBR,PERM_TMPL_ID,NMSPC_CD,NM,DESC_TXT,ACTV_IND) values ('KSAP10140','71FF755D-D602-4553-8AA6-055E75C37E00',1,null,'KSA','UPDATE_RATE_CATALOG','','Y');
Insert into RICE.KRIM_PERM_T (PERM_ID,OBJ_ID,VER_NBR,PERM_TMPL_ID,NMSPC_CD,NM,DESC_TXT,ACTV_IND) values ('KSAP10141','0AA2D38C-DD4F-4D9A-90B5-99A4B30F6167',1,null,'KSA','DELETE_RATE_CATALOG','','Y');
Insert into RICE.KRIM_PERM_T (PERM_ID,OBJ_ID,VER_NBR,PERM_TMPL_ID,NMSPC_CD,NM,DESC_TXT,ACTV_IND) values ('KSAP10142','901B9CB2-CB21-4735-9F7F-B6CF6A09BF1D',1,null,'KSA','READ_RATE_CATALOG','Borderline to Rate.','Y');
Insert into RICE.KRIM_PERM_T (PERM_ID,OBJ_ID,VER_NBR,PERM_TMPL_ID,NMSPC_CD,NM,DESC_TXT,ACTV_IND) values ('KSAP10143','4B4A5F53-035A-405D-966B-C9471818EAE2',1,null,'KSA','CREATE_RATE','','Y');
Insert into RICE.KRIM_PERM_T (PERM_ID,OBJ_ID,VER_NBR,PERM_TMPL_ID,NMSPC_CD,NM,DESC_TXT,ACTV_IND) values ('KSAP10144','0BAF8FD9-0046-45E7-A887-4061275F1B98',1,null,'KSA','UPDATE_RATE','','Y');
Insert into RICE.KRIM_PERM_T (PERM_ID,OBJ_ID,VER_NBR,PERM_TMPL_ID,NMSPC_CD,NM,DESC_TXT,ACTV_IND) values ('KSAP10145','53C08BAA-10AB-4855-B30A-5611CCDC5BAD',1,null,'KSA','DELETE_RATE','','Y');
Insert into RICE.KRIM_PERM_T (PERM_ID,OBJ_ID,VER_NBR,PERM_TMPL_ID,NMSPC_CD,NM,DESC_TXT,ACTV_IND) values ('KSAP10146','D76B16E4-467C-4AB5-BFA7-E5B5831F4DDE',1,null,'KSA','READ_RATE','','Y');
Insert into RICE.KRIM_PERM_T (PERM_ID,OBJ_ID,VER_NBR,PERM_TMPL_ID,NMSPC_CD,NM,DESC_TXT,ACTV_IND) values ('KSAP10147','794A9AB7-A38C-4FAC-8608-B5A7837C739D',1,null,'KSA','READ_CREDIT_PERMISSION','User is allowed to have read-only access to CreditPermission objects','Y');
Insert into RICE.KRIM_PERM_T (PERM_ID,OBJ_ID,VER_NBR,PERM_TMPL_ID,NMSPC_CD,NM,DESC_TXT,ACTV_IND) values ('KSAP10148','CED789BE-0891-4D83-A5C0-26FA4B45D6A1',1,null,'KSA','CREATE_REFUND_TYPE','','Y');
Insert into RICE.KRIM_PERM_T (PERM_ID,OBJ_ID,VER_NBR,PERM_TMPL_ID,NMSPC_CD,NM,DESC_TXT,ACTV_IND) values ('KSAP10149','87FEA138-A88E-4CD7-9624-748D65688733',1,null,'KSA','CREATE_TRANSACTION_TRANSFER','','Y');
Insert into RICE.KRIM_PERM_T (PERM_ID,OBJ_ID,VER_NBR,PERM_TMPL_ID,NMSPC_CD,NM,DESC_TXT,ACTV_IND) values ('KSAP10150','9E069C70-E48B-485C-BD20-05B57C5881B6',1,null,'KSA','READ_TRANSACTION_TRANSFER','','Y');
Insert into RICE.KRIM_PERM_T (PERM_ID,OBJ_ID,VER_NBR,PERM_TMPL_ID,NMSPC_CD,NM,DESC_TXT,ACTV_IND) values ('KSAP10151','73DBC85A-E617-43C6-A0B1-6E3D29926724',1,null,'KSA','UPDATE_TRANSACTION_TRANSFER','','Y');
Insert into RICE.KRIM_PERM_T (PERM_ID,OBJ_ID,VER_NBR,PERM_TMPL_ID,NMSPC_CD,NM,DESC_TXT,ACTV_IND) values ('KSAP10152','A3014CDD-029F-4A31-9283-087EC58942B3',1,null,'KSA','DELETE_TRANSACTION_TRANSFER','','Y');
Insert into RICE.KRIM_PERM_T (PERM_ID,OBJ_ID,VER_NBR,PERM_TMPL_ID,NMSPC_CD,NM,DESC_TXT,ACTV_IND) values ('KSAP10153','76B89DB4-50C0-48C5-924A-BB30C566F9CD',1,null,'KSA','REVERSE_TRANSACTION_TRANSFER','','Y');
Insert into RICE.KRIM_PERM_T (PERM_ID,OBJ_ID,VER_NBR,PERM_TMPL_ID,NMSPC_CD,NM,DESC_TXT,ACTV_IND) values ('KSAP10154','6498C24D-84EA-47E7-BF4B-8C030C607ECF',1,null,'KSA','READ_TRANSFER_TYPE','','Y');
Insert into RICE.KRIM_PERM_T (PERM_ID,OBJ_ID,VER_NBR,PERM_TMPL_ID,NMSPC_CD,NM,DESC_TXT,ACTV_IND) values ('KSAP10155','4415CDDA-0F6F-460E-916E-81BFDCCD4B66',1,null,'KSA','DELETE_TRANSFER_TYPE','','Y');

REM Add permissions to roles
Insert into RICE.KRIM_ROLE_PERM_T (ROLE_PERM_ID,OBJ_ID,VER_NBR,ROLE_ID,PERM_ID,ACTV_IND) values ('KSARP1001','301F3AB2-F151-4277-AFDA-EA20D9B96827',1,'KSAR10001','KSAP10001','Y');
Insert into RICE.KRIM_ROLE_PERM_T (ROLE_PERM_ID,OBJ_ID,VER_NBR,ROLE_ID,PERM_ID,ACTV_IND) values ('KSARP2001','11E5376A-D14F-4668-891B-6BFC1C55C121',1,'KSAR10002','KSAP10001','Y');
Insert into RICE.KRIM_ROLE_PERM_T (ROLE_PERM_ID,OBJ_ID,VER_NBR,ROLE_ID,PERM_ID,ACTV_IND) values ('KSARP3001','6414E2D8-93A9-4276-BE96-4B0F66B4BBFD',1,'KSAR10003','KSAP10001','Y');
Insert into RICE.KRIM_ROLE_PERM_T (ROLE_PERM_ID,OBJ_ID,VER_NBR,ROLE_ID,PERM_ID,ACTV_IND) values ('KSARP4001','166278A8-845E-4403-BA33-DD2590880376',1,'KSAR10004','KSAP10001','Y');
Insert into RICE.KRIM_ROLE_PERM_T (ROLE_PERM_ID,OBJ_ID,VER_NBR,ROLE_ID,PERM_ID,ACTV_IND) values ('KSARP5001','627C562C-F9BF-405B-AA6D-89D592404718',1,'KSAR10005','KSAP10001','Y');
Insert into RICE.KRIM_ROLE_PERM_T (ROLE_PERM_ID,OBJ_ID,VER_NBR,ROLE_ID,PERM_ID,ACTV_IND) values ('KSARP6001','FAED6E5E-F012-4385-8951-8661B6A66874',1,'KSAR10006','KSAP10001','Y');
Insert into RICE.KRIM_ROLE_PERM_T (ROLE_PERM_ID,OBJ_ID,VER_NBR,ROLE_ID,PERM_ID,ACTV_IND) values ('KSARP7001','1CAA2E48-E390-465E-83ED-E783CABA3E0A',1,'KSAR10007','KSAP10001','Y');
Insert into RICE.KRIM_ROLE_PERM_T (ROLE_PERM_ID,OBJ_ID,VER_NBR,ROLE_ID,PERM_ID,ACTV_IND) values ('KSARP3002','AFCB775A-4100-4371-93F4-BCFF5CB33707',1,'KSAR10003','KSAP10002','Y');
Insert into RICE.KRIM_ROLE_PERM_T (ROLE_PERM_ID,OBJ_ID,VER_NBR,ROLE_ID,PERM_ID,ACTV_IND) values ('KSARP5002','ACD7683E-CB9E-42D6-BE42-E68A03E4E5C1',1,'KSAR10005','KSAP10002','Y');
Insert into RICE.KRIM_ROLE_PERM_T (ROLE_PERM_ID,OBJ_ID,VER_NBR,ROLE_ID,PERM_ID,ACTV_IND) values ('KSARP6002','533ACC50-824F-48D6-8C09-17D7E442E2A7',1,'KSAR10006','KSAP10002','Y');
Insert into RICE.KRIM_ROLE_PERM_T (ROLE_PERM_ID,OBJ_ID,VER_NBR,ROLE_ID,PERM_ID,ACTV_IND) values ('KSARP7002','46F56731-E565-415A-9DFF-C6F16161D377',1,'KSAR10007','KSAP10002','Y');
Insert into RICE.KRIM_ROLE_PERM_T (ROLE_PERM_ID,OBJ_ID,VER_NBR,ROLE_ID,PERM_ID,ACTV_IND) values ('KSARP3003','DAC94AD2-E788-4F69-B649-9507069BA9AF',1,'KSAR10003','KSAP10003','Y');
Insert into RICE.KRIM_ROLE_PERM_T (ROLE_PERM_ID,OBJ_ID,VER_NBR,ROLE_ID,PERM_ID,ACTV_IND) values ('KSARP3004','988C1C98-C0C2-4690-876A-410D3C5B5A72',1,'KSAR10003','KSAP10004','Y');
Insert into RICE.KRIM_ROLE_PERM_T (ROLE_PERM_ID,OBJ_ID,VER_NBR,ROLE_ID,PERM_ID,ACTV_IND) values ('KSARP5004','97715AB0-65B7-4074-B0E6-3C754A6FEE07',1,'KSAR10005','KSAP10004','Y');
Insert into RICE.KRIM_ROLE_PERM_T (ROLE_PERM_ID,OBJ_ID,VER_NBR,ROLE_ID,PERM_ID,ACTV_IND) values ('KSARP6004','45716640-004F-4787-98B4-B903249253E8',1,'KSAR10006','KSAP10004','Y');
Insert into RICE.KRIM_ROLE_PERM_T (ROLE_PERM_ID,OBJ_ID,VER_NBR,ROLE_ID,PERM_ID,ACTV_IND) values ('KSARP7004','DA14D2C9-CD82-44E9-A244-DD3C93316023',1,'KSAR10007','KSAP10004','Y');
Insert into RICE.KRIM_ROLE_PERM_T (ROLE_PERM_ID,OBJ_ID,VER_NBR,ROLE_ID,PERM_ID,ACTV_IND) values ('KSARP3005','7146CB5B-992E-4AB2-B78C-9479A7B45584',1,'KSAR10003','KSAP10005','Y');
Insert into RICE.KRIM_ROLE_PERM_T (ROLE_PERM_ID,OBJ_ID,VER_NBR,ROLE_ID,PERM_ID,ACTV_IND) values ('KSARP5005','EE01AE55-78E9-4C12-A763-9634645BEB45',1,'KSAR10005','KSAP10005','Y');
Insert into RICE.KRIM_ROLE_PERM_T (ROLE_PERM_ID,OBJ_ID,VER_NBR,ROLE_ID,PERM_ID,ACTV_IND) values ('KSARP6005','15FFA747-F14B-41DC-BC3C-A61DEFBF28AB',1,'KSAR10006','KSAP10005','Y');
Insert into RICE.KRIM_ROLE_PERM_T (ROLE_PERM_ID,OBJ_ID,VER_NBR,ROLE_ID,PERM_ID,ACTV_IND) values ('KSARP7005','F9A04462-B820-4628-AA0A-0E0E87D860AF',1,'KSAR10007','KSAP10005','Y');
Insert into RICE.KRIM_ROLE_PERM_T (ROLE_PERM_ID,OBJ_ID,VER_NBR,ROLE_ID,PERM_ID,ACTV_IND) values ('KSARP3006','8437EC73-AC1A-41A4-99AE-438E2B3486F8',1,'KSAR10003','KSAP10006','Y');
Insert into RICE.KRIM_ROLE_PERM_T (ROLE_PERM_ID,OBJ_ID,VER_NBR,ROLE_ID,PERM_ID,ACTV_IND) values ('KSARP1007','7F2CB98C-58B5-4360-BA73-D53CFD3AAB91',1,'KSAR10001','KSAP10007','Y');
Insert into RICE.KRIM_ROLE_PERM_T (ROLE_PERM_ID,OBJ_ID,VER_NBR,ROLE_ID,PERM_ID,ACTV_IND) values ('KSARP2007','F0B3618E-02E7-42A0-94DA-9D01B87975A5',1,'KSAR10002','KSAP10007','Y');
Insert into RICE.KRIM_ROLE_PERM_T (ROLE_PERM_ID,OBJ_ID,VER_NBR,ROLE_ID,PERM_ID,ACTV_IND) values ('KSARP3007','9341DE84-DB1A-42D8-B1C6-F03F0D9B5A1A',1,'KSAR10003','KSAP10007','Y');
Insert into RICE.KRIM_ROLE_PERM_T (ROLE_PERM_ID,OBJ_ID,VER_NBR,ROLE_ID,PERM_ID,ACTV_IND) values ('KSARP4007','BF92AEB7-4188-4C5C-95AB-D8EAE350FE27',1,'KSAR10004','KSAP10007','Y');
Insert into RICE.KRIM_ROLE_PERM_T (ROLE_PERM_ID,OBJ_ID,VER_NBR,ROLE_ID,PERM_ID,ACTV_IND) values ('KSARP5007','4AB47133-F6DE-49D2-A956-06373F3BCF37',1,'KSAR10005','KSAP10007','Y');
Insert into RICE.KRIM_ROLE_PERM_T (ROLE_PERM_ID,OBJ_ID,VER_NBR,ROLE_ID,PERM_ID,ACTV_IND) values ('KSARP6007','B302DDC7-7653-4FDF-8FE7-2BB0C4933D17',1,'KSAR10006','KSAP10007','Y');
Insert into RICE.KRIM_ROLE_PERM_T (ROLE_PERM_ID,OBJ_ID,VER_NBR,ROLE_ID,PERM_ID,ACTV_IND) values ('KSARP7007','19C23463-B268-4109-BAC4-A4941AADE7D3',1,'KSAR10007','KSAP10007','Y');
Insert into RICE.KRIM_ROLE_PERM_T (ROLE_PERM_ID,OBJ_ID,VER_NBR,ROLE_ID,PERM_ID,ACTV_IND) values ('KSARP1008','A9D2BBC5-1BF2-46EB-8064-4B4BA32D5F72',1,'KSAR10001','KSAP10008','Y');
Insert into RICE.KRIM_ROLE_PERM_T (ROLE_PERM_ID,OBJ_ID,VER_NBR,ROLE_ID,PERM_ID,ACTV_IND) values ('KSARP3008','A7ADDC28-63A8-4401-BCFC-D9F68B674236',1,'KSAR10003','KSAP10008','Y');
Insert into RICE.KRIM_ROLE_PERM_T (ROLE_PERM_ID,OBJ_ID,VER_NBR,ROLE_ID,PERM_ID,ACTV_IND) values ('KSARP4008','8503F995-CC45-4FA1-AD12-49338AB02B6F',1,'KSAR10004','KSAP10008','Y');
Insert into RICE.KRIM_ROLE_PERM_T (ROLE_PERM_ID,OBJ_ID,VER_NBR,ROLE_ID,PERM_ID,ACTV_IND) values ('KSARP5008','39948B75-7105-4A12-83C9-A0A583268FF5',1,'KSAR10005','KSAP10008','Y');
Insert into RICE.KRIM_ROLE_PERM_T (ROLE_PERM_ID,OBJ_ID,VER_NBR,ROLE_ID,PERM_ID,ACTV_IND) values ('KSARP7008','5585428E-411C-42E4-AECD-71F57C6F6A6D',1,'KSAR10007','KSAP10008','Y');
Insert into RICE.KRIM_ROLE_PERM_T (ROLE_PERM_ID,OBJ_ID,VER_NBR,ROLE_ID,PERM_ID,ACTV_IND) values ('KSARP1009','427F8185-A0F1-454A-8D25-DBF664F48787',1,'KSAR10001','KSAP10009','Y');
Insert into RICE.KRIM_ROLE_PERM_T (ROLE_PERM_ID,OBJ_ID,VER_NBR,ROLE_ID,PERM_ID,ACTV_IND) values ('KSARP3009','E8E48E0B-B2A2-470B-B571-06AC5596E7CD',1,'KSAR10003','KSAP10009','Y');
Insert into RICE.KRIM_ROLE_PERM_T (ROLE_PERM_ID,OBJ_ID,VER_NBR,ROLE_ID,PERM_ID,ACTV_IND) values ('KSARP7009','BF89C8BD-68BE-4C12-854E-570DF33855A4',1,'KSAR10007','KSAP10009','Y');
Insert into RICE.KRIM_ROLE_PERM_T (ROLE_PERM_ID,OBJ_ID,VER_NBR,ROLE_ID,PERM_ID,ACTV_IND) values ('KSARP1010','A72CBECC-1FC2-4F51-8F3C-3C9FF4C2E1B2',1,'KSAR10001','KSAP10010','Y');
Insert into RICE.KRIM_ROLE_PERM_T (ROLE_PERM_ID,OBJ_ID,VER_NBR,ROLE_ID,PERM_ID,ACTV_IND) values ('KSARP2010','848F602E-A360-44FA-90E2-A3C005EB9727',1,'KSAR10002','KSAP10010','Y');
Insert into RICE.KRIM_ROLE_PERM_T (ROLE_PERM_ID,OBJ_ID,VER_NBR,ROLE_ID,PERM_ID,ACTV_IND) values ('KSARP3010','509DDABC-0A7B-4235-BC36-CF9DFA3D47D3',1,'KSAR10003','KSAP10010','Y');
Insert into RICE.KRIM_ROLE_PERM_T (ROLE_PERM_ID,OBJ_ID,VER_NBR,ROLE_ID,PERM_ID,ACTV_IND) values ('KSARP4010','3263A275-A151-4666-B370-59D070FDFC8E',1,'KSAR10004','KSAP10010','Y');
Insert into RICE.KRIM_ROLE_PERM_T (ROLE_PERM_ID,OBJ_ID,VER_NBR,ROLE_ID,PERM_ID,ACTV_IND) values ('KSARP5010','D3E2D297-5F24-4A07-AD14-8D4E4965A28B',1,'KSAR10005','KSAP10010','Y');
Insert into RICE.KRIM_ROLE_PERM_T (ROLE_PERM_ID,OBJ_ID,VER_NBR,ROLE_ID,PERM_ID,ACTV_IND) values ('KSARP6010','89F06AF3-08DA-42D1-949B-DB5284E7E861',1,'KSAR10006','KSAP10010','Y');
Insert into RICE.KRIM_ROLE_PERM_T (ROLE_PERM_ID,OBJ_ID,VER_NBR,ROLE_ID,PERM_ID,ACTV_IND) values ('KSARP7010','38808BE6-5BB8-45AB-A5FC-93201CC8F26D',1,'KSAR10007','KSAP10010','Y');
Insert into RICE.KRIM_ROLE_PERM_T (ROLE_PERM_ID,OBJ_ID,VER_NBR,ROLE_ID,PERM_ID,ACTV_IND) values ('KSARP1011','C6166805-A212-4310-9894-4F9018C01618',1,'KSAR10001','KSAP10011','Y');
Insert into RICE.KRIM_ROLE_PERM_T (ROLE_PERM_ID,OBJ_ID,VER_NBR,ROLE_ID,PERM_ID,ACTV_IND) values ('KSARP2011','6357BB36-A4F3-4B7E-851F-8912244F5835',1,'KSAR10002','KSAP10011','Y');
Insert into RICE.KRIM_ROLE_PERM_T (ROLE_PERM_ID,OBJ_ID,VER_NBR,ROLE_ID,PERM_ID,ACTV_IND) values ('KSARP3011','2A76F234-62F9-463D-B75E-D6D12F4B4E22',1,'KSAR10003','KSAP10011','Y');
Insert into RICE.KRIM_ROLE_PERM_T (ROLE_PERM_ID,OBJ_ID,VER_NBR,ROLE_ID,PERM_ID,ACTV_IND) values ('KSARP4011','BDFE77DC-0428-41D8-B69B-7F00FD52D73F',1,'KSAR10004','KSAP10011','Y');
Insert into RICE.KRIM_ROLE_PERM_T (ROLE_PERM_ID,OBJ_ID,VER_NBR,ROLE_ID,PERM_ID,ACTV_IND) values ('KSARP7011','D127B850-5C2D-43F1-A391-BB65B3F57227',1,'KSAR10007','KSAP10011','Y');
Insert into RICE.KRIM_ROLE_PERM_T (ROLE_PERM_ID,OBJ_ID,VER_NBR,ROLE_ID,PERM_ID,ACTV_IND) values ('KSARP1012','A4FBF4EB-161A-4793-A2E2-ABE58D132991',1,'KSAR10001','KSAP10012','Y');
Insert into RICE.KRIM_ROLE_PERM_T (ROLE_PERM_ID,OBJ_ID,VER_NBR,ROLE_ID,PERM_ID,ACTV_IND) values ('KSARP2012','32C3E98E-BBC7-4044-9AB5-DAEA57167515',1,'KSAR10002','KSAP10012','Y');
Insert into RICE.KRIM_ROLE_PERM_T (ROLE_PERM_ID,OBJ_ID,VER_NBR,ROLE_ID,PERM_ID,ACTV_IND) values ('KSARP3012','0BB22702-848F-4EE9-A76B-B6FA664D03BD',1,'KSAR10003','KSAP10012','Y');
Insert into RICE.KRIM_ROLE_PERM_T (ROLE_PERM_ID,OBJ_ID,VER_NBR,ROLE_ID,PERM_ID,ACTV_IND) values ('KSARP4012','D652B985-1A01-4E63-B13A-351F518245B2',1,'KSAR10004','KSAP10012','Y');
Insert into RICE.KRIM_ROLE_PERM_T (ROLE_PERM_ID,OBJ_ID,VER_NBR,ROLE_ID,PERM_ID,ACTV_IND) values ('KSARP5012','02183036-55A0-481D-8365-306A98964EEC',1,'KSAR10005','KSAP10012','Y');
Insert into RICE.KRIM_ROLE_PERM_T (ROLE_PERM_ID,OBJ_ID,VER_NBR,ROLE_ID,PERM_ID,ACTV_IND) values ('KSARP6012','F60ADE51-4138-4648-98EA-4F1E49652CE3',1,'KSAR10006','KSAP10012','Y');
Insert into RICE.KRIM_ROLE_PERM_T (ROLE_PERM_ID,OBJ_ID,VER_NBR,ROLE_ID,PERM_ID,ACTV_IND) values ('KSARP7012','AF46B3C6-AAB6-4C9F-8DC4-0A9EC0094B78',1,'KSAR10007','KSAP10012','Y');
Insert into RICE.KRIM_ROLE_PERM_T (ROLE_PERM_ID,OBJ_ID,VER_NBR,ROLE_ID,PERM_ID,ACTV_IND) values ('KSARP1013','78262AB7-47FD-4E70-81A8-B67B4BF50B76',1,'KSAR10001','KSAP10013','Y');
Insert into RICE.KRIM_ROLE_PERM_T (ROLE_PERM_ID,OBJ_ID,VER_NBR,ROLE_ID,PERM_ID,ACTV_IND) values ('KSARP2013','A43D1C31-5C83-4411-8B14-7BA35C25DB80',1,'KSAR10002','KSAP10013','Y');
Insert into RICE.KRIM_ROLE_PERM_T (ROLE_PERM_ID,OBJ_ID,VER_NBR,ROLE_ID,PERM_ID,ACTV_IND) values ('KSARP3013','7DDEE85D-B483-4AEF-9442-535C14986D1B',1,'KSAR10003','KSAP10013','Y');
Insert into RICE.KRIM_ROLE_PERM_T (ROLE_PERM_ID,OBJ_ID,VER_NBR,ROLE_ID,PERM_ID,ACTV_IND) values ('KSARP4013','225A03C8-F92B-461F-826C-108FA727C244',1,'KSAR10004','KSAP10013','Y');
Insert into RICE.KRIM_ROLE_PERM_T (ROLE_PERM_ID,OBJ_ID,VER_NBR,ROLE_ID,PERM_ID,ACTV_IND) values ('KSARP5013','6F2DC1BA-8634-4BA5-83E8-A35A907B0F91',1,'KSAR10005','KSAP10013','Y');
Insert into RICE.KRIM_ROLE_PERM_T (ROLE_PERM_ID,OBJ_ID,VER_NBR,ROLE_ID,PERM_ID,ACTV_IND) values ('KSARP6013','D98AF52C-48AD-4EF5-ADB6-4F1FDD0F105A',1,'KSAR10006','KSAP10013','Y');
Insert into RICE.KRIM_ROLE_PERM_T (ROLE_PERM_ID,OBJ_ID,VER_NBR,ROLE_ID,PERM_ID,ACTV_IND) values ('KSARP7013','BA3516B8-D2F7-4808-B0E5-A63FCA9443CB',1,'KSAR10007','KSAP10013','Y');
Insert into RICE.KRIM_ROLE_PERM_T (ROLE_PERM_ID,OBJ_ID,VER_NBR,ROLE_ID,PERM_ID,ACTV_IND) values ('KSARP2014','58EA1152-3A22-4401-9F32-6A6CE4666428',1,'KSAR10002','KSAP10014','Y');
Insert into RICE.KRIM_ROLE_PERM_T (ROLE_PERM_ID,OBJ_ID,VER_NBR,ROLE_ID,PERM_ID,ACTV_IND) values ('KSARP3014','E7B5B8ED-584B-4F33-9B3F-BC72599ABFBD',1,'KSAR10003','KSAP10014','Y');
Insert into RICE.KRIM_ROLE_PERM_T (ROLE_PERM_ID,OBJ_ID,VER_NBR,ROLE_ID,PERM_ID,ACTV_IND) values ('KSARP4014','68EAF835-A25E-41C6-9FD0-B1218B978B59',1,'KSAR10004','KSAP10014','Y');
Insert into RICE.KRIM_ROLE_PERM_T (ROLE_PERM_ID,OBJ_ID,VER_NBR,ROLE_ID,PERM_ID,ACTV_IND) values ('KSARP5014','219F665C-2CCA-4112-94D0-06FC10D0965D',1,'KSAR10005','KSAP10014','Y');
Insert into RICE.KRIM_ROLE_PERM_T (ROLE_PERM_ID,OBJ_ID,VER_NBR,ROLE_ID,PERM_ID,ACTV_IND) values ('KSARP6014','C8123227-F213-49ED-AE52-97C26D57CBE1',1,'KSAR10006','KSAP10014','Y');
Insert into RICE.KRIM_ROLE_PERM_T (ROLE_PERM_ID,OBJ_ID,VER_NBR,ROLE_ID,PERM_ID,ACTV_IND) values ('KSARP7014','D45EB58F-C4A6-4C81-B60F-D25F96DD668E',1,'KSAR10007','KSAP10014','Y');
Insert into RICE.KRIM_ROLE_PERM_T (ROLE_PERM_ID,OBJ_ID,VER_NBR,ROLE_ID,PERM_ID,ACTV_IND) values ('KSARP2015','BEE1191D-9D04-4037-9E1B-4770EB15D957',1,'KSAR10002','KSAP10015','Y');
Insert into RICE.KRIM_ROLE_PERM_T (ROLE_PERM_ID,OBJ_ID,VER_NBR,ROLE_ID,PERM_ID,ACTV_IND) values ('KSARP3015','7AB743DB-786C-461C-9911-25CF565C0404',1,'KSAR10003','KSAP10015','Y');
Insert into RICE.KRIM_ROLE_PERM_T (ROLE_PERM_ID,OBJ_ID,VER_NBR,ROLE_ID,PERM_ID,ACTV_IND) values ('KSARP4015','804C52DF-DE28-4D9E-82CE-0C160DC34576',1,'KSAR10004','KSAP10015','Y');
Insert into RICE.KRIM_ROLE_PERM_T (ROLE_PERM_ID,OBJ_ID,VER_NBR,ROLE_ID,PERM_ID,ACTV_IND) values ('KSARP5015','D0754755-5367-42BE-82E4-B7D25FAE3537',1,'KSAR10005','KSAP10015','Y');
Insert into RICE.KRIM_ROLE_PERM_T (ROLE_PERM_ID,OBJ_ID,VER_NBR,ROLE_ID,PERM_ID,ACTV_IND) values ('KSARP6015','91D5E809-3225-4F14-AB97-C2C10DE39BFC',1,'KSAR10006','KSAP10015','Y');
Insert into RICE.KRIM_ROLE_PERM_T (ROLE_PERM_ID,OBJ_ID,VER_NBR,ROLE_ID,PERM_ID,ACTV_IND) values ('KSARP7015','2DF4F5A6-5EAB-4493-86EA-45F4A0B2E7E6',1,'KSAR10007','KSAP10015','Y');
Insert into RICE.KRIM_ROLE_PERM_T (ROLE_PERM_ID,OBJ_ID,VER_NBR,ROLE_ID,PERM_ID,ACTV_IND) values ('KSARP3020','28BB0376-956F-4383-8C1D-A1CDD8F901E6',1,'KSAR10003','KSAP10020','Y');
Insert into RICE.KRIM_ROLE_PERM_T (ROLE_PERM_ID,OBJ_ID,VER_NBR,ROLE_ID,PERM_ID,ACTV_IND) values ('KSARP7020','1DD7A033-C306-4CF9-854B-EFCE6B7158C4',1,'KSAR10007','KSAP10020','Y');
Insert into RICE.KRIM_ROLE_PERM_T (ROLE_PERM_ID,OBJ_ID,VER_NBR,ROLE_ID,PERM_ID,ACTV_IND) values ('KSARP2023','B13ED9E2-62DC-4B9C-95A1-3194CDA6AE05',1,'KSAR10002','KSAP10023','Y');
Insert into RICE.KRIM_ROLE_PERM_T (ROLE_PERM_ID,OBJ_ID,VER_NBR,ROLE_ID,PERM_ID,ACTV_IND) values ('KSARP3023','DA5B38EA-858E-4F6C-8BA9-5BEC080B7333',1,'KSAR10003','KSAP10023','Y');
Insert into RICE.KRIM_ROLE_PERM_T (ROLE_PERM_ID,OBJ_ID,VER_NBR,ROLE_ID,PERM_ID,ACTV_IND) values ('KSARP4023','80D04E18-69CD-4CF1-AA99-3E5391FEA7EC',1,'KSAR10004','KSAP10023','Y');
Insert into RICE.KRIM_ROLE_PERM_T (ROLE_PERM_ID,OBJ_ID,VER_NBR,ROLE_ID,PERM_ID,ACTV_IND) values ('KSARP5023','C405E6A5-3AD7-4C5F-936A-28F2FF3042A7',1,'KSAR10005','KSAP10023','Y');
Insert into RICE.KRIM_ROLE_PERM_T (ROLE_PERM_ID,OBJ_ID,VER_NBR,ROLE_ID,PERM_ID,ACTV_IND) values ('KSARP6023','490BC044-1EBC-4D7F-BE1C-9AE84C0338FE',1,'KSAR10006','KSAP10023','Y');
Insert into RICE.KRIM_ROLE_PERM_T (ROLE_PERM_ID,OBJ_ID,VER_NBR,ROLE_ID,PERM_ID,ACTV_IND) values ('KSARP7023','B8CA36FB-DB18-473D-8DDB-2FAE6DF20E49',1,'KSAR10007','KSAP10023','Y');
Insert into RICE.KRIM_ROLE_PERM_T (ROLE_PERM_ID,OBJ_ID,VER_NBR,ROLE_ID,PERM_ID,ACTV_IND) values ('KSARP1024','B55E1115-98B6-449C-AB61-344E978CDDB3',1,'KSAR10001','KSAP10024','Y');
Insert into RICE.KRIM_ROLE_PERM_T (ROLE_PERM_ID,OBJ_ID,VER_NBR,ROLE_ID,PERM_ID,ACTV_IND) values ('KSARP2024','C55567D2-7315-4267-AC1D-EBE89292E702',1,'KSAR10002','KSAP10024','Y');
Insert into RICE.KRIM_ROLE_PERM_T (ROLE_PERM_ID,OBJ_ID,VER_NBR,ROLE_ID,PERM_ID,ACTV_IND) values ('KSARP3024','BF46915A-2453-400A-A2A7-4ED82B6BADCA',1,'KSAR10003','KSAP10024','Y');
Insert into RICE.KRIM_ROLE_PERM_T (ROLE_PERM_ID,OBJ_ID,VER_NBR,ROLE_ID,PERM_ID,ACTV_IND) values ('KSARP4024','49B499EB-2CF8-4817-BAF4-5A6ED5D42021',1,'KSAR10004','KSAP10024','Y');
Insert into RICE.KRIM_ROLE_PERM_T (ROLE_PERM_ID,OBJ_ID,VER_NBR,ROLE_ID,PERM_ID,ACTV_IND) values ('KSARP5024','22FB459D-B5EB-4D61-ADCD-2E19E55F1B9C',1,'KSAR10005','KSAP10024','Y');
Insert into RICE.KRIM_ROLE_PERM_T (ROLE_PERM_ID,OBJ_ID,VER_NBR,ROLE_ID,PERM_ID,ACTV_IND) values ('KSARP6024','F9ED5BFE-C30D-4D2B-BD03-1DA74E7E4D24',1,'KSAR10006','KSAP10024','Y');
Insert into RICE.KRIM_ROLE_PERM_T (ROLE_PERM_ID,OBJ_ID,VER_NBR,ROLE_ID,PERM_ID,ACTV_IND) values ('KSARP7024','2437753F-8A35-48E3-BE3A-D3B157C2B9CE',1,'KSAR10007','KSAP10024','Y');
Insert into RICE.KRIM_ROLE_PERM_T (ROLE_PERM_ID,OBJ_ID,VER_NBR,ROLE_ID,PERM_ID,ACTV_IND) values ('KSARP3025','71967A52-4CAF-4D14-8069-63CB7846D9A4',1,'KSAR10003','KSAP10025','Y');
Insert into RICE.KRIM_ROLE_PERM_T (ROLE_PERM_ID,OBJ_ID,VER_NBR,ROLE_ID,PERM_ID,ACTV_IND) values ('KSARP7025','5B6ADBFA-E775-4717-B3A0-38DDEC8D765F',1,'KSAR10007','KSAP10025','Y');
Insert into RICE.KRIM_ROLE_PERM_T (ROLE_PERM_ID,OBJ_ID,VER_NBR,ROLE_ID,PERM_ID,ACTV_IND) values ('KSARP3026','3C80ECB7-BD08-4303-9514-A787712FAD7C',1,'KSAR10003','KSAP10026','Y');
Insert into RICE.KRIM_ROLE_PERM_T (ROLE_PERM_ID,OBJ_ID,VER_NBR,ROLE_ID,PERM_ID,ACTV_IND) values ('KSARP4026','BDF705AA-0CE0-42F4-BD89-F378467FEE33',1,'KSAR10004','KSAP10026','Y');
Insert into RICE.KRIM_ROLE_PERM_T (ROLE_PERM_ID,OBJ_ID,VER_NBR,ROLE_ID,PERM_ID,ACTV_IND) values ('KSARP5026','F5237E8E-6511-4EAF-9767-1682C33785C1',1,'KSAR10005','KSAP10026','Y');
Insert into RICE.KRIM_ROLE_PERM_T (ROLE_PERM_ID,OBJ_ID,VER_NBR,ROLE_ID,PERM_ID,ACTV_IND) values ('KSARP6026','FE5A8909-74A2-47F4-A49C-508B9E3D7BDF',1,'KSAR10006','KSAP10026','Y');
Insert into RICE.KRIM_ROLE_PERM_T (ROLE_PERM_ID,OBJ_ID,VER_NBR,ROLE_ID,PERM_ID,ACTV_IND) values ('KSARP7026','2ADA26E9-AF45-4C89-B6AF-9188A4AD7D0F',1,'KSAR10007','KSAP10026','Y');
Insert into RICE.KRIM_ROLE_PERM_T (ROLE_PERM_ID,OBJ_ID,VER_NBR,ROLE_ID,PERM_ID,ACTV_IND) values ('KSARP3027','3C570668-5026-4E24-8B61-3A7722FEE15A',1,'KSAR10003','KSAP10027','Y');
Insert into RICE.KRIM_ROLE_PERM_T (ROLE_PERM_ID,OBJ_ID,VER_NBR,ROLE_ID,PERM_ID,ACTV_IND) values ('KSARP7027','6E673AAC-54F8-4BE8-9074-FDE8D4B83219',1,'KSAR10007','KSAP10027','Y');
Insert into RICE.KRIM_ROLE_PERM_T (ROLE_PERM_ID,OBJ_ID,VER_NBR,ROLE_ID,PERM_ID,ACTV_IND) values ('KSARP3028','2AA99B40-1C0B-4ED4-9AC3-C0B6AE2076EB',1,'KSAR10003','KSAP10028','Y');
Insert into RICE.KRIM_ROLE_PERM_T (ROLE_PERM_ID,OBJ_ID,VER_NBR,ROLE_ID,PERM_ID,ACTV_IND) values ('KSARP7028','14B9204B-11A1-480D-948C-80035C782985',1,'KSAR10007','KSAP10028','Y');
Insert into RICE.KRIM_ROLE_PERM_T (ROLE_PERM_ID,OBJ_ID,VER_NBR,ROLE_ID,PERM_ID,ACTV_IND) values ('KSARP3029','D62C4419-7686-4D64-A807-5FF9DCE661DB',1,'KSAR10003','KSAP10029','Y');
Insert into RICE.KRIM_ROLE_PERM_T (ROLE_PERM_ID,OBJ_ID,VER_NBR,ROLE_ID,PERM_ID,ACTV_IND) values ('KSARP7029','18AAD124-1147-4B6C-9B17-0151BFE81FA0',1,'KSAR10007','KSAP10029','Y');
Insert into RICE.KRIM_ROLE_PERM_T (ROLE_PERM_ID,OBJ_ID,VER_NBR,ROLE_ID,PERM_ID,ACTV_IND) values ('KSARP3030','2363CEDD-1745-44C7-90F6-53052D3B97D1',1,'KSAR10003','KSAP10030','Y');
Insert into RICE.KRIM_ROLE_PERM_T (ROLE_PERM_ID,OBJ_ID,VER_NBR,ROLE_ID,PERM_ID,ACTV_IND) values ('KSARP7030','8842FDEA-6EDC-4D10-929E-F9135B9C7AE9',1,'KSAR10007','KSAP10030','Y');
Insert into RICE.KRIM_ROLE_PERM_T (ROLE_PERM_ID,OBJ_ID,VER_NBR,ROLE_ID,PERM_ID,ACTV_IND) values ('KSARP3031','92F8690C-9F70-450B-A7A2-04BFFACD8780',1,'KSAR10003','KSAP10031','Y');
Insert into RICE.KRIM_ROLE_PERM_T (ROLE_PERM_ID,OBJ_ID,VER_NBR,ROLE_ID,PERM_ID,ACTV_IND) values ('KSARP7031','4116F3A5-73BE-483B-9B31-21704491BCD9',1,'KSAR10007','KSAP10031','Y');
Insert into RICE.KRIM_ROLE_PERM_T (ROLE_PERM_ID,OBJ_ID,VER_NBR,ROLE_ID,PERM_ID,ACTV_IND) values ('KSARP3032','43978C4C-4DB8-4DE5-B68A-2914E3234704',1,'KSAR10003','KSAP10032','Y');
Insert into RICE.KRIM_ROLE_PERM_T (ROLE_PERM_ID,OBJ_ID,VER_NBR,ROLE_ID,PERM_ID,ACTV_IND) values ('KSARP7032','C707E740-65B7-46DD-A2B6-4ECC782CC9EF',1,'KSAR10007','KSAP10032','Y');
Insert into RICE.KRIM_ROLE_PERM_T (ROLE_PERM_ID,OBJ_ID,VER_NBR,ROLE_ID,PERM_ID,ACTV_IND) values ('KSARP1033','0C25E2D4-9FDF-4BF5-9E12-5F9B0D80F2C6',1,'KSAR10001','KSAP10033','Y');
Insert into RICE.KRIM_ROLE_PERM_T (ROLE_PERM_ID,OBJ_ID,VER_NBR,ROLE_ID,PERM_ID,ACTV_IND) values ('KSARP2033','F33E6E47-7644-4996-8C2B-DB96F2150366',1,'KSAR10002','KSAP10033','Y');
Insert into RICE.KRIM_ROLE_PERM_T (ROLE_PERM_ID,OBJ_ID,VER_NBR,ROLE_ID,PERM_ID,ACTV_IND) values ('KSARP3033','E905EB6C-A5C9-4479-AEBE-76A203E8AE2B',1,'KSAR10003','KSAP10033','Y');
Insert into RICE.KRIM_ROLE_PERM_T (ROLE_PERM_ID,OBJ_ID,VER_NBR,ROLE_ID,PERM_ID,ACTV_IND) values ('KSARP4033','CB742301-48B8-4427-800E-1174CBAE1CB5',1,'KSAR10004','KSAP10033','Y');
Insert into RICE.KRIM_ROLE_PERM_T (ROLE_PERM_ID,OBJ_ID,VER_NBR,ROLE_ID,PERM_ID,ACTV_IND) values ('KSARP5033','CC1A89F9-EC57-4321-9079-C29B24890B09',1,'KSAR10005','KSAP10033','Y');
Insert into RICE.KRIM_ROLE_PERM_T (ROLE_PERM_ID,OBJ_ID,VER_NBR,ROLE_ID,PERM_ID,ACTV_IND) values ('KSARP6033','41DD6C90-E054-4B31-8397-4EA81992DA86',1,'KSAR10006','KSAP10033','Y');
Insert into RICE.KRIM_ROLE_PERM_T (ROLE_PERM_ID,OBJ_ID,VER_NBR,ROLE_ID,PERM_ID,ACTV_IND) values ('KSARP7033','A2D85BCE-49B4-4A26-ACF4-5092C8854AF3',1,'KSAR10007','KSAP10033','Y');
Insert into RICE.KRIM_ROLE_PERM_T (ROLE_PERM_ID,OBJ_ID,VER_NBR,ROLE_ID,PERM_ID,ACTV_IND) values ('KSARP2035','617FCDC6-EAB9-4332-9C52-5DDDBA01E61F',1,'KSAR10002','KSAP10035','Y');
Insert into RICE.KRIM_ROLE_PERM_T (ROLE_PERM_ID,OBJ_ID,VER_NBR,ROLE_ID,PERM_ID,ACTV_IND) values ('KSARP3035','32FD00E0-CF07-4859-BD25-7F4A9A63D0F2',1,'KSAR10003','KSAP10035','Y');
Insert into RICE.KRIM_ROLE_PERM_T (ROLE_PERM_ID,OBJ_ID,VER_NBR,ROLE_ID,PERM_ID,ACTV_IND) values ('KSARP4035','00BCAC53-5755-437C-BFB2-CDC89B55E503',1,'KSAR10004','KSAP10035','Y');
Insert into RICE.KRIM_ROLE_PERM_T (ROLE_PERM_ID,OBJ_ID,VER_NBR,ROLE_ID,PERM_ID,ACTV_IND) values ('KSARP5035','7875273D-37EA-442C-AE41-66528271B38A',1,'KSAR10005','KSAP10035','Y');
Insert into RICE.KRIM_ROLE_PERM_T (ROLE_PERM_ID,OBJ_ID,VER_NBR,ROLE_ID,PERM_ID,ACTV_IND) values ('KSARP6035','C29396A5-AAEA-4707-B6DA-E8F336541300',1,'KSAR10006','KSAP10035','Y');
Insert into RICE.KRIM_ROLE_PERM_T (ROLE_PERM_ID,OBJ_ID,VER_NBR,ROLE_ID,PERM_ID,ACTV_IND) values ('KSARP7035','4D61288C-D994-4149-8652-2C1C9B91C1E4',1,'KSAR10007','KSAP10035','Y');
Insert into RICE.KRIM_ROLE_PERM_T (ROLE_PERM_ID,OBJ_ID,VER_NBR,ROLE_ID,PERM_ID,ACTV_IND) values ('KSARP2036','9BB2A37E-2D3A-4ACD-A975-F485A4C173BF',1,'KSAR10002','KSAP10036','Y');
Insert into RICE.KRIM_ROLE_PERM_T (ROLE_PERM_ID,OBJ_ID,VER_NBR,ROLE_ID,PERM_ID,ACTV_IND) values ('KSARP3036','D3219515-1752-4823-8F6F-DCAE4FE43E9C',1,'KSAR10003','KSAP10036','Y');
Insert into RICE.KRIM_ROLE_PERM_T (ROLE_PERM_ID,OBJ_ID,VER_NBR,ROLE_ID,PERM_ID,ACTV_IND) values ('KSARP4036','E8CE333A-BBA4-4AC0-A408-364D14B12590',1,'KSAR10004','KSAP10036','Y');
Insert into RICE.KRIM_ROLE_PERM_T (ROLE_PERM_ID,OBJ_ID,VER_NBR,ROLE_ID,PERM_ID,ACTV_IND) values ('KSARP5036','76E708D5-8C20-45F4-ADFA-E7FC6C0E9F0E',1,'KSAR10005','KSAP10036','Y');
Insert into RICE.KRIM_ROLE_PERM_T (ROLE_PERM_ID,OBJ_ID,VER_NBR,ROLE_ID,PERM_ID,ACTV_IND) values ('KSARP6036','CFF91A65-FF45-4D22-B3C1-DD35507A25F5',1,'KSAR10006','KSAP10036','Y');
Insert into RICE.KRIM_ROLE_PERM_T (ROLE_PERM_ID,OBJ_ID,VER_NBR,ROLE_ID,PERM_ID,ACTV_IND) values ('KSARP7036','352AB7E7-AAA3-48E5-8581-F62237E1E9C9',1,'KSAR10007','KSAP10036','Y');
Insert into RICE.KRIM_ROLE_PERM_T (ROLE_PERM_ID,OBJ_ID,VER_NBR,ROLE_ID,PERM_ID,ACTV_IND) values ('KSARP3037','0653B7EC-2AE3-45EB-8511-F1B9310E8A8A',1,'KSAR10003','KSAP10037','Y');
Insert into RICE.KRIM_ROLE_PERM_T (ROLE_PERM_ID,OBJ_ID,VER_NBR,ROLE_ID,PERM_ID,ACTV_IND) values ('KSARP5037','59B90A58-BD8E-46DC-B41E-EE50D306E2B5',1,'KSAR10005','KSAP10037','Y');
Insert into RICE.KRIM_ROLE_PERM_T (ROLE_PERM_ID,OBJ_ID,VER_NBR,ROLE_ID,PERM_ID,ACTV_IND) values ('KSARP7037','719FA633-6BCC-47CE-A405-73A96D855227',1,'KSAR10007','KSAP10037','Y');
Insert into RICE.KRIM_ROLE_PERM_T (ROLE_PERM_ID,OBJ_ID,VER_NBR,ROLE_ID,PERM_ID,ACTV_IND) values ('KSARP1038','3ECBD33F-4638-4906-A538-0E0CD907F7D4',1,'KSAR10001','KSAP10038','Y');
Insert into RICE.KRIM_ROLE_PERM_T (ROLE_PERM_ID,OBJ_ID,VER_NBR,ROLE_ID,PERM_ID,ACTV_IND) values ('KSARP2038','4E0C071F-85E3-4BD3-8EA2-6279183E4BAA',1,'KSAR10002','KSAP10038','Y');
Insert into RICE.KRIM_ROLE_PERM_T (ROLE_PERM_ID,OBJ_ID,VER_NBR,ROLE_ID,PERM_ID,ACTV_IND) values ('KSARP3038','CC97AEB1-F98E-49A0-A745-2AC708BBAB73',1,'KSAR10003','KSAP10038','Y');
Insert into RICE.KRIM_ROLE_PERM_T (ROLE_PERM_ID,OBJ_ID,VER_NBR,ROLE_ID,PERM_ID,ACTV_IND) values ('KSARP4038','B1B41385-9B42-48BF-8BF4-24016F342A69',1,'KSAR10004','KSAP10038','Y');
Insert into RICE.KRIM_ROLE_PERM_T (ROLE_PERM_ID,OBJ_ID,VER_NBR,ROLE_ID,PERM_ID,ACTV_IND) values ('KSARP5038','4C581F02-0480-4099-A195-20A7E94001D0',1,'KSAR10005','KSAP10038','Y');
Insert into RICE.KRIM_ROLE_PERM_T (ROLE_PERM_ID,OBJ_ID,VER_NBR,ROLE_ID,PERM_ID,ACTV_IND) values ('KSARP6038','6614A45E-4D25-4E4A-BC11-0B95FB7DE549',1,'KSAR10006','KSAP10038','Y');
Insert into RICE.KRIM_ROLE_PERM_T (ROLE_PERM_ID,OBJ_ID,VER_NBR,ROLE_ID,PERM_ID,ACTV_IND) values ('KSARP7038','C471C768-0F6A-4B33-88D0-F091C0007474',1,'KSAR10007','KSAP10038','Y');
Insert into RICE.KRIM_ROLE_PERM_T (ROLE_PERM_ID,OBJ_ID,VER_NBR,ROLE_ID,PERM_ID,ACTV_IND) values ('KSARP1039','54EEEE9A-C2D6-42FA-B2A5-90D81B7F9C28',1,'KSAR10001','KSAP10039','Y');
Insert into RICE.KRIM_ROLE_PERM_T (ROLE_PERM_ID,OBJ_ID,VER_NBR,ROLE_ID,PERM_ID,ACTV_IND) values ('KSARP3039','7BB3372F-8A99-4F5B-A65E-B914BD293ACC',1,'KSAR10003','KSAP10039','Y');
Insert into RICE.KRIM_ROLE_PERM_T (ROLE_PERM_ID,OBJ_ID,VER_NBR,ROLE_ID,PERM_ID,ACTV_IND) values ('KSARP3041','6A7A4B67-099B-47EF-AC00-C67E652CCD0B',1,'KSAR10003','KSAP10041','Y');
Insert into RICE.KRIM_ROLE_PERM_T (ROLE_PERM_ID,OBJ_ID,VER_NBR,ROLE_ID,PERM_ID,ACTV_IND) values ('KSARP5041','9C91B054-02E3-4BB9-B287-515843FC1EC6',1,'KSAR10005','KSAP10041','Y');
Insert into RICE.KRIM_ROLE_PERM_T (ROLE_PERM_ID,OBJ_ID,VER_NBR,ROLE_ID,PERM_ID,ACTV_IND) values ('KSARP6041','999084F3-8F3C-4689-878B-CEAA260AA4B7',1,'KSAR10006','KSAP10041','Y');
Insert into RICE.KRIM_ROLE_PERM_T (ROLE_PERM_ID,OBJ_ID,VER_NBR,ROLE_ID,PERM_ID,ACTV_IND) values ('KSARP7041','92CEB68E-3444-40BF-9874-C66BAF9B0213',1,'KSAR10007','KSAP10041','Y');
Insert into RICE.KRIM_ROLE_PERM_T (ROLE_PERM_ID,OBJ_ID,VER_NBR,ROLE_ID,PERM_ID,ACTV_IND) values ('KSARP1044','0D418C99-463C-4D5C-B767-512FFCEE96DA',1,'KSAR10001','KSAP10044','Y');
Insert into RICE.KRIM_ROLE_PERM_T (ROLE_PERM_ID,OBJ_ID,VER_NBR,ROLE_ID,PERM_ID,ACTV_IND) values ('KSARP3044','6DEB9D33-0C55-4C99-A306-CA531DC790E9',1,'KSAR10003','KSAP10044','Y');
Insert into RICE.KRIM_ROLE_PERM_T (ROLE_PERM_ID,OBJ_ID,VER_NBR,ROLE_ID,PERM_ID,ACTV_IND) values ('KSARP7044','F7F6DD1C-6C41-4BCF-89B7-23A3D0DA5853',1,'KSAR10007','KSAP10044','Y');
Insert into RICE.KRIM_ROLE_PERM_T (ROLE_PERM_ID,OBJ_ID,VER_NBR,ROLE_ID,PERM_ID,ACTV_IND) values ('KSARP1045','CA0D7ADC-B643-4575-A77E-128035F910B6',1,'KSAR10001','KSAP10045','Y');
Insert into RICE.KRIM_ROLE_PERM_T (ROLE_PERM_ID,OBJ_ID,VER_NBR,ROLE_ID,PERM_ID,ACTV_IND) values ('KSARP2045','5824EB23-2A08-4459-B4B0-60C1BD109044',1,'KSAR10002','KSAP10045','Y');
Insert into RICE.KRIM_ROLE_PERM_T (ROLE_PERM_ID,OBJ_ID,VER_NBR,ROLE_ID,PERM_ID,ACTV_IND) values ('KSARP3045','0C03C64A-937D-41B1-AB3D-0BF4E090DDF8',1,'KSAR10003','KSAP10045','Y');
Insert into RICE.KRIM_ROLE_PERM_T (ROLE_PERM_ID,OBJ_ID,VER_NBR,ROLE_ID,PERM_ID,ACTV_IND) values ('KSARP4045','24450416-8676-404E-96B6-91F6E8A81DE5',1,'KSAR10004','KSAP10045','Y');
Insert into RICE.KRIM_ROLE_PERM_T (ROLE_PERM_ID,OBJ_ID,VER_NBR,ROLE_ID,PERM_ID,ACTV_IND) values ('KSARP5045','12079616-6DF6-4DA0-A819-75A035B97862',1,'KSAR10005','KSAP10045','Y');
Insert into RICE.KRIM_ROLE_PERM_T (ROLE_PERM_ID,OBJ_ID,VER_NBR,ROLE_ID,PERM_ID,ACTV_IND) values ('KSARP6045','A7A7A2DC-BD0F-4791-A0B2-70C5C9B9130D',1,'KSAR10006','KSAP10045','Y');
Insert into RICE.KRIM_ROLE_PERM_T (ROLE_PERM_ID,OBJ_ID,VER_NBR,ROLE_ID,PERM_ID,ACTV_IND) values ('KSARP7045','72E43CB6-A7CE-47AE-9809-504AE6506495',1,'KSAR10007','KSAP10045','Y');
Insert into RICE.KRIM_ROLE_PERM_T (ROLE_PERM_ID,OBJ_ID,VER_NBR,ROLE_ID,PERM_ID,ACTV_IND) values ('KSARP3046','C8A2770A-62C1-44C3-9D62-6541686FD6ED',1,'KSAR10003','KSAP10046','Y');
Insert into RICE.KRIM_ROLE_PERM_T (ROLE_PERM_ID,OBJ_ID,VER_NBR,ROLE_ID,PERM_ID,ACTV_IND) values ('KSARP1047','09708B36-8EEF-4A4C-8259-898F2C5CAB4C',1,'KSAR10001','KSAP10047','Y');
Insert into RICE.KRIM_ROLE_PERM_T (ROLE_PERM_ID,OBJ_ID,VER_NBR,ROLE_ID,PERM_ID,ACTV_IND) values ('KSARP3047','C479F009-B80B-4DAF-BB77-43EFDBAA3B26',1,'KSAR10003','KSAP10047','Y');
Insert into RICE.KRIM_ROLE_PERM_T (ROLE_PERM_ID,OBJ_ID,VER_NBR,ROLE_ID,PERM_ID,ACTV_IND) values ('KSARP7047','55226DD9-27E1-405E-8C13-7D6E2B4CEC32',1,'KSAR10007','KSAP10047','Y');
Insert into RICE.KRIM_ROLE_PERM_T (ROLE_PERM_ID,OBJ_ID,VER_NBR,ROLE_ID,PERM_ID,ACTV_IND) values ('KSARP1048','37EC0ED9-91CF-424E-8B27-A5604D270F90',1,'KSAR10001','KSAP10048','Y');
Insert into RICE.KRIM_ROLE_PERM_T (ROLE_PERM_ID,OBJ_ID,VER_NBR,ROLE_ID,PERM_ID,ACTV_IND) values ('KSARP3048','92D61A6D-A5BF-4903-8764-8D01D77FA7C6',1,'KSAR10003','KSAP10048','Y');
Insert into RICE.KRIM_ROLE_PERM_T (ROLE_PERM_ID,OBJ_ID,VER_NBR,ROLE_ID,PERM_ID,ACTV_IND) values ('KSARP1049','1D064609-5885-423D-9BAB-A662B1B95CB2',1,'KSAR10001','KSAP10049','Y');
Insert into RICE.KRIM_ROLE_PERM_T (ROLE_PERM_ID,OBJ_ID,VER_NBR,ROLE_ID,PERM_ID,ACTV_IND) values ('KSARP3049','3497F8DB-8EB2-4ED6-9118-8FAAD9183E7E',1,'KSAR10003','KSAP10049','Y');
Insert into RICE.KRIM_ROLE_PERM_T (ROLE_PERM_ID,OBJ_ID,VER_NBR,ROLE_ID,PERM_ID,ACTV_IND) values ('KSARP2055','E5CC7DFC-0D3B-4380-9570-0530A6FE8B8E',1,'KSAR10002','KSAP10055','Y');
Insert into RICE.KRIM_ROLE_PERM_T (ROLE_PERM_ID,OBJ_ID,VER_NBR,ROLE_ID,PERM_ID,ACTV_IND) values ('KSARP3055','F2B89A5B-00BD-4B1A-9248-D6314568E727',1,'KSAR10003','KSAP10055','Y');
Insert into RICE.KRIM_ROLE_PERM_T (ROLE_PERM_ID,OBJ_ID,VER_NBR,ROLE_ID,PERM_ID,ACTV_IND) values ('KSARP4055','77FC8884-D62F-4FF9-B122-BEC251FE9E5A',1,'KSAR10004','KSAP10055','Y');
Insert into RICE.KRIM_ROLE_PERM_T (ROLE_PERM_ID,OBJ_ID,VER_NBR,ROLE_ID,PERM_ID,ACTV_IND) values ('KSARP5055','3499DC02-9111-466E-8A8C-5C1E4029A7C0',1,'KSAR10005','KSAP10055','Y');
Insert into RICE.KRIM_ROLE_PERM_T (ROLE_PERM_ID,OBJ_ID,VER_NBR,ROLE_ID,PERM_ID,ACTV_IND) values ('KSARP6055','77BC24B5-932C-4028-A58B-2131E04B4C99',1,'KSAR10006','KSAP10055','Y');
Insert into RICE.KRIM_ROLE_PERM_T (ROLE_PERM_ID,OBJ_ID,VER_NBR,ROLE_ID,PERM_ID,ACTV_IND) values ('KSARP7055','48BBFAD7-94C0-41F0-81F5-4FF0A8AB33DE',1,'KSAR10007','KSAP10055','Y');
Insert into RICE.KRIM_ROLE_PERM_T (ROLE_PERM_ID,OBJ_ID,VER_NBR,ROLE_ID,PERM_ID,ACTV_IND) values ('KSARP2056','78016C7A-B501-4AC2-977B-CF118F38D985',1,'KSAR10002','KSAP10056','Y');
Insert into RICE.KRIM_ROLE_PERM_T (ROLE_PERM_ID,OBJ_ID,VER_NBR,ROLE_ID,PERM_ID,ACTV_IND) values ('KSARP3056','8E76E7E4-225F-4471-9EF2-F33C22AD00E4',1,'KSAR10003','KSAP10056','Y');
Insert into RICE.KRIM_ROLE_PERM_T (ROLE_PERM_ID,OBJ_ID,VER_NBR,ROLE_ID,PERM_ID,ACTV_IND) values ('KSARP4056','45D5F1C2-243C-4703-BD98-ADCDD45BFA1E',1,'KSAR10004','KSAP10056','Y');
Insert into RICE.KRIM_ROLE_PERM_T (ROLE_PERM_ID,OBJ_ID,VER_NBR,ROLE_ID,PERM_ID,ACTV_IND) values ('KSARP5056','3AF9AEC8-D562-4B7C-AF4E-A53A35583719',1,'KSAR10005','KSAP10056','Y');
Insert into RICE.KRIM_ROLE_PERM_T (ROLE_PERM_ID,OBJ_ID,VER_NBR,ROLE_ID,PERM_ID,ACTV_IND) values ('KSARP6056','409ACC3F-C8F2-424A-B107-83DFE39FBEA7',1,'KSAR10006','KSAP10056','Y');
Insert into RICE.KRIM_ROLE_PERM_T (ROLE_PERM_ID,OBJ_ID,VER_NBR,ROLE_ID,PERM_ID,ACTV_IND) values ('KSARP7056','17EC44CE-65B5-46AB-B654-99D1A605F512',1,'KSAR10007','KSAP10056','Y');
Insert into RICE.KRIM_ROLE_PERM_T (ROLE_PERM_ID,OBJ_ID,VER_NBR,ROLE_ID,PERM_ID,ACTV_IND) values ('KSARP2057','2D490BD6-1254-469A-8BDA-DAEEA9FB5016',1,'KSAR10002','KSAP10057','Y');
Insert into RICE.KRIM_ROLE_PERM_T (ROLE_PERM_ID,OBJ_ID,VER_NBR,ROLE_ID,PERM_ID,ACTV_IND) values ('KSARP3057','18469B53-0A2E-4C58-A7BF-A21A3E28D01D',1,'KSAR10003','KSAP10057','Y');
Insert into RICE.KRIM_ROLE_PERM_T (ROLE_PERM_ID,OBJ_ID,VER_NBR,ROLE_ID,PERM_ID,ACTV_IND) values ('KSARP5057','A57C78F6-54FE-42DF-9FA8-4309DC998830',1,'KSAR10005','KSAP10057','Y');
Insert into RICE.KRIM_ROLE_PERM_T (ROLE_PERM_ID,OBJ_ID,VER_NBR,ROLE_ID,PERM_ID,ACTV_IND) values ('KSARP7057','79A45911-8F1A-4449-A1FE-213BAC180C1F',1,'KSAR10007','KSAP10057','Y');
Insert into RICE.KRIM_ROLE_PERM_T (ROLE_PERM_ID,OBJ_ID,VER_NBR,ROLE_ID,PERM_ID,ACTV_IND) values ('KSARP2065','768C44E3-F492-4800-92E0-0B92E8EA5DE2',1,'KSAR10002','KSAP10065','Y');
Insert into RICE.KRIM_ROLE_PERM_T (ROLE_PERM_ID,OBJ_ID,VER_NBR,ROLE_ID,PERM_ID,ACTV_IND) values ('KSARP3065','97C47D15-B3C9-4A4C-8F34-EDA197C5A828',1,'KSAR10003','KSAP10065','Y');
Insert into RICE.KRIM_ROLE_PERM_T (ROLE_PERM_ID,OBJ_ID,VER_NBR,ROLE_ID,PERM_ID,ACTV_IND) values ('KSARP4065','8F0AF87C-0FC5-4F8E-A241-8C92584A553D',1,'KSAR10004','KSAP10065','Y');
Insert into RICE.KRIM_ROLE_PERM_T (ROLE_PERM_ID,OBJ_ID,VER_NBR,ROLE_ID,PERM_ID,ACTV_IND) values ('KSARP5065','D730DC33-A8F7-4C89-B0F1-D72439C5D9A0',1,'KSAR10005','KSAP10065','Y');
Insert into RICE.KRIM_ROLE_PERM_T (ROLE_PERM_ID,OBJ_ID,VER_NBR,ROLE_ID,PERM_ID,ACTV_IND) values ('KSARP6065','F5287EA9-328C-4EB3-A530-A0AACD53428B',1,'KSAR10006','KSAP10065','Y');
Insert into RICE.KRIM_ROLE_PERM_T (ROLE_PERM_ID,OBJ_ID,VER_NBR,ROLE_ID,PERM_ID,ACTV_IND) values ('KSARP7065','2C86C53C-1000-4678-882D-A90B27767652',1,'KSAR10007','KSAP10065','Y');
Insert into RICE.KRIM_ROLE_PERM_T (ROLE_PERM_ID,OBJ_ID,VER_NBR,ROLE_ID,PERM_ID,ACTV_IND) values ('KSARP2066','3B17E6CE-A459-42FF-A417-998D654220D5',1,'KSAR10002','KSAP10066','Y');
Insert into RICE.KRIM_ROLE_PERM_T (ROLE_PERM_ID,OBJ_ID,VER_NBR,ROLE_ID,PERM_ID,ACTV_IND) values ('KSARP3066','272D0DE6-3795-444B-9BF9-C628959C6B13',1,'KSAR10003','KSAP10066','Y');
Insert into RICE.KRIM_ROLE_PERM_T (ROLE_PERM_ID,OBJ_ID,VER_NBR,ROLE_ID,PERM_ID,ACTV_IND) values ('KSARP4066','DB4B4D01-A956-448F-B09B-A2264FE2FBDA',1,'KSAR10004','KSAP10066','Y');
Insert into RICE.KRIM_ROLE_PERM_T (ROLE_PERM_ID,OBJ_ID,VER_NBR,ROLE_ID,PERM_ID,ACTV_IND) values ('KSARP5066','D7AA920F-1E15-4B2E-B3D6-F77300C67C0B',1,'KSAR10005','KSAP10066','Y');
Insert into RICE.KRIM_ROLE_PERM_T (ROLE_PERM_ID,OBJ_ID,VER_NBR,ROLE_ID,PERM_ID,ACTV_IND) values ('KSARP6066','D779AD2A-C8C2-4C6F-91B9-291EF20C53C1',1,'KSAR10006','KSAP10066','Y');
Insert into RICE.KRIM_ROLE_PERM_T (ROLE_PERM_ID,OBJ_ID,VER_NBR,ROLE_ID,PERM_ID,ACTV_IND) values ('KSARP7066','A5880C73-97E8-4AC7-AF28-8CB5ABAB1200',1,'KSAR10007','KSAP10066','Y');
Insert into RICE.KRIM_ROLE_PERM_T (ROLE_PERM_ID,OBJ_ID,VER_NBR,ROLE_ID,PERM_ID,ACTV_IND) values ('KSARP2067','046D4902-554B-4C95-A7DF-BEE1CDC66F9B',1,'KSAR10002','KSAP10067','Y');
Insert into RICE.KRIM_ROLE_PERM_T (ROLE_PERM_ID,OBJ_ID,VER_NBR,ROLE_ID,PERM_ID,ACTV_IND) values ('KSARP3067','1F1C9980-44D4-43D3-B997-5B2935D51317',1,'KSAR10003','KSAP10067','Y');
Insert into RICE.KRIM_ROLE_PERM_T (ROLE_PERM_ID,OBJ_ID,VER_NBR,ROLE_ID,PERM_ID,ACTV_IND) values ('KSARP5067','9ED2C536-5214-45F1-9037-79B31EAC0298',1,'KSAR10005','KSAP10067','Y');
Insert into RICE.KRIM_ROLE_PERM_T (ROLE_PERM_ID,OBJ_ID,VER_NBR,ROLE_ID,PERM_ID,ACTV_IND) values ('KSARP7067','723C0FFF-8192-49C1-8A0C-9500996ECB75',1,'KSAR10007','KSAP10067','Y');
Insert into RICE.KRIM_ROLE_PERM_T (ROLE_PERM_ID,OBJ_ID,VER_NBR,ROLE_ID,PERM_ID,ACTV_IND) values ('KSARP1069','94888AC8-13E3-4D8F-8563-1AB1405DB1B6',1,'KSAR10001','KSAP10069','Y');
Insert into RICE.KRIM_ROLE_PERM_T (ROLE_PERM_ID,OBJ_ID,VER_NBR,ROLE_ID,PERM_ID,ACTV_IND) values ('KSARP3069','1AE7D4D3-7158-48DD-B8C6-E4AD67DC64AB',1,'KSAR10003','KSAP10069','Y');
Insert into RICE.KRIM_ROLE_PERM_T (ROLE_PERM_ID,OBJ_ID,VER_NBR,ROLE_ID,PERM_ID,ACTV_IND) values ('KSARP7069','CF5BCEBB-3F4C-413B-A0FD-0ED82D745FB0',1,'KSAR10007','KSAP10069','Y');
Insert into RICE.KRIM_ROLE_PERM_T (ROLE_PERM_ID,OBJ_ID,VER_NBR,ROLE_ID,PERM_ID,ACTV_IND) values ('KSARP2070','3378E860-FBBD-4F28-A461-CB471567C482',1,'KSAR10002','KSAP10070','Y');
Insert into RICE.KRIM_ROLE_PERM_T (ROLE_PERM_ID,OBJ_ID,VER_NBR,ROLE_ID,PERM_ID,ACTV_IND) values ('KSARP3070','3D242BC4-6DB0-4F68-ACC6-71B432517998',1,'KSAR10003','KSAP10070','Y');
Insert into RICE.KRIM_ROLE_PERM_T (ROLE_PERM_ID,OBJ_ID,VER_NBR,ROLE_ID,PERM_ID,ACTV_IND) values ('KSARP4070','7BB92E1B-EBD0-4599-B9D4-6730E33E659B',1,'KSAR10004','KSAP10070','Y');
Insert into RICE.KRIM_ROLE_PERM_T (ROLE_PERM_ID,OBJ_ID,VER_NBR,ROLE_ID,PERM_ID,ACTV_IND) values ('KSARP6070','BEE373F4-BF32-4D3F-BB17-11DE0BA57648',1,'KSAR10006','KSAP10070','Y');
Insert into RICE.KRIM_ROLE_PERM_T (ROLE_PERM_ID,OBJ_ID,VER_NBR,ROLE_ID,PERM_ID,ACTV_IND) values ('KSARP7070','BA5F56AE-1F93-442F-BA38-C4B2D0006F44',1,'KSAR10007','KSAP10070','Y');
Insert into RICE.KRIM_ROLE_PERM_T (ROLE_PERM_ID,OBJ_ID,VER_NBR,ROLE_ID,PERM_ID,ACTV_IND) values ('KSARP2071','2CAB3A5B-8233-4AC2-97A9-233003D9A0D3',1,'KSAR10002','KSAP10071','Y');
Insert into RICE.KRIM_ROLE_PERM_T (ROLE_PERM_ID,OBJ_ID,VER_NBR,ROLE_ID,PERM_ID,ACTV_IND) values ('KSARP3071','A8D9B52F-F949-432C-9FFD-F50DA772EEC4',1,'KSAR10003','KSAP10071','Y');
Insert into RICE.KRIM_ROLE_PERM_T (ROLE_PERM_ID,OBJ_ID,VER_NBR,ROLE_ID,PERM_ID,ACTV_IND) values ('KSARP4071','2E369C1F-2560-4544-84E5-704E0A24974C',1,'KSAR10004','KSAP10071','Y');
Insert into RICE.KRIM_ROLE_PERM_T (ROLE_PERM_ID,OBJ_ID,VER_NBR,ROLE_ID,PERM_ID,ACTV_IND) values ('KSARP6071','C04F2629-3EDD-47ED-BCA3-7BE50A9AE224',1,'KSAR10006','KSAP10071','Y');
Insert into RICE.KRIM_ROLE_PERM_T (ROLE_PERM_ID,OBJ_ID,VER_NBR,ROLE_ID,PERM_ID,ACTV_IND) values ('KSARP7071','1DAF0BAC-E596-466A-B823-68913CA13D63',1,'KSAR10007','KSAP10071','Y');
Insert into RICE.KRIM_ROLE_PERM_T (ROLE_PERM_ID,OBJ_ID,VER_NBR,ROLE_ID,PERM_ID,ACTV_IND) values ('KSARP3072','7D9E39E3-0235-43E0-97BF-B0E21E02D443',1,'KSAR10003','KSAP10072','Y');
Insert into RICE.KRIM_ROLE_PERM_T (ROLE_PERM_ID,OBJ_ID,VER_NBR,ROLE_ID,PERM_ID,ACTV_IND) values ('KSARP5072','B7372542-F537-494B-AD70-A6DE2739D5C4',1,'KSAR10005','KSAP10072','Y');
Insert into RICE.KRIM_ROLE_PERM_T (ROLE_PERM_ID,OBJ_ID,VER_NBR,ROLE_ID,PERM_ID,ACTV_IND) values ('KSARP7072','38BF6BE8-C344-4180-A173-019BFA908E8A',1,'KSAR10007','KSAP10072','Y');
Insert into RICE.KRIM_ROLE_PERM_T (ROLE_PERM_ID,OBJ_ID,VER_NBR,ROLE_ID,PERM_ID,ACTV_IND) values ('KSARP3073','244B0999-4287-4CB7-8315-7DF9235A0835',1,'KSAR10003','KSAP10073','Y');
Insert into RICE.KRIM_ROLE_PERM_T (ROLE_PERM_ID,OBJ_ID,VER_NBR,ROLE_ID,PERM_ID,ACTV_IND) values ('KSARP7073','15507768-AFC6-4C4F-A11E-9790C6F0BF82',1,'KSAR10007','KSAP10073','Y');
Insert into RICE.KRIM_ROLE_PERM_T (ROLE_PERM_ID,OBJ_ID,VER_NBR,ROLE_ID,PERM_ID,ACTV_IND) values ('KSARP3074','D5C9EE37-B1A7-4CFC-8354-56E2BB6146FA',1,'KSAR10003','KSAP10074','Y');
Insert into RICE.KRIM_ROLE_PERM_T (ROLE_PERM_ID,OBJ_ID,VER_NBR,ROLE_ID,PERM_ID,ACTV_IND) values ('KSARP7074','BF652CA0-BA80-4D2B-B726-342526C3855C',1,'KSAR10007','KSAP10074','Y');
Insert into RICE.KRIM_ROLE_PERM_T (ROLE_PERM_ID,OBJ_ID,VER_NBR,ROLE_ID,PERM_ID,ACTV_IND) values ('KSARP3075','C60E5652-928B-43E4-9C83-1B153A3191A0',1,'KSAR10003','KSAP10075','Y');
Insert into RICE.KRIM_ROLE_PERM_T (ROLE_PERM_ID,OBJ_ID,VER_NBR,ROLE_ID,PERM_ID,ACTV_IND) values ('KSARP7075','16ECFFC2-AA81-4721-88DE-E275B17CFB22',1,'KSAR10007','KSAP10075','Y');
Insert into RICE.KRIM_ROLE_PERM_T (ROLE_PERM_ID,OBJ_ID,VER_NBR,ROLE_ID,PERM_ID,ACTV_IND) values ('KSARP3076','7D677D89-FD3F-46A5-A241-0EAE969E654C',1,'KSAR10003','KSAP10076','Y');
Insert into RICE.KRIM_ROLE_PERM_T (ROLE_PERM_ID,OBJ_ID,VER_NBR,ROLE_ID,PERM_ID,ACTV_IND) values ('KSARP4076','6924821D-6CC5-4C06-AA33-1EECACDAD62A',1,'KSAR10004','KSAP10076','Y');
Insert into RICE.KRIM_ROLE_PERM_T (ROLE_PERM_ID,OBJ_ID,VER_NBR,ROLE_ID,PERM_ID,ACTV_IND) values ('KSARP7076','94C0E0D2-34F8-4B8E-9F9D-B53FCB04B6CB',1,'KSAR10007','KSAP10076','Y');
Insert into RICE.KRIM_ROLE_PERM_T (ROLE_PERM_ID,OBJ_ID,VER_NBR,ROLE_ID,PERM_ID,ACTV_IND) values ('KSARP2077','F14DB435-C455-4FD9-A075-AFC81AFC1F62',1,'KSAR10002','KSAP10077','Y');
Insert into RICE.KRIM_ROLE_PERM_T (ROLE_PERM_ID,OBJ_ID,VER_NBR,ROLE_ID,PERM_ID,ACTV_IND) values ('KSARP3077','2AB401A7-F659-46E2-9646-A395ED3F45A6',1,'KSAR10003','KSAP10077','Y');
Insert into RICE.KRIM_ROLE_PERM_T (ROLE_PERM_ID,OBJ_ID,VER_NBR,ROLE_ID,PERM_ID,ACTV_IND) values ('KSARP4077','F7F1A38E-85D9-4ED6-A30A-31E67E6EDB77',1,'KSAR10004','KSAP10077','Y');
Insert into RICE.KRIM_ROLE_PERM_T (ROLE_PERM_ID,OBJ_ID,VER_NBR,ROLE_ID,PERM_ID,ACTV_IND) values ('KSARP5077','9F5FF687-DE04-465E-8845-4465C5352896',1,'KSAR10005','KSAP10077','Y');
Insert into RICE.KRIM_ROLE_PERM_T (ROLE_PERM_ID,OBJ_ID,VER_NBR,ROLE_ID,PERM_ID,ACTV_IND) values ('KSARP6077','2716F3DE-233F-48D4-BAD4-F57FB58E0E82',1,'KSAR10006','KSAP10077','Y');
Insert into RICE.KRIM_ROLE_PERM_T (ROLE_PERM_ID,OBJ_ID,VER_NBR,ROLE_ID,PERM_ID,ACTV_IND) values ('KSARP7077','B3FD4C2C-70C3-4A5C-85F4-CB71B5A57D18',1,'KSAR10007','KSAP10077','Y');
Insert into RICE.KRIM_ROLE_PERM_T (ROLE_PERM_ID,OBJ_ID,VER_NBR,ROLE_ID,PERM_ID,ACTV_IND) values ('KSARP2080','4D903BB0-1619-4FEA-BB43-174E2B6C65A5',1,'KSAR10002','KSAP10080','Y');
Insert into RICE.KRIM_ROLE_PERM_T (ROLE_PERM_ID,OBJ_ID,VER_NBR,ROLE_ID,PERM_ID,ACTV_IND) values ('KSARP3080','A4EA4152-B6DC-4EEB-9D66-670247674917',1,'KSAR10003','KSAP10080','Y');
Insert into RICE.KRIM_ROLE_PERM_T (ROLE_PERM_ID,OBJ_ID,VER_NBR,ROLE_ID,PERM_ID,ACTV_IND) values ('KSARP4080','E1959035-784A-4486-9B6F-B008E1430765',1,'KSAR10004','KSAP10080','Y');
Insert into RICE.KRIM_ROLE_PERM_T (ROLE_PERM_ID,OBJ_ID,VER_NBR,ROLE_ID,PERM_ID,ACTV_IND) values ('KSARP5080','400354AF-A28F-4936-8FD6-76EEB3E34906',1,'KSAR10005','KSAP10080','Y');
Insert into RICE.KRIM_ROLE_PERM_T (ROLE_PERM_ID,OBJ_ID,VER_NBR,ROLE_ID,PERM_ID,ACTV_IND) values ('KSARP6080','2698A262-C668-4AD8-B995-1021DC43E98A',1,'KSAR10006','KSAP10080','Y');
Insert into RICE.KRIM_ROLE_PERM_T (ROLE_PERM_ID,OBJ_ID,VER_NBR,ROLE_ID,PERM_ID,ACTV_IND) values ('KSARP7080','C8267A4A-EC2A-422B-817D-4B27389824AD',1,'KSAR10007','KSAP10080','Y');
Insert into RICE.KRIM_ROLE_PERM_T (ROLE_PERM_ID,OBJ_ID,VER_NBR,ROLE_ID,PERM_ID,ACTV_IND) values ('KSARP1083','17999D93-E5AA-482A-91CD-16C77286E3CD',1,'KSAR10001','KSAP10083','Y');
Insert into RICE.KRIM_ROLE_PERM_T (ROLE_PERM_ID,OBJ_ID,VER_NBR,ROLE_ID,PERM_ID,ACTV_IND) values ('KSARP2083','0DE5F27A-F988-4CB0-A6C4-E90BA59E8036',1,'KSAR10002','KSAP10083','Y');
Insert into RICE.KRIM_ROLE_PERM_T (ROLE_PERM_ID,OBJ_ID,VER_NBR,ROLE_ID,PERM_ID,ACTV_IND) values ('KSARP3083','F6A86D4E-E79B-4D63-846D-53B567F2FF80',1,'KSAR10003','KSAP10083','Y');
Insert into RICE.KRIM_ROLE_PERM_T (ROLE_PERM_ID,OBJ_ID,VER_NBR,ROLE_ID,PERM_ID,ACTV_IND) values ('KSARP7083','8E823101-C2D0-4092-8A1E-13FA0E5B95FE',1,'KSAR10007','KSAP10083','Y');
Insert into RICE.KRIM_ROLE_PERM_T (ROLE_PERM_ID,OBJ_ID,VER_NBR,ROLE_ID,PERM_ID,ACTV_IND) values ('KSARP3084','BE118B03-F9D9-4756-A3CB-5F76CF81843F',1,'KSAR10003','KSAP10084','Y');
Insert into RICE.KRIM_ROLE_PERM_T (ROLE_PERM_ID,OBJ_ID,VER_NBR,ROLE_ID,PERM_ID,ACTV_IND) values ('KSARP7084','C4E5EC30-A2B7-41D5-93D9-6D11DDA45C14',1,'KSAR10007','KSAP10084','Y');
Insert into RICE.KRIM_ROLE_PERM_T (ROLE_PERM_ID,OBJ_ID,VER_NBR,ROLE_ID,PERM_ID,ACTV_IND) values ('KSARP3085','F181AC1F-B5D0-4399-9388-9715DF83BC63',1,'KSAR10003','KSAP10085','Y');
Insert into RICE.KRIM_ROLE_PERM_T (ROLE_PERM_ID,OBJ_ID,VER_NBR,ROLE_ID,PERM_ID,ACTV_IND) values ('KSARP1088','F40B6119-2BB2-44B1-8499-8AB579CE2B56',1,'KSAR10001','KSAP10088','Y');
Insert into RICE.KRIM_ROLE_PERM_T (ROLE_PERM_ID,OBJ_ID,VER_NBR,ROLE_ID,PERM_ID,ACTV_IND) values ('KSARP3088','EBEFCFF8-8A5F-419B-8059-99D2F8A22F6E',1,'KSAR10003','KSAP10088','Y');
Insert into RICE.KRIM_ROLE_PERM_T (ROLE_PERM_ID,OBJ_ID,VER_NBR,ROLE_ID,PERM_ID,ACTV_IND) values ('KSARP1089','123E2846-CD0E-45A2-9874-76C8784263BA',1,'KSAR10001','KSAP10089','Y');
Insert into RICE.KRIM_ROLE_PERM_T (ROLE_PERM_ID,OBJ_ID,VER_NBR,ROLE_ID,PERM_ID,ACTV_IND) values ('KSARP3089','A7278DC9-776A-4C57-A54C-E8EA4F4B10F7',1,'KSAR10003','KSAP10089','Y');
Insert into RICE.KRIM_ROLE_PERM_T (ROLE_PERM_ID,OBJ_ID,VER_NBR,ROLE_ID,PERM_ID,ACTV_IND) values ('KSARP1091','79CFDF35-26F0-458F-842B-A813896D084F',1,'KSAR10001','KSAP10091','Y');
Insert into RICE.KRIM_ROLE_PERM_T (ROLE_PERM_ID,OBJ_ID,VER_NBR,ROLE_ID,PERM_ID,ACTV_IND) values ('KSARP3091','AF580893-0BB6-4F86-BD03-96753921CA0B',1,'KSAR10003','KSAP10091','Y');
Insert into RICE.KRIM_ROLE_PERM_T (ROLE_PERM_ID,OBJ_ID,VER_NBR,ROLE_ID,PERM_ID,ACTV_IND) values ('KSARP1098','EAADE6E9-5E8D-42F9-B38C-69E3F105770A',1,'KSAR10001','KSAP10098','Y');
Insert into RICE.KRIM_ROLE_PERM_T (ROLE_PERM_ID,OBJ_ID,VER_NBR,ROLE_ID,PERM_ID,ACTV_IND) values ('KSARP3098','C4B4C294-42D9-4406-96C6-1AA2C706BDE7',1,'KSAR10003','KSAP10098','Y');
Insert into RICE.KRIM_ROLE_PERM_T (ROLE_PERM_ID,OBJ_ID,VER_NBR,ROLE_ID,PERM_ID,ACTV_IND) values ('KSARP7098','0A72A7BD-2E9E-43A9-8FFD-595792ED0EC1',1,'KSAR10007','KSAP10098','Y');
Insert into RICE.KRIM_ROLE_PERM_T (ROLE_PERM_ID,OBJ_ID,VER_NBR,ROLE_ID,PERM_ID,ACTV_IND) values ('KSARP1099','889396D0-4B6A-47DF-A4FC-A35F52D08776',1,'KSAR10001','KSAP10099','Y');
Insert into RICE.KRIM_ROLE_PERM_T (ROLE_PERM_ID,OBJ_ID,VER_NBR,ROLE_ID,PERM_ID,ACTV_IND) values ('KSARP3099','3BDE0338-D071-48F3-BCCA-4CBBA05390A3',1,'KSAR10003','KSAP10099','Y');
Insert into RICE.KRIM_ROLE_PERM_T (ROLE_PERM_ID,OBJ_ID,VER_NBR,ROLE_ID,PERM_ID,ACTV_IND) values ('KSARP7099','25B61714-D013-4B29-9E17-8377683353CF',1,'KSAR10007','KSAP10099','Y');
Insert into RICE.KRIM_ROLE_PERM_T (ROLE_PERM_ID,OBJ_ID,VER_NBR,ROLE_ID,PERM_ID,ACTV_IND) values ('KSARP1101','C195022F-029C-4EEA-8F7C-B2DFFC1735CB',1,'KSAR10001','KSAP10101','Y');
Insert into RICE.KRIM_ROLE_PERM_T (ROLE_PERM_ID,OBJ_ID,VER_NBR,ROLE_ID,PERM_ID,ACTV_IND) values ('KSARP3101','CE95C4E5-BAFB-4E14-8546-6FA42C6FD503',1,'KSAR10003','KSAP10101','Y');
Insert into RICE.KRIM_ROLE_PERM_T (ROLE_PERM_ID,OBJ_ID,VER_NBR,ROLE_ID,PERM_ID,ACTV_IND) values ('KSARP7101','E32DC3D9-D395-4C17-975B-538BD2DDDA58',1,'KSAR10007','KSAP10101','Y');
Insert into RICE.KRIM_ROLE_PERM_T (ROLE_PERM_ID,OBJ_ID,VER_NBR,ROLE_ID,PERM_ID,ACTV_IND) values ('KSARP1102','BE19D97E-89B5-4324-9C8C-B45B449EE4FA',1,'KSAR10001','KSAP10102','Y');
Insert into RICE.KRIM_ROLE_PERM_T (ROLE_PERM_ID,OBJ_ID,VER_NBR,ROLE_ID,PERM_ID,ACTV_IND) values ('KSARP3102','A99796A2-EB12-4EDF-8CF8-CA099F151848',1,'KSAR10003','KSAP10102','Y');
Insert into RICE.KRIM_ROLE_PERM_T (ROLE_PERM_ID,OBJ_ID,VER_NBR,ROLE_ID,PERM_ID,ACTV_IND) values ('KSARP7102','D882DC5B-8504-44BB-ADFA-DE95D0DE71FA',1,'KSAR10007','KSAP10102','Y');
Insert into RICE.KRIM_ROLE_PERM_T (ROLE_PERM_ID,OBJ_ID,VER_NBR,ROLE_ID,PERM_ID,ACTV_IND) values ('KSARP1103','FBF9C5AB-4C18-477C-B209-00429F0FB1F4',1,'KSAR10001','KSAP10103','Y');
Insert into RICE.KRIM_ROLE_PERM_T (ROLE_PERM_ID,OBJ_ID,VER_NBR,ROLE_ID,PERM_ID,ACTV_IND) values ('KSARP3103','F8A8FFAF-814E-402F-BF67-099D9C1F9090',1,'KSAR10003','KSAP10103','Y');
Insert into RICE.KRIM_ROLE_PERM_T (ROLE_PERM_ID,OBJ_ID,VER_NBR,ROLE_ID,PERM_ID,ACTV_IND) values ('KSARP7103','692ED526-0A8B-48A6-A179-8956BE1F884B',1,'KSAR10007','KSAP10103','Y');
Insert into RICE.KRIM_ROLE_PERM_T (ROLE_PERM_ID,OBJ_ID,VER_NBR,ROLE_ID,PERM_ID,ACTV_IND) values ('KSARP1104','11E185AF-EBBF-4D8D-AA13-95B5A1765A0D',1,'KSAR10001','KSAP10104','Y');
Insert into RICE.KRIM_ROLE_PERM_T (ROLE_PERM_ID,OBJ_ID,VER_NBR,ROLE_ID,PERM_ID,ACTV_IND) values ('KSARP3104','0AE1008F-9EDA-4FEC-B68D-84827BDBBE6E',1,'KSAR10003','KSAP10104','Y');
Insert into RICE.KRIM_ROLE_PERM_T (ROLE_PERM_ID,OBJ_ID,VER_NBR,ROLE_ID,PERM_ID,ACTV_IND) values ('KSARP7104','C2062960-2D81-490F-BCF7-5AFFF500C30A',1,'KSAR10007','KSAP10104','Y');
Insert into RICE.KRIM_ROLE_PERM_T (ROLE_PERM_ID,OBJ_ID,VER_NBR,ROLE_ID,PERM_ID,ACTV_IND) values ('KSARP1105','DEBE37CA-5378-42BB-BC8B-225F6AC5625B',1,'KSAR10001','KSAP10105','Y');
Insert into RICE.KRIM_ROLE_PERM_T (ROLE_PERM_ID,OBJ_ID,VER_NBR,ROLE_ID,PERM_ID,ACTV_IND) values ('KSARP3105','AC5E8206-18D0-4D96-B3C4-D33E31E2416A',1,'KSAR10003','KSAP10105','Y');
Insert into RICE.KRIM_ROLE_PERM_T (ROLE_PERM_ID,OBJ_ID,VER_NBR,ROLE_ID,PERM_ID,ACTV_IND) values ('KSARP7105','3FD1DC1B-F1D3-40A7-9962-58B75A3FD10A',1,'KSAR10007','KSAP10105','Y');
Insert into RICE.KRIM_ROLE_PERM_T (ROLE_PERM_ID,OBJ_ID,VER_NBR,ROLE_ID,PERM_ID,ACTV_IND) values ('KSARP1106','642205AE-1B57-419A-BFFA-32250CB581AA',1,'KSAR10001','KSAP10106','Y');
Insert into RICE.KRIM_ROLE_PERM_T (ROLE_PERM_ID,OBJ_ID,VER_NBR,ROLE_ID,PERM_ID,ACTV_IND) values ('KSARP3106','A4AA3260-BA2F-4B90-BE97-736895C9D568',1,'KSAR10003','KSAP10106','Y');
Insert into RICE.KRIM_ROLE_PERM_T (ROLE_PERM_ID,OBJ_ID,VER_NBR,ROLE_ID,PERM_ID,ACTV_IND) values ('KSARP7106','411B9A97-D9DF-4909-810A-C89B378A60DD',1,'KSAR10007','KSAP10106','Y');
Insert into RICE.KRIM_ROLE_PERM_T (ROLE_PERM_ID,OBJ_ID,VER_NBR,ROLE_ID,PERM_ID,ACTV_IND) values ('KSARP1107','A0971ADA-1A79-4D2D-AE72-2DA82D7A81A1',1,'KSAR10001','KSAP10107','Y');
Insert into RICE.KRIM_ROLE_PERM_T (ROLE_PERM_ID,OBJ_ID,VER_NBR,ROLE_ID,PERM_ID,ACTV_IND) values ('KSARP3107','9FBE1D62-738F-4163-BF11-2054A990B9FD',1,'KSAR10003','KSAP10107','Y');
Insert into RICE.KRIM_ROLE_PERM_T (ROLE_PERM_ID,OBJ_ID,VER_NBR,ROLE_ID,PERM_ID,ACTV_IND) values ('KSARP7107','BEF3C63C-7C81-42EA-ACCA-14D377E08BB7',1,'KSAR10007','KSAP10107','Y');
Insert into RICE.KRIM_ROLE_PERM_T (ROLE_PERM_ID,OBJ_ID,VER_NBR,ROLE_ID,PERM_ID,ACTV_IND) values ('KSARP1108','32D7A6F9-7F8B-4529-A7E4-0E263329FFB6',1,'KSAR10001','KSAP10108','Y');
Insert into RICE.KRIM_ROLE_PERM_T (ROLE_PERM_ID,OBJ_ID,VER_NBR,ROLE_ID,PERM_ID,ACTV_IND) values ('KSARP3108','1E60874B-A67E-4446-BAE9-CE93E7F08388',1,'KSAR10003','KSAP10108','Y');
Insert into RICE.KRIM_ROLE_PERM_T (ROLE_PERM_ID,OBJ_ID,VER_NBR,ROLE_ID,PERM_ID,ACTV_IND) values ('KSARP7108','5548D376-87BC-4BE0-B3FF-32EF8B1CC1D0',1,'KSAR10007','KSAP10108','Y');
Insert into RICE.KRIM_ROLE_PERM_T (ROLE_PERM_ID,OBJ_ID,VER_NBR,ROLE_ID,PERM_ID,ACTV_IND) values ('KSARP1109','F494B07B-5055-4384-9B9B-54FB893A4534',1,'KSAR10001','KSAP10109','Y');
Insert into RICE.KRIM_ROLE_PERM_T (ROLE_PERM_ID,OBJ_ID,VER_NBR,ROLE_ID,PERM_ID,ACTV_IND) values ('KSARP3109','0B307576-AA3A-4E4C-A00E-4201657F9D2F',1,'KSAR10003','KSAP10109','Y');
Insert into RICE.KRIM_ROLE_PERM_T (ROLE_PERM_ID,OBJ_ID,VER_NBR,ROLE_ID,PERM_ID,ACTV_IND) values ('KSARP7109','1552DF24-5A38-49E7-9E2B-029623DF628A',1,'KSAR10007','KSAP10109','Y');
Insert into RICE.KRIM_ROLE_PERM_T (ROLE_PERM_ID,OBJ_ID,VER_NBR,ROLE_ID,PERM_ID,ACTV_IND) values ('KSARP1110','D153106C-8254-4F06-9CDB-87D0A91818BA',1,'KSAR10001','KSAP10110','Y');
Insert into RICE.KRIM_ROLE_PERM_T (ROLE_PERM_ID,OBJ_ID,VER_NBR,ROLE_ID,PERM_ID,ACTV_IND) values ('KSARP3110','C17D1D45-8170-44BE-97EF-0347E1C54320',1,'KSAR10003','KSAP10110','Y');
Insert into RICE.KRIM_ROLE_PERM_T (ROLE_PERM_ID,OBJ_ID,VER_NBR,ROLE_ID,PERM_ID,ACTV_IND) values ('KSARP7110','E5E78EE6-D27F-47EF-A478-C1C2BB2DD43A',1,'KSAR10007','KSAP10110','Y');
Insert into RICE.KRIM_ROLE_PERM_T (ROLE_PERM_ID,OBJ_ID,VER_NBR,ROLE_ID,PERM_ID,ACTV_IND) values ('KSARP3111','D7783081-3BE1-4116-8619-CA3F9A7ED1CE',1,'KSAR10003','KSAP10111','Y');
Insert into RICE.KRIM_ROLE_PERM_T (ROLE_PERM_ID,OBJ_ID,VER_NBR,ROLE_ID,PERM_ID,ACTV_IND) values ('KSARP3112','5FF1F8C0-5D3A-4124-BE41-207F5AAA3D46',1,'KSAR10003','KSAP10112','Y');
Insert into RICE.KRIM_ROLE_PERM_T (ROLE_PERM_ID,OBJ_ID,VER_NBR,ROLE_ID,PERM_ID,ACTV_IND) values ('KSARP1114','9706BF9E-4A89-4991-AEB0-819E54B802CD',1,'KSAR10001','KSAP10114','Y');
Insert into RICE.KRIM_ROLE_PERM_T (ROLE_PERM_ID,OBJ_ID,VER_NBR,ROLE_ID,PERM_ID,ACTV_IND) values ('KSARP3114','063992CA-EFD8-4861-BA8D-ABA3A9C5C0E8',1,'KSAR10003','KSAP10114','Y');
Insert into RICE.KRIM_ROLE_PERM_T (ROLE_PERM_ID,OBJ_ID,VER_NBR,ROLE_ID,PERM_ID,ACTV_IND) values ('KSARP1115','50DD604F-5159-4C70-8E3B-C9F1F3E8ABF0',1,'KSAR10001','KSAP10115','Y');
Insert into RICE.KRIM_ROLE_PERM_T (ROLE_PERM_ID,OBJ_ID,VER_NBR,ROLE_ID,PERM_ID,ACTV_IND) values ('KSARP3115','FEF443C9-E1B9-41BE-913F-5738A677D60F',1,'KSAR10003','KSAP10115','Y');
Insert into RICE.KRIM_ROLE_PERM_T (ROLE_PERM_ID,OBJ_ID,VER_NBR,ROLE_ID,PERM_ID,ACTV_IND) values ('KSARP1116','4FE55D76-DBAD-4C65-97EC-1D7395181D46',1,'KSAR10001','KSAP10116','Y');
Insert into RICE.KRIM_ROLE_PERM_T (ROLE_PERM_ID,OBJ_ID,VER_NBR,ROLE_ID,PERM_ID,ACTV_IND) values ('KSARP3116','B1CA78DC-DBC7-470F-971F-7A5C1D72C33C',1,'KSAR10003','KSAP10116','Y');
Insert into RICE.KRIM_ROLE_PERM_T (ROLE_PERM_ID,OBJ_ID,VER_NBR,ROLE_ID,PERM_ID,ACTV_IND) values ('KSARP3117','231488BB-FF60-4F52-B065-11E61A1C9AAD',1,'KSAR10003','KSAP10117','Y');
Insert into RICE.KRIM_ROLE_PERM_T (ROLE_PERM_ID,OBJ_ID,VER_NBR,ROLE_ID,PERM_ID,ACTV_IND) values ('KSARP3118','D64739CE-AA60-46C2-BAAE-70367E1A42C7',1,'KSAR10003','KSAP10118','Y');
Insert into RICE.KRIM_ROLE_PERM_T (ROLE_PERM_ID,OBJ_ID,VER_NBR,ROLE_ID,PERM_ID,ACTV_IND) values ('KSARP3119','657E06B3-2863-40A2-90A2-A564EAB85FD6',1,'KSAR10003','KSAP10119','Y');
Insert into RICE.KRIM_ROLE_PERM_T (ROLE_PERM_ID,OBJ_ID,VER_NBR,ROLE_ID,PERM_ID,ACTV_IND) values ('KSARP5119','2521D04C-C620-426B-A7D3-D5C6F02EFBD0',1,'KSAR10005','KSAP10119','Y');
Insert into RICE.KRIM_ROLE_PERM_T (ROLE_PERM_ID,OBJ_ID,VER_NBR,ROLE_ID,PERM_ID,ACTV_IND) values ('KSARP6119','A4408B04-553A-4120-932B-43CE6A9E48B6',1,'KSAR10006','KSAP10119','Y');
Insert into RICE.KRIM_ROLE_PERM_T (ROLE_PERM_ID,OBJ_ID,VER_NBR,ROLE_ID,PERM_ID,ACTV_IND) values ('KSARP7119','6621CF9A-3C4B-4F23-8EEC-74D4B808938C',1,'KSAR10007','KSAP10119','Y');
Insert into RICE.KRIM_ROLE_PERM_T (ROLE_PERM_ID,OBJ_ID,VER_NBR,ROLE_ID,PERM_ID,ACTV_IND) values ('KSARP3120','8556AFE3-41B3-4AEA-9466-FC67B6BF68EB',1,'KSAR10003','KSAP10120','Y');
Insert into RICE.KRIM_ROLE_PERM_T (ROLE_PERM_ID,OBJ_ID,VER_NBR,ROLE_ID,PERM_ID,ACTV_IND) values ('KSARP5120','B7BAC633-2FA6-475F-9924-6FC02B3565C9',1,'KSAR10005','KSAP10120','Y');
Insert into RICE.KRIM_ROLE_PERM_T (ROLE_PERM_ID,OBJ_ID,VER_NBR,ROLE_ID,PERM_ID,ACTV_IND) values ('KSARP6120','56220F33-A5DB-483F-A5CC-89A7456599A7',1,'KSAR10006','KSAP10120','Y');
Insert into RICE.KRIM_ROLE_PERM_T (ROLE_PERM_ID,OBJ_ID,VER_NBR,ROLE_ID,PERM_ID,ACTV_IND) values ('KSARP7120','0CC4A77B-230B-4006-8EDC-79A78C7D7A0B',1,'KSAR10007','KSAP10120','Y');
Insert into RICE.KRIM_ROLE_PERM_T (ROLE_PERM_ID,OBJ_ID,VER_NBR,ROLE_ID,PERM_ID,ACTV_IND) values ('KSARP1121','0D02917D-F207-4CAD-8998-DE4A50C3085C',1,'KSAR10001','KSAP10121','Y');
Insert into RICE.KRIM_ROLE_PERM_T (ROLE_PERM_ID,OBJ_ID,VER_NBR,ROLE_ID,PERM_ID,ACTV_IND) values ('KSARP3121','FC1D3F03-5350-4E8A-B98F-511D5603C87C',1,'KSAR10003','KSAP10121','Y');
Insert into RICE.KRIM_ROLE_PERM_T (ROLE_PERM_ID,OBJ_ID,VER_NBR,ROLE_ID,PERM_ID,ACTV_IND) values ('KSARP7121','F0EEBEF8-F63E-4018-8134-A3E6D0B8F4A6',1,'KSAR10007','KSAP10121','Y');
Insert into RICE.KRIM_ROLE_PERM_T (ROLE_PERM_ID,OBJ_ID,VER_NBR,ROLE_ID,PERM_ID,ACTV_IND) values ('KSARP3122','6C57A217-F7A3-481A-BCA7-00941489C93C',1,'KSAR10003','KSAP10122','Y');
Insert into RICE.KRIM_ROLE_PERM_T (ROLE_PERM_ID,OBJ_ID,VER_NBR,ROLE_ID,PERM_ID,ACTV_IND) values ('KSARP7122','BE0BE2D7-A7A0-4DE7-A0B8-4C45F48C3C2F',1,'KSAR10007','KSAP10122','Y');
Insert into RICE.KRIM_ROLE_PERM_T (ROLE_PERM_ID,OBJ_ID,VER_NBR,ROLE_ID,PERM_ID,ACTV_IND) values ('KSARP1123','895FA5F7-7AC1-437B-8506-5BE11F9C3EA9',1,'KSAR10001','KSAP10123','Y');
Insert into RICE.KRIM_ROLE_PERM_T (ROLE_PERM_ID,OBJ_ID,VER_NBR,ROLE_ID,PERM_ID,ACTV_IND) values ('KSARP2123','71D360AC-ED59-419D-BBA2-259386B19120',1,'KSAR10002','KSAP10123','Y');
Insert into RICE.KRIM_ROLE_PERM_T (ROLE_PERM_ID,OBJ_ID,VER_NBR,ROLE_ID,PERM_ID,ACTV_IND) values ('KSARP3123','8692ECA5-129A-4B25-B60B-58AF94E8D2E5',1,'KSAR10003','KSAP10123','Y');
Insert into RICE.KRIM_ROLE_PERM_T (ROLE_PERM_ID,OBJ_ID,VER_NBR,ROLE_ID,PERM_ID,ACTV_IND) values ('KSARP4123','67DE2A70-35F4-475B-84D1-E928C3B8811E',1,'KSAR10004','KSAP10123','Y');
Insert into RICE.KRIM_ROLE_PERM_T (ROLE_PERM_ID,OBJ_ID,VER_NBR,ROLE_ID,PERM_ID,ACTV_IND) values ('KSARP5123','C4BBE9C4-D3A7-4F3A-97E0-BE587362A39E',1,'KSAR10005','KSAP10123','Y');
Insert into RICE.KRIM_ROLE_PERM_T (ROLE_PERM_ID,OBJ_ID,VER_NBR,ROLE_ID,PERM_ID,ACTV_IND) values ('KSARP6123','4EC1B027-85C3-4044-9DAB-C4D886ADE0B0',1,'KSAR10006','KSAP10123','Y');
Insert into RICE.KRIM_ROLE_PERM_T (ROLE_PERM_ID,OBJ_ID,VER_NBR,ROLE_ID,PERM_ID,ACTV_IND) values ('KSARP7123','FBAC2BAF-A45C-4A6B-BC3B-B646FB780E7B',1,'KSAR10007','KSAP10123','Y');
Insert into RICE.KRIM_ROLE_PERM_T (ROLE_PERM_ID,OBJ_ID,VER_NBR,ROLE_ID,PERM_ID,ACTV_IND) values ('KSARP3124','3EA3CB7C-1DCB-44A0-9F08-04010AE5122B',1,'KSAR10003','KSAP10124','Y');
Insert into RICE.KRIM_ROLE_PERM_T (ROLE_PERM_ID,OBJ_ID,VER_NBR,ROLE_ID,PERM_ID,ACTV_IND) values ('KSARP5124','8B2AA89A-277B-46B3-8570-2112B978DB5D',1,'KSAR10005','KSAP10124','Y');
Insert into RICE.KRIM_ROLE_PERM_T (ROLE_PERM_ID,OBJ_ID,VER_NBR,ROLE_ID,PERM_ID,ACTV_IND) values ('KSARP6124','C169E314-D4A4-4B37-83EA-515A53F94C38',1,'KSAR10006','KSAP10124','Y');
Insert into RICE.KRIM_ROLE_PERM_T (ROLE_PERM_ID,OBJ_ID,VER_NBR,ROLE_ID,PERM_ID,ACTV_IND) values ('KSARP7124','AD04B752-58A4-4231-AB2C-36F597CE75F6',1,'KSAR10007','KSAP10124','Y');
Insert into RICE.KRIM_ROLE_PERM_T (ROLE_PERM_ID,OBJ_ID,VER_NBR,ROLE_ID,PERM_ID,ACTV_IND) values ('KSARP3125','E88F0E41-A446-4048-8DCD-3FBD913F2C25',1,'KSAR10003','KSAP10125','Y');
Insert into RICE.KRIM_ROLE_PERM_T (ROLE_PERM_ID,OBJ_ID,VER_NBR,ROLE_ID,PERM_ID,ACTV_IND) values ('KSARP5125','E09DC9D1-576B-492F-93D9-577812FE9F64',1,'KSAR10005','KSAP10125','Y');
Insert into RICE.KRIM_ROLE_PERM_T (ROLE_PERM_ID,OBJ_ID,VER_NBR,ROLE_ID,PERM_ID,ACTV_IND) values ('KSARP6125','D10DAD27-D613-4E9A-BA89-88516F79A6B7',1,'KSAR10006','KSAP10125','Y');
Insert into RICE.KRIM_ROLE_PERM_T (ROLE_PERM_ID,OBJ_ID,VER_NBR,ROLE_ID,PERM_ID,ACTV_IND) values ('KSARP7125','5D75A29B-9CFB-4357-9B24-ADD2C944FBB8',1,'KSAR10007','KSAP10125','Y');
Insert into RICE.KRIM_ROLE_PERM_T (ROLE_PERM_ID,OBJ_ID,VER_NBR,ROLE_ID,PERM_ID,ACTV_IND) values ('KSARP1126','11746694-A978-46FD-B987-D54F643A7476',1,'KSAR10001','KSAP10126','Y');
Insert into RICE.KRIM_ROLE_PERM_T (ROLE_PERM_ID,OBJ_ID,VER_NBR,ROLE_ID,PERM_ID,ACTV_IND) values ('KSARP3126','036E4021-7463-45AF-A9CE-C54D0386F5F0',1,'KSAR10003','KSAP10126','Y');
Insert into RICE.KRIM_ROLE_PERM_T (ROLE_PERM_ID,OBJ_ID,VER_NBR,ROLE_ID,PERM_ID,ACTV_IND) values ('KSARP5126','BED562D4-07B2-451A-9C54-BC57CE0F1E0F',1,'KSAR10005','KSAP10126','Y');
Insert into RICE.KRIM_ROLE_PERM_T (ROLE_PERM_ID,OBJ_ID,VER_NBR,ROLE_ID,PERM_ID,ACTV_IND) values ('KSARP6126','0F7BD206-3DB3-4C35-AC2C-259BC58092C8',1,'KSAR10006','KSAP10126','Y');
Insert into RICE.KRIM_ROLE_PERM_T (ROLE_PERM_ID,OBJ_ID,VER_NBR,ROLE_ID,PERM_ID,ACTV_IND) values ('KSARP7126','69A052E0-A39B-46A8-814B-005F21222CDE',1,'KSAR10007','KSAP10126','Y');
Insert into RICE.KRIM_ROLE_PERM_T (ROLE_PERM_ID,OBJ_ID,VER_NBR,ROLE_ID,PERM_ID,ACTV_IND) values ('KSARP1127','97B17074-76FA-4010-A369-75C404E3AC24',1,'KSAR10001','KSAP10127','Y');
Insert into RICE.KRIM_ROLE_PERM_T (ROLE_PERM_ID,OBJ_ID,VER_NBR,ROLE_ID,PERM_ID,ACTV_IND) values ('KSARP3127','2A9DEE5D-997A-485F-9C17-3F789C1799F9',1,'KSAR10003','KSAP10127','Y');
Insert into RICE.KRIM_ROLE_PERM_T (ROLE_PERM_ID,OBJ_ID,VER_NBR,ROLE_ID,PERM_ID,ACTV_IND) values ('KSARP5127','BBC953F4-8D65-4511-BB92-EDC7D99473D8',1,'KSAR10005','KSAP10127','Y');
Insert into RICE.KRIM_ROLE_PERM_T (ROLE_PERM_ID,OBJ_ID,VER_NBR,ROLE_ID,PERM_ID,ACTV_IND) values ('KSARP6127','BD615E34-4B55-49A1-89A7-1F6945826C30',1,'KSAR10006','KSAP10127','Y');
Insert into RICE.KRIM_ROLE_PERM_T (ROLE_PERM_ID,OBJ_ID,VER_NBR,ROLE_ID,PERM_ID,ACTV_IND) values ('KSARP7127','1AF57F8F-035B-4099-A277-69E8594A0FF6',1,'KSAR10007','KSAP10127','Y');
Insert into RICE.KRIM_ROLE_PERM_T (ROLE_PERM_ID,OBJ_ID,VER_NBR,ROLE_ID,PERM_ID,ACTV_IND) values ('KSARP1128','F10A80CB-8FED-4F63-B36F-1BD594F7F166',1,'KSAR10001','KSAP10128','Y');
Insert into RICE.KRIM_ROLE_PERM_T (ROLE_PERM_ID,OBJ_ID,VER_NBR,ROLE_ID,PERM_ID,ACTV_IND) values ('KSARP2128','10680766-8EA7-459D-8516-6F753C66946E',1,'KSAR10002','KSAP10128','Y');
Insert into RICE.KRIM_ROLE_PERM_T (ROLE_PERM_ID,OBJ_ID,VER_NBR,ROLE_ID,PERM_ID,ACTV_IND) values ('KSARP3128','674000B1-9092-4105-BAA8-06A0F32006ED',1,'KSAR10003','KSAP10128','Y');
Insert into RICE.KRIM_ROLE_PERM_T (ROLE_PERM_ID,OBJ_ID,VER_NBR,ROLE_ID,PERM_ID,ACTV_IND) values ('KSARP4128','46888864-DB43-432B-8BEE-845A1EE7942D',1,'KSAR10004','KSAP10128','Y');
Insert into RICE.KRIM_ROLE_PERM_T (ROLE_PERM_ID,OBJ_ID,VER_NBR,ROLE_ID,PERM_ID,ACTV_IND) values ('KSARP5128','C497A8C6-5574-4040-BDE4-A02194AE8A25',1,'KSAR10005','KSAP10128','Y');
Insert into RICE.KRIM_ROLE_PERM_T (ROLE_PERM_ID,OBJ_ID,VER_NBR,ROLE_ID,PERM_ID,ACTV_IND) values ('KSARP6128','B09282DC-9A8D-4BE6-ABB9-5DB62683800B',1,'KSAR10006','KSAP10128','Y');
Insert into RICE.KRIM_ROLE_PERM_T (ROLE_PERM_ID,OBJ_ID,VER_NBR,ROLE_ID,PERM_ID,ACTV_IND) values ('KSARP7128','C3498B0C-5376-4CFA-9AF7-FFA84E5FA0F1',1,'KSAR10007','KSAP10128','Y');
Insert into RICE.KRIM_ROLE_PERM_T (ROLE_PERM_ID,OBJ_ID,VER_NBR,ROLE_ID,PERM_ID,ACTV_IND) values ('KSARP1129','E8FB52B6-AAA3-4EDC-BBE5-AE22E2E235A6',1,'KSAR10001','KSAP10129','Y');
Insert into RICE.KRIM_ROLE_PERM_T (ROLE_PERM_ID,OBJ_ID,VER_NBR,ROLE_ID,PERM_ID,ACTV_IND) values ('KSARP3129','A9C35D92-5CAF-4146-A237-659F615DFA88',1,'KSAR10003','KSAP10129','Y');
Insert into RICE.KRIM_ROLE_PERM_T (ROLE_PERM_ID,OBJ_ID,VER_NBR,ROLE_ID,PERM_ID,ACTV_IND) values ('KSARP7129','AC4FFB71-1511-4DCE-B44C-DE182055391C',1,'KSAR10007','KSAP10129','Y');
Insert into RICE.KRIM_ROLE_PERM_T (ROLE_PERM_ID,OBJ_ID,VER_NBR,ROLE_ID,PERM_ID,ACTV_IND) values ('KSARP3130','C5A1EF08-1C43-4B99-95B1-1008867BCB0B',1,'KSAR10003','KSAP10130','Y');
Insert into RICE.KRIM_ROLE_PERM_T (ROLE_PERM_ID,OBJ_ID,VER_NBR,ROLE_ID,PERM_ID,ACTV_IND) values ('KSARP7130','C941A81E-6D63-4A09-B092-054218A3EA6A',1,'KSAR10007','KSAP10130','Y');
Insert into RICE.KRIM_ROLE_PERM_T (ROLE_PERM_ID,OBJ_ID,VER_NBR,ROLE_ID,PERM_ID,ACTV_IND) values ('KSARP3131','C1D7996B-E0FE-4501-9E50-618E81DDE2EC',1,'KSAR10003','KSAP10131','Y');
Insert into RICE.KRIM_ROLE_PERM_T (ROLE_PERM_ID,OBJ_ID,VER_NBR,ROLE_ID,PERM_ID,ACTV_IND) values ('KSARP3132','D43AC62E-BEBB-4A63-BFD8-FC345F79EED4',1,'KSAR10003','KSAP10132','Y');
Insert into RICE.KRIM_ROLE_PERM_T (ROLE_PERM_ID,OBJ_ID,VER_NBR,ROLE_ID,PERM_ID,ACTV_IND) values ('KSARP5132','43D10AE2-F93E-4DCA-81D4-89B1FD7C8F1E',1,'KSAR10005','KSAP10132','Y');
Insert into RICE.KRIM_ROLE_PERM_T (ROLE_PERM_ID,OBJ_ID,VER_NBR,ROLE_ID,PERM_ID,ACTV_IND) values ('KSARP6132','1FC1A19B-AAC3-424C-A522-56638B1741E6',1,'KSAR10006','KSAP10132','Y');
Insert into RICE.KRIM_ROLE_PERM_T (ROLE_PERM_ID,OBJ_ID,VER_NBR,ROLE_ID,PERM_ID,ACTV_IND) values ('KSARP7132','FB498C7B-9697-4B1E-AB96-2EF95CBC40A5',1,'KSAR10007','KSAP10132','Y');
Insert into RICE.KRIM_ROLE_PERM_T (ROLE_PERM_ID,OBJ_ID,VER_NBR,ROLE_ID,PERM_ID,ACTV_IND) values ('KSARP3133','CCBCA08E-CD25-4F43-ADDD-647F4E28E2B7',1,'KSAR10003','KSAP10133','Y');
Insert into RICE.KRIM_ROLE_PERM_T (ROLE_PERM_ID,OBJ_ID,VER_NBR,ROLE_ID,PERM_ID,ACTV_IND) values ('KSARP7133','5171FD03-4385-4C7A-98D8-30172958367A',1,'KSAR10007','KSAP10133','Y');
Insert into RICE.KRIM_ROLE_PERM_T (ROLE_PERM_ID,OBJ_ID,VER_NBR,ROLE_ID,PERM_ID,ACTV_IND) values ('KSARP3134','B5FE8E97-4A75-488D-A231-39998F27C427',1,'KSAR10003','KSAP10134','Y');
Insert into RICE.KRIM_ROLE_PERM_T (ROLE_PERM_ID,OBJ_ID,VER_NBR,ROLE_ID,PERM_ID,ACTV_IND) values ('KSARP7134','444FDD10-9721-4A65-BDCA-9A40BD8BDC24',1,'KSAR10007','KSAP10134','Y');
Insert into RICE.KRIM_ROLE_PERM_T (ROLE_PERM_ID,OBJ_ID,VER_NBR,ROLE_ID,PERM_ID,ACTV_IND) values ('KSARP1148','4BE25636-8F9E-4C82-AB05-4D9E264F7881',1,'KSAR10001','KSAP10148','Y');
Insert into RICE.KRIM_ROLE_PERM_T (ROLE_PERM_ID,OBJ_ID,VER_NBR,ROLE_ID,PERM_ID,ACTV_IND) values ('KSARP3148','AC5D3519-B56C-4AFE-8361-9A69FA13A19C',1,'KSAR10003','KSAP10148','Y');

REM add security to UI components
INSERT INTO RICE.KRIM_PERM_ATTR_DATA_T (ATTR_DATA_ID, OBJ_ID, VER_NBR, PERM_ID, KIM_TYP_ID, KIM_ATTR_DEFN_ID, ATTR_VAL) VALUES ('KSAUI0001', 'AFCAC10B-7B66-44D5-9B92-5495ECE1FB11', '1', 'KSAP10035', '71', '47', 'QuickView');
INSERT INTO RICE.KRIM_PERM_ATTR_DATA_T (ATTR_DATA_ID, OBJ_ID, VER_NBR, PERM_ID, KIM_TYP_ID, KIM_ATTR_DEFN_ID, ATTR_VAL) VALUES ('KSAUI0002', 'AFCAC10B-7B66-44D5-9C92-5495ECE1FB11', '1', 'KSAP10035', '71', '51', 'accountOverviewGroup');



REM Create KSA Users

REM Create admin (commented out becuase it is added by the core rice sql)
REM Insert into RICE.KRIM_ENTITY_T (ENTITY_ID,OBJ_ID,VER_NBR,ACTV_IND,LAST_UPDT_DT) values ('KSAE10001','41238771-66E3-42CD-9D8E-0DB209778C11',1,'Y',to_date('19-JUN-13','DD-MON-RR'));
REM Insert into RICE.KRIM_PRNCPL_T (PRNCPL_ID,OBJ_ID,VER_NBR,PRNCPL_NM,ENTITY_ID,PRNCPL_PSWD,ACTV_IND,LAST_UPDT_DT) values ('KSAPR10001','0A9E7525-0AF6-4F01-B93D-B04FB6A7C9DC',1,'admin','KSAE10001','admin123','Y',to_date('19-JUN-13','DD-MON-RR'));
REM Insert into RICE.KRIM_ENTITY_ENT_TYP_T (ENT_TYP_CD,ENTITY_ID,OBJ_ID,VER_NBR,ACTV_IND,LAST_UPDT_DT) values ('PERSON','KSAE10001','BDB853A5-D4AD-4978-8339-0E85A924B81C',1,'Y',to_date('19-JUN-13','DD-MON-RR'));
REM Insert into RICE.KRIM_ENTITY_AFLTN_T (ENTITY_AFLTN_ID,OBJ_ID,VER_NBR,ENTITY_ID,AFLTN_TYP_CD,CAMPUS_CD,DFLT_IND,ACTV_IND,LAST_UPDT_DT) values ('KSAEA10001','E17CE685-A97C-41C2-BF20-8C446CD64120',1,'KSAE10001','FCLTY','BL','Y','Y',to_date('19-JUN-13','DD-MON-RR'));
REM Insert into RICE.KRIM_ENTITY_EMP_INFO_T (ENTITY_EMP_ID,OBJ_ID,VER_NBR,ENTITY_ID,ENTITY_AFLTN_ID,EMP_STAT_CD,EMP_TYP_CD,BASE_SLRY_AMT,PRMRY_IND,ACTV_IND,LAST_UPDT_DT,PRMRY_DEPT_CD,EMP_ID,EMP_REC_ID) values ('KSAEI10001','8458EE80-F228-49D2-98A8-E84F8561C7C6',1,'KSAE10001','KSAEA10001','A','P',100000,'Y','Y',to_date('19-JUN-13','DD-MON-RR'),null,'1000001','1');
REM Insert into RICE.KRIM_ENTITY_NM_T (ENTITY_NM_ID,OBJ_ID,VER_NBR,ENTITY_ID,NM_TYP_CD,FIRST_NM,MIDDLE_NM,LAST_NM,SUFFIX_NM,PREFIX_NM,DFLT_IND,ACTV_IND,LAST_UPDT_DT,TITLE_NM,NOTE_MSG,NM_CHNG_DT) values ('KSAEN10001','77014BD8-1ECB-4A9B-B0BB-51FA49E6D32F',1,'KSAE10001','PRM','Admin',null,'Administrator',null,'Mrs','Y','Y',to_date('19-JUN-13','DD-MON-RR'),null,null,null);
REM Insert into RICE.KRIM_ENTITY_PRIV_PREF_T (ENTITY_ID,OBJ_ID,VER_NBR,SUPPRESS_NM_IND,SUPPRESS_EMAIL_IND,SUPPRESS_ADDR_IND,SUPPRESS_PHONE_IND,SUPPRESS_PRSNL_IND,LAST_UPDT_DT) values ('KSAE10001','939E323D-4393-4B67-BF72-3D79329CB6E6',1,'N','N','N','N','N',to_date('19-JUN-13','DD-MON-RR'));

REM Add KSA users to roles
REM Insert into RICE.KRIM_ROLE_MBR_T (ROLE_MBR_ID,VER_NBR,OBJ_ID,ROLE_ID,MBR_ID,MBR_TYP_CD,ACTV_FRM_DT,ACTV_TO_DT,LAST_UPDT_DT) values ('KSARM10001',1,'034C9F19-AA48-4162-A28E-DDA0C65FDAFD','KSAR10001','admin','P',null,null,to_date('06-NOV-12','DD-MON-RR'));
Insert into RICE.KRIM_ROLE_MBR_T (ROLE_MBR_ID,VER_NBR,OBJ_ID,ROLE_ID,MBR_ID,MBR_TYP_CD,ACTV_FRM_DT,ACTV_TO_DT,LAST_UPDT_DT) values ('KSARM10011',1,'034C9F19-AA48-4162-A28E-DDA0C65FDAFE','KSAR10001','admin','P',null,null,to_date('06-NOV-12','DD-MON-RR'));

REM Create admin liason
Insert into RICE.KRIM_ENTITY_T (ENTITY_ID,OBJ_ID,VER_NBR,ACTV_IND,LAST_UPDT_DT) values ('KSAE10002','CE34DD83-0855-42DD-B806-809D3D446FD2',1,'Y',to_date('19-JUN-13','DD-MON-RR'));
Insert into RICE.KRIM_PRNCPL_T (PRNCPL_ID,OBJ_ID,VER_NBR,PRNCPL_NM,ENTITY_ID,PRNCPL_PSWD,ACTV_IND,LAST_UPDT_DT) values ('KSAPR10002','791B2C83-A1AE-4965-8C06-33A5EA229D4A',1,'liason','KSAE10002','liason123','Y',to_date('19-JUN-13','DD-MON-RR'));
Insert into RICE.KRIM_ENTITY_ENT_TYP_T (ENT_TYP_CD,ENTITY_ID,OBJ_ID,VER_NBR,ACTV_IND,LAST_UPDT_DT) values ('PERSON','KSAE10002','5B4EA8FA-D2F3-45FF-BE34-A89C8044A09C',1,'Y',to_date('19-JUN-13','DD-MON-RR'));
Insert into RICE.KRIM_ENTITY_AFLTN_T (ENTITY_AFLTN_ID,OBJ_ID,VER_NBR,ENTITY_ID,AFLTN_TYP_CD,CAMPUS_CD,DFLT_IND,ACTV_IND,LAST_UPDT_DT) values ('KSAEA10002','0541EFB2-06DB-438A-A717-3A704596FFCB',1,'KSAE10002','FCLTY','BL','Y','Y',to_date('19-JUN-13','DD-MON-RR'));
Insert into RICE.KRIM_ENTITY_EMP_INFO_T (ENTITY_EMP_ID,OBJ_ID,VER_NBR,ENTITY_ID,ENTITY_AFLTN_ID,EMP_STAT_CD,EMP_TYP_CD,BASE_SLRY_AMT,PRMRY_IND,ACTV_IND,LAST_UPDT_DT,PRMRY_DEPT_CD,EMP_ID,EMP_REC_ID) values ('KSAEI10002','0EF4CA49-D4A0-444B-AFFA-A341B18370B1',1,'KSAE10002','KSAEA10002','A','P',100000,'Y','Y',to_date('19-JUN-13','DD-MON-RR'),null,'1000002','1');
Insert into RICE.KRIM_ENTITY_NM_T (ENTITY_NM_ID,OBJ_ID,VER_NBR,ENTITY_ID,NM_TYP_CD,FIRST_NM,MIDDLE_NM,LAST_NM,SUFFIX_NM,PREFIX_NM,DFLT_IND,ACTV_IND,LAST_UPDT_DT,TITLE_NM,NOTE_MSG,NM_CHNG_DT) values ('KSAEN10002','D69E531A-F453-47F8-9377-17B15025314B',1,'KSAE10002','PRM','Dana','N','Tyree',null,'Mrs','Y','Y',to_date('19-JUN-13','DD-MON-RR'),null,null,null);
Insert into RICE.KRIM_ENTITY_PRIV_PREF_T (ENTITY_ID,OBJ_ID,VER_NBR,SUPPRESS_NM_IND,SUPPRESS_EMAIL_IND,SUPPRESS_ADDR_IND,SUPPRESS_PHONE_IND,SUPPRESS_PRSNL_IND,LAST_UPDT_DT) values ('KSAE10002','AB158FBD-DDC8-4767-8434-7B83283384D2',1,'N','N','N','N','N',to_date('19-JUN-13','DD-MON-RR'));

REM Add KSA users to roles
Insert into RICE.KRIM_ROLE_MBR_T (ROLE_MBR_ID,VER_NBR,OBJ_ID,ROLE_ID,MBR_ID,MBR_TYP_CD,ACTV_FRM_DT,ACTV_TO_DT,LAST_UPDT_DT) values ('KSARM10002',1,'B8140FCD-7F0C-47E7-9734-4C4B3CA2BCB0','KSAR10002','liason','P',null,null,to_date('06-NOV-12','DD-MON-RR'));
Insert into RICE.KRIM_ROLE_MBR_T (ROLE_MBR_ID,VER_NBR,OBJ_ID,ROLE_ID,MBR_ID,MBR_TYP_CD,ACTV_FRM_DT,ACTV_TO_DT,LAST_UPDT_DT) values ('KSARM10012',1,'B8140FCD-7F0C-47E7-9734-4C4B3CA2BCB1','KSAR10002','KSAE10002','P',null,null,to_date('06-NOV-12','DD-MON-RR'));

REM Create Bursar
Insert into RICE.KRIM_ENTITY_T (ENTITY_ID,OBJ_ID,VER_NBR,ACTV_IND,LAST_UPDT_DT) values ('KSAE10003','b4e711b6-1448-49cc-8917-a3b2d3e12178',1,'Y',to_date('19-JUN-13','DD-MON-RR'));
Insert into RICE.KRIM_PRNCPL_T (PRNCPL_ID,OBJ_ID,VER_NBR,PRNCPL_NM,ENTITY_ID,PRNCPL_PSWD,ACTV_IND,LAST_UPDT_DT) values ('KSAPR10003','82d4f138-808a-4ba1-87f1-b17c3888c485',1,'bursar','KSAE10003','bursar123','Y',to_date('19-JUN-13','DD-MON-RR'));
Insert into RICE.KRIM_ENTITY_ENT_TYP_T (ENT_TYP_CD,ENTITY_ID,OBJ_ID,VER_NBR,ACTV_IND,LAST_UPDT_DT) values ('PERSON','KSAE10003','aec424fa-de1d-40cf-a8d3-47c8691ae5f0',1,'Y',to_date('19-JUN-13','DD-MON-RR'));
Insert into RICE.KRIM_ENTITY_AFLTN_T (ENTITY_AFLTN_ID,OBJ_ID,VER_NBR,ENTITY_ID,AFLTN_TYP_CD,CAMPUS_CD,DFLT_IND,ACTV_IND,LAST_UPDT_DT) values ('KSAEA10003','f64b2764-1c3d-46c0-b762-e717abcbfb84',1,'KSAE10003','FCLTY','BL','Y','Y',to_date('19-JUN-13','DD-MON-RR'));
Insert into RICE.KRIM_ENTITY_EMP_INFO_T (ENTITY_EMP_ID,OBJ_ID,VER_NBR,ENTITY_ID,ENTITY_AFLTN_ID,EMP_STAT_CD,EMP_TYP_CD,BASE_SLRY_AMT,PRMRY_IND,ACTV_IND,LAST_UPDT_DT,PRMRY_DEPT_CD,EMP_ID,EMP_REC_ID) values ('KSAEI10003','f2cc1979-13fb-42e2-860e-5d3d8883c599',1,'KSAE10003','KSAEA10003','A','P',100000,'Y','Y',to_date('19-JUN-13','DD-MON-RR'),null,'1000003','1');
Insert into RICE.KRIM_ENTITY_NM_T (ENTITY_NM_ID,OBJ_ID,VER_NBR,ENTITY_ID,NM_TYP_CD,FIRST_NM,MIDDLE_NM,LAST_NM,SUFFIX_NM,PREFIX_NM,DFLT_IND,ACTV_IND,LAST_UPDT_DT,TITLE_NM,NOTE_MSG,NM_CHNG_DT) values ('KSAEN10003','78aca9fa-9cc9-4b14-ae8f-da5ed0276f16',1,'KSAE10003','PRM','Ida',null,'Bozwumon',null,'Mrs','Y','Y',to_date('19-JUN-13','DD-MON-RR'),null,null,null);
Insert into RICE.KRIM_ENTITY_PRIV_PREF_T (ENTITY_ID,OBJ_ID,VER_NBR,SUPPRESS_NM_IND,SUPPRESS_EMAIL_IND,SUPPRESS_ADDR_IND,SUPPRESS_PHONE_IND,SUPPRESS_PRSNL_IND,LAST_UPDT_DT) values ('KSAE10003','c12aa6ea-a50f-42f1-a308-56c6fd6e0ae2',1,'N','N','N','N','N',to_date('19-JUN-13','DD-MON-RR'));

REM Add KSA users to roles
Insert into RICE.KRIM_ROLE_MBR_T (ROLE_MBR_ID,VER_NBR,OBJ_ID,ROLE_ID,MBR_ID,MBR_TYP_CD,ACTV_FRM_DT,ACTV_TO_DT,LAST_UPDT_DT) values ('KSARM10003',1,'3E4528BC-5414-4496-8206-5CB7DD5E8D8B','KSAR10003','bursar','P',null,null,to_date('06-NOV-12','DD-MON-RR'));
Insert into RICE.KRIM_ROLE_MBR_T (ROLE_MBR_ID,VER_NBR,OBJ_ID,ROLE_ID,MBR_ID,MBR_TYP_CD,ACTV_FRM_DT,ACTV_TO_DT,LAST_UPDT_DT) values ('KSARM10013',1,'3E4528BC-5414-4496-8206-5CB7DD5E8D8C','KSAR10003','KSAE10003','P',null,null,to_date('06-NOV-12','DD-MON-RR'));

REM Create department liason
Insert into RICE.KRIM_ENTITY_T (ENTITY_ID,OBJ_ID,VER_NBR,ACTV_IND,LAST_UPDT_DT) values ('KSAE10004','43B24A0B-6DE6-46A2-B80F-8D318B557C1E',1,'Y',to_date('19-JUN-13','DD-MON-RR'));
Insert into RICE.KRIM_PRNCPL_T (PRNCPL_ID,OBJ_ID,VER_NBR,PRNCPL_NM,ENTITY_ID,PRNCPL_PSWD,ACTV_IND,LAST_UPDT_DT) values ('KSAP10004','95DAE684-1689-45ED-B193-4F76441F8258',1,'deptliason','KSAE10004','deptliason123','Y',to_date('19-JUN-13','DD-MON-RR'));
Insert into RICE.KRIM_ENTITY_ENT_TYP_T (ENT_TYP_CD,ENTITY_ID,OBJ_ID,VER_NBR,ACTV_IND,LAST_UPDT_DT) values ('PERSON','KSAE10004','8B679268-2E1B-44C7-A784-A4FA153135EB',1,'Y',to_date('19-JUN-13','DD-MON-RR'));
Insert into RICE.KRIM_ENTITY_AFLTN_T (ENTITY_AFLTN_ID,OBJ_ID,VER_NBR,ENTITY_ID,AFLTN_TYP_CD,CAMPUS_CD,DFLT_IND,ACTV_IND,LAST_UPDT_DT) values ('KSAEA10004','AC4186F1-DA59-4196-83CC-BA5F153C0A9A',1,'KSAE10004','FCLTY','BL','Y','Y',to_date('19-JUN-13','DD-MON-RR'));
Insert into RICE.KRIM_ENTITY_EMP_INFO_T (ENTITY_EMP_ID,OBJ_ID,VER_NBR,ENTITY_ID,ENTITY_AFLTN_ID,EMP_STAT_CD,EMP_TYP_CD,BASE_SLRY_AMT,PRMRY_IND,ACTV_IND,LAST_UPDT_DT,PRMRY_DEPT_CD,EMP_ID,EMP_REC_ID) values ('KSAEI10004','0E3A8B89-0C00-44B6-8A9B-6721ADBE7068',1,'KSAE10004','KSAEA10004','A','P',100000,'Y','Y',to_date('19-JUN-13','DD-MON-RR'),null,'1000002','1');
Insert into RICE.KRIM_ENTITY_NM_T (ENTITY_NM_ID,OBJ_ID,VER_NBR,ENTITY_ID,NM_TYP_CD,FIRST_NM,MIDDLE_NM,LAST_NM,SUFFIX_NM,PREFIX_NM,DFLT_IND,ACTV_IND,LAST_UPDT_DT,TITLE_NM,NOTE_MSG,NM_CHNG_DT) values ('KSAEN10004','5CC69CD4-28C1-4C10-80C3-019F6CD98800',1,'KSAE10004','PRM','David','N','Tennant',null,'Sir','Y','Y',to_date('19-JUN-13','DD-MON-RR'),null,null,null);
Insert into RICE.KRIM_ENTITY_PRIV_PREF_T (ENTITY_ID,OBJ_ID,VER_NBR,SUPPRESS_NM_IND,SUPPRESS_EMAIL_IND,SUPPRESS_ADDR_IND,SUPPRESS_PHONE_IND,SUPPRESS_PRSNL_IND,LAST_UPDT_DT) values ('KSAE10004','9B30998E-A078-4B19-8C09-A4E6E349A22D',1,'N','N','N','N','N',to_date('19-JUN-13','DD-MON-RR'));

REM Add KSA users to roles
Insert into RICE.KRIM_ROLE_MBR_T (ROLE_MBR_ID,VER_NBR,OBJ_ID,ROLE_ID,MBR_ID,MBR_TYP_CD,ACTV_FRM_DT,ACTV_TO_DT,LAST_UPDT_DT) values ('KSARM10004',1,'FCA5D704-5F40-49F2-AA7B-B6096BC28E2F','KSAR10004','deptliason','P',null,null,to_date('06-NOV-12','DD-MON-RR'));
Insert into RICE.KRIM_ROLE_MBR_T (ROLE_MBR_ID,VER_NBR,OBJ_ID,ROLE_ID,MBR_ID,MBR_TYP_CD,ACTV_FRM_DT,ACTV_TO_DT,LAST_UPDT_DT) values ('KSARM10014',1,'FCA5D704-5F40-49F2-AA7B-B6096BC28E2G','KSAR10004','KSAE10004','P',null,null,to_date('06-NOV-12','DD-MON-RR'));

REM Create CSR
Insert into RICE.KRIM_ENTITY_T (ENTITY_ID,OBJ_ID,VER_NBR,ACTV_IND,LAST_UPDT_DT) values ('KSAE10005','81D3B206-D973-4CF3-AC34-8090281BF080',1,'Y',to_date('19-JUN-13','DD-MON-RR'));
Insert into RICE.KRIM_PRNCPL_T (PRNCPL_ID,OBJ_ID,VER_NBR,PRNCPL_NM,ENTITY_ID,PRNCPL_PSWD,ACTV_IND,LAST_UPDT_DT) values ('KSAP10005','60E9D41A-A515-4E06-AD6B-DE41B0B41EFC',1,'csr','KSAE10005','csr123','Y',to_date('19-JUN-13','DD-MON-RR'));
Insert into RICE.KRIM_ENTITY_ENT_TYP_T (ENT_TYP_CD,ENTITY_ID,OBJ_ID,VER_NBR,ACTV_IND,LAST_UPDT_DT) values ('PERSON','KSAE10005','7F83936E-CC72-42CE-B1D8-143AE503F77B',1,'Y',to_date('19-JUN-13','DD-MON-RR'));
Insert into RICE.KRIM_ENTITY_AFLTN_T (ENTITY_AFLTN_ID,OBJ_ID,VER_NBR,ENTITY_ID,AFLTN_TYP_CD,CAMPUS_CD,DFLT_IND,ACTV_IND,LAST_UPDT_DT) values ('KSAEA10005','948C6F51-6A70-4425-99F1-98F89B3F4BBD',1,'KSAE10005','FCLTY','BL','Y','Y',to_date('19-JUN-13','DD-MON-RR'));
Insert into RICE.KRIM_ENTITY_EMP_INFO_T (ENTITY_EMP_ID,OBJ_ID,VER_NBR,ENTITY_ID,ENTITY_AFLTN_ID,EMP_STAT_CD,EMP_TYP_CD,BASE_SLRY_AMT,PRMRY_IND,ACTV_IND,LAST_UPDT_DT,PRMRY_DEPT_CD,EMP_ID,EMP_REC_ID) values ('KSAEI10005','E3F5D48E-8FD0-4317-A3CF-690A14AFCA8C',1,'KSAE10005','KSAEA10005','A','P',100000,'Y','Y',to_date('19-JUN-13','DD-MON-RR'),null,'1000005','1');
Insert into RICE.KRIM_ENTITY_NM_T (ENTITY_NM_ID,OBJ_ID,VER_NBR,ENTITY_ID,NM_TYP_CD,FIRST_NM,MIDDLE_NM,LAST_NM,SUFFIX_NM,PREFIX_NM,DFLT_IND,ACTV_IND,LAST_UPDT_DT,TITLE_NM,NOTE_MSG,NM_CHNG_DT) values ('KSAEN10005','0AEE7B2C-D09F-4DD0-BDBE-56B92F488946',1,'KSAE10005','PRM','Hal',null,'Kanni-Helfew',null,'Mr','Y','Y',to_date('19-JUN-13','DD-MON-RR'),null,null,null);
Insert into RICE.KRIM_ENTITY_PRIV_PREF_T (ENTITY_ID,OBJ_ID,VER_NBR,SUPPRESS_NM_IND,SUPPRESS_EMAIL_IND,SUPPRESS_ADDR_IND,SUPPRESS_PHONE_IND,SUPPRESS_PRSNL_IND,LAST_UPDT_DT) values ('KSAE10005','F4F768E4-51AF-4D2B-B08C-6D892CF8FBD0',1,'N','N','N','N','N',to_date('19-JUN-13','DD-MON-RR'));

REM Add KSA users to roles
Insert into RICE.KRIM_ROLE_MBR_T (ROLE_MBR_ID,VER_NBR,OBJ_ID,ROLE_ID,MBR_ID,MBR_TYP_CD,ACTV_FRM_DT,ACTV_TO_DT,LAST_UPDT_DT) values ('KSARM10005',1,'805B96E6-731F-4665-9E38-91CC1AC42B90','KSAR10005','csr','P',null,null,to_date('06-NOV-12','DD-MON-RR'));
Insert into RICE.KRIM_ROLE_MBR_T (ROLE_MBR_ID,VER_NBR,OBJ_ID,ROLE_ID,MBR_ID,MBR_TYP_CD,ACTV_FRM_DT,ACTV_TO_DT,LAST_UPDT_DT) values ('KSARM10015',1,'805B96E6-731F-4665-9E38-91CC1AC42B91','KSAR10005','KSAP10005','P',null,null,to_date('06-NOV-12','DD-MON-RR'));

REM Create Cashier
Insert into RICE.KRIM_ENTITY_T (ENTITY_ID,OBJ_ID,VER_NBR,ACTV_IND,LAST_UPDT_DT) values ('KSAE10006','0DF4A320-46F5-4DA1-81B7-F7F3EEA17C06',1,'Y',to_date('19-JUN-13','DD-MON-RR'));
Insert into RICE.KRIM_PRNCPL_T (PRNCPL_ID,OBJ_ID,VER_NBR,PRNCPL_NM,ENTITY_ID,PRNCPL_PSWD,ACTV_IND,LAST_UPDT_DT) values ('KSAP10006','74848871-341A-42F8-957A-55D27B61D81D',1,'cashier','KSAE10006','cashier123','Y',to_date('19-JUN-13','DD-MON-RR'));
Insert into RICE.KRIM_ENTITY_ENT_TYP_T (ENT_TYP_CD,ENTITY_ID,OBJ_ID,VER_NBR,ACTV_IND,LAST_UPDT_DT) values ('PERSON','KSAE10006','C5CF3109-31D7-4A43-BE01-A8D631B058D0',1,'Y',to_date('19-JUN-13','DD-MON-RR'));
Insert into RICE.KRIM_ENTITY_AFLTN_T (ENTITY_AFLTN_ID,OBJ_ID,VER_NBR,ENTITY_ID,AFLTN_TYP_CD,CAMPUS_CD,DFLT_IND,ACTV_IND,LAST_UPDT_DT) values ('KSAEA10006','23A62EC8-7526-4DFD-B48D-2BD2FEDE07DC',1,'KSAE10006','FCLTY','BL','Y','Y',to_date('19-JUN-13','DD-MON-RR'));
Insert into RICE.KRIM_ENTITY_EMP_INFO_T (ENTITY_EMP_ID,OBJ_ID,VER_NBR,ENTITY_ID,ENTITY_AFLTN_ID,EMP_STAT_CD,EMP_TYP_CD,BASE_SLRY_AMT,PRMRY_IND,ACTV_IND,LAST_UPDT_DT,PRMRY_DEPT_CD,EMP_ID,EMP_REC_ID) values ('KSAEI10006','6B4CC47B-DFAC-47E7-B130-90E36A7DE325',1,'KSAE10006','KSAEA10006','A','P',100000,'Y','Y',to_date('19-JUN-13','DD-MON-RR'),null,'1000006','1');
Insert into RICE.KRIM_ENTITY_NM_T (ENTITY_NM_ID,OBJ_ID,VER_NBR,ENTITY_ID,NM_TYP_CD,FIRST_NM,MIDDLE_NM,LAST_NM,SUFFIX_NM,PREFIX_NM,DFLT_IND,ACTV_IND,LAST_UPDT_DT,TITLE_NM,NOTE_MSG,NM_CHNG_DT) values ('KSAEN10006','29485811-6BFA-482C-AF32-CD2E0A36D6FE',1,'KSAE10006','PRM','Missy',null,'Munni',null,'Ms','Y','Y',to_date('19-JUN-13','DD-MON-RR'),null,null,null);
Insert into RICE.KRIM_ENTITY_PRIV_PREF_T (ENTITY_ID,OBJ_ID,VER_NBR,SUPPRESS_NM_IND,SUPPRESS_EMAIL_IND,SUPPRESS_ADDR_IND,SUPPRESS_PHONE_IND,SUPPRESS_PRSNL_IND,LAST_UPDT_DT) values ('KSAE10006','3FD1CFDD-D71C-48F6-A031-0EEE31CF18E5',1,'N','N','N','N','N',to_date('19-JUN-13','DD-MON-RR'));

REM Add KSA users to roles
Insert into RICE.KRIM_ROLE_MBR_T (ROLE_MBR_ID,VER_NBR,OBJ_ID,ROLE_ID,MBR_ID,MBR_TYP_CD,ACTV_FRM_DT,ACTV_TO_DT,LAST_UPDT_DT) values ('KSARM10006',1,'7196F3EF-9429-4CAA-8ECA-656C6B912987','KSAR10006','cashier','P',null,null,to_date('06-NOV-12','DD-MON-RR'));
Insert into RICE.KRIM_ROLE_MBR_T (ROLE_MBR_ID,VER_NBR,OBJ_ID,ROLE_ID,MBR_ID,MBR_TYP_CD,ACTV_FRM_DT,ACTV_TO_DT,LAST_UPDT_DT) values ('KSARM10016',1,'7196F3EF-9429-4CAA-8ECA-656C6B912988','KSAR10006','KSAE10006','P',null,null,to_date('06-NOV-12','DD-MON-RR'));

REM Create Super Cashier
Insert into RICE.KRIM_ENTITY_T (ENTITY_ID,OBJ_ID,VER_NBR,ACTV_IND,LAST_UPDT_DT) values ('KSAE10007','B2209586-80A4-4F31-A0A3-24C192BB214D',1,'Y',to_date('19-JUN-13','DD-MON-RR'));
Insert into RICE.KRIM_PRNCPL_T (PRNCPL_ID,OBJ_ID,VER_NBR,PRNCPL_NM,ENTITY_ID,PRNCPL_PSWD,ACTV_IND,LAST_UPDT_DT) values ('KSAP10007','5252DF7B-B508-4614-8CAE-0A52A342DC96',1,'supercashier','KSAE10006','supercashier123','Y',to_date('19-JUN-13','DD-MON-RR'));
Insert into RICE.KRIM_ENTITY_ENT_TYP_T (ENT_TYP_CD,ENTITY_ID,OBJ_ID,VER_NBR,ACTV_IND,LAST_UPDT_DT) values ('PERSON','KSAE10007','4CDC4184-7E82-450B-82A0-632A0D35572C',1,'Y',to_date('19-JUN-13','DD-MON-RR'));
Insert into RICE.KRIM_ENTITY_AFLTN_T (ENTITY_AFLTN_ID,OBJ_ID,VER_NBR,ENTITY_ID,AFLTN_TYP_CD,CAMPUS_CD,DFLT_IND,ACTV_IND,LAST_UPDT_DT) values ('KSAEA10007','5A2600CF-84FA-4256-BE14-02692045D852',1,'KSAE10007','FCLTY','BL','Y','Y',to_date('19-JUN-13','DD-MON-RR'));
Insert into RICE.KRIM_ENTITY_EMP_INFO_T (ENTITY_EMP_ID,OBJ_ID,VER_NBR,ENTITY_ID,ENTITY_AFLTN_ID,EMP_STAT_CD,EMP_TYP_CD,BASE_SLRY_AMT,PRMRY_IND,ACTV_IND,LAST_UPDT_DT,PRMRY_DEPT_CD,EMP_ID,EMP_REC_ID) values ('KSAEI10007','793F6B10-23FB-4779-AE87-0E1529A50D84',1,'KSAE10007','KSAEA10007','A','P',100000,'Y','Y',to_date('19-JUN-13','DD-MON-RR'),null,'1000006','1');
Insert into RICE.KRIM_ENTITY_NM_T (ENTITY_NM_ID,OBJ_ID,VER_NBR,ENTITY_ID,NM_TYP_CD,FIRST_NM,MIDDLE_NM,LAST_NM,SUFFIX_NM,PREFIX_NM,DFLT_IND,ACTV_IND,LAST_UPDT_DT,TITLE_NM,NOTE_MSG,NM_CHNG_DT) values ('KSAEN10007','F6BCBDE2-7E58-4792-A832-FB9350733764',1,'KSAE10007','PRM','Bill',null,'Peymaster',null,'Mr','Y','Y',to_date('19-JUN-13','DD-MON-RR'),null,null,null);
Insert into RICE.KRIM_ENTITY_PRIV_PREF_T (ENTITY_ID,OBJ_ID,VER_NBR,SUPPRESS_NM_IND,SUPPRESS_EMAIL_IND,SUPPRESS_ADDR_IND,SUPPRESS_PHONE_IND,SUPPRESS_PRSNL_IND,LAST_UPDT_DT) values ('KSAE10007','71CEF603-2518-421A-9697-862CF7B36077',1,'N','N','N','N','N',to_date('19-JUN-13','DD-MON-RR'));

REM Add KSA users to roles
Insert into RICE.KRIM_ROLE_MBR_T (ROLE_MBR_ID,VER_NBR,OBJ_ID,ROLE_ID,MBR_ID,MBR_TYP_CD,ACTV_FRM_DT,ACTV_TO_DT,LAST_UPDT_DT) values ('KSARM10007',1,'19E2F970-183E-4298-B082-A977DBC01A26','KSAR10007','supercashier','P',null,null,to_date('06-NOV-12','DD-MON-RR'));
Insert into RICE.KRIM_ROLE_MBR_T (ROLE_MBR_ID,VER_NBR,OBJ_ID,ROLE_ID,MBR_ID,MBR_TYP_CD,ACTV_FRM_DT,ACTV_TO_DT,LAST_UPDT_DT) values ('KSARM10017',1,'19E2F970-183E-4298-B082-A977DBC01A27','KSAR10007','KSAE10007','P',null,null,to_date('06-NOV-12','DD-MON-RR'));

