--------------------------------------------------------
--  File created - Tuesday-June-18-2013   
--------------------------------------------------------

DROP TABLE "BK_BOOK_T" cascade constraints;
DROP TABLE "BK_BOOK_TYP_T" cascade constraints;
DROP TABLE "BK_ORDER_DOC_T" cascade constraints;
DROP TABLE "BK_ORDER_ENTRY_T" cascade constraints;
DROP TABLE "KRAD_MSG_T" cascade constraints;
DROP TABLE "KRCR_CMPNT_SET_T" cascade constraints;
DROP TABLE "KRCR_CMPNT_T" cascade constraints;
DROP TABLE "KRCR_DRVD_CMPNT_T" cascade constraints;
DROP TABLE "KRCR_NMSPC_T" cascade constraints;
DROP TABLE "KRCR_PARM_T" cascade constraints;
DROP TABLE "KRCR_PARM_TYP_T" cascade constraints;
DROP TABLE "KRCR_STYLE_T" cascade constraints;
DROP TABLE "KREN_CHNL_PRODCR_T" cascade constraints;
DROP TABLE "KREN_CHNL_SUBSCRP_T" cascade constraints;
DROP TABLE "KREN_CHNL_T" cascade constraints;
DROP TABLE "KREN_CNTNT_TYP_T" cascade constraints;
DROP TABLE "KREN_MSG_DELIV_T" cascade constraints;
DROP TABLE "KREN_MSG_T" cascade constraints;
DROP TABLE "KREN_NTFCTN_MSG_DELIV_T" cascade constraints;
DROP TABLE "KREN_NTFCTN_T" cascade constraints;
DROP TABLE "KREN_PRIO_T" cascade constraints;
DROP TABLE "KREN_PRODCR_T" cascade constraints;
DROP TABLE "KREN_RECIP_DELIV_T" cascade constraints;
DROP TABLE "KREN_RECIP_LIST_T" cascade constraints;
DROP TABLE "KREN_RECIP_PREFS_T" cascade constraints;
DROP TABLE "KREN_RECIP_T" cascade constraints;
DROP TABLE "KREN_RVWER_T" cascade constraints;
DROP TABLE "KREN_SNDR_T" cascade constraints;
DROP TABLE "KREW_ACTN_ITM_T" cascade constraints;
DROP TABLE "KREW_ACTN_RQST_T" cascade constraints;
DROP TABLE "KREW_ACTN_TKN_T" cascade constraints;
DROP TABLE "KREW_APP_DOC_STAT_TRAN_T" cascade constraints;
DROP TABLE "KREW_ATTR_DEFN_T" cascade constraints;
DROP TABLE "KREW_ATT_T" cascade constraints;
DROP TABLE "KREW_DLGN_RSP_T" cascade constraints;
DROP TABLE "KREW_DOC_HDR_CNTNT_T" cascade constraints;
DROP TABLE "KREW_DOC_HDR_EXT_DT_T" cascade constraints;
DROP TABLE "KREW_DOC_HDR_EXT_FLT_T" cascade constraints;
DROP TABLE "KREW_DOC_HDR_EXT_LONG_T" cascade constraints;
DROP TABLE "KREW_DOC_HDR_EXT_T" cascade constraints;
DROP TABLE "KREW_DOC_HDR_T" cascade constraints;
DROP TABLE "KREW_DOC_LNK_T" cascade constraints;
DROP TABLE "KREW_DOC_NTE_T" cascade constraints;
DROP TABLE "KREW_DOC_TYP_APP_DOC_STAT_T" cascade constraints;
DROP TABLE "KREW_DOC_TYP_APP_STAT_CAT_T" cascade constraints;
DROP TABLE "KREW_DOC_TYP_ATTR_T" cascade constraints;
DROP TABLE "KREW_DOC_TYP_PLCY_RELN_T" cascade constraints;
DROP TABLE "KREW_DOC_TYP_PROC_T" cascade constraints;
DROP TABLE "KREW_DOC_TYP_T" cascade constraints;
DROP TABLE "KREW_EDL_ASSCTN_T" cascade constraints;
DROP TABLE "KREW_EDL_DEF_T" cascade constraints;
DROP TABLE "KREW_EDL_DMP_T" cascade constraints;
DROP TABLE "KREW_EDL_FLD_DMP_T" cascade constraints;
DROP TABLE "KREW_HLP_T" cascade constraints;
DROP TABLE "KREW_INIT_RTE_NODE_INSTN_T" cascade constraints;
DROP TABLE "KREW_OUT_BOX_ITM_T" cascade constraints;
DROP TABLE "KREW_PPL_FLW_ATTR_T" cascade constraints;
DROP TABLE "KREW_PPL_FLW_DLGT_T" cascade constraints;
DROP TABLE "KREW_PPL_FLW_MBR_T" cascade constraints;
DROP TABLE "KREW_PPL_FLW_T" cascade constraints;
DROP TABLE "KREW_RTE_BRCH_PROTO_T" cascade constraints;
DROP TABLE "KREW_RTE_BRCH_ST_T" cascade constraints;
DROP TABLE "KREW_RTE_BRCH_T" cascade constraints;
DROP TABLE "KREW_RTE_NODE_CFG_PARM_T" cascade constraints;
DROP TABLE "KREW_RTE_NODE_INSTN_LNK_T" cascade constraints;
DROP TABLE "KREW_RTE_NODE_INSTN_ST_T" cascade constraints;
DROP TABLE "KREW_RTE_NODE_INSTN_T" cascade constraints;
DROP TABLE "KREW_RTE_NODE_LNK_T" cascade constraints;
DROP TABLE "KREW_RTE_NODE_T" cascade constraints;
DROP TABLE "KREW_RULE_ATTR_T" cascade constraints;
DROP TABLE "KREW_RULE_EXPR_T" cascade constraints;
DROP TABLE "KREW_RULE_EXT_T" cascade constraints;
DROP TABLE "KREW_RULE_EXT_VAL_T" cascade constraints;
DROP TABLE "KREW_RULE_RSP_T" cascade constraints;
DROP TABLE "KREW_RULE_T" cascade constraints;
DROP TABLE "KREW_RULE_TMPL_ATTR_T" cascade constraints;
DROP TABLE "KREW_RULE_TMPL_OPTN_T" cascade constraints;
DROP TABLE "KREW_RULE_TMPL_T" cascade constraints;
DROP TABLE "KREW_TYP_ATTR_T" cascade constraints;
DROP TABLE "KREW_TYP_T" cascade constraints;
DROP TABLE "KREW_USR_OPTN_T" cascade constraints;
DROP TABLE "KRIM_ADDR_TYP_T" cascade constraints;
DROP TABLE "KRIM_AFLTN_TYP_T" cascade constraints;
DROP TABLE "KRIM_ATTR_DEFN_T" cascade constraints;
DROP TABLE "KRIM_CTZNSHP_STAT_T" cascade constraints;
DROP TABLE "KRIM_DLGN_MBR_ATTR_DATA_T" cascade constraints;
DROP TABLE "KRIM_DLGN_MBR_T" cascade constraints;
DROP TABLE "KRIM_DLGN_T" cascade constraints;
DROP TABLE "KRIM_EMAIL_TYP_T" cascade constraints;
DROP TABLE "KRIM_EMP_STAT_T" cascade constraints;
DROP TABLE "KRIM_EMP_TYP_T" cascade constraints;
DROP TABLE "KRIM_ENTITY_ADDR_T" cascade constraints;
DROP TABLE "KRIM_ENTITY_AFLTN_T" cascade constraints;
DROP TABLE "KRIM_ENTITY_BIO_T" cascade constraints;
DROP TABLE "KRIM_ENTITY_CACHE_T" cascade constraints;
DROP TABLE "KRIM_ENTITY_CTZNSHP_T" cascade constraints;
DROP TABLE "KRIM_ENTITY_EMAIL_T" cascade constraints;
DROP TABLE "KRIM_ENTITY_EMP_INFO_T" cascade constraints;
DROP TABLE "KRIM_ENTITY_ENT_TYP_T" cascade constraints;
DROP TABLE "KRIM_ENTITY_ETHNIC_T" cascade constraints;
DROP TABLE "KRIM_ENTITY_EXT_ID_T" cascade constraints;
DROP TABLE "KRIM_ENTITY_NM_T" cascade constraints;
DROP TABLE "KRIM_ENTITY_PHONE_T" cascade constraints;
DROP TABLE "KRIM_ENTITY_PRIV_PREF_T" cascade constraints;
DROP TABLE "KRIM_ENTITY_RESIDENCY_T" cascade constraints;
DROP TABLE "KRIM_ENTITY_T" cascade constraints;
DROP TABLE "KRIM_ENTITY_VISA_T" cascade constraints;
DROP TABLE "KRIM_ENT_NM_TYP_T" cascade constraints;
DROP TABLE "KRIM_ENT_TYP_T" cascade constraints;
DROP TABLE "KRIM_EXT_ID_TYP_T" cascade constraints;
DROP TABLE "KRIM_GRP_ATTR_DATA_T" cascade constraints;
DROP TABLE "KRIM_GRP_DOCUMENT_T" cascade constraints;
DROP TABLE "KRIM_GRP_MBR_T" cascade constraints;
DROP TABLE "KRIM_GRP_T" cascade constraints;
DROP TABLE "KRIM_PERM_ATTR_DATA_T" cascade constraints;
DROP TABLE "KRIM_PERM_T" cascade constraints;
DROP TABLE "KRIM_PERM_TMPL_T" cascade constraints;
DROP TABLE "KRIM_PERSON_DOCUMENT_T" cascade constraints;
DROP TABLE "KRIM_PHONE_TYP_T" cascade constraints;
DROP TABLE "KRIM_PND_ADDR_MT" cascade constraints;
DROP TABLE "KRIM_PND_AFLTN_MT" cascade constraints;
DROP TABLE "KRIM_PND_CTZNSHP_MT" cascade constraints;
DROP TABLE "KRIM_PND_DLGN_MBR_ATTR_DATA_T" cascade constraints;
DROP TABLE "KRIM_PND_DLGN_MBR_T" cascade constraints;
DROP TABLE "KRIM_PND_DLGN_T" cascade constraints;
DROP TABLE "KRIM_PND_EMAIL_MT" cascade constraints;
DROP TABLE "KRIM_PND_EMP_INFO_MT" cascade constraints;
DROP TABLE "KRIM_PND_GRP_ATTR_DATA_T" cascade constraints;
DROP TABLE "KRIM_PND_GRP_MBR_T" cascade constraints;
DROP TABLE "KRIM_PND_GRP_PRNCPL_MT" cascade constraints;
DROP TABLE "KRIM_PND_NM_MT" cascade constraints;
DROP TABLE "KRIM_PND_PHONE_MT" cascade constraints;
DROP TABLE "KRIM_PND_PRIV_PREF_MT" cascade constraints;
DROP TABLE "KRIM_PND_ROLE_MBR_ATTR_DATA_MT" cascade constraints;
DROP TABLE "KRIM_PND_ROLE_MBR_MT" cascade constraints;
DROP TABLE "KRIM_PND_ROLE_MT" cascade constraints;
DROP TABLE "KRIM_PND_ROLE_PERM_T" cascade constraints;
DROP TABLE "KRIM_PND_ROLE_RSP_ACTN_MT" cascade constraints;
DROP TABLE "KRIM_PND_ROLE_RSP_T" cascade constraints;
DROP TABLE "KRIM_PRNCPL_T" cascade constraints;
DROP TABLE "KRIM_ROLE_DOCUMENT_T" cascade constraints;
DROP TABLE "KRIM_ROLE_MBR_ATTR_DATA_T" cascade constraints;
DROP TABLE "KRIM_ROLE_MBR_T" cascade constraints;
DROP TABLE "KRIM_ROLE_PERM_T" cascade constraints;
DROP TABLE "KRIM_ROLE_RSP_ACTN_T" cascade constraints;
DROP TABLE "KRIM_ROLE_RSP_T" cascade constraints;
DROP TABLE "KRIM_ROLE_T" cascade constraints;
DROP TABLE "KRIM_RSP_ATTR_DATA_T" cascade constraints;
DROP TABLE "KRIM_RSP_T" cascade constraints;
DROP TABLE "KRIM_RSP_TMPL_T" cascade constraints;
DROP TABLE "KRIM_TYP_ATTR_T" cascade constraints;
DROP TABLE "KRIM_TYP_T" cascade constraints;
DROP TABLE "KRLC_CMP_T" cascade constraints;
DROP TABLE "KRLC_CMP_TYP_T" cascade constraints;
DROP TABLE "KRLC_CNTRY_T" cascade constraints;
DROP TABLE "KRLC_CNTY_T" cascade constraints;
DROP TABLE "KRLC_PSTL_CD_T" cascade constraints;
DROP TABLE "KRLC_ST_T" cascade constraints;
DROP TABLE "KRMS_ACTN_ATTR_T" cascade constraints;
DROP TABLE "KRMS_ACTN_T" cascade constraints;
DROP TABLE "KRMS_AGENDA_ATTR_T" cascade constraints;
DROP TABLE "KRMS_AGENDA_ITM_T" cascade constraints;
DROP TABLE "KRMS_AGENDA_T" cascade constraints;
DROP TABLE "KRMS_ATTR_DEFN_T" cascade constraints;
DROP TABLE "KRMS_CMPND_PROP_PROPS_T" cascade constraints;
DROP TABLE "KRMS_CNTXT_ATTR_T" cascade constraints;
DROP TABLE "KRMS_CNTXT_T" cascade constraints;
DROP TABLE "KRMS_CNTXT_VLD_ACTN_TYP_T" cascade constraints;
DROP TABLE "KRMS_CNTXT_VLD_AGENDA_TYP_T" cascade constraints;
DROP TABLE "KRMS_CNTXT_VLD_FUNC_T" cascade constraints;
DROP TABLE "KRMS_CNTXT_VLD_RULE_TYP_T" cascade constraints;
DROP TABLE "KRMS_CNTXT_VLD_TERM_SPEC_T" cascade constraints;
DROP TABLE "KRMS_CTGRY_T" cascade constraints;
DROP TABLE "KRMS_FUNC_CTGRY_T" cascade constraints;
DROP TABLE "KRMS_FUNC_PARM_T" cascade constraints;
DROP TABLE "KRMS_FUNC_T" cascade constraints;
DROP TABLE "KRMS_NL_TMPL_ATTR_T" cascade constraints;
DROP TABLE "KRMS_NL_TMPL_T" cascade constraints;
DROP TABLE "KRMS_NL_USAGE_ATTR_T" cascade constraints;
DROP TABLE "KRMS_NL_USAGE_T" cascade constraints;
DROP TABLE "KRMS_PROP_PARM_T" cascade constraints;
DROP TABLE "KRMS_PROP_T" cascade constraints;
DROP TABLE "KRMS_REF_OBJ_KRMS_OBJ_T" cascade constraints;
DROP TABLE "KRMS_RULE_ATTR_T" cascade constraints;
DROP TABLE "KRMS_RULE_T" cascade constraints;
DROP TABLE "KRMS_TERM_PARM_T" cascade constraints;
DROP TABLE "KRMS_TERM_RSLVR_ATTR_T" cascade constraints;
DROP TABLE "KRMS_TERM_RSLVR_INPUT_SPEC_T" cascade constraints;
DROP TABLE "KRMS_TERM_RSLVR_PARM_SPEC_T" cascade constraints;
DROP TABLE "KRMS_TERM_RSLVR_T" cascade constraints;
DROP TABLE "KRMS_TERM_SPEC_CTGRY_T" cascade constraints;
DROP TABLE "KRMS_TERM_SPEC_T" cascade constraints;
DROP TABLE "KRMS_TERM_T" cascade constraints;
DROP TABLE "KRMS_TYP_ATTR_T" cascade constraints;
DROP TABLE "KRMS_TYP_RELN_T" cascade constraints;
DROP TABLE "KRMS_TYP_T" cascade constraints;
DROP TABLE "KRNS_ADHOC_RTE_ACTN_RECIP_T" cascade constraints;
DROP TABLE "KRNS_ATT_T" cascade constraints;
DROP TABLE "KRNS_DOC_HDR_T" cascade constraints;
DROP TABLE "KRNS_LOOKUP_RSLT_T" cascade constraints;
DROP TABLE "KRNS_LOOKUP_SEL_T" cascade constraints;
DROP TABLE "KRNS_MAINT_DOC_ATT_LST_T" cascade constraints;
DROP TABLE "KRNS_MAINT_DOC_ATT_T" cascade constraints;
DROP TABLE "KRNS_MAINT_DOC_T" cascade constraints;
DROP TABLE "KRNS_MAINT_LOCK_T" cascade constraints;
DROP TABLE "KRNS_NTE_T" cascade constraints;
DROP TABLE "KRNS_NTE_TYP_T" cascade constraints;
DROP TABLE "KRNS_PESSIMISTIC_LOCK_T" cascade constraints;
DROP TABLE "KRNS_SESN_DOC_T" cascade constraints;
DROP TABLE "KRSB_BAM_PARM_T" cascade constraints;
DROP TABLE "KRSB_BAM_T" cascade constraints;
DROP TABLE "KRSB_MSG_PYLD_T" cascade constraints;
DROP TABLE "KRSB_MSG_QUE_T" cascade constraints;
DROP TABLE "KRSB_QRTZ_BLOB_TRIGGERS" cascade constraints;
DROP TABLE "KRSB_QRTZ_CALENDARS" cascade constraints;
DROP TABLE "KRSB_QRTZ_CRON_TRIGGERS" cascade constraints;
DROP TABLE "KRSB_QRTZ_FIRED_TRIGGERS" cascade constraints;
DROP TABLE "KRSB_QRTZ_JOB_DETAILS" cascade constraints;
DROP TABLE "KRSB_QRTZ_JOB_LISTENERS" cascade constraints;
DROP TABLE "KRSB_QRTZ_LOCKS" cascade constraints;
DROP TABLE "KRSB_QRTZ_PAUSED_TRIGGER_GRPS" cascade constraints;
DROP TABLE "KRSB_QRTZ_SCHEDULER_STATE" cascade constraints;
DROP TABLE "KRSB_QRTZ_SIMPLE_TRIGGERS" cascade constraints;
DROP TABLE "KRSB_QRTZ_TRIGGERS" cascade constraints;
DROP TABLE "KRSB_QRTZ_TRIGGER_LISTENERS" cascade constraints;
DROP TABLE "KRSB_SVC_DEF_T" cascade constraints;
DROP TABLE "KRSB_SVC_DSCRPTR_T" cascade constraints;
DROP TABLE "KR_KIM_TEST_BO" cascade constraints;
DROP TABLE "TRAV_DOC_2_ACCOUNTS" cascade constraints;
DROP TABLE "TRVL_AUTH_DOC_T" cascade constraints;
DROP TABLE "TRVL_PER_DIEM_T" cascade constraints;
DROP TABLE "TRVL_TRIP_TYP_T" cascade constraints;
DROP TABLE "TRV_ACCT" cascade constraints;
DROP TABLE "TRV_ACCT_EXT" cascade constraints;
DROP TABLE "TRV_ACCT_FO" cascade constraints;
DROP TABLE "TRV_ACCT_TYPE" cascade constraints;
DROP TABLE "TRV_ACCT_USE_RT_T" cascade constraints;
DROP TABLE "TRV_ATT_SAMPLE" cascade constraints;
DROP TABLE "TRV_DOC_2" cascade constraints;
DROP TABLE "TRV_DOC_ACCT" cascade constraints;
DROP TABLE "TRV_MULTI_ATT_SAMPLE" cascade constraints;
DROP TABLE "TST_SEARCH_ATTR_INDX_TST_DOC_T" cascade constraints;
DROP SEQUENCE "BK_ADDRESS_ID_S";
DROP SEQUENCE "BK_AUTHOR_ID_S";
DROP SEQUENCE "BK_BOOK_ID_S";
DROP SEQUENCE "BK_ORDER_ENTRY_S";
DROP SEQUENCE "KREN_CHNL_S";
DROP SEQUENCE "KREN_CHNL_SUBSCRP_S";
DROP SEQUENCE "KREN_CNTNT_TYP_S";
DROP SEQUENCE "KREN_MSG_DELIV_S";
DROP SEQUENCE "KREN_MSG_S";
DROP SEQUENCE "KREN_NTFCTN_MSG_DELIV_S";
DROP SEQUENCE "KREN_NTFCTN_S";
DROP SEQUENCE "KREN_PRIO_S";
DROP SEQUENCE "KREN_PRODCR_S";
DROP SEQUENCE "KREN_RECIP_DELIV_S";
DROP SEQUENCE "KREN_RECIP_LIST_S";
DROP SEQUENCE "KREN_RECIP_PREF_S";
DROP SEQUENCE "KREN_RECIP_S";
DROP SEQUENCE "KREN_RVWER_S";
DROP SEQUENCE "KREN_SNDR_S";
DROP SEQUENCE "KREW_ACTN_ITM_S";
DROP SEQUENCE "KREW_ACTN_LIST_OPTN_S";
DROP SEQUENCE "KREW_ACTN_RQST_S";
DROP SEQUENCE "KREW_ACTN_TKN_S";
DROP SEQUENCE "KREW_ATTR_DEFN_S";
DROP SEQUENCE "KREW_DOC_HDR_S";
DROP SEQUENCE "KREW_DOC_LNK_S";
DROP SEQUENCE "KREW_DOC_NTE_S";
DROP SEQUENCE "KREW_DOC_TYP_ATTR_S";
DROP SEQUENCE "KREW_EDL_FLD_DMP_S";
DROP SEQUENCE "KREW_EDL_S";
DROP SEQUENCE "KREW_HLP_S";
DROP SEQUENCE "KREW_OUT_BOX_ITM_S";
DROP SEQUENCE "KREW_PPL_FLW_ATTR_S";
DROP SEQUENCE "KREW_PPL_FLW_DLGT_S";
DROP SEQUENCE "KREW_PPL_FLW_MBR_S";
DROP SEQUENCE "KREW_PPL_FLW_S";
DROP SEQUENCE "KREW_RSP_S";
DROP SEQUENCE "KREW_RTE_NODE_CFG_PARM_S";
DROP SEQUENCE "KREW_RTE_NODE_S";
DROP SEQUENCE "KREW_RTE_TMPL_S";
DROP SEQUENCE "KREW_RULE_EXPR_S";
DROP SEQUENCE "KREW_RULE_TMPL_OPTN_S";
DROP SEQUENCE "KREW_SRCH_ATTR_S";
DROP SEQUENCE "KREW_TYP_ATTR_S";
DROP SEQUENCE "KREW_TYP_S";
DROP SEQUENCE "KREW_USR_S";
DROP SEQUENCE "KRIM_ATTR_DATA_ID_S";
DROP SEQUENCE "KRIM_ATTR_DEFN_ID_S";
DROP SEQUENCE "KRIM_DLGN_ID_S";
DROP SEQUENCE "KRIM_DLGN_MBR_ID_S";
DROP SEQUENCE "KRIM_ENTITY_ADDR_ID_S";
DROP SEQUENCE "KRIM_ENTITY_AFLTN_ID_S";
DROP SEQUENCE "KRIM_ENTITY_CTZNSHP_ID_S";
DROP SEQUENCE "KRIM_ENTITY_EMAIL_ID_S";
DROP SEQUENCE "KRIM_ENTITY_EMP_ID_S";
DROP SEQUENCE "KRIM_ENTITY_ETHNIC_ID_S";
DROP SEQUENCE "KRIM_ENTITY_EXT_ID_ID_S";
DROP SEQUENCE "KRIM_ENTITY_ID_S";
DROP SEQUENCE "KRIM_ENTITY_NM_ID_S";
DROP SEQUENCE "KRIM_ENTITY_PHONE_ID_S";
DROP SEQUENCE "KRIM_ENTITY_RESIDENCY_ID_S";
DROP SEQUENCE "KRIM_ENTITY_VISA_ID_S";
DROP SEQUENCE "KRIM_GRP_ATTR_DATA_ID_S";
DROP SEQUENCE "KRIM_GRP_ID_S";
DROP SEQUENCE "KRIM_GRP_MBR_ID_S";
DROP SEQUENCE "KRIM_PERM_ID_S";
DROP SEQUENCE "KRIM_PERM_RQRD_ATTR_ID_S";
DROP SEQUENCE "KRIM_PERM_TMPL_ID_S";
DROP SEQUENCE "KRIM_PRNCPL_ID_S";
DROP SEQUENCE "KRIM_ROLE_ID_S";
DROP SEQUENCE "KRIM_ROLE_MBR_ID_S";
DROP SEQUENCE "KRIM_ROLE_PERM_ID_S";
DROP SEQUENCE "KRIM_ROLE_RSP_ACTN_ID_S";
DROP SEQUENCE "KRIM_ROLE_RSP_ID_S";
DROP SEQUENCE "KRIM_RSP_ID_S";
DROP SEQUENCE "KRIM_RSP_RQRD_ATTR_ID_S";
DROP SEQUENCE "KRIM_RSP_TMPL_ID_S";
DROP SEQUENCE "KRIM_TYP_ATTR_ID_S";
DROP SEQUENCE "KRIM_TYP_ID_S";
DROP SEQUENCE "KRMS_ACTN_ATTR_S";
DROP SEQUENCE "KRMS_ACTN_S";
DROP SEQUENCE "KRMS_AGENDA_ATTR_S";
DROP SEQUENCE "KRMS_AGENDA_ITM_S";
DROP SEQUENCE "KRMS_AGENDA_S";
DROP SEQUENCE "KRMS_ATTR_DEFN_S";
DROP SEQUENCE "KRMS_CMPND_PROP_PROPS_S";
DROP SEQUENCE "KRMS_CNTXT_ATTR_S";
DROP SEQUENCE "KRMS_CNTXT_S";
DROP SEQUENCE "KRMS_CNTXT_TERM_SPEC_PREREQ_S";
DROP SEQUENCE "KRMS_CNTXT_VLD_ACTN_TYP_S";
DROP SEQUENCE "KRMS_CNTXT_VLD_AGENDA_TYP_S";
DROP SEQUENCE "KRMS_CNTXT_VLD_FUNC_S";
DROP SEQUENCE "KRMS_CNTXT_VLD_RULE_TYP_S";
DROP SEQUENCE "KRMS_CNTXT_VLD_TERM_SPEC_S";
DROP SEQUENCE "KRMS_CTGRY_S";
DROP SEQUENCE "KRMS_FUNC_PARM_S";
DROP SEQUENCE "KRMS_FUNC_S";
DROP SEQUENCE "KRMS_NL_TMPL_ATTR_S";
DROP SEQUENCE "KRMS_NL_TMPL_S";
DROP SEQUENCE "KRMS_NL_USAGE_ATTR_S";
DROP SEQUENCE "KRMS_NL_USAGE_S";
DROP SEQUENCE "KRMS_PROP_PARM_S";
DROP SEQUENCE "KRMS_PROP_S";
DROP SEQUENCE "KRMS_REF_OBJ_KRMS_OBJ_S";
DROP SEQUENCE "KRMS_RULE_ATTR_S";
DROP SEQUENCE "KRMS_RULE_S";
DROP SEQUENCE "KRMS_TERM_PARM_S";
DROP SEQUENCE "KRMS_TERM_RSLVR_ATTR_S";
DROP SEQUENCE "KRMS_TERM_RSLVR_INPUT_SPEC_S";
DROP SEQUENCE "KRMS_TERM_RSLVR_PARM_SPEC_S";
DROP SEQUENCE "KRMS_TERM_RSLVR_S";
DROP SEQUENCE "KRMS_TERM_S";
DROP SEQUENCE "KRMS_TERM_SPEC_S";
DROP SEQUENCE "KRMS_TYP_ATTR_S";
DROP SEQUENCE "KRMS_TYP_RELN_S";
DROP SEQUENCE "KRMS_TYP_S";
DROP SEQUENCE "KRNS_DOC_TYP_ATTR_S";
DROP SEQUENCE "KRNS_LOCK_S";
DROP SEQUENCE "KRNS_LOOKUP_RSLT_S";
DROP SEQUENCE "KRNS_MAINT_DOC_ATT_S";
DROP SEQUENCE "KRNS_MAINT_LOCK_S";
DROP SEQUENCE "KRNS_NTE_S";
DROP SEQUENCE "KRSB_BAM_PARM_S";
DROP SEQUENCE "KRSB_BAM_S";
DROP SEQUENCE "KRSB_MSG_QUE_S";
DROP SEQUENCE "KRSB_SVC_DEF_S";
DROP SEQUENCE "KRSB_SVC_DSCRPTR_S";
DROP SEQUENCE "TRVL_ID_SEQ";
DROP SEQUENCE "TRVL_PER_DIEM_ID_SEQ";
DROP SEQUENCE "TRV_FO_ID_S";

--------------------------------------------------------
--  DDL for Sequence BK_ADDRESS_ID_S
--------------------------------------------------------

   CREATE SEQUENCE  "BK_ADDRESS_ID_S"  MINVALUE 1 MAXVALUE 9999999999999999999999999999 INCREMENT BY 1 START WITH 1 NOCACHE  ORDER  NOCYCLE ;
--------------------------------------------------------
--  DDL for Sequence BK_AUTHOR_ID_S
--------------------------------------------------------

   CREATE SEQUENCE  "BK_AUTHOR_ID_S"  MINVALUE 1 MAXVALUE 9999999999999999999999999999 INCREMENT BY 1 START WITH 1 NOCACHE  ORDER  NOCYCLE ;
--------------------------------------------------------
--  DDL for Sequence BK_BOOK_ID_S
--------------------------------------------------------

   CREATE SEQUENCE  "BK_BOOK_ID_S"  MINVALUE 1 MAXVALUE 9999999999999999999999999999 INCREMENT BY 1 START WITH 1 NOCACHE  ORDER  NOCYCLE ;
--------------------------------------------------------
--  DDL for Sequence BK_ORDER_ENTRY_S
--------------------------------------------------------

   CREATE SEQUENCE  "BK_ORDER_ENTRY_S"  MINVALUE 1 MAXVALUE 9999999999999999999999999999 INCREMENT BY 1 START WITH 1 NOCACHE  ORDER  NOCYCLE ;
--------------------------------------------------------
--  DDL for Sequence KREN_CHNL_S
--------------------------------------------------------

   CREATE SEQUENCE  "KREN_CHNL_S"  MINVALUE 1 MAXVALUE 9999999999999999999999999999 INCREMENT BY 1 START WITH 1000 NOCACHE  ORDER  NOCYCLE ;
--------------------------------------------------------
--  DDL for Sequence KREN_CHNL_SUBSCRP_S
--------------------------------------------------------

   CREATE SEQUENCE  "KREN_CHNL_SUBSCRP_S"  MINVALUE 1 MAXVALUE 9999999999999999999999999999 INCREMENT BY 1 START WITH 1020 NOCACHE  ORDER  NOCYCLE ;
--------------------------------------------------------
--  DDL for Sequence KREN_CNTNT_TYP_S
--------------------------------------------------------

   CREATE SEQUENCE  "KREN_CNTNT_TYP_S"  MINVALUE 1 MAXVALUE 9999999999999999999999999999 INCREMENT BY 1 START WITH 1000 NOCACHE  ORDER  NOCYCLE ;
--------------------------------------------------------
--  DDL for Sequence KREN_MSG_DELIV_S
--------------------------------------------------------

   CREATE SEQUENCE  "KREN_MSG_DELIV_S"  MINVALUE 1 MAXVALUE 9999999999999999999999999999 INCREMENT BY 1 START WITH 1000 NOCACHE  ORDER  NOCYCLE ;
--------------------------------------------------------
--  DDL for Sequence KREN_MSG_S
--------------------------------------------------------

   CREATE SEQUENCE  "KREN_MSG_S"  MINVALUE 1 MAXVALUE 9999999999999999999999999999 INCREMENT BY 1 START WITH 1000 NOCACHE  ORDER  NOCYCLE ;
--------------------------------------------------------
--  DDL for Sequence KREN_NTFCTN_MSG_DELIV_S
--------------------------------------------------------

   CREATE SEQUENCE  "KREN_NTFCTN_MSG_DELIV_S"  MINVALUE 1 MAXVALUE 9999999999999999999999999999 INCREMENT BY 1 START WITH 1000 NOCACHE  ORDER  NOCYCLE ;
--------------------------------------------------------
--  DDL for Sequence KREN_NTFCTN_S
--------------------------------------------------------

   CREATE SEQUENCE  "KREN_NTFCTN_S"  MINVALUE 1 MAXVALUE 9999999999999999999999999999 INCREMENT BY 1 START WITH 1000 NOCACHE  ORDER  NOCYCLE ;
--------------------------------------------------------
--  DDL for Sequence KREN_PRIO_S
--------------------------------------------------------

   CREATE SEQUENCE  "KREN_PRIO_S"  MINVALUE 1 MAXVALUE 9999999999999999999999999999 INCREMENT BY 1 START WITH 1000 NOCACHE  ORDER  NOCYCLE ;
--------------------------------------------------------
--  DDL for Sequence KREN_PRODCR_S
--------------------------------------------------------

   CREATE SEQUENCE  "KREN_PRODCR_S"  MINVALUE 1 MAXVALUE 9999999999999999999999999999 INCREMENT BY 1 START WITH 1000 NOCACHE  ORDER  NOCYCLE ;
--------------------------------------------------------
--  DDL for Sequence KREN_RECIP_DELIV_S
--------------------------------------------------------

   CREATE SEQUENCE  "KREN_RECIP_DELIV_S"  MINVALUE 1 MAXVALUE 9999999999999999999999999999 INCREMENT BY 1 START WITH 1000 NOCACHE  ORDER  NOCYCLE ;
--------------------------------------------------------
--  DDL for Sequence KREN_RECIP_LIST_S
--------------------------------------------------------

   CREATE SEQUENCE  "KREN_RECIP_LIST_S"  MINVALUE 1 MAXVALUE 9999999999999999999999999999 INCREMENT BY 1 START WITH 1000 NOCACHE  ORDER  NOCYCLE ;
--------------------------------------------------------
--  DDL for Sequence KREN_RECIP_PREF_S
--------------------------------------------------------

   CREATE SEQUENCE  "KREN_RECIP_PREF_S"  MINVALUE 1 MAXVALUE 9999999999999999999999999999 INCREMENT BY 1 START WITH 1000 NOCACHE  ORDER  NOCYCLE ;
--------------------------------------------------------
--  DDL for Sequence KREN_RECIP_S
--------------------------------------------------------

   CREATE SEQUENCE  "KREN_RECIP_S"  MINVALUE 1 MAXVALUE 9999999999999999999999999999 INCREMENT BY 1 START WITH 1000 NOCACHE  ORDER  NOCYCLE ;
--------------------------------------------------------
--  DDL for Sequence KREN_RVWER_S
--------------------------------------------------------

   CREATE SEQUENCE  "KREN_RVWER_S"  MINVALUE 1 MAXVALUE 9999999999999999999999999999 INCREMENT BY 1 START WITH 1000 NOCACHE  ORDER  NOCYCLE ;
--------------------------------------------------------
--  DDL for Sequence KREN_SNDR_S
--------------------------------------------------------

   CREATE SEQUENCE  "KREN_SNDR_S"  MINVALUE 1 MAXVALUE 9999999999999999999999999999 INCREMENT BY 1 START WITH 1000 NOCACHE  ORDER  NOCYCLE ;
--------------------------------------------------------
--  DDL for Sequence KREW_ACTN_ITM_S
--------------------------------------------------------

   CREATE SEQUENCE  "KREW_ACTN_ITM_S"  MINVALUE 1 MAXVALUE 9999999999999999999999999999 INCREMENT BY 1 START WITH 10226 NOCACHE  ORDER  NOCYCLE ;
--------------------------------------------------------
--  DDL for Sequence KREW_ACTN_LIST_OPTN_S
--------------------------------------------------------

   CREATE SEQUENCE  "KREW_ACTN_LIST_OPTN_S"  MINVALUE 1 MAXVALUE 9999999999999999999999999999 INCREMENT BY 1 START WITH 1269 NOCACHE  ORDER  NOCYCLE ;
--------------------------------------------------------
--  DDL for Sequence KREW_ACTN_RQST_S
--------------------------------------------------------

   CREATE SEQUENCE  "KREW_ACTN_RQST_S"  MINVALUE 1 MAXVALUE 9999999999999999999999999999 INCREMENT BY 1 START WITH 2369 NOCACHE  ORDER  NOCYCLE ;
--------------------------------------------------------
--  DDL for Sequence KREW_ACTN_TKN_S
--------------------------------------------------------

   CREATE SEQUENCE  "KREW_ACTN_TKN_S"  MINVALUE 1 MAXVALUE 9999999999999999999999999999 INCREMENT BY 1 START WITH 2329 NOCACHE  ORDER  NOCYCLE ;
--------------------------------------------------------
--  DDL for Sequence KREW_ATTR_DEFN_S
--------------------------------------------------------

   CREATE SEQUENCE  "KREW_ATTR_DEFN_S"  MINVALUE 1 MAXVALUE 9999999999999999999999999999 INCREMENT BY 1 START WITH 10000 NOCACHE  ORDER  NOCYCLE ;
--------------------------------------------------------
--  DDL for Sequence KREW_DOC_HDR_S
--------------------------------------------------------

   CREATE SEQUENCE  "KREW_DOC_HDR_S"  MINVALUE 1 MAXVALUE 9999999999999999999999999999 INCREMENT BY 1 START WITH 3010 NOCACHE  ORDER  NOCYCLE ;
--------------------------------------------------------
--  DDL for Sequence KREW_DOC_LNK_S
--------------------------------------------------------

   CREATE SEQUENCE  "KREW_DOC_LNK_S"  MINVALUE 1 MAXVALUE 9999999999999999999999999999 INCREMENT BY 1 START WITH 2000 NOCACHE  ORDER  NOCYCLE ;
--------------------------------------------------------
--  DDL for Sequence KREW_DOC_NTE_S
--------------------------------------------------------

   CREATE SEQUENCE  "KREW_DOC_NTE_S"  MINVALUE 1 MAXVALUE 9999999999999999999999999999 INCREMENT BY 1 START WITH 2020 NOCACHE  ORDER  NOCYCLE ;
--------------------------------------------------------
--  DDL for Sequence KREW_DOC_TYP_ATTR_S
--------------------------------------------------------

   CREATE SEQUENCE  "KREW_DOC_TYP_ATTR_S"  MINVALUE 1 MAXVALUE 9999999999999999999999999999 INCREMENT BY 1 START WITH 2010 NOCACHE  ORDER  NOCYCLE ;
--------------------------------------------------------
--  DDL for Sequence KREW_EDL_FLD_DMP_S
--------------------------------------------------------

   CREATE SEQUENCE  "KREW_EDL_FLD_DMP_S"  MINVALUE 1 MAXVALUE 9999999999999999999999999999 INCREMENT BY 1 START WITH 5000 NOCACHE  ORDER  NOCYCLE ;
--------------------------------------------------------
--  DDL for Sequence KREW_EDL_S
--------------------------------------------------------

   CREATE SEQUENCE  "KREW_EDL_S"  MINVALUE 1 MAXVALUE 9999999999999999999999999999 INCREMENT BY 1 START WITH 2022 NOCACHE  ORDER  NOCYCLE ;
--------------------------------------------------------
--  DDL for Sequence KREW_HLP_S
--------------------------------------------------------

   CREATE SEQUENCE  "KREW_HLP_S"  MINVALUE 1 MAXVALUE 9999999999999999999999999999 INCREMENT BY 1 START WITH 100 NOCACHE  ORDER  NOCYCLE ;
--------------------------------------------------------
--  DDL for Sequence KREW_OUT_BOX_ITM_S
--------------------------------------------------------

   CREATE SEQUENCE  "KREW_OUT_BOX_ITM_S"  MINVALUE 1 MAXVALUE 9999999999999999999999999999 INCREMENT BY 1 START WITH 10043 NOCACHE  ORDER  NOCYCLE ;
--------------------------------------------------------
--  DDL for Sequence KREW_PPL_FLW_ATTR_S
--------------------------------------------------------

   CREATE SEQUENCE  "KREW_PPL_FLW_ATTR_S"  MINVALUE 1 MAXVALUE 9999999999999999999999999999 INCREMENT BY 1 START WITH 10000 NOCACHE  ORDER  NOCYCLE ;
--------------------------------------------------------
--  DDL for Sequence KREW_PPL_FLW_DLGT_S
--------------------------------------------------------

   CREATE SEQUENCE  "KREW_PPL_FLW_DLGT_S"  MINVALUE 1 MAXVALUE 9999999999999999999999999999 INCREMENT BY 1 START WITH 10000 NOCACHE  ORDER  NOCYCLE ;
--------------------------------------------------------
--  DDL for Sequence KREW_PPL_FLW_MBR_S
--------------------------------------------------------

   CREATE SEQUENCE  "KREW_PPL_FLW_MBR_S"  MINVALUE 1 MAXVALUE 9999999999999999999999999999 INCREMENT BY 1 START WITH 10000 NOCACHE  ORDER  NOCYCLE ;
--------------------------------------------------------
--  DDL for Sequence KREW_PPL_FLW_S
--------------------------------------------------------

   CREATE SEQUENCE  "KREW_PPL_FLW_S"  MINVALUE 1 MAXVALUE 9999999999999999999999999999 INCREMENT BY 1 START WITH 10000 NOCACHE  ORDER  NOCYCLE ;
--------------------------------------------------------
--  DDL for Sequence KREW_RSP_S
--------------------------------------------------------

   CREATE SEQUENCE  "KREW_RSP_S"  MINVALUE 1 MAXVALUE 9999999999999999999999999999 INCREMENT BY 1 START WITH 2065 NOCACHE  ORDER  NOCYCLE ;
--------------------------------------------------------
--  DDL for Sequence KREW_RTE_NODE_CFG_PARM_S
--------------------------------------------------------

   CREATE SEQUENCE  "KREW_RTE_NODE_CFG_PARM_S"  MINVALUE 1 MAXVALUE 9999999999999999999999999999 INCREMENT BY 1 START WITH 2485 NOCACHE  ORDER  NOCYCLE ;
--------------------------------------------------------
--  DDL for Sequence KREW_RTE_NODE_S
--------------------------------------------------------

   CREATE SEQUENCE  "KREW_RTE_NODE_S"  MINVALUE 1 MAXVALUE 9999999999999999999999999999 INCREMENT BY 1 START WITH 2923 NOCACHE  ORDER  NOCYCLE ;
--------------------------------------------------------
--  DDL for Sequence KREW_RTE_TMPL_S
--------------------------------------------------------

   CREATE SEQUENCE  "KREW_RTE_TMPL_S"  MINVALUE 1 MAXVALUE 9999999999999999999999999999 INCREMENT BY 1 START WITH 1645 NOCACHE  ORDER  NOCYCLE ;
--------------------------------------------------------
--  DDL for Sequence KREW_RULE_EXPR_S
--------------------------------------------------------

   CREATE SEQUENCE  "KREW_RULE_EXPR_S"  MINVALUE 1 MAXVALUE 9999999999999999999999999999 INCREMENT BY 1 START WITH 2002 NOCACHE  ORDER  NOCYCLE ;
--------------------------------------------------------
--  DDL for Sequence KREW_RULE_TMPL_OPTN_S
--------------------------------------------------------

   CREATE SEQUENCE  "KREW_RULE_TMPL_OPTN_S"  MINVALUE 1 MAXVALUE 9999999999999999999999999999 INCREMENT BY 1 START WITH 2020 NOCACHE  ORDER  NOCYCLE ;
--------------------------------------------------------
--  DDL for Sequence KREW_SRCH_ATTR_S
--------------------------------------------------------

   CREATE SEQUENCE  "KREW_SRCH_ATTR_S"  MINVALUE 1 MAXVALUE 9999999999999999999999999999 INCREMENT BY 1 START WITH 2060 NOCACHE  ORDER  NOCYCLE ;
--------------------------------------------------------
--  DDL for Sequence KREW_TYP_ATTR_S
--------------------------------------------------------

   CREATE SEQUENCE  "KREW_TYP_ATTR_S"  MINVALUE 1 MAXVALUE 9999999999999999999999999999 INCREMENT BY 1 START WITH 10000 NOCACHE  ORDER  NOCYCLE ;
--------------------------------------------------------
--  DDL for Sequence KREW_TYP_S
--------------------------------------------------------

   CREATE SEQUENCE  "KREW_TYP_S"  MINVALUE 1 MAXVALUE 9999999999999999999999999999 INCREMENT BY 1 START WITH 10000 NOCACHE  ORDER  NOCYCLE ;
--------------------------------------------------------
--  DDL for Sequence KREW_USR_S
--------------------------------------------------------

   CREATE SEQUENCE  "KREW_USR_S"  MINVALUE 1 MAXVALUE 9999999999999999999999999999 INCREMENT BY 1 START WITH 100000000000 NOCACHE  ORDER  NOCYCLE ;
--------------------------------------------------------
--  DDL for Sequence KRIM_ATTR_DATA_ID_S
--------------------------------------------------------

   CREATE SEQUENCE  "KRIM_ATTR_DATA_ID_S"  MINVALUE 1 MAXVALUE 9999999999999999999999999999 INCREMENT BY 1 START WITH 10000 NOCACHE  ORDER  NOCYCLE ;
--------------------------------------------------------
--  DDL for Sequence KRIM_ATTR_DEFN_ID_S
--------------------------------------------------------

   CREATE SEQUENCE  "KRIM_ATTR_DEFN_ID_S"  MINVALUE 1 MAXVALUE 9999999999999999999999999999 INCREMENT BY 1 START WITH 10003 NOCACHE  ORDER  NOCYCLE ;
--------------------------------------------------------
--  DDL for Sequence KRIM_DLGN_ID_S
--------------------------------------------------------

   CREATE SEQUENCE  "KRIM_DLGN_ID_S"  MINVALUE 1 MAXVALUE 9999999999999999999999999999 INCREMENT BY 1 START WITH 10000 NOCACHE  ORDER  NOCYCLE ;
--------------------------------------------------------
--  DDL for Sequence KRIM_DLGN_MBR_ID_S
--------------------------------------------------------

   CREATE SEQUENCE  "KRIM_DLGN_MBR_ID_S"  MINVALUE 1 MAXVALUE 9999999999999999999999999999 INCREMENT BY 1 START WITH 10000 NOCACHE  ORDER  NOCYCLE ;
--------------------------------------------------------
--  DDL for Sequence KRIM_ENTITY_ADDR_ID_S
--------------------------------------------------------

   CREATE SEQUENCE  "KRIM_ENTITY_ADDR_ID_S"  MINVALUE 1 MAXVALUE 9999999999999999999999999999 INCREMENT BY 1 START WITH 10000 NOCACHE  ORDER  NOCYCLE ;
--------------------------------------------------------
--  DDL for Sequence KRIM_ENTITY_AFLTN_ID_S
--------------------------------------------------------

   CREATE SEQUENCE  "KRIM_ENTITY_AFLTN_ID_S"  MINVALUE 1 MAXVALUE 9999999999999999999999999999 INCREMENT BY 1 START WITH 10000 NOCACHE  ORDER  NOCYCLE ;
--------------------------------------------------------
--  DDL for Sequence KRIM_ENTITY_CTZNSHP_ID_S
--------------------------------------------------------

   CREATE SEQUENCE  "KRIM_ENTITY_CTZNSHP_ID_S"  MINVALUE 1 MAXVALUE 9999999999999999999999999999 INCREMENT BY 1 START WITH 10000 NOCACHE  ORDER  NOCYCLE ;
--------------------------------------------------------
--  DDL for Sequence KRIM_ENTITY_EMAIL_ID_S
--------------------------------------------------------

   CREATE SEQUENCE  "KRIM_ENTITY_EMAIL_ID_S"  MINVALUE 1 MAXVALUE 9999999999999999999999999999 INCREMENT BY 1 START WITH 10000 NOCACHE  ORDER  NOCYCLE ;
--------------------------------------------------------
--  DDL for Sequence KRIM_ENTITY_EMP_ID_S
--------------------------------------------------------

   CREATE SEQUENCE  "KRIM_ENTITY_EMP_ID_S"  MINVALUE 1 MAXVALUE 9999999999999999999999999999 INCREMENT BY 1 START WITH 10000 NOCACHE  ORDER  NOCYCLE ;
--------------------------------------------------------
--  DDL for Sequence KRIM_ENTITY_ETHNIC_ID_S
--------------------------------------------------------

   CREATE SEQUENCE  "KRIM_ENTITY_ETHNIC_ID_S"  MINVALUE 1 MAXVALUE 9999999999999999999999999999 INCREMENT BY 1 START WITH 10000 NOCACHE  ORDER  NOCYCLE ;
--------------------------------------------------------
--  DDL for Sequence KRIM_ENTITY_EXT_ID_ID_S
--------------------------------------------------------

   CREATE SEQUENCE  "KRIM_ENTITY_EXT_ID_ID_S"  MINVALUE 1 MAXVALUE 9999999999999999999999999999 INCREMENT BY 1 START WITH 10000 NOCACHE  ORDER  NOCYCLE ;
--------------------------------------------------------
--  DDL for Sequence KRIM_ENTITY_ID_S
--------------------------------------------------------

   CREATE SEQUENCE  "KRIM_ENTITY_ID_S"  MINVALUE 1 MAXVALUE 9999999999999999999999999999 INCREMENT BY 1 START WITH 10000 NOCACHE  ORDER  NOCYCLE ;
--------------------------------------------------------
--  DDL for Sequence KRIM_ENTITY_NM_ID_S
--------------------------------------------------------

   CREATE SEQUENCE  "KRIM_ENTITY_NM_ID_S"  MINVALUE 1 MAXVALUE 9999999999999999999999999999 INCREMENT BY 1 START WITH 10000 NOCACHE  ORDER  NOCYCLE ;
--------------------------------------------------------
--  DDL for Sequence KRIM_ENTITY_PHONE_ID_S
--------------------------------------------------------

   CREATE SEQUENCE  "KRIM_ENTITY_PHONE_ID_S"  MINVALUE 1 MAXVALUE 9999999999999999999999999999 INCREMENT BY 1 START WITH 10000 NOCACHE  ORDER  NOCYCLE ;
--------------------------------------------------------
--  DDL for Sequence KRIM_ENTITY_RESIDENCY_ID_S
--------------------------------------------------------

   CREATE SEQUENCE  "KRIM_ENTITY_RESIDENCY_ID_S"  MINVALUE 1 MAXVALUE 9999999999999999999999999999 INCREMENT BY 1 START WITH 10000 NOCACHE  ORDER  NOCYCLE ;
--------------------------------------------------------
--  DDL for Sequence KRIM_ENTITY_VISA_ID_S
--------------------------------------------------------

   CREATE SEQUENCE  "KRIM_ENTITY_VISA_ID_S"  MINVALUE 1 MAXVALUE 9999999999999999999999999999 INCREMENT BY 1 START WITH 10000 NOCACHE  ORDER  NOCYCLE ;
--------------------------------------------------------
--  DDL for Sequence KRIM_GRP_ATTR_DATA_ID_S
--------------------------------------------------------

   CREATE SEQUENCE  "KRIM_GRP_ATTR_DATA_ID_S"  MINVALUE 1 MAXVALUE 9999999999999999999999999999 INCREMENT BY 1 START WITH 10000 NOCACHE  ORDER  NOCYCLE ;
--------------------------------------------------------
--  DDL for Sequence KRIM_GRP_ID_S
--------------------------------------------------------

   CREATE SEQUENCE  "KRIM_GRP_ID_S"  MINVALUE 1 MAXVALUE 9999999999999999999999999999 INCREMENT BY 1 START WITH 10000 NOCACHE  ORDER  NOCYCLE ;
--------------------------------------------------------
--  DDL for Sequence KRIM_GRP_MBR_ID_S
--------------------------------------------------------

   CREATE SEQUENCE  "KRIM_GRP_MBR_ID_S"  MINVALUE 1 MAXVALUE 9999999999999999999999999999 INCREMENT BY 1 START WITH 10000 NOCACHE  ORDER  NOCYCLE ;
--------------------------------------------------------
--  DDL for Sequence KRIM_PERM_ID_S
--------------------------------------------------------

   CREATE SEQUENCE  "KRIM_PERM_ID_S"  MINVALUE 1 MAXVALUE 9999999999999999999999999999 INCREMENT BY 1 START WITH 10003 NOCACHE  ORDER  NOCYCLE ;
--------------------------------------------------------
--  DDL for Sequence KRIM_PERM_RQRD_ATTR_ID_S
--------------------------------------------------------

   CREATE SEQUENCE  "KRIM_PERM_RQRD_ATTR_ID_S"  MINVALUE 1 MAXVALUE 9999999999999999999999999999 INCREMENT BY 1 START WITH 10000 NOCACHE  ORDER  NOCYCLE ;
--------------------------------------------------------
--  DDL for Sequence KRIM_PERM_TMPL_ID_S
--------------------------------------------------------

   CREATE SEQUENCE  "KRIM_PERM_TMPL_ID_S"  MINVALUE 1 MAXVALUE 9999999999999999999999999999 INCREMENT BY 1 START WITH 10002 NOCACHE  ORDER  NOCYCLE ;
--------------------------------------------------------
--  DDL for Sequence KRIM_PRNCPL_ID_S
--------------------------------------------------------

   CREATE SEQUENCE  "KRIM_PRNCPL_ID_S"  MINVALUE 1 MAXVALUE 9999999999999999999999999999 INCREMENT BY 1 START WITH 10000 NOCACHE  ORDER  NOCYCLE ;
--------------------------------------------------------
--  DDL for Sequence KRIM_ROLE_ID_S
--------------------------------------------------------

   CREATE SEQUENCE  "KRIM_ROLE_ID_S"  MINVALUE 1 MAXVALUE 9999999999999999999999999999 INCREMENT BY 1 START WITH 10003 NOCACHE  ORDER  NOCYCLE ;
--------------------------------------------------------
--  DDL for Sequence KRIM_ROLE_MBR_ID_S
--------------------------------------------------------

   CREATE SEQUENCE  "KRIM_ROLE_MBR_ID_S"  MINVALUE 1 MAXVALUE 9999999999999999999999999999 INCREMENT BY 1 START WITH 10003 NOCACHE  ORDER  NOCYCLE ;
--------------------------------------------------------
--  DDL for Sequence KRIM_ROLE_PERM_ID_S
--------------------------------------------------------

   CREATE SEQUENCE  "KRIM_ROLE_PERM_ID_S"  MINVALUE 1 MAXVALUE 9999999999999999999999999999 INCREMENT BY 1 START WITH 10000 NOCACHE  ORDER  NOCYCLE ;
--------------------------------------------------------
--  DDL for Sequence KRIM_ROLE_RSP_ACTN_ID_S
--------------------------------------------------------

   CREATE SEQUENCE  "KRIM_ROLE_RSP_ACTN_ID_S"  MINVALUE 1 MAXVALUE 9999999999999999999999999999 INCREMENT BY 1 START WITH 10000 NOCACHE  ORDER  NOCYCLE ;
--------------------------------------------------------
--  DDL for Sequence KRIM_ROLE_RSP_ID_S
--------------------------------------------------------

   CREATE SEQUENCE  "KRIM_ROLE_RSP_ID_S"  MINVALUE 1 MAXVALUE 9999999999999999999999999999 INCREMENT BY 1 START WITH 10000 NOCACHE  ORDER  NOCYCLE ;
--------------------------------------------------------
--  DDL for Sequence KRIM_RSP_ID_S
--------------------------------------------------------

   CREATE SEQUENCE  "KRIM_RSP_ID_S"  MINVALUE 1 MAXVALUE 9999999999999999999999999999 INCREMENT BY 1 START WITH 10000 NOCACHE  ORDER  NOCYCLE ;
--------------------------------------------------------
--  DDL for Sequence KRIM_RSP_RQRD_ATTR_ID_S
--------------------------------------------------------

   CREATE SEQUENCE  "KRIM_RSP_RQRD_ATTR_ID_S"  MINVALUE 1 MAXVALUE 9999999999999999999999999999 INCREMENT BY 1 START WITH 10000 NOCACHE  ORDER  NOCYCLE ;
--------------------------------------------------------
--  DDL for Sequence KRIM_RSP_TMPL_ID_S
--------------------------------------------------------

   CREATE SEQUENCE  "KRIM_RSP_TMPL_ID_S"  MINVALUE 1 MAXVALUE 9999999999999999999999999999 INCREMENT BY 1 START WITH 10000 NOCACHE  ORDER  NOCYCLE ;
--------------------------------------------------------
--  DDL for Sequence KRIM_TYP_ATTR_ID_S
--------------------------------------------------------

   CREATE SEQUENCE  "KRIM_TYP_ATTR_ID_S"  MINVALUE 1 MAXVALUE 9999999999999999999999999999 INCREMENT BY 1 START WITH 10000 NOCACHE  ORDER  NOCYCLE ;
--------------------------------------------------------
--  DDL for Sequence KRIM_TYP_ID_S
--------------------------------------------------------

   CREATE SEQUENCE  "KRIM_TYP_ID_S"  MINVALUE 1 MAXVALUE 9999999999999999999999999999 INCREMENT BY 1 START WITH 10002 NOCACHE  ORDER  NOCYCLE ;
--------------------------------------------------------
--  DDL for Sequence KRMS_ACTN_ATTR_S
--------------------------------------------------------

   CREATE SEQUENCE  "KRMS_ACTN_ATTR_S"  MINVALUE 1 MAXVALUE 9999999999999999999999999999 INCREMENT BY 1 START WITH 10000 NOCACHE  ORDER  NOCYCLE ;
--------------------------------------------------------
--  DDL for Sequence KRMS_ACTN_S
--------------------------------------------------------

   CREATE SEQUENCE  "KRMS_ACTN_S"  MINVALUE 1 MAXVALUE 9999999999999999999999999999 INCREMENT BY 1 START WITH 10000 NOCACHE  ORDER  NOCYCLE ;
--------------------------------------------------------
--  DDL for Sequence KRMS_AGENDA_ATTR_S
--------------------------------------------------------

   CREATE SEQUENCE  "KRMS_AGENDA_ATTR_S"  MINVALUE 1 MAXVALUE 9999999999999999999999999999 INCREMENT BY 1 START WITH 10000 NOCACHE  ORDER  NOCYCLE ;
--------------------------------------------------------
--  DDL for Sequence KRMS_AGENDA_ITM_S
--------------------------------------------------------

   CREATE SEQUENCE  "KRMS_AGENDA_ITM_S"  MINVALUE 1 MAXVALUE 9999999999999999999999999999 INCREMENT BY 1 START WITH 10000 NOCACHE  ORDER  NOCYCLE ;
--------------------------------------------------------
--  DDL for Sequence KRMS_AGENDA_S
--------------------------------------------------------

   CREATE SEQUENCE  "KRMS_AGENDA_S"  MINVALUE 1 MAXVALUE 9999999999999999999999999999 INCREMENT BY 1 START WITH 10000 NOCACHE  ORDER  NOCYCLE ;
--------------------------------------------------------
--  DDL for Sequence KRMS_ATTR_DEFN_S
--------------------------------------------------------

   CREATE SEQUENCE  "KRMS_ATTR_DEFN_S"  MINVALUE 1 MAXVALUE 9999999999999999999999999999 INCREMENT BY 1 START WITH 10000 NOCACHE  ORDER  NOCYCLE ;
--------------------------------------------------------
--  DDL for Sequence KRMS_CMPND_PROP_PROPS_S
--------------------------------------------------------

   CREATE SEQUENCE  "KRMS_CMPND_PROP_PROPS_S"  MINVALUE 1 MAXVALUE 9999999999999999999999999999 INCREMENT BY 1 START WITH 10000 NOCACHE  ORDER  NOCYCLE ;
--------------------------------------------------------
--  DDL for Sequence KRMS_CNTXT_ATTR_S
--------------------------------------------------------

   CREATE SEQUENCE  "KRMS_CNTXT_ATTR_S"  MINVALUE 1 MAXVALUE 9999999999999999999999999999 INCREMENT BY 1 START WITH 10000 NOCACHE  ORDER  NOCYCLE ;
--------------------------------------------------------
--  DDL for Sequence KRMS_CNTXT_S
--------------------------------------------------------

   CREATE SEQUENCE  "KRMS_CNTXT_S"  MINVALUE 1 MAXVALUE 9999999999999999999999999999 INCREMENT BY 1 START WITH 10000 NOCACHE  ORDER  NOCYCLE ;
--------------------------------------------------------
--  DDL for Sequence KRMS_CNTXT_TERM_SPEC_PREREQ_S
--------------------------------------------------------

   CREATE SEQUENCE  "KRMS_CNTXT_TERM_SPEC_PREREQ_S"  MINVALUE 1 MAXVALUE 9999999999999999999999999999 INCREMENT BY 1 START WITH 10000 NOCACHE  ORDER  NOCYCLE ;
--------------------------------------------------------
--  DDL for Sequence KRMS_CNTXT_VLD_ACTN_TYP_S
--------------------------------------------------------

   CREATE SEQUENCE  "KRMS_CNTXT_VLD_ACTN_TYP_S"  MINVALUE 1 MAXVALUE 9999999999999999999999999999 INCREMENT BY 1 START WITH 10000 NOCACHE  ORDER  NOCYCLE ;
--------------------------------------------------------
--  DDL for Sequence KRMS_CNTXT_VLD_AGENDA_TYP_S
--------------------------------------------------------

   CREATE SEQUENCE  "KRMS_CNTXT_VLD_AGENDA_TYP_S"  MINVALUE 1 MAXVALUE 9999999999999999999999999999 INCREMENT BY 1 START WITH 10000 NOCACHE  ORDER  NOCYCLE ;
--------------------------------------------------------
--  DDL for Sequence KRMS_CNTXT_VLD_FUNC_S
--------------------------------------------------------

   CREATE SEQUENCE  "KRMS_CNTXT_VLD_FUNC_S"  MINVALUE 1 MAXVALUE 9999999999999999999999999999 INCREMENT BY 1 START WITH 10000 NOCACHE  ORDER  NOCYCLE ;
--------------------------------------------------------
--  DDL for Sequence KRMS_CNTXT_VLD_RULE_TYP_S
--------------------------------------------------------

   CREATE SEQUENCE  "KRMS_CNTXT_VLD_RULE_TYP_S"  MINVALUE 1 MAXVALUE 9999999999999999999999999999 INCREMENT BY 1 START WITH 10000 NOCACHE  ORDER  NOCYCLE ;
--------------------------------------------------------
--  DDL for Sequence KRMS_CNTXT_VLD_TERM_SPEC_S
--------------------------------------------------------

   CREATE SEQUENCE  "KRMS_CNTXT_VLD_TERM_SPEC_S"  MINVALUE 1 MAXVALUE 9999999999999999999999999999 INCREMENT BY 1 START WITH 10000 NOCACHE  ORDER  NOCYCLE ;
--------------------------------------------------------
--  DDL for Sequence KRMS_CTGRY_S
--------------------------------------------------------

   CREATE SEQUENCE  "KRMS_CTGRY_S"  MINVALUE 1 MAXVALUE 9999999999999999999999999999 INCREMENT BY 1 START WITH 1 NOCACHE  ORDER  NOCYCLE ;
--------------------------------------------------------
--  DDL for Sequence KRMS_FUNC_PARM_S
--------------------------------------------------------

   CREATE SEQUENCE  "KRMS_FUNC_PARM_S"  MINVALUE 1 MAXVALUE 9999999999999999999999999999 INCREMENT BY 1 START WITH 10000 NOCACHE  ORDER  NOCYCLE ;
--------------------------------------------------------
--  DDL for Sequence KRMS_FUNC_S
--------------------------------------------------------

   CREATE SEQUENCE  "KRMS_FUNC_S"  MINVALUE 1 MAXVALUE 9999999999999999999999999999 INCREMENT BY 1 START WITH 10000 NOCACHE  ORDER  NOCYCLE ;
--------------------------------------------------------
--  DDL for Sequence KRMS_NL_TMPL_ATTR_S
--------------------------------------------------------

   CREATE SEQUENCE  "KRMS_NL_TMPL_ATTR_S"  MINVALUE 1 MAXVALUE 9999999999999999999999999999 INCREMENT BY 1 START WITH 10000 NOCACHE  ORDER  NOCYCLE ;
--------------------------------------------------------
--  DDL for Sequence KRMS_NL_TMPL_S
--------------------------------------------------------

   CREATE SEQUENCE  "KRMS_NL_TMPL_S"  MINVALUE 1 MAXVALUE 9999999999999999999999999999 INCREMENT BY 1 START WITH 10000 NOCACHE  ORDER  NOCYCLE ;
--------------------------------------------------------
--  DDL for Sequence KRMS_NL_USAGE_ATTR_S
--------------------------------------------------------

   CREATE SEQUENCE  "KRMS_NL_USAGE_ATTR_S"  MINVALUE 1 MAXVALUE 9999999999999999999999999999 INCREMENT BY 1 START WITH 10000 NOCACHE  ORDER  NOCYCLE ;
--------------------------------------------------------
--  DDL for Sequence KRMS_NL_USAGE_S
--------------------------------------------------------

   CREATE SEQUENCE  "KRMS_NL_USAGE_S"  MINVALUE 1 MAXVALUE 9999999999999999999999999999 INCREMENT BY 1 START WITH 10000 NOCACHE  ORDER  NOCYCLE ;
--------------------------------------------------------
--  DDL for Sequence KRMS_PROP_PARM_S
--------------------------------------------------------

   CREATE SEQUENCE  "KRMS_PROP_PARM_S"  MINVALUE 1 MAXVALUE 9999999999999999999999999999 INCREMENT BY 1 START WITH 10000 NOCACHE  ORDER  NOCYCLE ;
--------------------------------------------------------
--  DDL for Sequence KRMS_PROP_S
--------------------------------------------------------

   CREATE SEQUENCE  "KRMS_PROP_S"  MINVALUE 1 MAXVALUE 9999999999999999999999999999 INCREMENT BY 1 START WITH 10000 NOCACHE  ORDER  NOCYCLE ;
--------------------------------------------------------
--  DDL for Sequence KRMS_REF_OBJ_KRMS_OBJ_S
--------------------------------------------------------

   CREATE SEQUENCE  "KRMS_REF_OBJ_KRMS_OBJ_S"  MINVALUE 1 MAXVALUE 9999999999999999999999999999 INCREMENT BY 1 START WITH 10000 NOCACHE  ORDER  NOCYCLE ;
--------------------------------------------------------
--  DDL for Sequence KRMS_RULE_ATTR_S
--------------------------------------------------------

   CREATE SEQUENCE  "KRMS_RULE_ATTR_S"  MINVALUE 1 MAXVALUE 9999999999999999999999999999 INCREMENT BY 1 START WITH 10000 NOCACHE  ORDER  NOCYCLE ;
--------------------------------------------------------
--  DDL for Sequence KRMS_RULE_S
--------------------------------------------------------

   CREATE SEQUENCE  "KRMS_RULE_S"  MINVALUE 1 MAXVALUE 9999999999999999999999999999 INCREMENT BY 1 START WITH 10000 NOCACHE  ORDER  NOCYCLE ;
--------------------------------------------------------
--  DDL for Sequence KRMS_TERM_PARM_S
--------------------------------------------------------

   CREATE SEQUENCE  "KRMS_TERM_PARM_S"  MINVALUE 1 MAXVALUE 9999999999999999999999999999 INCREMENT BY 1 START WITH 10000 NOCACHE  ORDER  NOCYCLE ;
--------------------------------------------------------
--  DDL for Sequence KRMS_TERM_RSLVR_ATTR_S
--------------------------------------------------------

   CREATE SEQUENCE  "KRMS_TERM_RSLVR_ATTR_S"  MINVALUE 1 MAXVALUE 9999999999999999999999999999 INCREMENT BY 1 START WITH 10000 NOCACHE  ORDER  NOCYCLE ;
--------------------------------------------------------
--  DDL for Sequence KRMS_TERM_RSLVR_INPUT_SPEC_S
--------------------------------------------------------

   CREATE SEQUENCE  "KRMS_TERM_RSLVR_INPUT_SPEC_S"  MINVALUE 1 MAXVALUE 9999999999999999999999999999 INCREMENT BY 1 START WITH 10000 NOCACHE  ORDER  NOCYCLE ;
--------------------------------------------------------
--  DDL for Sequence KRMS_TERM_RSLVR_PARM_SPEC_S
--------------------------------------------------------

   CREATE SEQUENCE  "KRMS_TERM_RSLVR_PARM_SPEC_S"  MINVALUE 1 MAXVALUE 9999999999999999999999999999 INCREMENT BY 1 START WITH 10000 NOCACHE  ORDER  NOCYCLE ;
--------------------------------------------------------
--  DDL for Sequence KRMS_TERM_RSLVR_S
--------------------------------------------------------

   CREATE SEQUENCE  "KRMS_TERM_RSLVR_S"  MINVALUE 1 MAXVALUE 9999999999999999999999999999 INCREMENT BY 1 START WITH 10000 NOCACHE  ORDER  NOCYCLE ;
--------------------------------------------------------
--  DDL for Sequence KRMS_TERM_S
--------------------------------------------------------

   CREATE SEQUENCE  "KRMS_TERM_S"  MINVALUE 1 MAXVALUE 9999999999999999999999999999 INCREMENT BY 1 START WITH 10000 NOCACHE  ORDER  NOCYCLE ;
--------------------------------------------------------
--  DDL for Sequence KRMS_TERM_SPEC_S
--------------------------------------------------------

   CREATE SEQUENCE  "KRMS_TERM_SPEC_S"  MINVALUE 1 MAXVALUE 9999999999999999999999999999 INCREMENT BY 1 START WITH 10000 NOCACHE  ORDER  NOCYCLE ;
--------------------------------------------------------
--  DDL for Sequence KRMS_TYP_ATTR_S
--------------------------------------------------------

   CREATE SEQUENCE  "KRMS_TYP_ATTR_S"  MINVALUE 1 MAXVALUE 9999999999999999999999999999 INCREMENT BY 1 START WITH 10000 NOCACHE  ORDER  NOCYCLE ;
--------------------------------------------------------
--  DDL for Sequence KRMS_TYP_RELN_S
--------------------------------------------------------

   CREATE SEQUENCE  "KRMS_TYP_RELN_S"  MINVALUE 1 MAXVALUE 9999999999999999999999999999 INCREMENT BY 1 START WITH 10000 NOCACHE  ORDER  NOCYCLE ;
--------------------------------------------------------
--  DDL for Sequence KRMS_TYP_S
--------------------------------------------------------

   CREATE SEQUENCE  "KRMS_TYP_S"  MINVALUE 1 MAXVALUE 9999999999999999999999999999 INCREMENT BY 1 START WITH 10000 NOCACHE  ORDER  NOCYCLE ;
--------------------------------------------------------
--  DDL for Sequence KRNS_DOC_TYP_ATTR_S
--------------------------------------------------------

   CREATE SEQUENCE  "KRNS_DOC_TYP_ATTR_S"  MINVALUE 1 MAXVALUE 9999999999999999999999999999 INCREMENT BY 1 START WITH 1000 NOCACHE  ORDER  NOCYCLE ;
--------------------------------------------------------
--  DDL for Sequence KRNS_LOCK_S
--------------------------------------------------------

   CREATE SEQUENCE  "KRNS_LOCK_S"  MINVALUE 1 MAXVALUE 9999999999999999999999999999 INCREMENT BY 1 START WITH 2000 NOCACHE  ORDER  NOCYCLE ;
--------------------------------------------------------
--  DDL for Sequence KRNS_LOOKUP_RSLT_S
--------------------------------------------------------

   CREATE SEQUENCE  "KRNS_LOOKUP_RSLT_S"  MINVALUE 1 MAXVALUE 9999999999999999999999999999 INCREMENT BY 1 START WITH 2000 NOCACHE  ORDER  NOCYCLE ;
--------------------------------------------------------
--  DDL for Sequence KRNS_MAINT_DOC_ATT_S
--------------------------------------------------------

   CREATE SEQUENCE  "KRNS_MAINT_DOC_ATT_S"  MINVALUE 1 MAXVALUE 9999999999999999999999999999 INCREMENT BY 1 START WITH 10000 NOCACHE  ORDER  NOCYCLE ;
--------------------------------------------------------
--  DDL for Sequence KRNS_MAINT_LOCK_S
--------------------------------------------------------

   CREATE SEQUENCE  "KRNS_MAINT_LOCK_S"  MINVALUE 1 MAXVALUE 9999999999999999999999999999 INCREMENT BY 1 START WITH 2020 NOCACHE  ORDER  NOCYCLE ;
--------------------------------------------------------
--  DDL for Sequence KRNS_NTE_S
--------------------------------------------------------

   CREATE SEQUENCE  "KRNS_NTE_S"  MINVALUE 1 MAXVALUE 9999999999999999999999999999 INCREMENT BY 1 START WITH 2020 NOCACHE  ORDER  NOCYCLE ;
--------------------------------------------------------
--  DDL for Sequence KRSB_BAM_PARM_S
--------------------------------------------------------

   CREATE SEQUENCE  "KRSB_BAM_PARM_S"  MINVALUE 1 MAXVALUE 9999999999999999999999999999 INCREMENT BY 1 START WITH 2000 NOCACHE  ORDER  NOCYCLE ;
--------------------------------------------------------
--  DDL for Sequence KRSB_BAM_S
--------------------------------------------------------

   CREATE SEQUENCE  "KRSB_BAM_S"  MINVALUE 1 MAXVALUE 9999999999999999999999999999 INCREMENT BY 1 START WITH 2000 NOCACHE  ORDER  NOCYCLE ;
--------------------------------------------------------
--  DDL for Sequence KRSB_MSG_QUE_S
--------------------------------------------------------

   CREATE SEQUENCE  "KRSB_MSG_QUE_S"  MINVALUE 1 MAXVALUE 9999999999999999999999999999 INCREMENT BY 1 START WITH 467 NOCACHE  ORDER  NOCYCLE ;
--------------------------------------------------------
--  DDL for Sequence KRSB_SVC_DEF_S
--------------------------------------------------------

   CREATE SEQUENCE  "KRSB_SVC_DEF_S"  MINVALUE 1 MAXVALUE 9999999999999999999999999999 INCREMENT BY 1 START WITH 10165 NOCACHE  ORDER  NOCYCLE ;
--------------------------------------------------------
--  DDL for Sequence KRSB_SVC_DSCRPTR_S
--------------------------------------------------------

   CREATE SEQUENCE  "KRSB_SVC_DSCRPTR_S"  MINVALUE 1 MAXVALUE 9999999999999999999999999999 INCREMENT BY 1 START WITH 10165 NOCACHE  ORDER  NOCYCLE ;
--------------------------------------------------------
--  DDL for Sequence TRVL_ID_SEQ
--------------------------------------------------------

   CREATE SEQUENCE  "TRVL_ID_SEQ"  MINVALUE 1 MAXVALUE 9999999999999999999999999999 INCREMENT BY 1 START WITH 1 NOCACHE  ORDER  NOCYCLE ;
--------------------------------------------------------
--  DDL for Sequence TRVL_PER_DIEM_ID_SEQ
--------------------------------------------------------

   CREATE SEQUENCE  "TRVL_PER_DIEM_ID_SEQ"  MINVALUE 1 MAXVALUE 9999999999999999999999999999 INCREMENT BY 1 START WITH 1 NOCACHE  ORDER  NOCYCLE ;
--------------------------------------------------------
--  DDL for Sequence TRV_FO_ID_S
--------------------------------------------------------

   CREATE SEQUENCE  "TRV_FO_ID_S"  MINVALUE 1 MAXVALUE 9999999999999999999999999999 INCREMENT BY 1 START WITH 1000 NOCACHE  ORDER  NOCYCLE ;
--------------------------------------------------------
--  DDL for Table BK_BOOK_T
--------------------------------------------------------

  CREATE TABLE "BK_BOOK_T" 
   (	"BOOK_ID" NUMBER(22,0), 
	"TITLE" VARCHAR2(100 BYTE), 
	"AUTHOR" VARCHAR2(100 BYTE), 
	"TYP_CD" VARCHAR2(40 BYTE), 
	"ISBN" VARCHAR2(17 BYTE), 
	"PUBLISHER" VARCHAR2(100 BYTE), 
	"PUB_DATE" DATE, 
	"OBJ_ID" VARCHAR2(36 BYTE), 
	"VER_NBR" NUMBER(8,0) DEFAULT 1, 
	"PRICE" NUMBER(15,2), 
	"RATING" NUMBER(22,0)
   );
--------------------------------------------------------
--  DDL for Table BK_BOOK_TYP_T
--------------------------------------------------------

  CREATE TABLE "BK_BOOK_TYP_T" 
   (	"TYP_CD" VARCHAR2(40 BYTE), 
	"NM" VARCHAR2(100 BYTE), 
	"DESC_TXT" VARCHAR2(255 BYTE), 
	"ACTV_IND" VARCHAR2(1 BYTE) DEFAULT 'Y', 
	"OBJ_ID" VARCHAR2(36 BYTE), 
	"VER_NBR" NUMBER(8,0) DEFAULT 1
   );
--------------------------------------------------------
--  DDL for Table BK_ORDER_DOC_T
--------------------------------------------------------

  CREATE TABLE "BK_ORDER_DOC_T" 
   (	"DOC_HDR_ID" NUMBER(22,0), 
	"OBJ_ID" VARCHAR2(36 BYTE), 
	"VER_NBR" NUMBER(8,0) DEFAULT 1
   );
--------------------------------------------------------
--  DDL for Table BK_ORDER_ENTRY_T
--------------------------------------------------------

  CREATE TABLE "BK_ORDER_ENTRY_T" 
   (	"BK_ORDER_ENTRY_ID" NUMBER(22,0), 
	"DOC_HDR_ID" VARCHAR2(14 BYTE), 
	"BOOK_ID" NUMBER(22,0), 
	"QUANTITY" NUMBER(22,0), 
	"UNIT_PRICE" NUMBER(15,2), 
	"DISCOUNT" NUMBER(5,2), 
	"TOTAL_PRICE" NUMBER(15,2), 
	"OBJ_ID" VARCHAR2(36 BYTE), 
	"VER_NBR" NUMBER(8,0) DEFAULT 1
   );
--------------------------------------------------------
--  DDL for Table KRAD_MSG_T
--------------------------------------------------------

  CREATE TABLE "KRAD_MSG_T" 
   (	"NMSPC_CD" VARCHAR2(20 BYTE), 
	"CMPNT_CD" VARCHAR2(100 BYTE), 
	"MSG_KEY" VARCHAR2(100 BYTE), 
	"LOC" VARCHAR2(80 BYTE), 
	"OBJ_ID" VARCHAR2(36 BYTE), 
	"VER_NBR" NUMBER(8,0) DEFAULT 1, 
	"MSG_DESC" VARCHAR2(255 BYTE), 
	"TXT" VARCHAR2(4000 BYTE)
   ) ;
--------------------------------------------------------
--  DDL for Table KRCR_CMPNT_SET_T
--------------------------------------------------------

  CREATE TABLE "KRCR_CMPNT_SET_T" 
   (	"CMPNT_SET_ID" VARCHAR2(40 BYTE), 
	"LAST_UPDT_TS" DATE, 
	"CHKSM" VARCHAR2(40 BYTE), 
	"VER_NBR" NUMBER(8,0) DEFAULT 0
   );
--------------------------------------------------------
--  DDL for Table KRCR_CMPNT_T
--------------------------------------------------------

  CREATE TABLE "KRCR_CMPNT_T" 
   (	"NMSPC_CD" VARCHAR2(20 BYTE), 
	"CMPNT_CD" VARCHAR2(100 BYTE), 
	"OBJ_ID" VARCHAR2(36 BYTE) DEFAULT SYS_GUID(), 
	"VER_NBR" NUMBER(8,0) DEFAULT 1, 
	"NM" VARCHAR2(255 BYTE), 
	"ACTV_IND" CHAR(1 BYTE) DEFAULT 'Y'
   ) ;
--------------------------------------------------------
--  DDL for Table KRCR_DRVD_CMPNT_T
--------------------------------------------------------

  CREATE TABLE "KRCR_DRVD_CMPNT_T" 
   (	"NMSPC_CD" VARCHAR2(20 BYTE), 
	"CMPNT_CD" VARCHAR2(100 BYTE), 
	"NM" VARCHAR2(255 BYTE), 
	"CMPNT_SET_ID" VARCHAR2(40 BYTE)
   ) ;
--------------------------------------------------------
--  DDL for Table KRCR_NMSPC_T
--------------------------------------------------------

  CREATE TABLE "KRCR_NMSPC_T" 
   (	"NMSPC_CD" VARCHAR2(20 BYTE), 
	"OBJ_ID" VARCHAR2(36 BYTE) DEFAULT SYS_GUID(), 
	"VER_NBR" NUMBER(8,0) DEFAULT 1, 
	"NM" VARCHAR2(40 BYTE), 
	"ACTV_IND" CHAR(1 BYTE) DEFAULT 'Y', 
	"APPL_ID" VARCHAR2(255 BYTE)
   ) ;
--------------------------------------------------------
--  DDL for Table KRCR_PARM_T
--------------------------------------------------------

  CREATE TABLE "KRCR_PARM_T" 
   (	"NMSPC_CD" VARCHAR2(20 BYTE), 
	"CMPNT_CD" VARCHAR2(100 BYTE), 
	"PARM_NM" VARCHAR2(255 BYTE), 
	"OBJ_ID" VARCHAR2(36 BYTE) DEFAULT SYS_GUID(), 
	"VER_NBR" NUMBER(8,0) DEFAULT 1, 
	"PARM_TYP_CD" VARCHAR2(5 BYTE), 
	"VAL" VARCHAR2(4000 BYTE), 
	"PARM_DESC_TXT" VARCHAR2(4000 BYTE), 
	"EVAL_OPRTR_CD" VARCHAR2(1 BYTE), 
	"APPL_ID" VARCHAR2(255 BYTE) DEFAULT 'KUALI'
   ) ;
--------------------------------------------------------
--  DDL for Table KRCR_PARM_TYP_T
--------------------------------------------------------

  CREATE TABLE "KRCR_PARM_TYP_T" 
   (	"PARM_TYP_CD" VARCHAR2(5 BYTE), 
	"OBJ_ID" VARCHAR2(36 BYTE) DEFAULT SYS_GUID(), 
	"VER_NBR" NUMBER(8,0) DEFAULT 1, 
	"NM" VARCHAR2(40 BYTE), 
	"ACTV_IND" CHAR(1 BYTE) DEFAULT 'Y'
   );
--------------------------------------------------------
--  DDL for Table KRCR_STYLE_T
--------------------------------------------------------

  CREATE TABLE "KRCR_STYLE_T" 
   (	"STYLE_ID" VARCHAR2(40 BYTE), 
	"NM" VARCHAR2(200 BYTE), 
	"XML" CLOB, 
	"ACTV_IND" NUMBER(1,0), 
	"VER_NBR" NUMBER(8,0) DEFAULT 0, 
	"OBJ_ID" VARCHAR2(36 BYTE)
   ) ;
--------------------------------------------------------
--  DDL for Table KREN_CHNL_PRODCR_T
--------------------------------------------------------

  CREATE TABLE "KREN_CHNL_PRODCR_T" 
   (	"CHNL_ID" NUMBER(8,0), 
	"PRODCR_ID" NUMBER(8,0)
   ) ;
--------------------------------------------------------
--  DDL for Table KREN_CHNL_SUBSCRP_T
--------------------------------------------------------

  CREATE TABLE "KREN_CHNL_SUBSCRP_T" 
   (	"CHNL_SUBSCRP_ID" NUMBER(8,0), 
	"CHNL_ID" NUMBER(8,0), 
	"PRNCPL_ID" VARCHAR2(40 BYTE), 
	"OBJ_ID" VARCHAR2(36 BYTE), 
	"VER_NBR" NUMBER(8,0)
   ) ;
--------------------------------------------------------
--  DDL for Table KREN_CHNL_T
--------------------------------------------------------

  CREATE TABLE "KREN_CHNL_T" 
   (	"CHNL_ID" NUMBER(8,0), 
	"NM" VARCHAR2(200 BYTE), 
	"DESC_TXT" VARCHAR2(4000 BYTE), 
	"SUBSCRB_IND" CHAR(1 BYTE), 
	"VER_NBR" NUMBER(8,0) DEFAULT 1, 
	"OBJ_ID" VARCHAR2(36 BYTE)
   );
--------------------------------------------------------
--  DDL for Table KREN_CNTNT_TYP_T
--------------------------------------------------------

  CREATE TABLE "KREN_CNTNT_TYP_T" 
   (	"CNTNT_TYP_ID" NUMBER(8,0), 
	"NM" VARCHAR2(200 BYTE), 
	"CUR_IND" CHAR(1 BYTE) DEFAULT 'T', 
	"CNTNT_TYP_VER_NBR" NUMBER(8,0) DEFAULT 0, 
	"DESC_TXT" VARCHAR2(1000 BYTE), 
	"NMSPC_CD" VARCHAR2(1000 BYTE), 
	"XSD" CLOB, 
	"XSL" CLOB, 
	"VER_NBR" NUMBER(8,0) DEFAULT 1, 
	"OBJ_ID" VARCHAR2(36 BYTE)
   ) ;
--------------------------------------------------------
--  DDL for Table KREN_MSG_DELIV_T
--------------------------------------------------------

  CREATE TABLE "KREN_MSG_DELIV_T" 
   (	"MSG_DELIV_ID" NUMBER(8,0), 
	"MSG_ID" NUMBER(8,0), 
	"TYP_NM" VARCHAR2(200 BYTE), 
	"SYS_ID" VARCHAR2(300 BYTE), 
	"STAT_CD" VARCHAR2(15 BYTE), 
	"PROC_CNT" NUMBER(4,0) DEFAULT 0, 
	"LOCKD_DTTM" DATE, 
	"VER_NBR" NUMBER(8,0) DEFAULT 0
   ) ;
--------------------------------------------------------
--  DDL for Table KREN_MSG_T
--------------------------------------------------------

  CREATE TABLE "KREN_MSG_T" 
   (	"MSG_ID" NUMBER(8,0), 
	"ORGN_ID" VARCHAR2(128 BYTE), 
	"DELIV_TYP" VARCHAR2(500 BYTE), 
	"CRTE_DTTM" DATE, 
	"TTL" VARCHAR2(255 BYTE), 
	"CHNL" VARCHAR2(300 BYTE), 
	"PRODCR" VARCHAR2(300 BYTE), 
	"CNTNT" CLOB, 
	"CNTNT_TYP" VARCHAR2(128 BYTE), 
	"URL" VARCHAR2(512 BYTE), 
	"RECIP_ID" VARCHAR2(300 BYTE), 
	"VER_NBR" NUMBER(8,0) DEFAULT 0
   ) ;
--------------------------------------------------------
--  DDL for Table KREN_NTFCTN_MSG_DELIV_T
--------------------------------------------------------

  CREATE TABLE "KREN_NTFCTN_MSG_DELIV_T" 
   (	"NTFCTN_MSG_DELIV_ID" NUMBER(8,0), 
	"NTFCTN_ID" NUMBER(8,0), 
	"RECIP_ID" VARCHAR2(40 BYTE), 
	"STAT_CD" VARCHAR2(15 BYTE), 
	"SYS_ID" VARCHAR2(300 BYTE), 
	"LOCKD_DTTM" DATE, 
	"VER_NBR" NUMBER(8,0) DEFAULT 0, 
	"OBJ_ID" VARCHAR2(36 BYTE)
   );
--------------------------------------------------------
--  DDL for Table KREN_NTFCTN_T
--------------------------------------------------------

  CREATE TABLE "KREN_NTFCTN_T" 
   (	"NTFCTN_ID" NUMBER(8,0), 
	"DELIV_TYP" VARCHAR2(3 BYTE), 
	"CRTE_DTTM" DATE, 
	"SND_DTTM" DATE, 
	"AUTO_RMV_DTTM" DATE, 
	"PRIO_ID" NUMBER(8,0), 
	"TTL" VARCHAR2(255 BYTE), 
	"CNTNT" CLOB, 
	"CNTNT_TYP_ID" NUMBER(8,0), 
	"CHNL_ID" NUMBER(8,0), 
	"PRODCR_ID" NUMBER(8,0), 
	"PROCESSING_FLAG" VARCHAR2(15 BYTE), 
	"LOCKD_DTTM" DATE, 
	"VER_NBR" NUMBER(8,0) DEFAULT 0, 
	"OBJ_ID" VARCHAR2(36 BYTE)
   ) ;
--------------------------------------------------------
--  DDL for Table KREN_PRIO_T
--------------------------------------------------------

  CREATE TABLE "KREN_PRIO_T" 
   (	"PRIO_ID" NUMBER(8,0), 
	"NM" VARCHAR2(40 BYTE), 
	"DESC_TXT" VARCHAR2(500 BYTE), 
	"PRIO_ORD" NUMBER(4,0), 
	"VER_NBR" NUMBER(8,0) DEFAULT 1, 
	"OBJ_ID" VARCHAR2(36 BYTE)
   ) ;
--------------------------------------------------------
--  DDL for Table KREN_PRODCR_T
--------------------------------------------------------

  CREATE TABLE "KREN_PRODCR_T" 
   (	"PRODCR_ID" NUMBER(8,0), 
	"NM" VARCHAR2(200 BYTE), 
	"DESC_TXT" VARCHAR2(1000 BYTE), 
	"CNTCT_INFO" VARCHAR2(1000 BYTE), 
	"VER_NBR" NUMBER(8,0) DEFAULT 1, 
	"OBJ_ID" VARCHAR2(36 BYTE)
   ) ;
--------------------------------------------------------
--  DDL for Table KREN_RECIP_DELIV_T
--------------------------------------------------------

  CREATE TABLE "KREN_RECIP_DELIV_T" 
   (	"RECIP_DELIV_ID" NUMBER(8,0), 
	"RECIP_ID" VARCHAR2(40 BYTE), 
	"CHNL" VARCHAR2(300 BYTE), 
	"NM" VARCHAR2(200 BYTE), 
	"VER_NBR" NUMBER(8,0) DEFAULT 0
   ) ;
--------------------------------------------------------
--  DDL for Table KREN_RECIP_LIST_T
--------------------------------------------------------

  CREATE TABLE "KREN_RECIP_LIST_T" 
   (	"RECIP_LIST_ID" NUMBER(8,0), 
	"CHNL_ID" NUMBER(8,0), 
	"RECIP_TYP_CD" VARCHAR2(10 BYTE), 
	"RECIP_ID" VARCHAR2(40 BYTE), 
	"OBJ_ID" VARCHAR2(36 BYTE), 
	"VER_NBR" NUMBER(8,0)
   ) ;
--------------------------------------------------------
--  DDL for Table KREN_RECIP_PREFS_T
--------------------------------------------------------

  CREATE TABLE "KREN_RECIP_PREFS_T" 
   (	"RECIP_PREFS_ID" NUMBER(8,0), 
	"RECIP_ID" VARCHAR2(40 BYTE), 
	"PROP" VARCHAR2(200 BYTE), 
	"VAL" VARCHAR2(1000 BYTE), 
	"VER_NBR" NUMBER(8,0) DEFAULT 0
   ) ;
--------------------------------------------------------
--  DDL for Table KREN_RECIP_T
--------------------------------------------------------

  CREATE TABLE "KREN_RECIP_T" 
   (	"RECIP_ID" NUMBER(8,0), 
	"NTFCTN_ID" NUMBER(8,0), 
	"RECIP_TYP_CD" VARCHAR2(10 BYTE), 
	"PRNCPL_ID" VARCHAR2(40 BYTE), 
	"OBJ_ID" VARCHAR2(36 BYTE), 
	"VER_NBR" NUMBER(8,0)
   ) ;
--------------------------------------------------------
--  DDL for Table KREN_RVWER_T
--------------------------------------------------------

  CREATE TABLE "KREN_RVWER_T" 
   (	"RVWER_ID" NUMBER(8,0), 
	"CHNL_ID" NUMBER(8,0), 
	"TYP" VARCHAR2(10 BYTE), 
	"PRNCPL_ID" VARCHAR2(40 BYTE), 
	"VER_NBR" NUMBER(8,0) DEFAULT 1, 
	"OBJ_ID" VARCHAR2(36 BYTE)
   ) ;
--------------------------------------------------------
--  DDL for Table KREN_SNDR_T
--------------------------------------------------------

  CREATE TABLE "KREN_SNDR_T" 
   (	"SNDR_ID" NUMBER(8,0), 
	"NTFCTN_ID" NUMBER(8,0), 
	"NM" VARCHAR2(200 BYTE), 
	"OBJ_ID" VARCHAR2(36 BYTE), 
	"VER_NBR" NUMBER(8,0)
   ) ;
--------------------------------------------------------
--  DDL for Table KREW_ACTN_ITM_T
--------------------------------------------------------

  CREATE TABLE "KREW_ACTN_ITM_T" 
   (	"ACTN_ITM_ID" VARCHAR2(40 BYTE), 
	"PRNCPL_ID" VARCHAR2(40 BYTE), 
	"ASND_DT" DATE, 
	"RQST_CD" CHAR(1 BYTE), 
	"ACTN_RQST_ID" VARCHAR2(40 BYTE), 
	"DOC_HDR_ID" VARCHAR2(40 BYTE), 
	"ROLE_NM" VARCHAR2(2000 BYTE), 
	"DLGN_PRNCPL_ID" VARCHAR2(40 BYTE), 
	"DOC_HDR_TTL" VARCHAR2(255 BYTE), 
	"DOC_TYP_LBL" VARCHAR2(128 BYTE), 
	"DOC_HDLR_URL" VARCHAR2(255 BYTE), 
	"DOC_TYP_NM" VARCHAR2(64 BYTE), 
	"RSP_ID" VARCHAR2(40 BYTE), 
	"DLGN_TYP" VARCHAR2(1 BYTE), 
	"VER_NBR" NUMBER(8,0) DEFAULT 0, 
	"DTYPE" VARCHAR2(50 BYTE), 
	"GRP_ID" VARCHAR2(40 BYTE), 
	"DLGN_GRP_ID" VARCHAR2(40 BYTE), 
	"RQST_LBL" VARCHAR2(255 BYTE)
   ) ;
--------------------------------------------------------
--  DDL for Table KREW_ACTN_RQST_T
--------------------------------------------------------

  CREATE TABLE "KREW_ACTN_RQST_T" 
   (	"ACTN_RQST_ID" VARCHAR2(40 BYTE), 
	"PARNT_ID" VARCHAR2(40 BYTE), 
	"ACTN_RQST_CD" CHAR(1 BYTE), 
	"DOC_HDR_ID" VARCHAR2(40 BYTE), 
	"RULE_ID" VARCHAR2(40 BYTE), 
	"STAT_CD" CHAR(1 BYTE), 
	"RSP_ID" VARCHAR2(40 BYTE), 
	"PRNCPL_ID" VARCHAR2(40 BYTE), 
	"ROLE_NM" VARCHAR2(2000 BYTE), 
	"QUAL_ROLE_NM" VARCHAR2(2000 BYTE), 
	"QUAL_ROLE_NM_LBL_TXT" VARCHAR2(2000 BYTE), 
	"RECIP_TYP_CD" CHAR(1 BYTE), 
	"PRIO_NBR" NUMBER(8,0), 
	"RTE_TYP_NM" VARCHAR2(255 BYTE), 
	"RTE_LVL_NBR" NUMBER(8,0), 
	"RTE_NODE_INSTN_ID" VARCHAR2(40 BYTE), 
	"ACTN_TKN_ID" VARCHAR2(40 BYTE), 
	"DOC_VER_NBR" NUMBER(8,0), 
	"CRTE_DT" DATE, 
	"RSP_DESC_TXT" VARCHAR2(200 BYTE), 
	"FRC_ACTN" NUMBER(1,0) DEFAULT 0, 
	"ACTN_RQST_ANNOTN_TXT" VARCHAR2(2000 BYTE), 
	"DLGN_TYP" CHAR(1 BYTE), 
	"APPR_PLCY" CHAR(1 BYTE), 
	"CUR_IND" NUMBER(1,0) DEFAULT 1, 
	"VER_NBR" NUMBER(8,0) DEFAULT 0, 
	"GRP_ID" VARCHAR2(40 BYTE), 
	"RQST_LBL" VARCHAR2(255 BYTE)
   ) ;
--------------------------------------------------------
--  DDL for Table KREW_ACTN_TKN_T
--------------------------------------------------------

  CREATE TABLE "KREW_ACTN_TKN_T" 
   (	"ACTN_TKN_ID" VARCHAR2(40 BYTE), 
	"DOC_HDR_ID" VARCHAR2(40 BYTE), 
	"PRNCPL_ID" VARCHAR2(40 BYTE), 
	"DLGTR_PRNCPL_ID" VARCHAR2(40 BYTE), 
	"ACTN_CD" CHAR(1 BYTE), 
	"ACTN_DT" DATE, 
	"DOC_VER_NBR" NUMBER(8,0), 
	"ANNOTN" VARCHAR2(2000 BYTE), 
	"CUR_IND" NUMBER(1,0) DEFAULT 1, 
	"VER_NBR" NUMBER(8,0) DEFAULT 0, 
	"DLGTR_GRP_ID" VARCHAR2(40 BYTE)
   ) ;
--------------------------------------------------------
--  DDL for Table KREW_APP_DOC_STAT_TRAN_T
--------------------------------------------------------

  CREATE TABLE "KREW_APP_DOC_STAT_TRAN_T" 
   (	"APP_DOC_STAT_TRAN_ID" VARCHAR2(40 BYTE), 
	"DOC_HDR_ID" VARCHAR2(40 BYTE), 
	"APP_DOC_STAT_FROM" VARCHAR2(64 BYTE), 
	"APP_DOC_STAT_TO" VARCHAR2(64 BYTE), 
	"STAT_TRANS_DATE" DATE, 
	"VER_NBR" NUMBER(8,0) DEFAULT 0, 
	"OBJ_ID" VARCHAR2(36 BYTE)
   ) ;
--------------------------------------------------------
--  DDL for Table KREW_ATTR_DEFN_T
--------------------------------------------------------

  CREATE TABLE "KREW_ATTR_DEFN_T" 
   (	"ATTR_DEFN_ID" VARCHAR2(40 BYTE), 
	"NM" VARCHAR2(100 BYTE), 
	"NMSPC_CD" VARCHAR2(40 BYTE), 
	"LBL" VARCHAR2(40 BYTE), 
	"ACTV" VARCHAR2(1 BYTE) DEFAULT 'Y', 
	"CMPNT_NM" VARCHAR2(100 BYTE), 
	"VER_NBR" NUMBER(8,0) DEFAULT 0, 
	"DESC_TXT" VARCHAR2(40 BYTE)
   ) ;
--------------------------------------------------------
--  DDL for Table KREW_ATT_T
--------------------------------------------------------

  CREATE TABLE "KREW_ATT_T" 
   (	"ATTACHMENT_ID" VARCHAR2(40 BYTE), 
	"NTE_ID" VARCHAR2(40 BYTE), 
	"FILE_NM" VARCHAR2(255 BYTE), 
	"FILE_LOC" VARCHAR2(255 BYTE), 
	"MIME_TYP" VARCHAR2(255 BYTE), 
	"VER_NBR" NUMBER(8,0) DEFAULT 0
   ) ;
--------------------------------------------------------
--  DDL for Table KREW_DLGN_RSP_T
--------------------------------------------------------

  CREATE TABLE "KREW_DLGN_RSP_T" 
   (	"DLGN_RULE_ID" VARCHAR2(40 BYTE), 
	"RSP_ID" VARCHAR2(40 BYTE), 
	"DLGN_RULE_BASE_VAL_ID" VARCHAR2(40 BYTE), 
	"DLGN_TYP" VARCHAR2(20 BYTE), 
	"VER_NBR" NUMBER(8,0) DEFAULT 0, 
	"OBJ_ID" VARCHAR2(36 BYTE)
   ) ;
--------------------------------------------------------
--  DDL for Table KREW_DOC_HDR_CNTNT_T
--------------------------------------------------------

  CREATE TABLE "KREW_DOC_HDR_CNTNT_T" 
   (	"DOC_HDR_ID" VARCHAR2(40 BYTE), 
	"DOC_CNTNT_TXT" CLOB
   ) ;
--------------------------------------------------------
--  DDL for Table KREW_DOC_HDR_EXT_DT_T
--------------------------------------------------------

  CREATE TABLE "KREW_DOC_HDR_EXT_DT_T" 
   (	"DOC_HDR_EXT_DT_ID" VARCHAR2(40 BYTE), 
	"DOC_HDR_ID" VARCHAR2(40 BYTE), 
	"KEY_CD" VARCHAR2(256 BYTE), 
	"VAL" DATE
   ) ;
--------------------------------------------------------
--  DDL for Table KREW_DOC_HDR_EXT_FLT_T
--------------------------------------------------------

  CREATE TABLE "KREW_DOC_HDR_EXT_FLT_T" 
   (	"DOC_HDR_EXT_FLT_ID" VARCHAR2(40 BYTE), 
	"DOC_HDR_ID" VARCHAR2(40 BYTE), 
	"KEY_CD" VARCHAR2(256 BYTE), 
	"VAL" NUMBER(30,15)
   ) ;
--------------------------------------------------------
--  DDL for Table KREW_DOC_HDR_EXT_LONG_T
--------------------------------------------------------

  CREATE TABLE "KREW_DOC_HDR_EXT_LONG_T" 
   (	"DOC_HDR_EXT_LONG_ID" VARCHAR2(40 BYTE), 
	"DOC_HDR_ID" VARCHAR2(40 BYTE), 
	"KEY_CD" VARCHAR2(256 BYTE), 
	"VAL" NUMBER(22,0)
   ) ;
--------------------------------------------------------
--  DDL for Table KREW_DOC_HDR_EXT_T
--------------------------------------------------------

  CREATE TABLE "KREW_DOC_HDR_EXT_T" 
   (	"DOC_HDR_EXT_ID" VARCHAR2(40 BYTE), 
	"DOC_HDR_ID" VARCHAR2(40 BYTE), 
	"KEY_CD" VARCHAR2(256 BYTE), 
	"VAL" VARCHAR2(2000 BYTE)
   ) ;
--------------------------------------------------------
--  DDL for Table KREW_DOC_HDR_T
--------------------------------------------------------

  CREATE TABLE "KREW_DOC_HDR_T" 
   (	"DOC_HDR_ID" VARCHAR2(40 BYTE), 
	"DOC_TYP_ID" VARCHAR2(40 BYTE), 
	"DOC_HDR_STAT_CD" CHAR(1 BYTE), 
	"RTE_LVL" NUMBER(8,0), 
	"STAT_MDFN_DT" DATE, 
	"CRTE_DT" DATE, 
	"APRV_DT" DATE, 
	"FNL_DT" DATE, 
	"RTE_STAT_MDFN_DT" DATE, 
	"TTL" VARCHAR2(255 BYTE), 
	"APP_DOC_ID" VARCHAR2(255 BYTE), 
	"DOC_VER_NBR" NUMBER(8,0), 
	"INITR_PRNCPL_ID" VARCHAR2(40 BYTE), 
	"VER_NBR" NUMBER(8,0) DEFAULT 0, 
	"RTE_PRNCPL_ID" VARCHAR2(40 BYTE), 
	"DTYPE" VARCHAR2(50 BYTE), 
	"OBJ_ID" VARCHAR2(36 BYTE), 
	"APP_DOC_STAT" VARCHAR2(64 BYTE), 
	"APP_DOC_STAT_MDFN_DT" DATE
   ) ;
--------------------------------------------------------
--  DDL for Table KREW_DOC_LNK_T
--------------------------------------------------------

  CREATE TABLE "KREW_DOC_LNK_T" 
   (	"DOC_LNK_ID" VARCHAR2(40 BYTE), 
	"ORGN_DOC_ID" VARCHAR2(40 BYTE), 
	"DEST_DOC_ID" VARCHAR2(40 BYTE)
   ) ;
--------------------------------------------------------
--  DDL for Table KREW_DOC_NTE_T
--------------------------------------------------------

  CREATE TABLE "KREW_DOC_NTE_T" 
   (	"DOC_NTE_ID" VARCHAR2(40 BYTE), 
	"DOC_HDR_ID" VARCHAR2(40 BYTE), 
	"AUTH_PRNCPL_ID" VARCHAR2(40 BYTE), 
	"CRT_DT" DATE, 
	"TXT" VARCHAR2(4000 BYTE), 
	"VER_NBR" NUMBER(8,0) DEFAULT 0
   ) ;
--------------------------------------------------------
--  DDL for Table KREW_DOC_TYP_APP_DOC_STAT_T
--------------------------------------------------------

  CREATE TABLE "KREW_DOC_TYP_APP_DOC_STAT_T" 
   (	"DOC_TYP_ID" VARCHAR2(40 BYTE), 
	"DOC_STAT_NM" VARCHAR2(64 BYTE), 
	"VER_NBR" NUMBER(8,0) DEFAULT 0, 
	"OBJ_ID" VARCHAR2(36 BYTE), 
	"CAT_NM" VARCHAR2(64 BYTE), 
	"SEQ_NO" NUMBER(5,0)
   ) ;
--------------------------------------------------------
--  DDL for Table KREW_DOC_TYP_APP_STAT_CAT_T
--------------------------------------------------------

  CREATE TABLE "KREW_DOC_TYP_APP_STAT_CAT_T" 
   (	"DOC_TYP_ID" VARCHAR2(40 BYTE), 
	"CAT_NM" VARCHAR2(64 BYTE), 
	"VER_NBR" NUMBER(8,0) DEFAULT 0, 
	"OBJ_ID" VARCHAR2(36 BYTE)
   ) ;
--------------------------------------------------------
--  DDL for Table KREW_DOC_TYP_ATTR_T
--------------------------------------------------------

  CREATE TABLE "KREW_DOC_TYP_ATTR_T" 
   (	"DOC_TYP_ATTRIB_ID" VARCHAR2(40 BYTE), 
	"DOC_TYP_ID" VARCHAR2(40 BYTE), 
	"RULE_ATTR_ID" VARCHAR2(40 BYTE), 
	"ORD_INDX" NUMBER(4,0) DEFAULT 0
   ) ;
--------------------------------------------------------
--  DDL for Table KREW_DOC_TYP_PLCY_RELN_T
--------------------------------------------------------

  CREATE TABLE "KREW_DOC_TYP_PLCY_RELN_T" 
   (	"DOC_TYP_ID" VARCHAR2(40 BYTE), 
	"DOC_PLCY_NM" VARCHAR2(255 BYTE), 
	"PLCY_NM" NUMBER(1,0), 
	"VER_NBR" NUMBER(8,0) DEFAULT 0, 
	"OBJ_ID" VARCHAR2(36 BYTE), 
	"PLCY_VAL" VARCHAR2(1024 BYTE)
   ) ;
--------------------------------------------------------
--  DDL for Table KREW_DOC_TYP_PROC_T
--------------------------------------------------------

  CREATE TABLE "KREW_DOC_TYP_PROC_T" 
   (	"DOC_TYP_PROC_ID" VARCHAR2(40 BYTE), 
	"DOC_TYP_ID" VARCHAR2(40 BYTE), 
	"INIT_RTE_NODE_ID" VARCHAR2(40 BYTE), 
	"NM" VARCHAR2(255 BYTE), 
	"INIT_IND" NUMBER(1,0) DEFAULT 0, 
	"VER_NBR" NUMBER(8,0) DEFAULT 0
   ) ;
--------------------------------------------------------
--  DDL for Table KREW_DOC_TYP_T
--------------------------------------------------------

  CREATE TABLE "KREW_DOC_TYP_T" 
   (	"DOC_TYP_ID" VARCHAR2(40 BYTE), 
	"PARNT_ID" VARCHAR2(40 BYTE), 
	"DOC_TYP_NM" VARCHAR2(64 BYTE), 
	"DOC_TYP_VER_NBR" NUMBER(10,0) DEFAULT 0, 
	"ACTV_IND" NUMBER(1,0), 
	"CUR_IND" NUMBER(1,0), 
	"LBL" VARCHAR2(128 BYTE), 
	"PREV_DOC_TYP_VER_NBR" VARCHAR2(40 BYTE), 
	"DOC_TYP_DESC" VARCHAR2(4000 BYTE), 
	"DOC_HDLR_URL" VARCHAR2(255 BYTE), 
	"POST_PRCSR" VARCHAR2(255 BYTE), 
	"JNDI_URL" VARCHAR2(255 BYTE), 
	"BLNKT_APPR_PLCY" VARCHAR2(10 BYTE), 
	"ADV_DOC_SRCH_URL" VARCHAR2(255 BYTE), 
	"RTE_VER_NBR" VARCHAR2(2 BYTE) DEFAULT '1', 
	"NOTIFY_ADDR" VARCHAR2(255 BYTE), 
	"APPL_ID" VARCHAR2(255 BYTE), 
	"EMAIL_XSL" VARCHAR2(255 BYTE), 
	"SEC_XML" CLOB, 
	"VER_NBR" NUMBER(8,0) DEFAULT 0, 
	"BLNKT_APPR_GRP_ID" VARCHAR2(40 BYTE), 
	"RPT_GRP_ID" VARCHAR2(40 BYTE), 
	"GRP_ID" VARCHAR2(40 BYTE), 
	"HELP_DEF_URL" VARCHAR2(4000 BYTE), 
	"OBJ_ID" VARCHAR2(36 BYTE), 
	"DOC_SEARCH_HELP_URL" VARCHAR2(4000 BYTE), 
	"DOC_HDR_ID" VARCHAR2(40 BYTE), 
	"AUTHORIZER" VARCHAR2(255 BYTE)
   ) ;
--------------------------------------------------------
--  DDL for Table KREW_EDL_ASSCTN_T
--------------------------------------------------------

  CREATE TABLE "KREW_EDL_ASSCTN_T" 
   (	"EDOCLT_ASSOC_ID" NUMBER(19,0), 
	"DOC_TYP_NM" VARCHAR2(64 BYTE), 
	"EDL_DEF_NM" VARCHAR2(200 BYTE), 
	"STYLE_NM" VARCHAR2(200 BYTE), 
	"ACTV_IND" NUMBER(1,0), 
	"VER_NBR" NUMBER(8,0) DEFAULT 0, 
	"OBJ_ID" VARCHAR2(36 BYTE)
   ) ;
--------------------------------------------------------
--  DDL for Table KREW_EDL_DEF_T
--------------------------------------------------------

  CREATE TABLE "KREW_EDL_DEF_T" 
   (	"EDOCLT_DEF_ID" NUMBER(19,0), 
	"NM" VARCHAR2(200 BYTE), 
	"XML" CLOB, 
	"ACTV_IND" NUMBER(1,0), 
	"VER_NBR" NUMBER(8,0) DEFAULT 0, 
	"OBJ_ID" VARCHAR2(36 BYTE)
   ) ;
--------------------------------------------------------
--  DDL for Table KREW_EDL_DMP_T
--------------------------------------------------------

  CREATE TABLE "KREW_EDL_DMP_T" 
   (	"DOC_HDR_ID" VARCHAR2(40 BYTE), 
	"DOC_TYP_NM" VARCHAR2(64 BYTE), 
	"DOC_HDR_STAT_CD" CHAR(1 BYTE), 
	"DOC_HDR_MDFN_DT" DATE, 
	"DOC_HDR_CRTE_DT" DATE, 
	"DOC_HDR_TTL" VARCHAR2(255 BYTE), 
	"DOC_HDR_INITR_PRNCPL_ID" VARCHAR2(40 BYTE), 
	"CRNT_NODE_NM" VARCHAR2(30 BYTE), 
	"VER_NBR" NUMBER(8,0) DEFAULT 0
   ) ;
--------------------------------------------------------
--  DDL for Table KREW_EDL_FLD_DMP_T
--------------------------------------------------------

  CREATE TABLE "KREW_EDL_FLD_DMP_T" 
   (	"EDL_FIELD_DMP_ID" NUMBER(14,0), 
	"DOC_HDR_ID" VARCHAR2(40 BYTE), 
	"FLD_NM" VARCHAR2(255 BYTE), 
	"FLD_VAL" VARCHAR2(4000 BYTE), 
	"VER_NBR" NUMBER(8,0) DEFAULT 0
   ) ;
--------------------------------------------------------
--  DDL for Table KREW_HLP_T
--------------------------------------------------------

  CREATE TABLE "KREW_HLP_T" 
   (	"HLP_ID" VARCHAR2(40 BYTE), 
	"NM" VARCHAR2(500 BYTE), 
	"KEY_CD" VARCHAR2(500 BYTE), 
	"HLP_TXT" VARCHAR2(4000 BYTE), 
	"VER_NBR" NUMBER(8,0) DEFAULT 0
   ) ;
--------------------------------------------------------
--  DDL for Table KREW_INIT_RTE_NODE_INSTN_T
--------------------------------------------------------

  CREATE TABLE "KREW_INIT_RTE_NODE_INSTN_T" 
   (	"DOC_HDR_ID" VARCHAR2(40 BYTE), 
	"RTE_NODE_INSTN_ID" VARCHAR2(40 BYTE)
   ) ;
--------------------------------------------------------
--  DDL for Table KREW_OUT_BOX_ITM_T
--------------------------------------------------------

  CREATE TABLE "KREW_OUT_BOX_ITM_T" 
   (	"ACTN_ITM_ID" VARCHAR2(40 BYTE), 
	"PRNCPL_ID" VARCHAR2(40 BYTE), 
	"ASND_DT" DATE, 
	"RQST_CD" CHAR(1 BYTE), 
	"ACTN_RQST_ID" VARCHAR2(40 BYTE), 
	"DOC_HDR_ID" VARCHAR2(40 BYTE), 
	"ROLE_NM" VARCHAR2(2000 BYTE), 
	"DLGN_PRNCPL_ID" VARCHAR2(40 BYTE), 
	"DOC_HDR_TTL" VARCHAR2(255 BYTE), 
	"DOC_TYP_LBL" VARCHAR2(128 BYTE), 
	"DOC_HDLR_URL" VARCHAR2(255 BYTE), 
	"DOC_TYP_NM" VARCHAR2(64 BYTE), 
	"RSP_ID" VARCHAR2(40 BYTE), 
	"DLGN_TYP" VARCHAR2(1 BYTE), 
	"VER_NBR" NUMBER(8,0) DEFAULT 0, 
	"GRP_ID" VARCHAR2(40 BYTE), 
	"DLGN_GRP_ID" VARCHAR2(40 BYTE), 
	"RQST_LBL" VARCHAR2(255 BYTE)
   ) ;
--------------------------------------------------------
--  DDL for Table KREW_PPL_FLW_ATTR_T
--------------------------------------------------------

  CREATE TABLE "KREW_PPL_FLW_ATTR_T" 
   (	"PPL_FLW_ATTR_ID" VARCHAR2(40 BYTE), 
	"PPL_FLW_ID" VARCHAR2(40 BYTE), 
	"ATTR_DEFN_ID" VARCHAR2(40 BYTE), 
	"ATTR_VAL" VARCHAR2(400 BYTE), 
	"VER_NBR" NUMBER(8,0) DEFAULT 0
   ) ;
--------------------------------------------------------
--  DDL for Table KREW_PPL_FLW_DLGT_T
--------------------------------------------------------

  CREATE TABLE "KREW_PPL_FLW_DLGT_T" 
   (	"PPL_FLW_DLGT_ID" VARCHAR2(40 BYTE), 
	"PPL_FLW_MBR_ID" VARCHAR2(40 BYTE), 
	"MBR_ID" VARCHAR2(40 BYTE), 
	"MBR_TYP_CD" VARCHAR2(1 BYTE), 
	"DLGN_TYP_CD" VARCHAR2(1 BYTE), 
	"VER_NBR" NUMBER(8,0) DEFAULT 0, 
	"ACTN_RQST_PLCY_CD" VARCHAR2(1 BYTE), 
	"RSP_ID" VARCHAR2(40 BYTE)
   ) ;
--------------------------------------------------------
--  DDL for Table KREW_PPL_FLW_MBR_T
--------------------------------------------------------

  CREATE TABLE "KREW_PPL_FLW_MBR_T" 
   (	"PPL_FLW_MBR_ID" VARCHAR2(40 BYTE), 
	"PPL_FLW_ID" VARCHAR2(40 BYTE), 
	"MBR_TYP_CD" VARCHAR2(1 BYTE), 
	"MBR_ID" VARCHAR2(40 BYTE), 
	"PRIO" NUMBER(8,0), 
	"VER_NBR" NUMBER(8,0) DEFAULT 0, 
	"ACTN_RQST_PLCY_CD" VARCHAR2(1 BYTE), 
	"RSP_ID" VARCHAR2(40 BYTE)
   ) ;
--------------------------------------------------------
--  DDL for Table KREW_PPL_FLW_T
--------------------------------------------------------

  CREATE TABLE "KREW_PPL_FLW_T" 
   (	"PPL_FLW_ID" VARCHAR2(40 BYTE), 
	"NM" VARCHAR2(100 BYTE), 
	"NMSPC_CD" VARCHAR2(40 BYTE), 
	"TYP_ID" VARCHAR2(40 BYTE), 
	"ACTV" VARCHAR2(1 BYTE) DEFAULT 'Y', 
	"VER_NBR" NUMBER(8,0) DEFAULT 0, 
	"DESC_TXT" VARCHAR2(4000 BYTE)
   ) ;
--------------------------------------------------------
--  DDL for Table KREW_RTE_BRCH_PROTO_T
--------------------------------------------------------

  CREATE TABLE "KREW_RTE_BRCH_PROTO_T" 
   (	"RTE_BRCH_PROTO_ID" VARCHAR2(40 BYTE), 
	"BRCH_NM" VARCHAR2(255 BYTE), 
	"VER_NBR" NUMBER(8,0) DEFAULT 0
   ) ;
--------------------------------------------------------
--  DDL for Table KREW_RTE_BRCH_ST_T
--------------------------------------------------------

  CREATE TABLE "KREW_RTE_BRCH_ST_T" 
   (	"RTE_BRCH_ST_ID" VARCHAR2(40 BYTE), 
	"RTE_BRCH_ID" VARCHAR2(40 BYTE), 
	"KEY_CD" VARCHAR2(255 BYTE), 
	"VAL" VARCHAR2(2000 BYTE), 
	"VER_NBR" NUMBER(8,0) DEFAULT 0
   ) ;
--------------------------------------------------------
--  DDL for Table KREW_RTE_BRCH_T
--------------------------------------------------------

  CREATE TABLE "KREW_RTE_BRCH_T" 
   (	"RTE_BRCH_ID" VARCHAR2(40 BYTE), 
	"NM" VARCHAR2(255 BYTE), 
	"PARNT_ID" VARCHAR2(40 BYTE), 
	"INIT_RTE_NODE_INSTN_ID" VARCHAR2(40 BYTE), 
	"SPLT_RTE_NODE_INSTN_ID" VARCHAR2(40 BYTE), 
	"JOIN_RTE_NODE_INSTN_ID" VARCHAR2(40 BYTE), 
	"VER_NBR" NUMBER(8,0) DEFAULT 0
   ) ;
--------------------------------------------------------
--  DDL for Table KREW_RTE_NODE_CFG_PARM_T
--------------------------------------------------------

  CREATE TABLE "KREW_RTE_NODE_CFG_PARM_T" 
   (	"RTE_NODE_CFG_PARM_ID" VARCHAR2(40 BYTE), 
	"RTE_NODE_ID" VARCHAR2(40 BYTE), 
	"KEY_CD" VARCHAR2(255 BYTE), 
	"VAL" VARCHAR2(4000 BYTE)
   ) ;
--------------------------------------------------------
--  DDL for Table KREW_RTE_NODE_INSTN_LNK_T
--------------------------------------------------------

  CREATE TABLE "KREW_RTE_NODE_INSTN_LNK_T" 
   (	"FROM_RTE_NODE_INSTN_ID" VARCHAR2(40 BYTE), 
	"TO_RTE_NODE_INSTN_ID" VARCHAR2(40 BYTE)
   ) ;
--------------------------------------------------------
--  DDL for Table KREW_RTE_NODE_INSTN_ST_T
--------------------------------------------------------

  CREATE TABLE "KREW_RTE_NODE_INSTN_ST_T" 
   (	"RTE_NODE_INSTN_ST_ID" VARCHAR2(40 BYTE), 
	"RTE_NODE_INSTN_ID" VARCHAR2(40 BYTE), 
	"KEY_CD" VARCHAR2(255 BYTE), 
	"VAL" VARCHAR2(2000 BYTE), 
	"VER_NBR" NUMBER(8,0) DEFAULT 0
   ) ;
--------------------------------------------------------
--  DDL for Table KREW_RTE_NODE_INSTN_T
--------------------------------------------------------

  CREATE TABLE "KREW_RTE_NODE_INSTN_T" 
   (	"RTE_NODE_INSTN_ID" VARCHAR2(40 BYTE), 
	"DOC_HDR_ID" VARCHAR2(40 BYTE), 
	"RTE_NODE_ID" VARCHAR2(40 BYTE), 
	"BRCH_ID" VARCHAR2(40 BYTE), 
	"PROC_RTE_NODE_INSTN_ID" VARCHAR2(40 BYTE), 
	"ACTV_IND" NUMBER(1,0) DEFAULT 0, 
	"CMPLT_IND" NUMBER(1,0) DEFAULT 0, 
	"INIT_IND" NUMBER(1,0) DEFAULT 0, 
	"VER_NBR" NUMBER(8,0) DEFAULT 0
   ) ;
--------------------------------------------------------
--  DDL for Table KREW_RTE_NODE_LNK_T
--------------------------------------------------------

  CREATE TABLE "KREW_RTE_NODE_LNK_T" 
   (	"FROM_RTE_NODE_ID" VARCHAR2(40 BYTE), 
	"TO_RTE_NODE_ID" VARCHAR2(40 BYTE)
   ) ;
--------------------------------------------------------
--  DDL for Table KREW_RTE_NODE_T
--------------------------------------------------------

  CREATE TABLE "KREW_RTE_NODE_T" 
   (	"RTE_NODE_ID" VARCHAR2(40 BYTE), 
	"DOC_TYP_ID" VARCHAR2(40 BYTE), 
	"NM" VARCHAR2(255 BYTE), 
	"TYP" VARCHAR2(255 BYTE), 
	"RTE_MTHD_NM" VARCHAR2(255 BYTE), 
	"RTE_MTHD_CD" VARCHAR2(2 BYTE), 
	"FNL_APRVR_IND" NUMBER(1,0), 
	"MNDTRY_RTE_IND" NUMBER(1,0), 
	"ACTVN_TYP" VARCHAR2(1 BYTE), 
	"BRCH_PROTO_ID" VARCHAR2(40 BYTE), 
	"VER_NBR" NUMBER(8,0) DEFAULT 0, 
	"CONTENT_FRAGMENT" VARCHAR2(4000 BYTE), 
	"GRP_ID" VARCHAR2(40 BYTE), 
	"NEXT_DOC_STAT" VARCHAR2(64 BYTE)
   ) ;
--------------------------------------------------------
--  DDL for Table KREW_RULE_ATTR_T
--------------------------------------------------------

  CREATE TABLE "KREW_RULE_ATTR_T" 
   (	"RULE_ATTR_ID" VARCHAR2(40 BYTE), 
	"NM" VARCHAR2(255 BYTE), 
	"LBL" VARCHAR2(2000 BYTE), 
	"RULE_ATTR_TYP_CD" VARCHAR2(2000 BYTE), 
	"DESC_TXT" VARCHAR2(2000 BYTE), 
	"CLS_NM" VARCHAR2(2000 BYTE), 
	"XML" CLOB, 
	"VER_NBR" NUMBER(8,0) DEFAULT 0, 
	"APPL_ID" VARCHAR2(255 BYTE), 
	"OBJ_ID" VARCHAR2(36 BYTE)
   ) ;
--------------------------------------------------------
--  DDL for Table KREW_RULE_EXPR_T
--------------------------------------------------------

  CREATE TABLE "KREW_RULE_EXPR_T" 
   (	"RULE_EXPR_ID" VARCHAR2(40 BYTE), 
	"TYP" VARCHAR2(256 BYTE), 
	"RULE_EXPR" VARCHAR2(4000 BYTE), 
	"OBJ_ID" VARCHAR2(36 BYTE), 
	"VER_NBR" NUMBER(8,0) DEFAULT 0
   ) ;
--------------------------------------------------------
--  DDL for Table KREW_RULE_EXT_T
--------------------------------------------------------

  CREATE TABLE "KREW_RULE_EXT_T" 
   (	"RULE_EXT_ID" VARCHAR2(40 BYTE), 
	"RULE_TMPL_ATTR_ID" VARCHAR2(40 BYTE), 
	"RULE_ID" VARCHAR2(40 BYTE), 
	"VER_NBR" NUMBER(8,0) DEFAULT 0
   ) ;
--------------------------------------------------------
--  DDL for Table KREW_RULE_EXT_VAL_T
--------------------------------------------------------

  CREATE TABLE "KREW_RULE_EXT_VAL_T" 
   (	"RULE_EXT_VAL_ID" VARCHAR2(40 BYTE), 
	"RULE_EXT_ID" VARCHAR2(40 BYTE), 
	"VAL" VARCHAR2(2000 BYTE), 
	"KEY_CD" VARCHAR2(2000 BYTE), 
	"VER_NBR" NUMBER(8,0) DEFAULT 0
   ) ;
--------------------------------------------------------
--  DDL for Table KREW_RULE_RSP_T
--------------------------------------------------------

  CREATE TABLE "KREW_RULE_RSP_T" 
   (	"RULE_RSP_ID" VARCHAR2(40 BYTE), 
	"RSP_ID" VARCHAR2(40 BYTE), 
	"RULE_ID" VARCHAR2(40 BYTE), 
	"PRIO" NUMBER(5,0), 
	"ACTN_RQST_CD" VARCHAR2(2000 BYTE), 
	"NM" VARCHAR2(200 BYTE), 
	"TYP" VARCHAR2(1 BYTE), 
	"APPR_PLCY" CHAR(1 BYTE), 
	"VER_NBR" NUMBER(8,0) DEFAULT 0, 
	"OBJ_ID" VARCHAR2(36 BYTE)
   ) ;
--------------------------------------------------------
--  DDL for Table KREW_RULE_T
--------------------------------------------------------

  CREATE TABLE "KREW_RULE_T" 
   (	"RULE_ID" VARCHAR2(40 BYTE), 
	"NM" VARCHAR2(256 BYTE), 
	"RULE_TMPL_ID" VARCHAR2(40 BYTE), 
	"RULE_EXPR_ID" VARCHAR2(40 BYTE), 
	"ACTV_IND" NUMBER(1,0), 
	"RULE_BASE_VAL_DESC" VARCHAR2(2000 BYTE), 
	"FRC_ACTN" NUMBER(1,0), 
	"DOC_TYP_NM" VARCHAR2(64 BYTE), 
	"DOC_HDR_ID" VARCHAR2(40 BYTE), 
	"TMPL_RULE_IND" NUMBER(1,0), 
	"FRM_DT" DATE, 
	"TO_DT" DATE, 
	"DACTVN_DT" DATE, 
	"CUR_IND" NUMBER(1,0) DEFAULT 0, 
	"RULE_VER_NBR" NUMBER(8,0) DEFAULT 0, 
	"DLGN_IND" NUMBER(1,0), 
	"PREV_VER_RULE_ID" VARCHAR2(40 BYTE), 
	"ACTVN_DT" DATE, 
	"VER_NBR" NUMBER(8,0) DEFAULT 0, 
	"OBJ_ID" VARCHAR2(36 BYTE)
   ) ;
--------------------------------------------------------
--  DDL for Table KREW_RULE_TMPL_ATTR_T
--------------------------------------------------------

  CREATE TABLE "KREW_RULE_TMPL_ATTR_T" 
   (	"RULE_TMPL_ATTR_ID" VARCHAR2(40 BYTE), 
	"RULE_TMPL_ID" VARCHAR2(40 BYTE), 
	"RULE_ATTR_ID" VARCHAR2(40 BYTE), 
	"REQ_IND" NUMBER(1,0), 
	"ACTV_IND" NUMBER(1,0), 
	"DSPL_ORD" NUMBER(5,0), 
	"DFLT_VAL" VARCHAR2(2000 BYTE), 
	"VER_NBR" NUMBER(8,0) DEFAULT 0, 
	"OBJ_ID" VARCHAR2(36 BYTE)
   )  ;
--------------------------------------------------------
--  DDL for Table KREW_RULE_TMPL_OPTN_T
--------------------------------------------------------

  CREATE TABLE "KREW_RULE_TMPL_OPTN_T" 
   (	"RULE_TMPL_OPTN_ID" VARCHAR2(40 BYTE), 
	"RULE_TMPL_ID" VARCHAR2(40 BYTE), 
	"KEY_CD" VARCHAR2(250 BYTE), 
	"VAL" VARCHAR2(2000 BYTE), 
	"VER_NBR" NUMBER(8,0) DEFAULT 0
   )  ;
--------------------------------------------------------
--  DDL for Table KREW_RULE_TMPL_T
--------------------------------------------------------

  CREATE TABLE "KREW_RULE_TMPL_T" 
   (	"RULE_TMPL_ID" VARCHAR2(40 BYTE), 
	"NM" VARCHAR2(250 BYTE), 
	"RULE_TMPL_DESC" VARCHAR2(2000 BYTE), 
	"DLGN_RULE_TMPL_ID" VARCHAR2(40 BYTE), 
	"VER_NBR" NUMBER(8,0) DEFAULT 0, 
	"OBJ_ID" VARCHAR2(36 BYTE)
   )  ;
--------------------------------------------------------
--  DDL for Table KREW_TYP_ATTR_T
--------------------------------------------------------

  CREATE TABLE "KREW_TYP_ATTR_T" 
   (	"TYP_ATTR_ID" VARCHAR2(40 BYTE), 
	"SEQ_NO" NUMBER(5,0), 
	"TYP_ID" VARCHAR2(40 BYTE), 
	"ATTR_DEFN_ID" VARCHAR2(255 BYTE), 
	"ACTV" VARCHAR2(1 BYTE) DEFAULT 'Y', 
	"VER_NBR" NUMBER(8,0) DEFAULT 0
   )  ;
--------------------------------------------------------
--  DDL for Table KREW_TYP_T
--------------------------------------------------------

  CREATE TABLE "KREW_TYP_T" 
   (	"TYP_ID" VARCHAR2(40 BYTE), 
	"NM" VARCHAR2(100 BYTE), 
	"NMSPC_CD" VARCHAR2(40 BYTE), 
	"SRVC_NM" VARCHAR2(200 BYTE), 
	"ACTV" VARCHAR2(1 BYTE) DEFAULT 'Y', 
	"VER_NBR" NUMBER(8,0) DEFAULT 0
   )  ;
--------------------------------------------------------
--  DDL for Table KREW_USR_OPTN_T
--------------------------------------------------------

  CREATE TABLE "KREW_USR_OPTN_T" 
   (	"PRNCPL_ID" VARCHAR2(40 BYTE), 
	"PRSN_OPTN_ID" VARCHAR2(200 BYTE), 
	"VAL" VARCHAR2(2000 BYTE), 
	"VER_NBR" NUMBER(8,0) DEFAULT 0
   )  ;
--------------------------------------------------------
--  DDL for Table KRIM_ADDR_TYP_T
--------------------------------------------------------

  CREATE TABLE "KRIM_ADDR_TYP_T" 
   (	"ADDR_TYP_CD" VARCHAR2(40 BYTE), 
	"OBJ_ID" VARCHAR2(36 BYTE), 
	"VER_NBR" NUMBER(8,0) DEFAULT 1, 
	"NM" VARCHAR2(40 BYTE), 
	"ACTV_IND" VARCHAR2(1 BYTE) DEFAULT 'Y', 
	"DISPLAY_SORT_CD" VARCHAR2(2 BYTE), 
	"LAST_UPDT_DT" DATE DEFAULT SYSDATE
   )  ;
--------------------------------------------------------
--  DDL for Table KRIM_AFLTN_TYP_T
--------------------------------------------------------

  CREATE TABLE "KRIM_AFLTN_TYP_T" 
   (	"AFLTN_TYP_CD" VARCHAR2(40 BYTE), 
	"OBJ_ID" VARCHAR2(36 BYTE), 
	"VER_NBR" NUMBER(8,0) DEFAULT 1, 
	"NM" VARCHAR2(40 BYTE), 
	"EMP_AFLTN_TYP_IND" VARCHAR2(1 BYTE) DEFAULT 'N', 
	"ACTV_IND" VARCHAR2(1 BYTE) DEFAULT 'Y', 
	"DISPLAY_SORT_CD" VARCHAR2(2 BYTE), 
	"LAST_UPDT_DT" DATE DEFAULT SYSDATE
   )  ;
--------------------------------------------------------
--  DDL for Table KRIM_ATTR_DEFN_T
--------------------------------------------------------

  CREATE TABLE "KRIM_ATTR_DEFN_T" 
   (	"KIM_ATTR_DEFN_ID" VARCHAR2(40 BYTE), 
	"OBJ_ID" VARCHAR2(36 BYTE), 
	"VER_NBR" NUMBER(8,0) DEFAULT 1, 
	"NM" VARCHAR2(100 BYTE), 
	"LBL" VARCHAR2(40 BYTE), 
	"ACTV_IND" VARCHAR2(1 BYTE) DEFAULT 'Y', 
	"NMSPC_CD" VARCHAR2(40 BYTE), 
	"CMPNT_NM" VARCHAR2(100 BYTE)
   )  ;
--------------------------------------------------------
--  DDL for Table KRIM_CTZNSHP_STAT_T
--------------------------------------------------------

  CREATE TABLE "KRIM_CTZNSHP_STAT_T" 
   (	"CTZNSHP_STAT_CD" VARCHAR2(40 BYTE), 
	"OBJ_ID" VARCHAR2(36 BYTE), 
	"VER_NBR" NUMBER(8,0) DEFAULT 1, 
	"NM" VARCHAR2(40 BYTE), 
	"ACTV_IND" VARCHAR2(1 BYTE) DEFAULT 'Y', 
	"DISPLAY_SORT_CD" VARCHAR2(2 BYTE), 
	"LAST_UPDT_DT" DATE DEFAULT SYSDATE
   )  ;
--------------------------------------------------------
--  DDL for Table KRIM_DLGN_MBR_ATTR_DATA_T
--------------------------------------------------------

  CREATE TABLE "KRIM_DLGN_MBR_ATTR_DATA_T" 
   (	"ATTR_DATA_ID" VARCHAR2(40 BYTE), 
	"OBJ_ID" VARCHAR2(36 BYTE), 
	"VER_NBR" NUMBER(8,0) DEFAULT 1, 
	"DLGN_MBR_ID" VARCHAR2(40 BYTE), 
	"KIM_TYP_ID" VARCHAR2(40 BYTE), 
	"KIM_ATTR_DEFN_ID" VARCHAR2(40 BYTE), 
	"ATTR_VAL" VARCHAR2(400 BYTE)
   )  ;
--------------------------------------------------------
--  DDL for Table KRIM_DLGN_MBR_T
--------------------------------------------------------

  CREATE TABLE "KRIM_DLGN_MBR_T" 
   (	"DLGN_MBR_ID" VARCHAR2(40 BYTE), 
	"VER_NBR" NUMBER(8,0) DEFAULT 1, 
	"OBJ_ID" VARCHAR2(36 BYTE), 
	"DLGN_ID" VARCHAR2(40 BYTE), 
	"MBR_ID" VARCHAR2(40 BYTE), 
	"MBR_TYP_CD" CHAR(1 BYTE) DEFAULT 'P', 
	"ACTV_FRM_DT" DATE, 
	"ACTV_TO_DT" DATE, 
	"LAST_UPDT_DT" DATE DEFAULT SYSDATE, 
	"ROLE_MBR_ID" VARCHAR2(40 BYTE)
   )  ;
--------------------------------------------------------
--  DDL for Table KRIM_DLGN_T
--------------------------------------------------------

  CREATE TABLE "KRIM_DLGN_T" 
   (	"DLGN_ID" VARCHAR2(40 BYTE), 
	"VER_NBR" NUMBER(8,0) DEFAULT 1, 
	"OBJ_ID" VARCHAR2(36 BYTE), 
	"ROLE_ID" VARCHAR2(40 BYTE), 
	"ACTV_IND" VARCHAR2(1 BYTE) DEFAULT 'Y', 
	"KIM_TYP_ID" VARCHAR2(40 BYTE), 
	"DLGN_TYP_CD" VARCHAR2(1 BYTE)
   )  ;
--------------------------------------------------------
--  DDL for Table KRIM_EMAIL_TYP_T
--------------------------------------------------------

  CREATE TABLE "KRIM_EMAIL_TYP_T" 
   (	"EMAIL_TYP_CD" VARCHAR2(40 BYTE), 
	"OBJ_ID" VARCHAR2(36 BYTE), 
	"VER_NBR" NUMBER(8,0) DEFAULT 1, 
	"NM" VARCHAR2(40 BYTE), 
	"ACTV_IND" VARCHAR2(1 BYTE) DEFAULT 'Y', 
	"DISPLAY_SORT_CD" VARCHAR2(2 BYTE), 
	"LAST_UPDT_DT" DATE DEFAULT SYSDATE
   )  ;
--------------------------------------------------------
--  DDL for Table KRIM_EMP_STAT_T
--------------------------------------------------------

  CREATE TABLE "KRIM_EMP_STAT_T" 
   (	"EMP_STAT_CD" VARCHAR2(40 BYTE), 
	"OBJ_ID" VARCHAR2(36 BYTE), 
	"VER_NBR" NUMBER(8,0) DEFAULT 1, 
	"NM" VARCHAR2(40 BYTE), 
	"ACTV_IND" VARCHAR2(1 BYTE) DEFAULT 'Y', 
	"DISPLAY_SORT_CD" VARCHAR2(2 BYTE), 
	"LAST_UPDT_DT" DATE DEFAULT SYSDATE
   )  ;
--------------------------------------------------------
--  DDL for Table KRIM_EMP_TYP_T
--------------------------------------------------------

  CREATE TABLE "KRIM_EMP_TYP_T" 
   (	"EMP_TYP_CD" VARCHAR2(40 BYTE), 
	"OBJ_ID" VARCHAR2(36 BYTE), 
	"VER_NBR" NUMBER(8,0) DEFAULT 1, 
	"NM" VARCHAR2(40 BYTE), 
	"ACTV_IND" VARCHAR2(1 BYTE) DEFAULT 'Y', 
	"DISPLAY_SORT_CD" VARCHAR2(2 BYTE), 
	"LAST_UPDT_DT" DATE DEFAULT SYSDATE
   )  ;
--------------------------------------------------------
--  DDL for Table KRIM_ENTITY_ADDR_T
--------------------------------------------------------

  CREATE TABLE "KRIM_ENTITY_ADDR_T" 
   (	"ENTITY_ADDR_ID" VARCHAR2(40 BYTE), 
	"OBJ_ID" VARCHAR2(36 BYTE), 
	"VER_NBR" NUMBER(8,0) DEFAULT 1, 
	"ENTITY_ID" VARCHAR2(40 BYTE), 
	"ENT_TYP_CD" VARCHAR2(40 BYTE), 
	"ADDR_TYP_CD" VARCHAR2(40 BYTE), 
	"ADDR_LINE_1" VARCHAR2(45 BYTE), 
	"ADDR_LINE_2" VARCHAR2(45 BYTE), 
	"ADDR_LINE_3" VARCHAR2(45 BYTE), 
	"CITY" VARCHAR2(30 BYTE), 
	"STATE_PVC_CD" VARCHAR2(2 BYTE), 
	"POSTAL_CD" VARCHAR2(20 BYTE), 
	"POSTAL_CNTRY_CD" VARCHAR2(2 BYTE), 
	"DFLT_IND" VARCHAR2(1 BYTE) DEFAULT 'N', 
	"ACTV_IND" VARCHAR2(1 BYTE) DEFAULT 'Y', 
	"LAST_UPDT_DT" DATE DEFAULT SYSDATE, 
	"ATTN_LINE" VARCHAR2(45 BYTE), 
	"ADDR_FMT" VARCHAR2(256 BYTE), 
	"MOD_DT" DATE DEFAULT SYSDATE, 
	"VALID_DT" DATE, 
	"VALID_IND" VARCHAR2(1 BYTE), 
	"NOTE_MSG" VARCHAR2(1024 BYTE)
   )  ;
--------------------------------------------------------
--  DDL for Table KRIM_ENTITY_AFLTN_T
--------------------------------------------------------

  CREATE TABLE "KRIM_ENTITY_AFLTN_T" 
   (	"ENTITY_AFLTN_ID" VARCHAR2(40 BYTE), 
	"OBJ_ID" VARCHAR2(36 BYTE), 
	"VER_NBR" NUMBER(8,0) DEFAULT 1, 
	"ENTITY_ID" VARCHAR2(40 BYTE), 
	"AFLTN_TYP_CD" VARCHAR2(40 BYTE), 
	"CAMPUS_CD" VARCHAR2(2 BYTE), 
	"DFLT_IND" VARCHAR2(1 BYTE) DEFAULT 'N', 
	"ACTV_IND" VARCHAR2(1 BYTE) DEFAULT 'Y', 
	"LAST_UPDT_DT" DATE DEFAULT SYSDATE
   )  ;
--------------------------------------------------------
--  DDL for Table KRIM_ENTITY_BIO_T
--------------------------------------------------------

  CREATE TABLE "KRIM_ENTITY_BIO_T" 
   (	"ENTITY_ID" VARCHAR2(40 BYTE), 
	"OBJ_ID" VARCHAR2(36 BYTE), 
	"VER_NBR" NUMBER(8,0) DEFAULT 1, 
	"BIRTH_DT" DATE, 
	"GNDR_CD" VARCHAR2(1 BYTE), 
	"LAST_UPDT_DT" DATE DEFAULT SYSDATE, 
	"DECEASED_DT" DATE, 
	"MARITAL_STATUS" VARCHAR2(40 BYTE), 
	"PRIM_LANG_CD" VARCHAR2(40 BYTE), 
	"SEC_LANG_CD" VARCHAR2(40 BYTE), 
	"BIRTH_CNTRY_CD" VARCHAR2(2 BYTE), 
	"BIRTH_STATE_PVC_CD" VARCHAR2(2 BYTE), 
	"BIRTH_CITY" VARCHAR2(30 BYTE), 
	"GEO_ORIGIN" VARCHAR2(100 BYTE), 
	"NOTE_MSG" VARCHAR2(1024 BYTE), 
	"GNDR_CHG_CD" VARCHAR2(20 BYTE)
   )  ;
--------------------------------------------------------
--  DDL for Table KRIM_ENTITY_CACHE_T
--------------------------------------------------------

  CREATE TABLE "KRIM_ENTITY_CACHE_T" 
   (	"ENTITY_ID" VARCHAR2(40 BYTE), 
	"PRNCPL_ID" VARCHAR2(40 BYTE), 
	"PRNCPL_NM" VARCHAR2(40 BYTE), 
	"ENTITY_TYP_CD" VARCHAR2(40 BYTE), 
	"FIRST_NM" VARCHAR2(40 BYTE), 
	"MIDDLE_NM" VARCHAR2(40 BYTE), 
	"LAST_NM" VARCHAR2(40 BYTE), 
	"PRSN_NM" VARCHAR2(255 BYTE), 
	"CAMPUS_CD" VARCHAR2(40 BYTE), 
	"PRMRY_DEPT_CD" VARCHAR2(40 BYTE), 
	"EMP_ID" VARCHAR2(40 BYTE), 
	"LAST_UPDT_TS" DATE, 
	"OBJ_ID" VARCHAR2(36 BYTE)
   )  ;
--------------------------------------------------------
--  DDL for Table KRIM_ENTITY_CTZNSHP_T
--------------------------------------------------------

  CREATE TABLE "KRIM_ENTITY_CTZNSHP_T" 
   (	"ENTITY_CTZNSHP_ID" VARCHAR2(40 BYTE), 
	"OBJ_ID" VARCHAR2(36 BYTE), 
	"VER_NBR" NUMBER(8,0) DEFAULT 1, 
	"ENTITY_ID" VARCHAR2(40 BYTE), 
	"POSTAL_CNTRY_CD" VARCHAR2(2 BYTE), 
	"CTZNSHP_STAT_CD" VARCHAR2(40 BYTE), 
	"STRT_DT" DATE, 
	"END_DT" DATE, 
	"ACTV_IND" VARCHAR2(1 BYTE) DEFAULT 'Y', 
	"LAST_UPDT_DT" DATE DEFAULT SYSDATE
   )  ;
--------------------------------------------------------
--  DDL for Table KRIM_ENTITY_EMAIL_T
--------------------------------------------------------

  CREATE TABLE "KRIM_ENTITY_EMAIL_T" 
   (	"ENTITY_EMAIL_ID" VARCHAR2(40 BYTE), 
	"OBJ_ID" VARCHAR2(36 BYTE), 
	"VER_NBR" NUMBER(8,0) DEFAULT 1, 
	"ENTITY_ID" VARCHAR2(40 BYTE), 
	"ENT_TYP_CD" VARCHAR2(40 BYTE), 
	"EMAIL_TYP_CD" VARCHAR2(40 BYTE), 
	"EMAIL_ADDR" VARCHAR2(200 BYTE), 
	"DFLT_IND" VARCHAR2(1 BYTE) DEFAULT 'N', 
	"ACTV_IND" VARCHAR2(1 BYTE) DEFAULT 'Y', 
	"LAST_UPDT_DT" DATE DEFAULT SYSDATE
   )  ;
--------------------------------------------------------
--  DDL for Table KRIM_ENTITY_EMP_INFO_T
--------------------------------------------------------

  CREATE TABLE "KRIM_ENTITY_EMP_INFO_T" 
   (	"ENTITY_EMP_ID" VARCHAR2(40 BYTE), 
	"OBJ_ID" VARCHAR2(36 BYTE), 
	"VER_NBR" NUMBER(8,0) DEFAULT 1, 
	"ENTITY_ID" VARCHAR2(40 BYTE), 
	"ENTITY_AFLTN_ID" VARCHAR2(40 BYTE), 
	"EMP_STAT_CD" VARCHAR2(40 BYTE), 
	"EMP_TYP_CD" VARCHAR2(40 BYTE), 
	"BASE_SLRY_AMT" NUMBER(15,2), 
	"PRMRY_IND" VARCHAR2(1 BYTE), 
	"ACTV_IND" VARCHAR2(1 BYTE) DEFAULT 'Y', 
	"LAST_UPDT_DT" DATE DEFAULT SYSDATE, 
	"PRMRY_DEPT_CD" VARCHAR2(40 BYTE), 
	"EMP_ID" VARCHAR2(40 BYTE), 
	"EMP_REC_ID" VARCHAR2(40 BYTE)
   )  ;
--------------------------------------------------------
--  DDL for Table KRIM_ENTITY_ENT_TYP_T
--------------------------------------------------------

  CREATE TABLE "KRIM_ENTITY_ENT_TYP_T" 
   (	"ENT_TYP_CD" VARCHAR2(40 BYTE), 
	"ENTITY_ID" VARCHAR2(40 BYTE), 
	"OBJ_ID" VARCHAR2(36 BYTE), 
	"VER_NBR" NUMBER(8,0) DEFAULT 1, 
	"ACTV_IND" VARCHAR2(1 BYTE) DEFAULT 'Y', 
	"LAST_UPDT_DT" DATE DEFAULT SYSDATE
   )  ;
--------------------------------------------------------
--  DDL for Table KRIM_ENTITY_ETHNIC_T
--------------------------------------------------------

  CREATE TABLE "KRIM_ENTITY_ETHNIC_T" 
   (	"ID" VARCHAR2(40 BYTE), 
	"ENTITY_ID" VARCHAR2(40 BYTE), 
	"ETHNCTY_CD" VARCHAR2(40 BYTE), 
	"SUB_ETHNCTY_CD" VARCHAR2(40 BYTE), 
	"VER_NBR" NUMBER(8,0) DEFAULT 1, 
	"OBJ_ID" VARCHAR2(36 BYTE)
   )  ;
--------------------------------------------------------
--  DDL for Table KRIM_ENTITY_EXT_ID_T
--------------------------------------------------------

  CREATE TABLE "KRIM_ENTITY_EXT_ID_T" 
   (	"ENTITY_EXT_ID_ID" VARCHAR2(40 BYTE), 
	"OBJ_ID" VARCHAR2(36 BYTE), 
	"VER_NBR" NUMBER(8,0) DEFAULT 1, 
	"ENTITY_ID" VARCHAR2(40 BYTE), 
	"EXT_ID_TYP_CD" VARCHAR2(40 BYTE), 
	"EXT_ID" VARCHAR2(100 BYTE), 
	"LAST_UPDT_DT" DATE DEFAULT SYSDATE
   )  ;
--------------------------------------------------------
--  DDL for Table KRIM_ENTITY_NM_T
--------------------------------------------------------

  CREATE TABLE "KRIM_ENTITY_NM_T" 
   (	"ENTITY_NM_ID" VARCHAR2(40 BYTE), 
	"OBJ_ID" VARCHAR2(36 BYTE), 
	"VER_NBR" NUMBER(8,0) DEFAULT 1, 
	"ENTITY_ID" VARCHAR2(40 BYTE), 
	"NM_TYP_CD" VARCHAR2(40 BYTE), 
	"FIRST_NM" VARCHAR2(40 BYTE), 
	"MIDDLE_NM" VARCHAR2(40 BYTE), 
	"LAST_NM" VARCHAR2(80 BYTE), 
	"SUFFIX_NM" VARCHAR2(20 BYTE), 
	"PREFIX_NM" VARCHAR2(20 BYTE), 
	"DFLT_IND" VARCHAR2(1 BYTE) DEFAULT 'N', 
	"ACTV_IND" VARCHAR2(1 BYTE) DEFAULT 'Y', 
	"LAST_UPDT_DT" DATE DEFAULT SYSDATE, 
	"TITLE_NM" VARCHAR2(20 BYTE), 
	"NOTE_MSG" VARCHAR2(1024 BYTE), 
	"NM_CHNG_DT" DATE
   )  ;
--------------------------------------------------------
--  DDL for Table KRIM_ENTITY_PHONE_T
--------------------------------------------------------

  CREATE TABLE "KRIM_ENTITY_PHONE_T" 
   (	"ENTITY_PHONE_ID" VARCHAR2(40 BYTE), 
	"OBJ_ID" VARCHAR2(36 BYTE), 
	"VER_NBR" NUMBER(8,0) DEFAULT 1, 
	"ENTITY_ID" VARCHAR2(40 BYTE), 
	"ENT_TYP_CD" VARCHAR2(40 BYTE), 
	"PHONE_TYP_CD" VARCHAR2(40 BYTE), 
	"PHONE_NBR" VARCHAR2(20 BYTE), 
	"PHONE_EXTN_NBR" VARCHAR2(8 BYTE), 
	"POSTAL_CNTRY_CD" VARCHAR2(2 BYTE), 
	"DFLT_IND" VARCHAR2(1 BYTE) DEFAULT 'N', 
	"ACTV_IND" VARCHAR2(1 BYTE) DEFAULT 'Y', 
	"LAST_UPDT_DT" DATE DEFAULT SYSDATE
   )  ;
--------------------------------------------------------
--  DDL for Table KRIM_ENTITY_PRIV_PREF_T
--------------------------------------------------------

  CREATE TABLE "KRIM_ENTITY_PRIV_PREF_T" 
   (	"ENTITY_ID" VARCHAR2(40 BYTE), 
	"OBJ_ID" VARCHAR2(36 BYTE), 
	"VER_NBR" NUMBER(8,0) DEFAULT 1, 
	"SUPPRESS_NM_IND" VARCHAR2(1 BYTE) DEFAULT 'N', 
	"SUPPRESS_EMAIL_IND" VARCHAR2(1 BYTE) DEFAULT 'Y', 
	"SUPPRESS_ADDR_IND" VARCHAR2(1 BYTE) DEFAULT 'Y', 
	"SUPPRESS_PHONE_IND" VARCHAR2(1 BYTE) DEFAULT 'Y', 
	"SUPPRESS_PRSNL_IND" VARCHAR2(1 BYTE) DEFAULT 'Y', 
	"LAST_UPDT_DT" DATE DEFAULT SYSDATE
   )  ;
--------------------------------------------------------
--  DDL for Table KRIM_ENTITY_RESIDENCY_T
--------------------------------------------------------

  CREATE TABLE "KRIM_ENTITY_RESIDENCY_T" 
   (	"ID" VARCHAR2(40 BYTE), 
	"ENTITY_ID" VARCHAR2(40 BYTE), 
	"DETERMINATION_METHOD" VARCHAR2(40 BYTE), 
	"IN_STATE" VARCHAR2(40 BYTE), 
	"VER_NBR" NUMBER(8,0) DEFAULT 1, 
	"OBJ_ID" VARCHAR2(36 BYTE)
   )  ;
--------------------------------------------------------
--  DDL for Table KRIM_ENTITY_T
--------------------------------------------------------

  CREATE TABLE "KRIM_ENTITY_T" 
   (	"ENTITY_ID" VARCHAR2(40 BYTE), 
	"OBJ_ID" VARCHAR2(36 BYTE), 
	"VER_NBR" NUMBER(8,0) DEFAULT 1, 
	"ACTV_IND" VARCHAR2(1 BYTE) DEFAULT 'Y', 
	"LAST_UPDT_DT" DATE DEFAULT SYSDATE
   )  ;
--------------------------------------------------------
--  DDL for Table KRIM_ENTITY_VISA_T
--------------------------------------------------------

  CREATE TABLE "KRIM_ENTITY_VISA_T" 
   (	"ID" VARCHAR2(40 BYTE), 
	"ENTITY_ID" VARCHAR2(40 BYTE), 
	"VISA_TYPE_KEY" VARCHAR2(40 BYTE), 
	"VISA_ENTRY" VARCHAR2(40 BYTE), 
	"VISA_ID" VARCHAR2(40 BYTE), 
	"VER_NBR" NUMBER(8,0) DEFAULT 1, 
	"OBJ_ID" VARCHAR2(36 BYTE)
   )  ;
--------------------------------------------------------
--  DDL for Table KRIM_ENT_NM_TYP_T
--------------------------------------------------------

  CREATE TABLE "KRIM_ENT_NM_TYP_T" 
   (	"ENT_NM_TYP_CD" VARCHAR2(40 BYTE), 
	"OBJ_ID" VARCHAR2(36 BYTE), 
	"VER_NBR" NUMBER(8,0) DEFAULT 1, 
	"NM" VARCHAR2(40 BYTE), 
	"ACTV_IND" VARCHAR2(1 BYTE) DEFAULT 'Y', 
	"DISPLAY_SORT_CD" VARCHAR2(2 BYTE), 
	"LAST_UPDT_DT" DATE DEFAULT SYSDATE
   )  ;
--------------------------------------------------------
--  DDL for Table KRIM_ENT_TYP_T
--------------------------------------------------------

  CREATE TABLE "KRIM_ENT_TYP_T" 
   (	"ENT_TYP_CD" VARCHAR2(40 BYTE), 
	"OBJ_ID" VARCHAR2(36 BYTE), 
	"VER_NBR" NUMBER(8,0) DEFAULT 1, 
	"NM" VARCHAR2(40 BYTE), 
	"DISPLAY_SORT_CD" VARCHAR2(2 BYTE), 
	"ACTV_IND" VARCHAR2(1 BYTE) DEFAULT 'Y'
   )  ;
--------------------------------------------------------
--  DDL for Table KRIM_EXT_ID_TYP_T
--------------------------------------------------------

  CREATE TABLE "KRIM_EXT_ID_TYP_T" 
   (	"EXT_ID_TYP_CD" VARCHAR2(40 BYTE), 
	"OBJ_ID" VARCHAR2(36 BYTE), 
	"VER_NBR" NUMBER(8,0) DEFAULT 1, 
	"NM" VARCHAR2(40 BYTE), 
	"ENCR_REQ_IND" VARCHAR2(1 BYTE) DEFAULT 'N', 
	"ACTV_IND" VARCHAR2(1 BYTE) DEFAULT 'Y', 
	"DISPLAY_SORT_CD" VARCHAR2(2 BYTE), 
	"LAST_UPDT_DT" DATE DEFAULT SYSDATE
   )  ;
--------------------------------------------------------
--  DDL for Table KRIM_GRP_ATTR_DATA_T
--------------------------------------------------------

  CREATE TABLE "KRIM_GRP_ATTR_DATA_T" 
   (	"ATTR_DATA_ID" VARCHAR2(40 BYTE), 
	"OBJ_ID" VARCHAR2(36 BYTE), 
	"VER_NBR" NUMBER(8,0) DEFAULT 1, 
	"GRP_ID" VARCHAR2(40 BYTE), 
	"KIM_TYP_ID" VARCHAR2(40 BYTE), 
	"KIM_ATTR_DEFN_ID" VARCHAR2(40 BYTE), 
	"ATTR_VAL" VARCHAR2(400 BYTE)
   )  ;
--------------------------------------------------------
--  DDL for Table KRIM_GRP_DOCUMENT_T
--------------------------------------------------------

  CREATE TABLE "KRIM_GRP_DOCUMENT_T" 
   (	"FDOC_NBR" VARCHAR2(14 BYTE), 
	"GRP_ID" VARCHAR2(40 BYTE), 
	"OBJ_ID" VARCHAR2(36 BYTE) DEFAULT SYS_GUID(), 
	"VER_NBR" NUMBER(8,0) DEFAULT 1, 
	"KIM_TYP_ID" VARCHAR2(40 BYTE), 
	"GRP_NMSPC" VARCHAR2(100 BYTE), 
	"GRP_NM" VARCHAR2(400 BYTE), 
	"GRP_DESC" VARCHAR2(400 BYTE), 
	"ACTV_IND" VARCHAR2(1 BYTE) DEFAULT 'Y'
   )  ;
--------------------------------------------------------
--  DDL for Table KRIM_GRP_MBR_T
--------------------------------------------------------

  CREATE TABLE "KRIM_GRP_MBR_T" 
   (	"GRP_MBR_ID" VARCHAR2(40 BYTE), 
	"VER_NBR" NUMBER(8,0) DEFAULT 1, 
	"OBJ_ID" VARCHAR2(36 BYTE), 
	"GRP_ID" VARCHAR2(40 BYTE), 
	"MBR_ID" VARCHAR2(40 BYTE), 
	"MBR_TYP_CD" CHAR(1 BYTE) DEFAULT 'P', 
	"ACTV_FRM_DT" DATE, 
	"ACTV_TO_DT" DATE, 
	"LAST_UPDT_DT" DATE DEFAULT SYSDATE
   )  ;
--------------------------------------------------------
--  DDL for Table KRIM_GRP_T
--------------------------------------------------------

  CREATE TABLE "KRIM_GRP_T" 
   (	"GRP_ID" VARCHAR2(40 BYTE), 
	"OBJ_ID" VARCHAR2(36 BYTE), 
	"VER_NBR" NUMBER(8,0) DEFAULT 1, 
	"GRP_NM" VARCHAR2(80 BYTE), 
	"NMSPC_CD" VARCHAR2(40 BYTE), 
	"GRP_DESC" VARCHAR2(4000 BYTE), 
	"KIM_TYP_ID" VARCHAR2(40 BYTE), 
	"ACTV_IND" VARCHAR2(1 BYTE) DEFAULT 'Y', 
	"LAST_UPDT_DT" DATE DEFAULT SYSDATE
   )  ;
--------------------------------------------------------
--  DDL for Table KRIM_PERM_ATTR_DATA_T
--------------------------------------------------------

  CREATE TABLE "KRIM_PERM_ATTR_DATA_T" 
   (	"ATTR_DATA_ID" VARCHAR2(40 BYTE), 
	"OBJ_ID" VARCHAR2(36 BYTE), 
	"VER_NBR" NUMBER(8,0) DEFAULT 1, 
	"PERM_ID" VARCHAR2(40 BYTE), 
	"KIM_TYP_ID" VARCHAR2(40 BYTE), 
	"KIM_ATTR_DEFN_ID" VARCHAR2(40 BYTE), 
	"ATTR_VAL" VARCHAR2(400 BYTE)
   )  ;
--------------------------------------------------------
--  DDL for Table KRIM_PERM_T
--------------------------------------------------------

  CREATE TABLE "KRIM_PERM_T" 
   (	"PERM_ID" VARCHAR2(40 BYTE), 
	"OBJ_ID" VARCHAR2(36 BYTE), 
	"VER_NBR" NUMBER(8,0) DEFAULT 1, 
	"PERM_TMPL_ID" VARCHAR2(40 BYTE), 
	"NMSPC_CD" VARCHAR2(40 BYTE), 
	"NM" VARCHAR2(100 BYTE), 
	"DESC_TXT" VARCHAR2(400 BYTE), 
	"ACTV_IND" VARCHAR2(1 BYTE) DEFAULT 'Y'
   )  ;
--------------------------------------------------------
--  DDL for Table KRIM_PERM_TMPL_T
--------------------------------------------------------

  CREATE TABLE "KRIM_PERM_TMPL_T" 
   (	"PERM_TMPL_ID" VARCHAR2(40 BYTE), 
	"OBJ_ID" VARCHAR2(36 BYTE), 
	"VER_NBR" NUMBER(8,0) DEFAULT 1, 
	"NMSPC_CD" VARCHAR2(40 BYTE), 
	"NM" VARCHAR2(100 BYTE), 
	"DESC_TXT" VARCHAR2(400 BYTE), 
	"KIM_TYP_ID" VARCHAR2(40 BYTE), 
	"ACTV_IND" VARCHAR2(1 BYTE) DEFAULT 'Y'
   )  ;
--------------------------------------------------------
--  DDL for Table KRIM_PERSON_DOCUMENT_T
--------------------------------------------------------

  CREATE TABLE "KRIM_PERSON_DOCUMENT_T" 
   (	"FDOC_NBR" VARCHAR2(14 BYTE), 
	"ENTITY_ID" VARCHAR2(40 BYTE), 
	"OBJ_ID" VARCHAR2(36 BYTE) DEFAULT SYS_GUID(), 
	"VER_NBR" NUMBER(8,0) DEFAULT 1, 
	"PRNCPL_ID" VARCHAR2(40 BYTE), 
	"PRNCPL_NM" VARCHAR2(100 BYTE), 
	"PRNCPL_PSWD" VARCHAR2(400 BYTE), 
	"UNIV_ID" VARCHAR2(40 BYTE), 
	"ACTV_IND" VARCHAR2(1 BYTE) DEFAULT 'Y'
   )  ;
--------------------------------------------------------
--  DDL for Table KRIM_PHONE_TYP_T
--------------------------------------------------------

  CREATE TABLE "KRIM_PHONE_TYP_T" 
   (	"PHONE_TYP_CD" VARCHAR2(40 BYTE), 
	"OBJ_ID" VARCHAR2(36 BYTE), 
	"VER_NBR" NUMBER(8,0) DEFAULT 1, 
	"PHONE_TYP_NM" VARCHAR2(40 BYTE), 
	"ACTV_IND" VARCHAR2(1 BYTE) DEFAULT 'Y', 
	"DISPLAY_SORT_CD" VARCHAR2(2 BYTE), 
	"LAST_UPDT_DT" DATE DEFAULT SYSDATE
   )  ;
--------------------------------------------------------
--  DDL for Table KRIM_PND_ADDR_MT
--------------------------------------------------------

  CREATE TABLE "KRIM_PND_ADDR_MT" 
   (	"FDOC_NBR" VARCHAR2(14 BYTE), 
	"ADDR_TYP_CD" VARCHAR2(40 BYTE), 
	"ADDR_LINE_1" VARCHAR2(50 BYTE), 
	"ADDR_LINE_2" VARCHAR2(50 BYTE), 
	"ADDR_LINE_3" VARCHAR2(50 BYTE), 
	"CITY" VARCHAR2(30 BYTE), 
	"STATE_PVC_CD" VARCHAR2(2 BYTE), 
	"POSTAL_CD" VARCHAR2(20 BYTE), 
	"POSTAL_CNTRY_CD" VARCHAR2(2 BYTE), 
	"DISPLAY_SORT_CD" VARCHAR2(2 BYTE), 
	"DFLT_IND" VARCHAR2(1 BYTE) DEFAULT 'N', 
	"ACTV_IND" VARCHAR2(1 BYTE) DEFAULT 'Y', 
	"ENTITY_ADDR_ID" VARCHAR2(40 BYTE), 
	"OBJ_ID" VARCHAR2(36 BYTE), 
	"VER_NBR" NUMBER(8,0) DEFAULT 1, 
	"EDIT_FLAG" VARCHAR2(1 BYTE) DEFAULT 'N', 
	"ATTN_LINE" VARCHAR2(45 BYTE), 
	"ADDR_FMT" VARCHAR2(256 BYTE), 
	"MOD_DT" DATE DEFAULT SYSDATE, 
	"VALID_DT" DATE, 
	"VALID_IND" VARCHAR2(1 BYTE), 
	"NOTE_MSG" VARCHAR2(1024 BYTE)
   )  ;
--------------------------------------------------------
--  DDL for Table KRIM_PND_AFLTN_MT
--------------------------------------------------------

  CREATE TABLE "KRIM_PND_AFLTN_MT" 
   (	"FDOC_NBR" VARCHAR2(14 BYTE), 
	"ENTITY_AFLTN_ID" VARCHAR2(40 BYTE), 
	"AFLTN_TYP_CD" VARCHAR2(40 BYTE), 
	"CAMPUS_CD" VARCHAR2(2 BYTE), 
	"EDIT_FLAG" VARCHAR2(1 BYTE) DEFAULT 'N', 
	"DFLT_IND" VARCHAR2(1 BYTE) DEFAULT 'N', 
	"ACTV_IND" VARCHAR2(1 BYTE) DEFAULT 'Y', 
	"OBJ_ID" VARCHAR2(36 BYTE) DEFAULT SYS_GUID(), 
	"VER_NBR" NUMBER(8,0) DEFAULT 1
   )  ;
--------------------------------------------------------
--  DDL for Table KRIM_PND_CTZNSHP_MT
--------------------------------------------------------

  CREATE TABLE "KRIM_PND_CTZNSHP_MT" 
   (	"FDOC_NBR" VARCHAR2(14 BYTE), 
	"ENTITY_CTZNSHP_ID" VARCHAR2(40 BYTE), 
	"OBJ_ID" VARCHAR2(36 BYTE), 
	"VER_NBR" NUMBER(8,0) DEFAULT 1, 
	"POSTAL_CNTRY_CD" VARCHAR2(2 BYTE), 
	"CTZNSHP_STAT_CD" VARCHAR2(40 BYTE), 
	"STRT_DT" DATE, 
	"END_DT" DATE, 
	"ACTV_IND" VARCHAR2(1 BYTE) DEFAULT 'Y', 
	"EDIT_FLAG" VARCHAR2(1 BYTE) DEFAULT 'N'
   )  ;
--------------------------------------------------------
--  DDL for Table KRIM_PND_DLGN_MBR_ATTR_DATA_T
--------------------------------------------------------

  CREATE TABLE "KRIM_PND_DLGN_MBR_ATTR_DATA_T" 
   (	"FDOC_NBR" VARCHAR2(14 BYTE), 
	"ATTR_DATA_ID" VARCHAR2(40 BYTE), 
	"OBJ_ID" VARCHAR2(36 BYTE), 
	"VER_NBR" NUMBER(8,0) DEFAULT 1, 
	"DLGN_MBR_ID" VARCHAR2(40 BYTE), 
	"KIM_TYP_ID" VARCHAR2(40 BYTE), 
	"KIM_ATTR_DEFN_ID" VARCHAR2(40 BYTE), 
	"ATTR_VAL" VARCHAR2(400 BYTE), 
	"ACTV_IND" VARCHAR2(1 BYTE) DEFAULT 'Y', 
	"EDIT_FLAG" VARCHAR2(1 BYTE) DEFAULT 'N'
   )  ;
--------------------------------------------------------
--  DDL for Table KRIM_PND_DLGN_MBR_T
--------------------------------------------------------

  CREATE TABLE "KRIM_PND_DLGN_MBR_T" 
   (	"FDOC_NBR" VARCHAR2(14 BYTE), 
	"DLGN_MBR_ID" VARCHAR2(40 BYTE), 
	"OBJ_ID" VARCHAR2(36 BYTE), 
	"VER_NBR" NUMBER(8,0) DEFAULT 1, 
	"DLGN_ID" VARCHAR2(40 BYTE), 
	"MBR_ID" VARCHAR2(40 BYTE), 
	"MBR_NM" VARCHAR2(40 BYTE), 
	"MBR_TYP_CD" VARCHAR2(40 BYTE), 
	"ACTV_IND" VARCHAR2(1 BYTE) DEFAULT 'Y', 
	"ACTV_FRM_DT" DATE, 
	"ACTV_TO_DT" DATE, 
	"ROLE_MBR_ID" VARCHAR2(40 BYTE)
   )  ;
--------------------------------------------------------
--  DDL for Table KRIM_PND_DLGN_T
--------------------------------------------------------

  CREATE TABLE "KRIM_PND_DLGN_T" 
   (	"FDOC_NBR" VARCHAR2(14 BYTE), 
	"DLGN_ID" VARCHAR2(40 BYTE), 
	"ROLE_ID" VARCHAR2(40 BYTE), 
	"OBJ_ID" VARCHAR2(36 BYTE), 
	"VER_NBR" NUMBER(8,0) DEFAULT 1, 
	"KIM_TYP_ID" VARCHAR2(40 BYTE), 
	"DLGN_TYP_CD" VARCHAR2(100 BYTE), 
	"ACTV_IND" VARCHAR2(1 BYTE) DEFAULT 'Y'
   )  ;
--------------------------------------------------------
--  DDL for Table KRIM_PND_EMAIL_MT
--------------------------------------------------------

  CREATE TABLE "KRIM_PND_EMAIL_MT" 
   (	"FDOC_NBR" VARCHAR2(14 BYTE), 
	"ENTITY_EMAIL_ID" VARCHAR2(40 BYTE), 
	"OBJ_ID" VARCHAR2(36 BYTE), 
	"VER_NBR" NUMBER(8,0) DEFAULT 1, 
	"ENT_TYP_CD" VARCHAR2(40 BYTE), 
	"EMAIL_TYP_CD" VARCHAR2(40 BYTE), 
	"EMAIL_ADDR" VARCHAR2(200 BYTE), 
	"DFLT_IND" VARCHAR2(1 BYTE) DEFAULT 'N', 
	"ACTV_IND" VARCHAR2(1 BYTE) DEFAULT 'Y', 
	"EDIT_FLAG" VARCHAR2(1 BYTE) DEFAULT 'N'
   )  ;
--------------------------------------------------------
--  DDL for Table KRIM_PND_EMP_INFO_MT
--------------------------------------------------------

  CREATE TABLE "KRIM_PND_EMP_INFO_MT" 
   (	"FDOC_NBR" VARCHAR2(14 BYTE), 
	"PRMRY_DEPT_CD" VARCHAR2(40 BYTE), 
	"ENTITY_EMP_ID" VARCHAR2(40 BYTE), 
	"EMP_ID" VARCHAR2(40 BYTE), 
	"EMP_REC_ID" VARCHAR2(40 BYTE), 
	"OBJ_ID" VARCHAR2(36 BYTE), 
	"VER_NBR" NUMBER(8,0) DEFAULT 1, 
	"ENTITY_AFLTN_ID" VARCHAR2(40 BYTE), 
	"EMP_STAT_CD" VARCHAR2(40 BYTE), 
	"EMP_TYP_CD" VARCHAR2(40 BYTE), 
	"BASE_SLRY_AMT" NUMBER(15,2), 
	"PRMRY_IND" VARCHAR2(1 BYTE), 
	"ACTV_IND" VARCHAR2(1 BYTE) DEFAULT 'Y', 
	"EDIT_FLAG" VARCHAR2(1 BYTE) DEFAULT 'N'
   )  ;
--------------------------------------------------------
--  DDL for Table KRIM_PND_GRP_ATTR_DATA_T
--------------------------------------------------------

  CREATE TABLE "KRIM_PND_GRP_ATTR_DATA_T" 
   (	"FDOC_NBR" VARCHAR2(14 BYTE), 
	"ATTR_DATA_ID" VARCHAR2(40 BYTE), 
	"OBJ_ID" VARCHAR2(36 BYTE), 
	"VER_NBR" NUMBER(8,0) DEFAULT 1, 
	"GRP_ID" VARCHAR2(40 BYTE), 
	"KIM_TYP_ID" VARCHAR2(40 BYTE), 
	"KIM_ATTR_DEFN_ID" VARCHAR2(40 BYTE), 
	"ATTR_VAL" VARCHAR2(400 BYTE), 
	"ACTV_IND" VARCHAR2(1 BYTE) DEFAULT 'Y', 
	"EDIT_FLAG" VARCHAR2(1 BYTE) DEFAULT 'N'
   )  ;
--------------------------------------------------------
--  DDL for Table KRIM_PND_GRP_MBR_T
--------------------------------------------------------

  CREATE TABLE "KRIM_PND_GRP_MBR_T" 
   (	"FDOC_NBR" VARCHAR2(14 BYTE), 
	"GRP_MBR_ID" VARCHAR2(40 BYTE), 
	"OBJ_ID" VARCHAR2(36 BYTE), 
	"VER_NBR" NUMBER(8,0) DEFAULT 1, 
	"GRP_ID" VARCHAR2(40 BYTE), 
	"MBR_ID" VARCHAR2(40 BYTE), 
	"MBR_NM" VARCHAR2(100 BYTE), 
	"MBR_TYP_CD" VARCHAR2(40 BYTE), 
	"ACTV_FRM_DT" DATE, 
	"ACTV_TO_DT" DATE
   )  ;
--------------------------------------------------------
--  DDL for Table KRIM_PND_GRP_PRNCPL_MT
--------------------------------------------------------

  CREATE TABLE "KRIM_PND_GRP_PRNCPL_MT" 
   (	"GRP_MBR_ID" VARCHAR2(40 BYTE), 
	"FDOC_NBR" VARCHAR2(14 BYTE), 
	"OBJ_ID" VARCHAR2(36 BYTE), 
	"VER_NBR" NUMBER(8,0) DEFAULT 1, 
	"GRP_ID" VARCHAR2(40 BYTE), 
	"PRNCPL_ID" VARCHAR2(40 BYTE), 
	"ACTV_IND" VARCHAR2(1 BYTE) DEFAULT 'Y', 
	"GRP_NM" VARCHAR2(80 BYTE), 
	"GRP_TYPE" VARCHAR2(80 BYTE), 
	"KIM_TYP_ID" VARCHAR2(40 BYTE), 
	"NMSPC_CD" VARCHAR2(40 BYTE), 
	"ACTV_FRM_DT" DATE, 
	"ACTV_TO_DT" DATE, 
	"EDIT_FLAG" VARCHAR2(1 BYTE) DEFAULT 'N'
   )  ;
--------------------------------------------------------
--  DDL for Table KRIM_PND_NM_MT
--------------------------------------------------------

  CREATE TABLE "KRIM_PND_NM_MT" 
   (	"FDOC_NBR" VARCHAR2(14 BYTE), 
	"ENTITY_NM_ID" VARCHAR2(40 BYTE), 
	"OBJ_ID" VARCHAR2(36 BYTE), 
	"VER_NBR" NUMBER(8,0) DEFAULT 1, 
	"NM_TYP_CD" VARCHAR2(40 BYTE), 
	"FIRST_NM" VARCHAR2(40 BYTE), 
	"MIDDLE_NM" VARCHAR2(40 BYTE), 
	"LAST_NM" VARCHAR2(80 BYTE), 
	"SUFFIX_NM" VARCHAR2(20 BYTE), 
	"PREFIX_NM" VARCHAR2(20 BYTE), 
	"DFLT_IND" VARCHAR2(1 BYTE) DEFAULT 'N', 
	"ACTV_IND" VARCHAR2(1 BYTE) DEFAULT 'Y', 
	"EDIT_FLAG" VARCHAR2(1 BYTE) DEFAULT 'N', 
	"TITLE_NM" VARCHAR2(20 BYTE), 
	"NOTE_MSG" VARCHAR2(1024 BYTE), 
	"NM_CHNG_DT" DATE
   )  ;
--------------------------------------------------------
--  DDL for Table KRIM_PND_PHONE_MT
--------------------------------------------------------

  CREATE TABLE "KRIM_PND_PHONE_MT" 
   (	"FDOC_NBR" VARCHAR2(14 BYTE), 
	"ENTITY_PHONE_ID" VARCHAR2(40 BYTE), 
	"OBJ_ID" VARCHAR2(36 BYTE), 
	"VER_NBR" NUMBER(8,0) DEFAULT 1, 
	"ENT_TYP_CD" VARCHAR2(40 BYTE), 
	"PHONE_TYP_CD" VARCHAR2(40 BYTE), 
	"PHONE_NBR" VARCHAR2(20 BYTE), 
	"PHONE_EXTN_NBR" VARCHAR2(8 BYTE), 
	"POSTAL_CNTRY_CD" VARCHAR2(2 BYTE), 
	"DFLT_IND" VARCHAR2(1 BYTE) DEFAULT 'N', 
	"ACTV_IND" VARCHAR2(1 BYTE) DEFAULT 'Y', 
	"EDIT_FLAG" VARCHAR2(1 BYTE) DEFAULT 'N'
   )  ;
--------------------------------------------------------
--  DDL for Table KRIM_PND_PRIV_PREF_MT
--------------------------------------------------------

  CREATE TABLE "KRIM_PND_PRIV_PREF_MT" 
   (	"FDOC_NBR" VARCHAR2(14 BYTE), 
	"OBJ_ID" VARCHAR2(36 BYTE), 
	"VER_NBR" NUMBER(8,0) DEFAULT 1, 
	"SUPPRESS_NM_IND" VARCHAR2(1 BYTE) DEFAULT 'N', 
	"SUPPRESS_EMAIL_IND" VARCHAR2(1 BYTE) DEFAULT 'Y', 
	"SUPPRESS_ADDR_IND" VARCHAR2(1 BYTE) DEFAULT 'Y', 
	"SUPPRESS_PHONE_IND" VARCHAR2(1 BYTE) DEFAULT 'Y', 
	"SUPPRESS_PRSNL_IND" VARCHAR2(1 BYTE) DEFAULT 'Y', 
	"EDIT_FLAG" VARCHAR2(1 BYTE) DEFAULT 'N'
   )  ;
--------------------------------------------------------
--  DDL for Table KRIM_PND_ROLE_MBR_ATTR_DATA_MT
--------------------------------------------------------

  CREATE TABLE "KRIM_PND_ROLE_MBR_ATTR_DATA_MT" 
   (	"FDOC_NBR" VARCHAR2(14 BYTE), 
	"ATTR_DATA_ID" VARCHAR2(40 BYTE), 
	"OBJ_ID" VARCHAR2(36 BYTE), 
	"VER_NBR" NUMBER(8,0) DEFAULT 1, 
	"ROLE_MBR_ID" VARCHAR2(40 BYTE), 
	"KIM_TYP_ID" VARCHAR2(40 BYTE), 
	"KIM_ATTR_DEFN_ID" VARCHAR2(40 BYTE), 
	"ATTR_VAL" VARCHAR2(400 BYTE), 
	"ACTV_IND" VARCHAR2(1 BYTE) DEFAULT 'Y', 
	"EDIT_FLAG" VARCHAR2(1 BYTE) DEFAULT 'N'
   )  ;
--------------------------------------------------------
--  DDL for Table KRIM_PND_ROLE_MBR_MT
--------------------------------------------------------

  CREATE TABLE "KRIM_PND_ROLE_MBR_MT" 
   (	"FDOC_NBR" VARCHAR2(14 BYTE), 
	"ROLE_MBR_ID" VARCHAR2(40 BYTE), 
	"OBJ_ID" VARCHAR2(36 BYTE), 
	"VER_NBR" NUMBER(8,0) DEFAULT 1, 
	"ROLE_ID" VARCHAR2(40 BYTE), 
	"MBR_ID" VARCHAR2(40 BYTE), 
	"MBR_TYP_CD" VARCHAR2(40 BYTE), 
	"ACTV_IND" VARCHAR2(1 BYTE) DEFAULT 'Y', 
	"ACTV_FRM_DT" DATE, 
	"ACTV_TO_DT" DATE, 
	"EDIT_FLAG" VARCHAR2(1 BYTE) DEFAULT 'N'
   )  ;
--------------------------------------------------------
--  DDL for Table KRIM_PND_ROLE_MT
--------------------------------------------------------

  CREATE TABLE "KRIM_PND_ROLE_MT" 
   (	"FDOC_NBR" VARCHAR2(14 BYTE), 
	"ROLE_ID" VARCHAR2(40 BYTE), 
	"OBJ_ID" VARCHAR2(36 BYTE), 
	"VER_NBR" NUMBER(8,0) DEFAULT 1, 
	"ROLE_NM" VARCHAR2(100 BYTE), 
	"KIM_TYP_ID" VARCHAR2(40 BYTE), 
	"ACTV_IND" VARCHAR2(1 BYTE) DEFAULT 'Y', 
	"NMSPC_CD" VARCHAR2(40 BYTE), 
	"EDIT_FLAG" VARCHAR2(1 BYTE) DEFAULT 'N'
   )  ;
--------------------------------------------------------
--  DDL for Table KRIM_PND_ROLE_PERM_T
--------------------------------------------------------

  CREATE TABLE "KRIM_PND_ROLE_PERM_T" 
   (	"FDOC_NBR" VARCHAR2(14 BYTE), 
	"ROLE_PERM_ID" VARCHAR2(40 BYTE), 
	"OBJ_ID" VARCHAR2(36 BYTE) DEFAULT SYS_GUID(), 
	"VER_NBR" NUMBER(8,0) DEFAULT 1, 
	"ROLE_ID" VARCHAR2(40 BYTE), 
	"PERM_ID" VARCHAR2(40 BYTE), 
	"ACTV_IND" VARCHAR2(1 BYTE) DEFAULT 'Y'
   )  ;
--------------------------------------------------------
--  DDL for Table KRIM_PND_ROLE_RSP_ACTN_MT
--------------------------------------------------------

  CREATE TABLE "KRIM_PND_ROLE_RSP_ACTN_MT" 
   (	"ROLE_RSP_ACTN_ID" VARCHAR2(40 BYTE), 
	"FDOC_NBR" VARCHAR2(14 BYTE), 
	"OBJ_ID" VARCHAR2(36 BYTE), 
	"VER_NBR" NUMBER(8,0) DEFAULT 1, 
	"ACTN_TYP_CD" VARCHAR2(40 BYTE), 
	"PRIORITY_NBR" NUMBER(3,0), 
	"ACTN_PLCY_CD" VARCHAR2(40 BYTE), 
	"ROLE_MBR_ID" VARCHAR2(40 BYTE), 
	"ROLE_RSP_ID" VARCHAR2(40 BYTE), 
	"EDIT_FLAG" VARCHAR2(1 BYTE) DEFAULT 'N', 
	"FRC_ACTN" VARCHAR2(1 BYTE)
   )  ;
--------------------------------------------------------
--  DDL for Table KRIM_PND_ROLE_RSP_T
--------------------------------------------------------

  CREATE TABLE "KRIM_PND_ROLE_RSP_T" 
   (	"FDOC_NBR" VARCHAR2(14 BYTE), 
	"ROLE_RSP_ID" VARCHAR2(40 BYTE), 
	"OBJ_ID" VARCHAR2(36 BYTE) DEFAULT SYS_GUID(), 
	"VER_NBR" NUMBER(8,0) DEFAULT 1, 
	"ROLE_ID" VARCHAR2(40 BYTE), 
	"RSP_ID" VARCHAR2(40 BYTE), 
	"ACTV_IND" VARCHAR2(1 BYTE) DEFAULT 'Y'
   )  ;
--------------------------------------------------------
--  DDL for Table KRIM_PRNCPL_T
--------------------------------------------------------

  CREATE TABLE "KRIM_PRNCPL_T" 
   (	"PRNCPL_ID" VARCHAR2(40 BYTE), 
	"OBJ_ID" VARCHAR2(36 BYTE), 
	"VER_NBR" NUMBER(8,0) DEFAULT 1, 
	"PRNCPL_NM" VARCHAR2(100 BYTE), 
	"ENTITY_ID" VARCHAR2(40 BYTE), 
	"PRNCPL_PSWD" VARCHAR2(400 BYTE), 
	"ACTV_IND" VARCHAR2(1 BYTE) DEFAULT 'Y', 
	"LAST_UPDT_DT" DATE DEFAULT SYSDATE
   )  ;
--------------------------------------------------------
--  DDL for Table KRIM_ROLE_DOCUMENT_T
--------------------------------------------------------

  CREATE TABLE "KRIM_ROLE_DOCUMENT_T" 
   (	"FDOC_NBR" VARCHAR2(14 BYTE), 
	"ROLE_ID" VARCHAR2(40 BYTE), 
	"OBJ_ID" VARCHAR2(36 BYTE) DEFAULT SYS_GUID(), 
	"VER_NBR" NUMBER(8,0) DEFAULT 1, 
	"ROLE_TYP_ID" VARCHAR2(40 BYTE), 
	"ROLE_NMSPC" VARCHAR2(100 BYTE), 
	"ROLE_NM" VARCHAR2(400 BYTE), 
	"ACTV_IND" VARCHAR2(1 BYTE) DEFAULT 'Y', 
	"DESC_TXT" VARCHAR2(4000 BYTE)
   )  ;
--------------------------------------------------------
--  DDL for Table KRIM_ROLE_MBR_ATTR_DATA_T
--------------------------------------------------------

  CREATE TABLE "KRIM_ROLE_MBR_ATTR_DATA_T" 
   (	"ATTR_DATA_ID" VARCHAR2(40 BYTE), 
	"OBJ_ID" VARCHAR2(36 BYTE), 
	"VER_NBR" NUMBER(8,0) DEFAULT 1, 
	"ROLE_MBR_ID" VARCHAR2(40 BYTE), 
	"KIM_TYP_ID" VARCHAR2(40 BYTE), 
	"KIM_ATTR_DEFN_ID" VARCHAR2(40 BYTE), 
	"ATTR_VAL" VARCHAR2(400 BYTE)
   )  ;
--------------------------------------------------------
--  DDL for Table KRIM_ROLE_MBR_T
--------------------------------------------------------

  CREATE TABLE "KRIM_ROLE_MBR_T" 
   (	"ROLE_MBR_ID" VARCHAR2(40 BYTE), 
	"VER_NBR" NUMBER(8,0) DEFAULT 1, 
	"OBJ_ID" VARCHAR2(36 BYTE), 
	"ROLE_ID" VARCHAR2(40 BYTE), 
	"MBR_ID" VARCHAR2(40 BYTE), 
	"MBR_TYP_CD" CHAR(1 BYTE) DEFAULT 'P', 
	"ACTV_FRM_DT" DATE, 
	"ACTV_TO_DT" DATE, 
	"LAST_UPDT_DT" DATE DEFAULT SYSDATE
   )  ;
--------------------------------------------------------
--  DDL for Table KRIM_ROLE_PERM_T
--------------------------------------------------------

  CREATE TABLE "KRIM_ROLE_PERM_T" 
   (	"ROLE_PERM_ID" VARCHAR2(40 BYTE), 
	"OBJ_ID" VARCHAR2(36 BYTE), 
	"VER_NBR" NUMBER(8,0) DEFAULT 1, 
	"ROLE_ID" VARCHAR2(40 BYTE), 
	"PERM_ID" VARCHAR2(40 BYTE), 
	"ACTV_IND" VARCHAR2(1 BYTE) DEFAULT 'Y'
   )  ;
--------------------------------------------------------
--  DDL for Table KRIM_ROLE_RSP_ACTN_T
--------------------------------------------------------

  CREATE TABLE "KRIM_ROLE_RSP_ACTN_T" 
   (	"ROLE_RSP_ACTN_ID" VARCHAR2(40 BYTE), 
	"OBJ_ID" VARCHAR2(36 BYTE), 
	"VER_NBR" NUMBER(8,0) DEFAULT 1, 
	"ACTN_TYP_CD" VARCHAR2(40 BYTE), 
	"PRIORITY_NBR" NUMBER(3,0), 
	"ACTN_PLCY_CD" VARCHAR2(40 BYTE), 
	"ROLE_MBR_ID" VARCHAR2(40 BYTE), 
	"ROLE_RSP_ID" VARCHAR2(40 BYTE), 
	"FRC_ACTN" VARCHAR2(1 BYTE) DEFAULT 'N'
   )  ;
--------------------------------------------------------
--  DDL for Table KRIM_ROLE_RSP_T
--------------------------------------------------------

  CREATE TABLE "KRIM_ROLE_RSP_T" 
   (	"ROLE_RSP_ID" VARCHAR2(40 BYTE), 
	"OBJ_ID" VARCHAR2(36 BYTE), 
	"VER_NBR" NUMBER(8,0) DEFAULT 1, 
	"ROLE_ID" VARCHAR2(40 BYTE), 
	"RSP_ID" VARCHAR2(40 BYTE), 
	"ACTV_IND" VARCHAR2(1 BYTE) DEFAULT 'Y'
   )  ;
--------------------------------------------------------
--  DDL for Table KRIM_ROLE_T
--------------------------------------------------------

  CREATE TABLE "KRIM_ROLE_T" 
   (	"ROLE_ID" VARCHAR2(40 BYTE), 
	"OBJ_ID" VARCHAR2(36 BYTE), 
	"VER_NBR" NUMBER(8,0) DEFAULT 1, 
	"ROLE_NM" VARCHAR2(80 BYTE), 
	"NMSPC_CD" VARCHAR2(40 BYTE), 
	"DESC_TXT" VARCHAR2(4000 BYTE), 
	"KIM_TYP_ID" VARCHAR2(40 BYTE), 
	"ACTV_IND" VARCHAR2(1 BYTE) DEFAULT 'Y', 
	"LAST_UPDT_DT" DATE DEFAULT SYSDATE
   )  ;
--------------------------------------------------------
--  DDL for Table KRIM_RSP_ATTR_DATA_T
--------------------------------------------------------

  CREATE TABLE "KRIM_RSP_ATTR_DATA_T" 
   (	"ATTR_DATA_ID" VARCHAR2(40 BYTE), 
	"OBJ_ID" VARCHAR2(36 BYTE), 
	"VER_NBR" NUMBER(8,0) DEFAULT 1, 
	"RSP_ID" VARCHAR2(40 BYTE), 
	"KIM_TYP_ID" VARCHAR2(40 BYTE), 
	"KIM_ATTR_DEFN_ID" VARCHAR2(40 BYTE), 
	"ATTR_VAL" VARCHAR2(400 BYTE)
   )  ;
--------------------------------------------------------
--  DDL for Table KRIM_RSP_T
--------------------------------------------------------

  CREATE TABLE "KRIM_RSP_T" 
   (	"RSP_ID" VARCHAR2(40 BYTE), 
	"OBJ_ID" VARCHAR2(36 BYTE), 
	"VER_NBR" NUMBER(8,0) DEFAULT 1, 
	"RSP_TMPL_ID" VARCHAR2(40 BYTE), 
	"NMSPC_CD" VARCHAR2(40 BYTE), 
	"NM" VARCHAR2(100 BYTE), 
	"DESC_TXT" VARCHAR2(400 BYTE), 
	"ACTV_IND" VARCHAR2(1 BYTE) DEFAULT 'Y'
   )  ;
--------------------------------------------------------
--  DDL for Table KRIM_RSP_TMPL_T
--------------------------------------------------------

  CREATE TABLE "KRIM_RSP_TMPL_T" 
   (	"RSP_TMPL_ID" VARCHAR2(40 BYTE), 
	"OBJ_ID" VARCHAR2(36 BYTE), 
	"VER_NBR" NUMBER(8,0) DEFAULT 1, 
	"NMSPC_CD" VARCHAR2(40 BYTE), 
	"NM" VARCHAR2(100 BYTE), 
	"KIM_TYP_ID" VARCHAR2(100 BYTE), 
	"DESC_TXT" VARCHAR2(400 BYTE), 
	"ACTV_IND" VARCHAR2(1 BYTE) DEFAULT 'Y'
   )  ;
--------------------------------------------------------
--  DDL for Table KRIM_TYP_ATTR_T
--------------------------------------------------------

  CREATE TABLE "KRIM_TYP_ATTR_T" 
   (	"KIM_TYP_ATTR_ID" VARCHAR2(40 BYTE), 
	"OBJ_ID" VARCHAR2(36 BYTE), 
	"VER_NBR" NUMBER(8,0) DEFAULT 1, 
	"SORT_CD" VARCHAR2(2 BYTE), 
	"KIM_TYP_ID" VARCHAR2(40 BYTE), 
	"KIM_ATTR_DEFN_ID" VARCHAR2(40 BYTE), 
	"ACTV_IND" VARCHAR2(1 BYTE) DEFAULT 'Y'
   )  ;
--------------------------------------------------------
--  DDL for Table KRIM_TYP_T
--------------------------------------------------------

  CREATE TABLE "KRIM_TYP_T" 
   (	"KIM_TYP_ID" VARCHAR2(40 BYTE), 
	"OBJ_ID" VARCHAR2(36 BYTE), 
	"VER_NBR" NUMBER(8,0) DEFAULT 1, 
	"NM" VARCHAR2(100 BYTE), 
	"SRVC_NM" VARCHAR2(200 BYTE), 
	"ACTV_IND" VARCHAR2(1 BYTE) DEFAULT 'Y', 
	"NMSPC_CD" VARCHAR2(40 BYTE)
   )  ;
--------------------------------------------------------
--  DDL for Table KRLC_CMP_T
--------------------------------------------------------

  CREATE TABLE "KRLC_CMP_T" 
   (	"CAMPUS_CD" VARCHAR2(2 BYTE), 
	"CAMPUS_NM" VARCHAR2(250 BYTE), 
	"CAMPUS_SHRT_NM" VARCHAR2(250 BYTE), 
	"CAMPUS_TYP_CD" VARCHAR2(1 BYTE), 
	"OBJ_ID" VARCHAR2(36 BYTE) DEFAULT SYS_GUID(), 
	"VER_NBR" NUMBER(8,0) DEFAULT 1, 
	"ACTV_IND" VARCHAR2(1 BYTE) DEFAULT 'Y'
   )  ;
--------------------------------------------------------
--  DDL for Table KRLC_CMP_TYP_T
--------------------------------------------------------

  CREATE TABLE "KRLC_CMP_TYP_T" 
   (	"CAMPUS_TYP_CD" VARCHAR2(1 BYTE), 
	"CMP_TYP_NM" VARCHAR2(250 BYTE), 
	"OBJ_ID" VARCHAR2(36 BYTE) DEFAULT SYS_GUID(), 
	"VER_NBR" NUMBER(8,0) DEFAULT 1, 
	"ACTV_IND" VARCHAR2(1 BYTE) DEFAULT 'Y'
   )  ;
--------------------------------------------------------
--  DDL for Table KRLC_CNTRY_T
--------------------------------------------------------

  CREATE TABLE "KRLC_CNTRY_T" 
   (	"POSTAL_CNTRY_CD" VARCHAR2(2 BYTE), 
	"OBJ_ID" VARCHAR2(36 BYTE), 
	"VER_NBR" NUMBER(8,0) DEFAULT 1, 
	"POSTAL_CNTRY_NM" VARCHAR2(40 BYTE), 
	"PSTL_CNTRY_RSTRC_IND" VARCHAR2(1 BYTE), 
	"ACTV_IND" VARCHAR2(1 BYTE) DEFAULT 'Y', 
	"ALT_POSTAL_CNTRY_CD" VARCHAR2(3 BYTE)
   )  ;
--------------------------------------------------------
--  DDL for Table KRLC_CNTY_T
--------------------------------------------------------

  CREATE TABLE "KRLC_CNTY_T" 
   (	"COUNTY_CD" VARCHAR2(10 BYTE), 
	"STATE_CD" VARCHAR2(2 BYTE), 
	"POSTAL_CNTRY_CD" VARCHAR2(2 BYTE) DEFAULT 'US', 
	"OBJ_ID" VARCHAR2(36 BYTE), 
	"VER_NBR" NUMBER(8,0) DEFAULT 1, 
	"COUNTY_NM" VARCHAR2(100 BYTE), 
	"ACTV_IND" VARCHAR2(1 BYTE)
   )  ;
--------------------------------------------------------
--  DDL for Table KRLC_PSTL_CD_T
--------------------------------------------------------

  CREATE TABLE "KRLC_PSTL_CD_T" 
   (	"POSTAL_CD" VARCHAR2(20 BYTE), 
	"POSTAL_CNTRY_CD" VARCHAR2(2 BYTE) DEFAULT 'US', 
	"OBJ_ID" VARCHAR2(36 BYTE), 
	"VER_NBR" NUMBER(8,0) DEFAULT 1, 
	"POSTAL_STATE_CD" VARCHAR2(2 BYTE), 
	"COUNTY_CD" VARCHAR2(10 BYTE), 
	"POSTAL_CITY_NM" VARCHAR2(30 BYTE), 
	"ACTV_IND" VARCHAR2(1 BYTE) DEFAULT 'Y'
   )  ;
--------------------------------------------------------
--  DDL for Table KRLC_ST_T
--------------------------------------------------------

  CREATE TABLE "KRLC_ST_T" 
   (	"POSTAL_STATE_CD" VARCHAR2(2 BYTE), 
	"POSTAL_CNTRY_CD" VARCHAR2(2 BYTE) DEFAULT 'US', 
	"OBJ_ID" VARCHAR2(36 BYTE), 
	"VER_NBR" NUMBER(8,0) DEFAULT 1, 
	"POSTAL_STATE_NM" VARCHAR2(40 BYTE), 
	"ACTV_IND" VARCHAR2(1 BYTE) DEFAULT 'Y'
   )  ;
--------------------------------------------------------
--  DDL for Table KRMS_ACTN_ATTR_T
--------------------------------------------------------

  CREATE TABLE "KRMS_ACTN_ATTR_T" 
   (	"ACTN_ATTR_DATA_ID" VARCHAR2(40 BYTE), 
	"ACTN_ID" VARCHAR2(40 BYTE), 
	"ATTR_DEFN_ID" VARCHAR2(40 BYTE), 
	"ATTR_VAL" VARCHAR2(400 BYTE), 
	"VER_NBR" NUMBER(8,0) DEFAULT 0
   )  ;
--------------------------------------------------------
--  DDL for Table KRMS_ACTN_T
--------------------------------------------------------

  CREATE TABLE "KRMS_ACTN_T" 
   (	"ACTN_ID" VARCHAR2(40 BYTE), 
	"NM" VARCHAR2(40 BYTE), 
	"DESC_TXT" VARCHAR2(4000 BYTE), 
	"TYP_ID" VARCHAR2(40 BYTE), 
	"RULE_ID" VARCHAR2(40 BYTE), 
	"SEQ_NO" NUMBER(5,0), 
	"VER_NBR" NUMBER(8,0) DEFAULT 0, 
	"NMSPC_CD" VARCHAR2(40 BYTE)
   )  ;
--------------------------------------------------------
--  DDL for Table KRMS_AGENDA_ATTR_T
--------------------------------------------------------

  CREATE TABLE "KRMS_AGENDA_ATTR_T" 
   (	"AGENDA_ATTR_ID" VARCHAR2(40 BYTE), 
	"AGENDA_ID" VARCHAR2(40 BYTE), 
	"ATTR_VAL" VARCHAR2(400 BYTE), 
	"ATTR_DEFN_ID" VARCHAR2(40 BYTE), 
	"VER_NBR" NUMBER(8,0) DEFAULT 0
   )  ;
--------------------------------------------------------
--  DDL for Table KRMS_AGENDA_ITM_T
--------------------------------------------------------

  CREATE TABLE "KRMS_AGENDA_ITM_T" 
   (	"AGENDA_ITM_ID" VARCHAR2(40 BYTE), 
	"RULE_ID" VARCHAR2(40 BYTE), 
	"SUB_AGENDA_ID" VARCHAR2(40 BYTE), 
	"AGENDA_ID" VARCHAR2(40 BYTE), 
	"VER_NBR" NUMBER(8,0) DEFAULT 0, 
	"WHEN_TRUE" VARCHAR2(40 BYTE), 
	"WHEN_FALSE" VARCHAR2(40 BYTE), 
	"ALWAYS" VARCHAR2(40 BYTE)
   )  ;
--------------------------------------------------------
--  DDL for Table KRMS_AGENDA_T
--------------------------------------------------------

  CREATE TABLE "KRMS_AGENDA_T" 
   (	"AGENDA_ID" VARCHAR2(40 BYTE), 
	"NM" VARCHAR2(100 BYTE), 
	"CNTXT_ID" VARCHAR2(40 BYTE), 
	"INIT_AGENDA_ITM_ID" VARCHAR2(40 BYTE), 
	"TYP_ID" VARCHAR2(40 BYTE), 
	"ACTV" VARCHAR2(1 BYTE) DEFAULT 'Y', 
	"VER_NBR" NUMBER(8,0) DEFAULT 0
   )  ;
--------------------------------------------------------
--  DDL for Table KRMS_ATTR_DEFN_T
--------------------------------------------------------

  CREATE TABLE "KRMS_ATTR_DEFN_T" 
   (	"ATTR_DEFN_ID" VARCHAR2(255 BYTE), 
	"NM" VARCHAR2(100 BYTE), 
	"NMSPC_CD" VARCHAR2(40 BYTE), 
	"LBL" VARCHAR2(40 BYTE), 
	"ACTV" VARCHAR2(1 BYTE) DEFAULT 'Y', 
	"CMPNT_NM" VARCHAR2(100 BYTE), 
	"VER_NBR" NUMBER(8,0) DEFAULT 0, 
	"DESC_TXT" VARCHAR2(255 BYTE) DEFAULT 'null'
   )  ;
--------------------------------------------------------
--  DDL for Table KRMS_CMPND_PROP_PROPS_T
--------------------------------------------------------

  CREATE TABLE "KRMS_CMPND_PROP_PROPS_T" 
   (	"CMPND_PROP_ID" VARCHAR2(40 BYTE), 
	"PROP_ID" VARCHAR2(40 BYTE)
   )  ;
--------------------------------------------------------
--  DDL for Table KRMS_CNTXT_ATTR_T
--------------------------------------------------------

  CREATE TABLE "KRMS_CNTXT_ATTR_T" 
   (	"CNTXT_ATTR_ID" VARCHAR2(40 BYTE), 
	"CNTXT_ID" VARCHAR2(40 BYTE), 
	"ATTR_VAL" VARCHAR2(400 BYTE), 
	"ATTR_DEFN_ID" VARCHAR2(40 BYTE), 
	"VER_NBR" NUMBER(8,0) DEFAULT 0
   )  ;
--------------------------------------------------------
--  DDL for Table KRMS_CNTXT_T
--------------------------------------------------------

  CREATE TABLE "KRMS_CNTXT_T" 
   (	"CNTXT_ID" VARCHAR2(40 BYTE), 
	"NMSPC_CD" VARCHAR2(40 BYTE), 
	"NM" VARCHAR2(100 BYTE), 
	"TYP_ID" VARCHAR2(40 BYTE), 
	"ACTV" VARCHAR2(1 BYTE) DEFAULT 'Y', 
	"VER_NBR" NUMBER(8,0) DEFAULT 0, 
	"DESC_TXT" VARCHAR2(255 BYTE) DEFAULT 'null'
   )  ;
--------------------------------------------------------
--  DDL for Table KRMS_CNTXT_VLD_ACTN_TYP_T
--------------------------------------------------------

  CREATE TABLE "KRMS_CNTXT_VLD_ACTN_TYP_T" 
   (	"CNTXT_VLD_ACTN_ID" VARCHAR2(40 BYTE), 
	"CNTXT_ID" VARCHAR2(40 BYTE), 
	"ACTN_TYP_ID" VARCHAR2(40 BYTE), 
	"VER_NBR" NUMBER(8,0) DEFAULT 0
   )  ;
--------------------------------------------------------
--  DDL for Table KRMS_CNTXT_VLD_AGENDA_TYP_T
--------------------------------------------------------

  CREATE TABLE "KRMS_CNTXT_VLD_AGENDA_TYP_T" 
   (	"CNTXT_VLD_AGENDA_ID" VARCHAR2(40 BYTE), 
	"CNTXT_ID" VARCHAR2(40 BYTE), 
	"AGENDA_TYP_ID" VARCHAR2(40 BYTE), 
	"VER_NBR" NUMBER(8,0) DEFAULT 0
   )  ;
--------------------------------------------------------
--  DDL for Table KRMS_CNTXT_VLD_FUNC_T
--------------------------------------------------------

  CREATE TABLE "KRMS_CNTXT_VLD_FUNC_T" 
   (	"CNTXT_VLD_FUNC_ID" VARCHAR2(40 BYTE), 
	"CNTXT_ID" VARCHAR2(40 BYTE), 
	"FUNC_ID" VARCHAR2(40 BYTE), 
	"VER_NBR" NUMBER(8,0) DEFAULT 0
   )  ;
--------------------------------------------------------
--  DDL for Table KRMS_CNTXT_VLD_RULE_TYP_T
--------------------------------------------------------

  CREATE TABLE "KRMS_CNTXT_VLD_RULE_TYP_T" 
   (	"CNTXT_VLD_RULE_ID" VARCHAR2(40 BYTE), 
	"CNTXT_ID" VARCHAR2(40 BYTE), 
	"RULE_TYP_ID" VARCHAR2(40 BYTE), 
	"VER_NBR" NUMBER(8,0) DEFAULT 0
   )  ;
--------------------------------------------------------
--  DDL for Table KRMS_CNTXT_VLD_TERM_SPEC_T
--------------------------------------------------------

  CREATE TABLE "KRMS_CNTXT_VLD_TERM_SPEC_T" 
   (	"CNTXT_TERM_SPEC_PREREQ_ID" VARCHAR2(40 BYTE), 
	"CNTXT_ID" VARCHAR2(40 BYTE), 
	"TERM_SPEC_ID" VARCHAR2(40 BYTE), 
	"PREREQ" VARCHAR2(1 BYTE) DEFAULT 'n'
   )  ;
--------------------------------------------------------
--  DDL for Table KRMS_CTGRY_T
--------------------------------------------------------

  CREATE TABLE "KRMS_CTGRY_T" 
   (	"CTGRY_ID" VARCHAR2(40 BYTE), 
	"NM" VARCHAR2(255 BYTE), 
	"NMSPC_CD" VARCHAR2(40 BYTE), 
	"VER_NBR" NUMBER(8,0) DEFAULT 0
   )  ;
--------------------------------------------------------
--  DDL for Table KRMS_FUNC_CTGRY_T
--------------------------------------------------------

  CREATE TABLE "KRMS_FUNC_CTGRY_T" 
   (	"FUNC_ID" VARCHAR2(40 BYTE), 
	"CTGRY_ID" VARCHAR2(40 BYTE)
   )  ;
--------------------------------------------------------
--  DDL for Table KRMS_FUNC_PARM_T
--------------------------------------------------------

  CREATE TABLE "KRMS_FUNC_PARM_T" 
   (	"FUNC_PARM_ID" VARCHAR2(40 BYTE), 
	"NM" VARCHAR2(100 BYTE), 
	"DESC_TXT" VARCHAR2(255 BYTE), 
	"TYP" VARCHAR2(255 BYTE), 
	"FUNC_ID" VARCHAR2(40 BYTE), 
	"SEQ_NO" NUMBER(5,0)
   )  ;
--------------------------------------------------------
--  DDL for Table KRMS_FUNC_T
--------------------------------------------------------

  CREATE TABLE "KRMS_FUNC_T" 
   (	"FUNC_ID" VARCHAR2(40 BYTE), 
	"NMSPC_CD" VARCHAR2(40 BYTE), 
	"NM" VARCHAR2(100 BYTE), 
	"DESC_TXT" VARCHAR2(255 BYTE), 
	"RTRN_TYP" VARCHAR2(255 BYTE), 
	"TYP_ID" VARCHAR2(40 BYTE), 
	"ACTV" VARCHAR2(1 BYTE) DEFAULT 'Y', 
	"VER_NBR" NUMBER(8,0) DEFAULT 0
   )  ;
--------------------------------------------------------
--  DDL for Table KRMS_NL_TMPL_ATTR_T
--------------------------------------------------------

  CREATE TABLE "KRMS_NL_TMPL_ATTR_T" 
   (	"NL_TMPL_ATTR_ID" VARCHAR2(40 BYTE), 
	"NL_TMPL_ID" VARCHAR2(40 BYTE), 
	"ATTR_DEFN_ID" VARCHAR2(40 BYTE), 
	"ATTR_VAL" VARCHAR2(400 BYTE), 
	"VER_NBR" NUMBER(8,0) DEFAULT 0
   )  ;
--------------------------------------------------------
--  DDL for Table KRMS_NL_TMPL_T
--------------------------------------------------------

  CREATE TABLE "KRMS_NL_TMPL_T" 
   (	"NL_TMPL_ID" VARCHAR2(40 BYTE), 
	"LANG_CD" VARCHAR2(2 BYTE), 
	"NL_USAGE_ID" VARCHAR2(40 BYTE), 
	"TYP_ID" VARCHAR2(40 BYTE), 
	"TMPL" VARCHAR2(4000 BYTE), 
	"VER_NBR" NUMBER(8,0) DEFAULT 0
   )  ;
--------------------------------------------------------
--  DDL for Table KRMS_NL_USAGE_ATTR_T
--------------------------------------------------------

  CREATE TABLE "KRMS_NL_USAGE_ATTR_T" 
   (	"NL_USAGE_ATTR_ID" VARCHAR2(40 BYTE), 
	"NL_USAGE_ID" VARCHAR2(40 BYTE), 
	"ATTR_DEFN_ID" VARCHAR2(40 BYTE), 
	"ATTR_VAL" VARCHAR2(400 BYTE), 
	"VER_NBR" NUMBER(8,0) DEFAULT 0
   )  ;
--------------------------------------------------------
--  DDL for Table KRMS_NL_USAGE_T
--------------------------------------------------------

  CREATE TABLE "KRMS_NL_USAGE_T" 
   (	"NL_USAGE_ID" VARCHAR2(40 BYTE), 
	"NM" VARCHAR2(255 BYTE), 
	"NMSPC_CD" VARCHAR2(40 BYTE), 
	"DESC_TXT" VARCHAR2(255 BYTE), 
	"ACTV" VARCHAR2(1 BYTE) DEFAULT 'Y', 
	"VER_NBR" NUMBER(8,0) DEFAULT 0
   )  ;
--------------------------------------------------------
--  DDL for Table KRMS_PROP_PARM_T
--------------------------------------------------------

  CREATE TABLE "KRMS_PROP_PARM_T" 
   (	"PROP_PARM_ID" VARCHAR2(40 BYTE), 
	"PROP_ID" VARCHAR2(40 BYTE), 
	"PARM_VAL" VARCHAR2(255 BYTE), 
	"PARM_TYP_CD" VARCHAR2(1 BYTE), 
	"SEQ_NO" NUMBER(5,0), 
	"VER_NBR" NUMBER(8,0) DEFAULT 0
   )  ;
--------------------------------------------------------
--  DDL for Table KRMS_PROP_T
--------------------------------------------------------

  CREATE TABLE "KRMS_PROP_T" 
   (	"PROP_ID" VARCHAR2(40 BYTE), 
	"DESC_TXT" VARCHAR2(100 BYTE), 
	"TYP_ID" VARCHAR2(40 BYTE), 
	"DSCRM_TYP_CD" VARCHAR2(10 BYTE), 
	"CMPND_OP_CD" VARCHAR2(40 BYTE), 
	"RULE_ID" VARCHAR2(40 BYTE), 
	"VER_NBR" NUMBER(8,0) DEFAULT 0, 
	"CMPND_SEQ_NO" NUMBER(5,0) DEFAULT null
   )  ;
--------------------------------------------------------
--  DDL for Table KRMS_REF_OBJ_KRMS_OBJ_T
--------------------------------------------------------

  CREATE TABLE "KRMS_REF_OBJ_KRMS_OBJ_T" 
   (	"REF_OBJ_KRMS_OBJ_ID" VARCHAR2(40 BYTE), 
	"COLLECTION_NM" VARCHAR2(40 BYTE), 
	"KRMS_OBJ_ID" VARCHAR2(40 BYTE), 
	"KRMS_DSCR_TYP" VARCHAR2(40 BYTE), 
	"REF_OBJ_ID" VARCHAR2(255 BYTE), 
	"REF_DSCR_TYP" VARCHAR2(255 BYTE), 
	"NMSPC_CD" VARCHAR2(40 BYTE), 
	"ACTV" VARCHAR2(1 BYTE) DEFAULT 'Y', 
	"VER_NBR" NUMBER(8,0) DEFAULT 0
   )  ;
--------------------------------------------------------
--  DDL for Table KRMS_RULE_ATTR_T
--------------------------------------------------------

  CREATE TABLE "KRMS_RULE_ATTR_T" 
   (	"RULE_ATTR_ID" VARCHAR2(40 BYTE), 
	"RULE_ID" VARCHAR2(40 BYTE), 
	"ATTR_DEFN_ID" VARCHAR2(40 BYTE), 
	"ATTR_VAL" VARCHAR2(400 BYTE), 
	"VER_NBR" NUMBER(8,0) DEFAULT 0
   )  ;
--------------------------------------------------------
--  DDL for Table KRMS_RULE_T
--------------------------------------------------------

  CREATE TABLE "KRMS_RULE_T" 
   (	"RULE_ID" VARCHAR2(40 BYTE), 
	"NMSPC_CD" VARCHAR2(40 BYTE), 
	"NM" VARCHAR2(100 BYTE), 
	"TYP_ID" VARCHAR2(40 BYTE), 
	"PROP_ID" VARCHAR2(40 BYTE), 
	"ACTV" VARCHAR2(1 BYTE) DEFAULT 'Y', 
	"VER_NBR" NUMBER(8,0) DEFAULT 0, 
	"DESC_TXT" VARCHAR2(4000 BYTE)
   )  ;
--------------------------------------------------------
--  DDL for Table KRMS_TERM_PARM_T
--------------------------------------------------------

  CREATE TABLE "KRMS_TERM_PARM_T" 
   (	"TERM_PARM_ID" VARCHAR2(40 BYTE), 
	"TERM_ID" VARCHAR2(40 BYTE), 
	"NM" VARCHAR2(255 BYTE), 
	"VAL" VARCHAR2(255 BYTE), 
	"VER_NBR" NUMBER(8,0)
   )  ;
--------------------------------------------------------
--  DDL for Table KRMS_TERM_RSLVR_ATTR_T
--------------------------------------------------------

  CREATE TABLE "KRMS_TERM_RSLVR_ATTR_T" 
   (	"TERM_RSLVR_ATTR_ID" VARCHAR2(40 BYTE), 
	"TERM_RSLVR_ID" VARCHAR2(40 BYTE), 
	"ATTR_DEFN_ID" VARCHAR2(40 BYTE), 
	"ATTR_VAL" VARCHAR2(400 BYTE), 
	"VER_NBR" NUMBER(8,0) DEFAULT 0
   )  ;
--------------------------------------------------------
--  DDL for Table KRMS_TERM_RSLVR_INPUT_SPEC_T
--------------------------------------------------------

  CREATE TABLE "KRMS_TERM_RSLVR_INPUT_SPEC_T" 
   (	"TERM_SPEC_ID" VARCHAR2(40 BYTE), 
	"TERM_RSLVR_ID" VARCHAR2(40 BYTE)
   )  ;
--------------------------------------------------------
--  DDL for Table KRMS_TERM_RSLVR_PARM_SPEC_T
--------------------------------------------------------

  CREATE TABLE "KRMS_TERM_RSLVR_PARM_SPEC_T" 
   (	"TERM_RSLVR_PARM_SPEC_ID" VARCHAR2(40 BYTE), 
	"TERM_RSLVR_ID" VARCHAR2(40 BYTE), 
	"NM" VARCHAR2(45 BYTE), 
	"VER_NBR" NUMBER(8,0)
   )  ;
--------------------------------------------------------
--  DDL for Table KRMS_TERM_RSLVR_T
--------------------------------------------------------

  CREATE TABLE "KRMS_TERM_RSLVR_T" 
   (	"TERM_RSLVR_ID" VARCHAR2(40 BYTE), 
	"NMSPC_CD" VARCHAR2(40 BYTE), 
	"NM" VARCHAR2(100 BYTE), 
	"TYP_ID" VARCHAR2(40 BYTE), 
	"OUTPUT_TERM_SPEC_ID" VARCHAR2(40 BYTE), 
	"ACTV" VARCHAR2(1 BYTE) DEFAULT 'Y', 
	"VER_NBR" NUMBER(8,0) DEFAULT 0
   )  ;
--------------------------------------------------------
--  DDL for Table KRMS_TERM_SPEC_CTGRY_T
--------------------------------------------------------

  CREATE TABLE "KRMS_TERM_SPEC_CTGRY_T" 
   (	"TERM_SPEC_ID" VARCHAR2(40 BYTE), 
	"CTGRY_ID" VARCHAR2(40 BYTE)
   )  ;
--------------------------------------------------------
--  DDL for Table KRMS_TERM_SPEC_T
--------------------------------------------------------

  CREATE TABLE "KRMS_TERM_SPEC_T" 
   (	"TERM_SPEC_ID" VARCHAR2(40 BYTE), 
	"NM" VARCHAR2(255 BYTE), 
	"TYP" VARCHAR2(255 BYTE), 
	"ACTV" VARCHAR2(1 BYTE) DEFAULT 'Y', 
	"VER_NBR" NUMBER(8,0), 
	"DESC_TXT" VARCHAR2(255 BYTE) DEFAULT 'null', 
	"NMSPC_CD" VARCHAR2(40 BYTE)
   )  ;
--------------------------------------------------------
--  DDL for Table KRMS_TERM_T
--------------------------------------------------------

  CREATE TABLE "KRMS_TERM_T" 
   (	"TERM_ID" VARCHAR2(40 BYTE), 
	"TERM_SPEC_ID" VARCHAR2(40 BYTE), 
	"VER_NBR" NUMBER(8,0), 
	"DESC_TXT" VARCHAR2(255 BYTE) DEFAULT 'null'
   )  ;
--------------------------------------------------------
--  DDL for Table KRMS_TYP_ATTR_T
--------------------------------------------------------

  CREATE TABLE "KRMS_TYP_ATTR_T" 
   (	"TYP_ATTR_ID" VARCHAR2(40 BYTE), 
	"SEQ_NO" NUMBER(5,0), 
	"TYP_ID" VARCHAR2(40 BYTE), 
	"ATTR_DEFN_ID" VARCHAR2(255 BYTE), 
	"ACTV" VARCHAR2(1 BYTE) DEFAULT 'Y', 
	"VER_NBR" NUMBER(8,0) DEFAULT 0
   )  ;
--------------------------------------------------------
--  DDL for Table KRMS_TYP_RELN_T
--------------------------------------------------------

  CREATE TABLE "KRMS_TYP_RELN_T" 
   (	"TYP_RELN_ID" VARCHAR2(40 BYTE), 
	"FROM_TYP_ID" VARCHAR2(40 BYTE), 
	"TO_TYP_ID" VARCHAR2(40 BYTE), 
	"RELN_TYP" VARCHAR2(40 BYTE), 
	"SEQ_NO" NUMBER(5,0), 
	"VER_NBR" NUMBER(8,0) DEFAULT 0, 
	"ACTV" VARCHAR2(1 BYTE) DEFAULT 'Y'
   )  ;
--------------------------------------------------------
--  DDL for Table KRMS_TYP_T
--------------------------------------------------------

  CREATE TABLE "KRMS_TYP_T" 
   (	"TYP_ID" VARCHAR2(40 BYTE), 
	"NM" VARCHAR2(100 BYTE), 
	"NMSPC_CD" VARCHAR2(40 BYTE), 
	"SRVC_NM" VARCHAR2(200 BYTE), 
	"ACTV" VARCHAR2(1 BYTE) DEFAULT 'Y', 
	"VER_NBR" NUMBER(8,0) DEFAULT 0
   )  ;
--------------------------------------------------------
--  DDL for Table KRNS_ADHOC_RTE_ACTN_RECIP_T
--------------------------------------------------------

  CREATE TABLE "KRNS_ADHOC_RTE_ACTN_RECIP_T" 
   (	"RECIP_TYP_CD" NUMBER(1,0), 
	"ACTN_RQST_CD" VARCHAR2(30 BYTE), 
	"ACTN_RQST_RECIP_ID" VARCHAR2(70 BYTE), 
	"OBJ_ID" VARCHAR2(36 BYTE) DEFAULT SYS_GUID(), 
	"VER_NBR" NUMBER(8,0) DEFAULT 1, 
	"DOC_HDR_ID" VARCHAR2(14 BYTE)
   )  ;
--------------------------------------------------------
--  DDL for Table KRNS_ATT_T
--------------------------------------------------------

  CREATE TABLE "KRNS_ATT_T" 
   (	"NTE_ID" NUMBER(14,0), 
	"OBJ_ID" VARCHAR2(36 BYTE) DEFAULT SYS_GUID(), 
	"VER_NBR" NUMBER(8,0) DEFAULT 1, 
	"MIME_TYP" VARCHAR2(255 BYTE), 
	"FILE_NM" VARCHAR2(250 BYTE), 
	"ATT_ID" VARCHAR2(36 BYTE), 
	"FILE_SZ" NUMBER(14,0), 
	"ATT_TYP_CD" VARCHAR2(40 BYTE)
   )  ;
--------------------------------------------------------
--  DDL for Table KRNS_DOC_HDR_T
--------------------------------------------------------

  CREATE TABLE "KRNS_DOC_HDR_T" 
   (	"DOC_HDR_ID" VARCHAR2(14 BYTE), 
	"OBJ_ID" VARCHAR2(36 BYTE) DEFAULT SYS_GUID(), 
	"VER_NBR" NUMBER(8,0) DEFAULT 1, 
	"FDOC_DESC" VARCHAR2(255 BYTE), 
	"ORG_DOC_HDR_ID" VARCHAR2(10 BYTE), 
	"TMPL_DOC_HDR_ID" VARCHAR2(14 BYTE), 
	"EXPLANATION" VARCHAR2(400 BYTE)
   )  ;
--------------------------------------------------------
--  DDL for Table KRNS_LOOKUP_RSLT_T
--------------------------------------------------------

  CREATE TABLE "KRNS_LOOKUP_RSLT_T" 
   (	"LOOKUP_RSLT_ID" VARCHAR2(14 BYTE), 
	"OBJ_ID" VARCHAR2(36 BYTE) DEFAULT SYS_GUID(), 
	"VER_NBR" NUMBER(8,0) DEFAULT 1, 
	"PRNCPL_ID" VARCHAR2(40 BYTE), 
	"LOOKUP_DT" DATE, 
	"SERIALZD_RSLTS" CLOB
   )  ;
--------------------------------------------------------
--  DDL for Table KRNS_LOOKUP_SEL_T
--------------------------------------------------------

  CREATE TABLE "KRNS_LOOKUP_SEL_T" 
   (	"LOOKUP_RSLT_ID" VARCHAR2(14 BYTE), 
	"OBJ_ID" VARCHAR2(36 BYTE) DEFAULT SYS_GUID(), 
	"VER_NBR" NUMBER(8,0) DEFAULT 1, 
	"PRNCPL_ID" VARCHAR2(40 BYTE), 
	"LOOKUP_DT" DATE, 
	"SEL_OBJ_IDS" CLOB
   ) ;
--------------------------------------------------------
--  DDL for Table KRNS_MAINT_DOC_ATT_LST_T
--------------------------------------------------------

  CREATE TABLE "KRNS_MAINT_DOC_ATT_LST_T" 
   (	"ATT_ID" VARCHAR2(40 BYTE), 
	"DOC_HDR_ID" VARCHAR2(14 BYTE), 
	"ATT_CNTNT" BLOB, 
	"FILE_NM" VARCHAR2(150 BYTE), 
	"CNTNT_TYP" VARCHAR2(255 BYTE), 
	"OBJ_ID" VARCHAR2(36 BYTE), 
	"VER_NBR" NUMBER(8,0) DEFAULT 0
   ) ;
--------------------------------------------------------
--  DDL for Table KRNS_MAINT_DOC_ATT_T
--------------------------------------------------------

  CREATE TABLE "KRNS_MAINT_DOC_ATT_T" 
   (	"DOC_HDR_ID" VARCHAR2(14 BYTE), 
	"ATT_CNTNT" BLOB, 
	"FILE_NM" VARCHAR2(150 BYTE), 
	"CNTNT_TYP" VARCHAR2(255 BYTE), 
	"OBJ_ID" VARCHAR2(36 BYTE) DEFAULT SYS_GUID(), 
	"VER_NBR" NUMBER(8,0) DEFAULT 1
   ) ;
--------------------------------------------------------
--  DDL for Table KRNS_MAINT_DOC_T
--------------------------------------------------------

  CREATE TABLE "KRNS_MAINT_DOC_T" 
   (	"DOC_HDR_ID" VARCHAR2(14 BYTE), 
	"OBJ_ID" VARCHAR2(36 BYTE) DEFAULT SYS_GUID(), 
	"VER_NBR" NUMBER(8,0) DEFAULT 1, 
	"DOC_CNTNT" CLOB
   ) ;
--------------------------------------------------------
--  DDL for Table KRNS_MAINT_LOCK_T
--------------------------------------------------------

  CREATE TABLE "KRNS_MAINT_LOCK_T" 
   (	"MAINT_LOCK_REP_TXT" VARCHAR2(500 BYTE), 
	"OBJ_ID" VARCHAR2(36 BYTE) DEFAULT SYS_GUID(), 
	"VER_NBR" NUMBER(8,0) DEFAULT 1, 
	"DOC_HDR_ID" VARCHAR2(14 BYTE), 
	"MAINT_LOCK_ID" VARCHAR2(14 BYTE)
   )  ;
--------------------------------------------------------
--  DDL for Table KRNS_NTE_T
--------------------------------------------------------

  CREATE TABLE "KRNS_NTE_T" 
   (	"NTE_ID" NUMBER(14,0), 
	"OBJ_ID" VARCHAR2(36 BYTE) DEFAULT SYS_GUID(), 
	"VER_NBR" NUMBER(8,0) DEFAULT 1, 
	"RMT_OBJ_ID" VARCHAR2(36 BYTE), 
	"AUTH_PRNCPL_ID" VARCHAR2(40 BYTE), 
	"POST_TS" DATE, 
	"NTE_TYP_CD" VARCHAR2(4 BYTE), 
	"TXT" VARCHAR2(800 BYTE), 
	"PRG_CD" VARCHAR2(1 BYTE), 
	"TPC_TXT" VARCHAR2(40 BYTE)
   )  ;
--------------------------------------------------------
--  DDL for Table KRNS_NTE_TYP_T
--------------------------------------------------------

  CREATE TABLE "KRNS_NTE_TYP_T" 
   (	"NTE_TYP_CD" VARCHAR2(4 BYTE), 
	"OBJ_ID" VARCHAR2(36 BYTE) DEFAULT SYS_GUID(), 
	"VER_NBR" NUMBER(8,0) DEFAULT 1, 
	"TYP_DESC_TXT" VARCHAR2(100 BYTE), 
	"ACTV_IND" VARCHAR2(1 BYTE)
   )  ;
--------------------------------------------------------
--  DDL for Table KRNS_PESSIMISTIC_LOCK_T
--------------------------------------------------------

  CREATE TABLE "KRNS_PESSIMISTIC_LOCK_T" 
   (	"PESSIMISTIC_LOCK_ID" NUMBER(14,0), 
	"OBJ_ID" VARCHAR2(36 BYTE) DEFAULT SYS_GUID(), 
	"VER_NBR" NUMBER(8,0) DEFAULT 1, 
	"LOCK_DESC_TXT" VARCHAR2(4000 BYTE), 
	"DOC_HDR_ID" VARCHAR2(14 BYTE), 
	"GNRT_DT" DATE, 
	"PRNCPL_ID" VARCHAR2(40 BYTE), 
	"SESN_ID" VARCHAR2(40 BYTE) DEFAULT 'undefined'
   )  ;
--------------------------------------------------------
--  DDL for Table KRNS_SESN_DOC_T
--------------------------------------------------------

  CREATE TABLE "KRNS_SESN_DOC_T" 
   (	"SESN_DOC_ID" VARCHAR2(40 BYTE), 
	"DOC_HDR_ID" VARCHAR2(14 BYTE), 
	"PRNCPL_ID" VARCHAR2(40 BYTE), 
	"IP_ADDR" VARCHAR2(60 BYTE), 
	"SERIALZD_DOC_FRM" BLOB, 
	"LAST_UPDT_DT" DATE, 
	"CONTENT_ENCRYPTED_IND" CHAR(1 BYTE) DEFAULT 'N', 
	"OBJ_ID" VARCHAR2(36 BYTE), 
	"VER_NBR" NUMBER(8,0) DEFAULT 0
   ) ;
--------------------------------------------------------
--  DDL for Table KRSB_BAM_PARM_T
--------------------------------------------------------

  CREATE TABLE "KRSB_BAM_PARM_T" 
   (	"BAM_PARM_ID" NUMBER(14,0), 
	"BAM_ID" NUMBER(14,0), 
	"PARM" CLOB
   ) ;
--------------------------------------------------------
--  DDL for Table KRSB_BAM_T
--------------------------------------------------------

  CREATE TABLE "KRSB_BAM_T" 
   (	"BAM_ID" NUMBER(14,0), 
	"SVC_NM" VARCHAR2(255 BYTE), 
	"SVC_URL" VARCHAR2(500 BYTE), 
	"MTHD_NM" VARCHAR2(2000 BYTE), 
	"THRD_NM" VARCHAR2(500 BYTE), 
	"CALL_DT" DATE, 
	"TGT_TO_STR" VARCHAR2(2000 BYTE), 
	"SRVR_IND" NUMBER(1,0), 
	"EXCPN_TO_STR" VARCHAR2(2000 BYTE), 
	"EXCPN_MSG" CLOB
   ) ;
--------------------------------------------------------
--  DDL for Table KRSB_MSG_PYLD_T
--------------------------------------------------------

  CREATE TABLE "KRSB_MSG_PYLD_T" 
   (	"MSG_QUE_ID" NUMBER(14,0), 
	"MSG_PYLD" CLOB
   ) ;
--------------------------------------------------------
--  DDL for Table KRSB_MSG_QUE_T
--------------------------------------------------------

  CREATE TABLE "KRSB_MSG_QUE_T" 
   (	"MSG_QUE_ID" NUMBER(14,0), 
	"DT" DATE, 
	"EXP_DT" DATE, 
	"PRIO" NUMBER(8,0), 
	"STAT_CD" CHAR(1 BYTE), 
	"RTRY_CNT" NUMBER(8,0), 
	"IP_NBR" VARCHAR2(2000 BYTE), 
	"SVC_NM" VARCHAR2(255 BYTE), 
	"APPL_ID" VARCHAR2(255 BYTE), 
	"SVC_MTHD_NM" VARCHAR2(2000 BYTE), 
	"APP_VAL_ONE" VARCHAR2(2000 BYTE), 
	"APP_VAL_TWO" VARCHAR2(2000 BYTE), 
	"VER_NBR" NUMBER(8,0) DEFAULT 0
   )  ;
--------------------------------------------------------
--  DDL for Table KRSB_QRTZ_BLOB_TRIGGERS
--------------------------------------------------------

  CREATE TABLE "KRSB_QRTZ_BLOB_TRIGGERS" 
   (	"TRIGGER_NAME" VARCHAR2(80 BYTE), 
	"TRIGGER_GROUP" VARCHAR2(80 BYTE), 
	"BLOB_DATA" BLOB
   ) ;
--------------------------------------------------------
--  DDL for Table KRSB_QRTZ_CALENDARS
--------------------------------------------------------

  CREATE TABLE "KRSB_QRTZ_CALENDARS" 
   (	"CALENDAR_NAME" VARCHAR2(80 BYTE), 
	"CALENDAR" BLOB
   ) ;
--------------------------------------------------------
--  DDL for Table KRSB_QRTZ_CRON_TRIGGERS
--------------------------------------------------------

  CREATE TABLE "KRSB_QRTZ_CRON_TRIGGERS" 
   (	"TRIGGER_NAME" VARCHAR2(80 BYTE), 
	"TRIGGER_GROUP" VARCHAR2(80 BYTE), 
	"CRON_EXPRESSION" VARCHAR2(80 BYTE), 
	"TIME_ZONE_ID" VARCHAR2(80 BYTE)
   )  ;
--------------------------------------------------------
--  DDL for Table KRSB_QRTZ_FIRED_TRIGGERS
--------------------------------------------------------

  CREATE TABLE "KRSB_QRTZ_FIRED_TRIGGERS" 
   (	"ENTRY_ID" VARCHAR2(95 BYTE), 
	"TRIGGER_NAME" VARCHAR2(80 BYTE), 
	"TRIGGER_GROUP" VARCHAR2(80 BYTE), 
	"IS_VOLATILE" VARCHAR2(1 BYTE), 
	"INSTANCE_NAME" VARCHAR2(80 BYTE), 
	"FIRED_TIME" NUMBER(13,0), 
	"PRIORITY" NUMBER(13,0), 
	"STATE" VARCHAR2(16 BYTE), 
	"JOB_NAME" VARCHAR2(80 BYTE), 
	"JOB_GROUP" VARCHAR2(80 BYTE), 
	"IS_STATEFUL" VARCHAR2(1 BYTE), 
	"REQUESTS_RECOVERY" VARCHAR2(1 BYTE)
   )  ;
--------------------------------------------------------
--  DDL for Table KRSB_QRTZ_JOB_DETAILS
--------------------------------------------------------

  CREATE TABLE "KRSB_QRTZ_JOB_DETAILS" 
   (	"JOB_NAME" VARCHAR2(80 BYTE), 
	"JOB_GROUP" VARCHAR2(80 BYTE), 
	"DESCRIPTION" VARCHAR2(120 BYTE), 
	"JOB_CLASS_NAME" VARCHAR2(128 BYTE), 
	"IS_DURABLE" VARCHAR2(1 BYTE), 
	"IS_VOLATILE" VARCHAR2(1 BYTE), 
	"IS_STATEFUL" VARCHAR2(1 BYTE), 
	"REQUESTS_RECOVERY" VARCHAR2(1 BYTE), 
	"JOB_DATA" BLOB
   ) ;
--------------------------------------------------------
--  DDL for Table KRSB_QRTZ_JOB_LISTENERS
--------------------------------------------------------

  CREATE TABLE "KRSB_QRTZ_JOB_LISTENERS" 
   (	"JOB_NAME" VARCHAR2(80 BYTE), 
	"JOB_GROUP" VARCHAR2(80 BYTE), 
	"JOB_LISTENER" VARCHAR2(80 BYTE)
   )  ;
--------------------------------------------------------
--  DDL for Table KRSB_QRTZ_LOCKS
--------------------------------------------------------

  CREATE TABLE "KRSB_QRTZ_LOCKS" 
   (	"LOCK_NAME" VARCHAR2(40 BYTE)
   )  ;
--------------------------------------------------------
--  DDL for Table KRSB_QRTZ_PAUSED_TRIGGER_GRPS
--------------------------------------------------------

  CREATE TABLE "KRSB_QRTZ_PAUSED_TRIGGER_GRPS" 
   (	"TRIGGER_GROUP" VARCHAR2(80 BYTE)
   )  ;
--------------------------------------------------------
--  DDL for Table KRSB_QRTZ_SCHEDULER_STATE
--------------------------------------------------------

  CREATE TABLE "KRSB_QRTZ_SCHEDULER_STATE" 
   (	"INSTANCE_NAME" VARCHAR2(80 BYTE), 
	"LAST_CHECKIN_TIME" NUMBER(13,0), 
	"CHECKIN_INTERVAL" NUMBER(13,0)
   )  ;
--------------------------------------------------------
--  DDL for Table KRSB_QRTZ_SIMPLE_TRIGGERS
--------------------------------------------------------

  CREATE TABLE "KRSB_QRTZ_SIMPLE_TRIGGERS" 
   (	"TRIGGER_NAME" VARCHAR2(80 BYTE), 
	"TRIGGER_GROUP" VARCHAR2(80 BYTE), 
	"REPEAT_COUNT" NUMBER(7,0), 
	"REPEAT_INTERVAL" NUMBER(12,0), 
	"TIMES_TRIGGERED" NUMBER(7,0)
   )  ;
--------------------------------------------------------
--  DDL for Table KRSB_QRTZ_TRIGGERS
--------------------------------------------------------

  CREATE TABLE "KRSB_QRTZ_TRIGGERS" 
   (	"TRIGGER_NAME" VARCHAR2(80 BYTE), 
	"TRIGGER_GROUP" VARCHAR2(80 BYTE), 
	"JOB_NAME" VARCHAR2(80 BYTE), 
	"JOB_GROUP" VARCHAR2(80 BYTE), 
	"IS_VOLATILE" VARCHAR2(1 BYTE), 
	"DESCRIPTION" VARCHAR2(120 BYTE), 
	"NEXT_FIRE_TIME" NUMBER(13,0), 
	"PREV_FIRE_TIME" NUMBER(13,0), 
	"PRIORITY" NUMBER(13,0), 
	"TRIGGER_STATE" VARCHAR2(16 BYTE), 
	"TRIGGER_TYPE" VARCHAR2(8 BYTE), 
	"START_TIME" NUMBER(13,0), 
	"END_TIME" NUMBER(13,0), 
	"CALENDAR_NAME" VARCHAR2(80 BYTE), 
	"MISFIRE_INSTR" NUMBER(2,0), 
	"JOB_DATA" BLOB
   ) ;
--------------------------------------------------------
--  DDL for Table KRSB_QRTZ_TRIGGER_LISTENERS
--------------------------------------------------------

  CREATE TABLE "KRSB_QRTZ_TRIGGER_LISTENERS" 
   (	"TRIGGER_NAME" VARCHAR2(80 BYTE), 
	"TRIGGER_GROUP" VARCHAR2(80 BYTE), 
	"TRIGGER_LISTENER" VARCHAR2(80 BYTE)
   )  ;
--------------------------------------------------------
--  DDL for Table KRSB_SVC_DEF_T
--------------------------------------------------------

  CREATE TABLE "KRSB_SVC_DEF_T" 
   (	"SVC_DEF_ID" VARCHAR2(40 BYTE), 
	"SVC_NM" VARCHAR2(255 BYTE), 
	"SVC_URL" VARCHAR2(500 BYTE), 
	"INSTN_ID" VARCHAR2(255 BYTE), 
	"APPL_ID" VARCHAR2(255 BYTE), 
	"SRVR_IP" VARCHAR2(40 BYTE), 
	"TYP_CD" VARCHAR2(40 BYTE), 
	"SVC_VER" VARCHAR2(40 BYTE), 
	"STAT_CD" VARCHAR2(1 BYTE), 
	"SVC_DSCRPTR_ID" VARCHAR2(40 BYTE), 
	"CHKSM" VARCHAR2(30 BYTE), 
	"VER_NBR" NUMBER(8,0) DEFAULT 0
   )  ;
--------------------------------------------------------
--  DDL for Table KRSB_SVC_DSCRPTR_T
--------------------------------------------------------

  CREATE TABLE "KRSB_SVC_DSCRPTR_T" 
   (	"SVC_DSCRPTR_ID" VARCHAR2(40 BYTE), 
	"DSCRPTR" CLOB
   ) ;
--------------------------------------------------------
--  DDL for Table KR_KIM_TEST_BO
--------------------------------------------------------

  CREATE TABLE "KR_KIM_TEST_BO" 
   (	"PK" VARCHAR2(40 BYTE), 
	"PRNCPL_ID" VARCHAR2(40 BYTE)
   )  ;
--------------------------------------------------------
--  DDL for Table TRAV_DOC_2_ACCOUNTS
--------------------------------------------------------

  CREATE TABLE "TRAV_DOC_2_ACCOUNTS" 
   (	"FDOC_NBR" VARCHAR2(14 BYTE), 
	"ACCT_NUM" VARCHAR2(10 BYTE)
   )  ;
--------------------------------------------------------
--  DDL for Table TRVL_AUTH_DOC_T
--------------------------------------------------------

  CREATE TABLE "TRVL_AUTH_DOC_T" 
   (	"FDOC_NBR" VARCHAR2(14 BYTE), 
	"TRVL_ID" VARCHAR2(19 BYTE), 
	"TRAVELER_DTL_ID" NUMBER(19,0), 
	"TEM_PROFILE_ID" NUMBER(19,0), 
	"TRIP_TYP_CD" VARCHAR2(3 BYTE), 
	"TRIP_BGN_DT" DATE, 
	"TRIP_END_DT" DATE, 
	"PRIMARY_DEST_ID" NUMBER(19,0), 
	"PRIMARY_DEST_NAME" VARCHAR2(100 BYTE), 
	"PRIMARY_DEST_CNTRY_ST" VARCHAR2(100 BYTE), 
	"PRIMARY_DEST_CNTY" VARCHAR2(100 BYTE), 
	"EXP_LMT" NUMBER(19,2) DEFAULT 0, 
	"MEAL_WITHOUT_LODGING" VARCHAR2(255 BYTE), 
	"TRIP_DESC" VARCHAR2(255 BYTE), 
	"DELINQUENT_TR_EXCEPTION" VARCHAR2(1 BYTE), 
	"PER_DIEM_ADJ" NUMBER(19,2) DEFAULT 0, 
	"AR_CUST_ID" VARCHAR2(255 BYTE), 
	"AR_INV_DOC_NBR" VARCHAR2(255 BYTE), 
	"CELL_PH_NUM" VARCHAR2(20 BYTE), 
	"RGN_FAMIL" VARCHAR2(255 BYTE), 
	"CTZN_CNTRY_CD" VARCHAR2(255 BYTE), 
	"FDOC_NXT_EXP_NBR" NUMBER(7,0), 
	"VER_NBR" NUMBER(8,0) DEFAULT 1, 
	"OBJ_ID" VARCHAR2(36 BYTE)
   )  ;
--------------------------------------------------------
--  DDL for Table TRVL_PER_DIEM_T
--------------------------------------------------------

  CREATE TABLE "TRVL_PER_DIEM_T" 
   (	"ID" NUMBER(19,0), 
	"TRIP_TYP_CD" VARCHAR2(3 BYTE), 
	"COUNTRY" VARCHAR2(100 BYTE), 
	"COUNTRY_NM" VARCHAR2(100 BYTE), 
	"COUNTY_CD" VARCHAR2(100 BYTE), 
	"PRI_DEST" VARCHAR2(100 BYTE), 
	"SSN_BGN_DT" DATE, 
	"EFFECT_FROM_DT" DATE, 
	"EFFECT_TO_DT" DATE, 
	"LOAD_DT" DATE, 
	"SSN_BGN_MONTH_DAY" VARCHAR2(5 BYTE), 
	"BKFST" NUMBER(19,0), 
	"LUNCH" NUMBER(19,0), 
	"DIN" NUMBER(19,0), 
	"LODGING" NUMBER(19,2) DEFAULT 0, 
	"INC" NUMBER(19,2) DEFAULT 0, 
	"MEALS_INC" NUMBER(19,2) DEFAULT 0, 
	"ACTV_IND" VARCHAR2(1 BYTE), 
	"VER_NBR" NUMBER(8,0) DEFAULT 1, 
	"OBJ_ID" VARCHAR2(36 BYTE)
   )  ;
--------------------------------------------------------
--  DDL for Table TRVL_TRIP_TYP_T
--------------------------------------------------------

  CREATE TABLE "TRVL_TRIP_TYP_T" 
   (	"CODE" VARCHAR2(3 BYTE), 
	"NM" VARCHAR2(40 BYTE), 
	"GEN_ENC_IND" VARCHAR2(1 BYTE), 
	"ENC_BAL_TYP" VARCHAR2(2 BYTE), 
	"ENC_OBJ_CD" VARCHAR2(4 BYTE), 
	"CONT_INFO_REQ_IND" VARCHAR2(1 BYTE), 
	"BLANKET_IND" VARCHAR2(1 BYTE), 
	"AUTO_TR_LIMIT" NUMBER(19,2), 
	"USE_PER_DIEM" VARCHAR2(1 BYTE), 
	"TA_REQUIRED" VARCHAR2(1 BYTE), 
	"PER_DIEM_CALC_METHOD" VARCHAR2(1 BYTE), 
	"ACTV_IND" VARCHAR2(1 BYTE), 
	"VER_NBR" NUMBER(8,0) DEFAULT 1, 
	"OBJ_ID" VARCHAR2(36 BYTE)
   )  ;
--------------------------------------------------------
--  DDL for Table TRV_ACCT
--------------------------------------------------------

  CREATE TABLE "TRV_ACCT" 
   (	"ACCT_NUM" VARCHAR2(10 BYTE), 
	"ACCT_NAME" VARCHAR2(50 BYTE), 
	"ACCT_TYPE" VARCHAR2(100 BYTE), 
	"ACCT_FO_ID" NUMBER(14,0), 
	"OBJ_ID" VARCHAR2(36 BYTE), 
	"VER_NBR" NUMBER(8,0) DEFAULT 0, 
	"SUB_ACCT" VARCHAR2(10 BYTE), 
	"SUB_ACCT_NAME" VARCHAR2(50 BYTE), 
	"CREATE_DT" DATE, 
	"SUBSIDIZED_PCT" FLOAT(126)
   )  ;
--------------------------------------------------------
--  DDL for Table TRV_ACCT_EXT
--------------------------------------------------------

  CREATE TABLE "TRV_ACCT_EXT" 
   (	"ACCT_NUM" VARCHAR2(10 BYTE), 
	"ACCT_TYPE" VARCHAR2(100 BYTE), 
	"OBJ_ID" VARCHAR2(36 BYTE), 
	"VER_NBR" NUMBER(8,0) DEFAULT 0
   )  ;
--------------------------------------------------------
--  DDL for Table TRV_ACCT_FO
--------------------------------------------------------

  CREATE TABLE "TRV_ACCT_FO" 
   (	"ACCT_FO_ID" NUMBER(14,0), 
	"ACCT_FO_USER_NAME" VARCHAR2(50 BYTE), 
	"OBJ_ID" VARCHAR2(36 BYTE), 
	"VER_NBR" NUMBER(8,0) DEFAULT 0
   )  ;
--------------------------------------------------------
--  DDL for Table TRV_ACCT_TYPE
--------------------------------------------------------

  CREATE TABLE "TRV_ACCT_TYPE" 
   (	"ACCT_TYPE" VARCHAR2(10 BYTE), 
	"ACCT_TYPE_NAME" VARCHAR2(50 BYTE), 
	"OBJ_ID" VARCHAR2(36 BYTE), 
	"VER_NBR" NUMBER(8,0) DEFAULT 0
   )  ;
--------------------------------------------------------
--  DDL for Table TRV_ACCT_USE_RT_T
--------------------------------------------------------

  CREATE TABLE "TRV_ACCT_USE_RT_T" 
   (	"ID" VARCHAR2(40 BYTE), 
	"ACCT_NUM" VARCHAR2(10 BYTE), 
	"RATE" NUMBER(8,0), 
	"ACTV_FRM_DT" DATE, 
	"ACTV_TO_DT" DATE
   )  ;
--------------------------------------------------------
--  DDL for Table TRV_ATT_SAMPLE
--------------------------------------------------------

  CREATE TABLE "TRV_ATT_SAMPLE" 
   (	"ATTACHMENT_ID" VARCHAR2(30 BYTE), 
	"DESCRIPTION" VARCHAR2(4000 BYTE), 
	"ATTACHMENT_FILENAME" VARCHAR2(300 BYTE), 
	"ATTACHMENT_FILE_CONTENT_TYPE" VARCHAR2(255 BYTE), 
	"ATTACHMENT_FILE" BLOB, 
	"OBJ_ID" VARCHAR2(36 BYTE), 
	"VER_NBR" NUMBER(8,0) DEFAULT 0
   ) ;
--------------------------------------------------------
--  DDL for Table TRV_DOC_2
--------------------------------------------------------

  CREATE TABLE "TRV_DOC_2" 
   (	"FDOC_NBR" VARCHAR2(14 BYTE), 
	"OBJ_ID" VARCHAR2(36 BYTE) DEFAULT SYS_GUID(), 
	"VER_NBR" NUMBER(8,0) DEFAULT 1, 
	"FDOC_EXPLAIN_TXT" VARCHAR2(400 BYTE), 
	"REQUEST_TRAV" VARCHAR2(30 BYTE), 
	"TRAVELER" VARCHAR2(200 BYTE), 
	"ORG" VARCHAR2(60 BYTE), 
	"DEST" VARCHAR2(60 BYTE)
   )  ;
--------------------------------------------------------
--  DDL for Table TRV_DOC_ACCT
--------------------------------------------------------

  CREATE TABLE "TRV_DOC_ACCT" 
   (	"DOC_HDR_ID" VARCHAR2(40 BYTE), 
	"ACCT_NUM" VARCHAR2(10 BYTE)
   )  ;
--------------------------------------------------------
--  DDL for Table TRV_MULTI_ATT_SAMPLE
--------------------------------------------------------

  CREATE TABLE "TRV_MULTI_ATT_SAMPLE" 
   (	"GEN_ID" NUMBER(14,0), 
	"ATTACHMENT_ID" VARCHAR2(30 BYTE), 
	"DESCRIPTION" VARCHAR2(4000 BYTE), 
	"ATTACHMENT_FILENAME" VARCHAR2(300 BYTE), 
	"ATTACHMENT_FILE_CONTENT_TYPE" VARCHAR2(255 BYTE), 
	"ATTACHMENT_FILE" BLOB, 
	"OBJ_ID" VARCHAR2(36 BYTE), 
	"VER_NBR" NUMBER(8,0) DEFAULT 0
   ) ;
--------------------------------------------------------
--  DDL for Table TST_SEARCH_ATTR_INDX_TST_DOC_T
--------------------------------------------------------

  CREATE TABLE "TST_SEARCH_ATTR_INDX_TST_DOC_T" 
   (	"DOC_HDR_ID" VARCHAR2(14 BYTE), 
	"OBJ_ID" VARCHAR2(36 BYTE), 
	"VER_NBR" NUMBER(14,0), 
	"RTE_LVL_CNT" NUMBER(14,0), 
	"CNSTNT_STR" VARCHAR2(50 BYTE), 
	"RTD_STR" VARCHAR2(50 BYTE), 
	"HLD_RTD_STR" VARCHAR2(50 BYTE), 
	"RD_ACCS_CNT" NUMBER(14,0)
   )  ;
 --- INSERTING into BK_BOOK_T
 
Insert into BK_BOOK_T (BOOK_ID,TITLE,AUTHOR,TYP_CD,ISBN,PUBLISHER,PUB_DATE,OBJ_ID,VER_NBR,PRICE,RATING) values (1,'i See',null,'ROM','9781402894626','Rupa Publishers Ltd.',to_date('01-SEP-02','DD-MON-RR'),'482b3394-0327-4e93-bd80-c5dc3b2a9e34',1,34.43,87);
Insert into BK_BOOK_T (BOOK_ID,TITLE,AUTHOR,TYP_CD,ISBN,PUBLISHER,PUB_DATE,OBJ_ID,VER_NBR,PRICE,RATING) values (2,'Galactico',null,'SCI-FI','9781402894634','Rupa Publishers Ltd.',to_date('01-SEP-02','DD-MON-RR'),'482b3394-0327-4ee5-bd80-c5dc3b2a9e34',1,12.43,90);
 --- INSERTING into BK_BOOK_TYP_T

Insert into BK_BOOK_TYP_T (TYP_CD,NM,DESC_TXT,ACTV_IND,OBJ_ID,VER_NBR) values ('ROM','Romantic','Romantic Books','Y','6bbbdb82-d614-49c2-8716-4234e72f9f5e',1);
Insert into BK_BOOK_TYP_T (TYP_CD,NM,DESC_TXT,ACTV_IND,OBJ_ID,VER_NBR) values ('SCI-FI','Science Fiction','Science Fiction Story','Y','482b3394-0327-4e93-bd80-c5dc3b2a9e1f',1);
 --- INSERTING into BK_ORDER_DOC_T

 --- INSERTING into BK_ORDER_ENTRY_T

 --- INSERTING into KRAD_MSG_T

 --- INSERTING into KRCR_CMPNT_SET_T

Insert into KRCR_CMPNT_SET_T (CMPNT_SET_ID,LAST_UPDT_TS,CHKSM,VER_NBR) values ('DD:RICE',to_date('30-OCT-11','DD-MON-RR'),'YF7O4JRiqftiUrQJzhfwpEPP3Oc=',1);
Insert into KRCR_CMPNT_SET_T (CMPNT_SET_ID,LAST_UPDT_TS,CHKSM,VER_NBR) values ('DD:TRAVEL',to_date('25-NOV-12','DD-MON-RR'),'qTdEjWgfA5vemMSMR8x8vwRzNts=',1);
 --- INSERTING into KRCR_CMPNT_T

Insert into KRCR_CMPNT_T (NMSPC_CD,CMPNT_CD,OBJ_ID,VER_NBR,NM,ACTV_IND) values ('KR-WKFLW','ActionList','1821D8BAB21E498F9FB1ECCA25C37F9B',1,'Action List','Y');
Insert into KRCR_CMPNT_T (NMSPC_CD,CMPNT_CD,OBJ_ID,VER_NBR,NM,ACTV_IND) values ('KR-IDM','All','69A9BABE4A0BBD56E0404F8189D82B0F',1,'All','Y');
Insert into KRCR_CMPNT_T (NMSPC_CD,CMPNT_CD,OBJ_ID,VER_NBR,NM,ACTV_IND) values ('KR-NS','All','53680C68F596AD9BE0404F8189D80A6C',1,'All','Y');
Insert into KRCR_CMPNT_T (NMSPC_CD,CMPNT_CD,OBJ_ID,VER_NBR,NM,ACTV_IND) values ('KR-WKFLW','All','705611FB54134417E0404F8189D8453B',1,'All','Y');
Insert into KRCR_CMPNT_T (NMSPC_CD,CMPNT_CD,OBJ_ID,VER_NBR,NM,ACTV_IND) values ('KR-WKFLW','Backdoor','F7E44233C2C440FFB1A399548951160A',1,'Backdoor','Y');
Insert into KRCR_CMPNT_T (NMSPC_CD,CMPNT_CD,OBJ_ID,VER_NBR,NM,ACTV_IND) values ('KR-IDM','Batch','69A9BABE4A0CBD56E0404F8189D82B0F',1,'Batch','Y');
Insert into KRCR_CMPNT_T (NMSPC_CD,CMPNT_CD,OBJ_ID,VER_NBR,NM,ACTV_IND) values ('KR-NS','Batch','53680C68F597AD9BE0404F8189D80A6C',1,'Batch','Y');
Insert into KRCR_CMPNT_T (NMSPC_CD,CMPNT_CD,OBJ_ID,VER_NBR,NM,ACTV_IND) values ('KR-IDM','Document','69A9BABE4A0DBD56E0404F8189D82B0F',1,'Document','Y');
Insert into KRCR_CMPNT_T (NMSPC_CD,CMPNT_CD,OBJ_ID,VER_NBR,NM,ACTV_IND) values ('KR-NS','Document','53680C68F598AD9BE0404F8189D80A6C',1,'Document','Y');
Insert into KRCR_CMPNT_T (NMSPC_CD,CMPNT_CD,OBJ_ID,VER_NBR,NM,ACTV_IND) values ('KR-WKFLW','DocumentSearch','B0255911E83C4FF3E0404F8189D86E3E',1,'Document Search','Y');
Insert into KRCR_CMPNT_T (NMSPC_CD,CMPNT_CD,OBJ_ID,VER_NBR,NM,ACTV_IND) values ('KR-WKFLW','EDocLite','51DD5B9FACDD4EDAA9CA8D53A82FCCCA',1,'eDocLite','Y');
Insert into KRCR_CMPNT_T (NMSPC_CD,CMPNT_CD,OBJ_ID,VER_NBR,NM,ACTV_IND) values ('KR-WKFLW','Feature','BBD9976498A4441F904013004F3D70B3',1,'Feature','Y');
Insert into KRCR_CMPNT_T (NMSPC_CD,CMPNT_CD,OBJ_ID,VER_NBR,NM,ACTV_IND) values ('KR-WKFLW','GlobalReviewer','C21B0C6229144F6FBC52A10A38E51E3B',1,'Global Reviewer','Y');
Insert into KRCR_CMPNT_T (NMSPC_CD,CMPNT_CD,OBJ_ID,VER_NBR,NM,ACTV_IND) values ('KR-IDM','Lookup','69A9BABE4A0EBD56E0404F8189D82B0F',1,'Lookup','Y');
Insert into KRCR_CMPNT_T (NMSPC_CD,CMPNT_CD,OBJ_ID,VER_NBR,NM,ACTV_IND) values ('KR-NS','Lookup','53680C68F599AD9BE0404F8189D80A6C',1,'Lookup','Y');
Insert into KRCR_CMPNT_T (NMSPC_CD,CMPNT_CD,OBJ_ID,VER_NBR,NM,ACTV_IND) values ('KR-WKFLW','Mailer','5DB9D1433E214325BE380C82762A223B',1,'Mailer','Y');
Insert into KRCR_CMPNT_T (NMSPC_CD,CMPNT_CD,OBJ_ID,VER_NBR,NM,ACTV_IND) values ('KR-WKFLW','Note','868D39EC269B4402B3136C74C2342F22',1,'Note','Y');
Insert into KRCR_CMPNT_T (NMSPC_CD,CMPNT_CD,OBJ_ID,VER_NBR,NM,ACTV_IND) values ('KR-WKFLW','Notification','D04AFB1812E34723ABEB64986AC61DC9',1,'Notification','Y');
Insert into KRCR_CMPNT_T (NMSPC_CD,CMPNT_CD,OBJ_ID,VER_NBR,NM,ACTV_IND) values ('KR-IDM','PurgePendingAttachmentsStep','69A9BABE4A0FBD56E0404F8189D82B0F',1,'Purge Pending Attachments Step','Y');
Insert into KRCR_CMPNT_T (NMSPC_CD,CMPNT_CD,OBJ_ID,VER_NBR,NM,ACTV_IND) values ('KR-NS','PurgePendingAttachmentsStep','5A689075D3577AEBE0404F8189D80321',1,'Purge Pending Attachments Step','Y');
Insert into KRCR_CMPNT_T (NMSPC_CD,CMPNT_CD,OBJ_ID,VER_NBR,NM,ACTV_IND) values ('KR-IDM','PurgeSessionDocumentsStep','69A9BABE4A10BD56E0404F8189D82B0F',1,'Purge Session Documents Step','Y');
Insert into KRCR_CMPNT_T (NMSPC_CD,CMPNT_CD,OBJ_ID,VER_NBR,NM,ACTV_IND) values ('KR-NS','PurgeSessionDocumentsStep','5A689075D3567AEBE0404F8189D80321',1,'Purge Session Documents Step','Y');
Insert into KRCR_CMPNT_T (NMSPC_CD,CMPNT_CD,OBJ_ID,VER_NBR,NM,ACTV_IND) values ('KR-WKFLW','QuickLinks','3E26DA76458A46D68CBAF209DA036157',1,'Quick Link','Y');
Insert into KRCR_CMPNT_T (NMSPC_CD,CMPNT_CD,OBJ_ID,VER_NBR,NM,ACTV_IND) values ('KR-WKFLW','Route','583C2D3562D44DBAA5FEA998EB601DC9',1,'Routing','Y');
Insert into KRCR_CMPNT_T (NMSPC_CD,CMPNT_CD,OBJ_ID,VER_NBR,NM,ACTV_IND) values ('KR-WKFLW','RouteQueue','D4F6DDEF69B24265AA2A170A62A1CADB',1,'Route Queue','Y');
Insert into KRCR_CMPNT_T (NMSPC_CD,CMPNT_CD,OBJ_ID,VER_NBR,NM,ACTV_IND) values ('KR-WKFLW','Rule','B0360A1EA62D3636E0404F8189D8579F',1,'Rule','Y');
Insert into KRCR_CMPNT_T (NMSPC_CD,CMPNT_CD,OBJ_ID,VER_NBR,NM,ACTV_IND) values ('KR-IDM','ScheduleStep','69A9BABE4A11BD56E0404F8189D82B0F',1,'Schedule Step','Y');
Insert into KRCR_CMPNT_T (NMSPC_CD,CMPNT_CD,OBJ_ID,VER_NBR,NM,ACTV_IND) values ('KR-NS','ScheduleStep','5A689075D3587AEBE0404F8189D80321',1,'Schedule Step','Y');
 --- INSERTING into KRCR_DRVD_CMPNT_T

Insert into KRCR_DRVD_CMPNT_T (NMSPC_CD,CMPNT_CD,NM,CMPNT_SET_ID) values ('KR-NS','AdHocRoutePerson','Ad Hoc Route Person','DD:TRAVEL');
Insert into KRCR_DRVD_CMPNT_T (NMSPC_CD,CMPNT_CD,NM,CMPNT_SET_ID) values ('KR-NS','AdHocRouteWorkgroup','Ad Hoc Route Workgroup','DD:TRAVEL');
Insert into KRCR_DRVD_CMPNT_T (NMSPC_CD,CMPNT_CD,NM,CMPNT_SET_ID) values ('KR-NS','Attachment','Attachment','DD:TRAVEL');
Insert into KRCR_DRVD_CMPNT_T (NMSPC_CD,CMPNT_CD,NM,CMPNT_SET_ID) values ('KR-SAP','AttachmentSample','Attachment Sample','DD:TRAVEL');
Insert into KRCR_DRVD_CMPNT_T (NMSPC_CD,CMPNT_CD,NM,CMPNT_SET_ID) values ('KR-NS','AttributeReferenceDummy','Attribute Reference Dummy','DD:TRAVEL');
Insert into KRCR_DRVD_CMPNT_T (NMSPC_CD,CMPNT_CD,NM,CMPNT_SET_ID) values ('KR-NS','AttributeReferenceElements','Attribute Reference Elements','DD:TRAVEL');
Insert into KRCR_DRVD_CMPNT_T (NMSPC_CD,CMPNT_CD,NM,CMPNT_SET_ID) values ('KR-SAP','BookOrder','BookOrder','DD:TRAVEL');
Insert into KRCR_DRVD_CMPNT_T (NMSPC_CD,CMPNT_CD,NM,CMPNT_SET_ID) values ('KR-NS','BusinessObjectAttributeEntry','Business Object Attribute Entry','DD:TRAVEL');
Insert into KRCR_DRVD_CMPNT_T (NMSPC_CD,CMPNT_CD,NM,CMPNT_SET_ID) values ('KR-NS','CampusBo','Campus','DD:TRAVEL');
Insert into KRCR_DRVD_CMPNT_T (NMSPC_CD,CMPNT_CD,NM,CMPNT_SET_ID) values ('KR-NS','CampusTypeBo','Campus Type','DD:TRAVEL');
Insert into KRCR_DRVD_CMPNT_T (NMSPC_CD,CMPNT_CD,NM,CMPNT_SET_ID) values ('KR-CR','ComponentBo','Component','DD:TRAVEL');
Insert into KRCR_DRVD_CMPNT_T (NMSPC_CD,CMPNT_CD,NM,CMPNT_SET_ID) values ('KR-NS','ComponentBo','Component','DD:RICE');
Insert into KRCR_DRVD_CMPNT_T (NMSPC_CD,CMPNT_CD,NM,CMPNT_SET_ID) values ('krms','ContextBo','Context','DD:TRAVEL');
Insert into KRCR_DRVD_CMPNT_T (NMSPC_CD,CMPNT_CD,NM,CMPNT_SET_ID) values ('KR-NS','CountryBo','Country','DD:TRAVEL');
Insert into KRCR_DRVD_CMPNT_T (NMSPC_CD,CMPNT_CD,NM,CMPNT_SET_ID) values ('KR-NS','CountyBo','County','DD:TRAVEL');
Insert into KRCR_DRVD_CMPNT_T (NMSPC_CD,CMPNT_CD,NM,CMPNT_SET_ID) values ('KR-IDM','DelegateTypeBo','Delegations','DD:TRAVEL');
Insert into KRCR_DRVD_CMPNT_T (NMSPC_CD,CMPNT_CD,NM,CMPNT_SET_ID) values ('KR-NS','DocumentHeader','Document Header','DD:TRAVEL');
Insert into KRCR_DRVD_CMPNT_T (NMSPC_CD,CMPNT_CD,NM,CMPNT_SET_ID) values ('KR-WKFLW','DocumentRouteHeaderValue','Document','DD:TRAVEL');
Insert into KRCR_DRVD_CMPNT_T (NMSPC_CD,CMPNT_CD,NM,CMPNT_SET_ID) values ('KR-WKFLW','DocumentSearchCriteriaBo','Document','DD:TRAVEL');
Insert into KRCR_DRVD_CMPNT_T (NMSPC_CD,CMPNT_CD,NM,CMPNT_SET_ID) values ('KR-WKFLW','DocumentType','Document Type','DD:TRAVEL');
Insert into KRCR_DRVD_CMPNT_T (NMSPC_CD,CMPNT_CD,NM,CMPNT_SET_ID) values ('KR-EDL','EDocLiteAssociation','eDoc Lite Association','DD:TRAVEL');
Insert into KRCR_DRVD_CMPNT_T (NMSPC_CD,CMPNT_CD,NM,CMPNT_SET_ID) values ('KR-EDL','EDocLiteDefinition','eDoc Lite Definition','DD:TRAVEL');
Insert into KRCR_DRVD_CMPNT_T (NMSPC_CD,CMPNT_CD,NM,CMPNT_SET_ID) values ('KR-IDM','EntityAddressTypeBo','Address Type','DD:TRAVEL');
Insert into KRCR_DRVD_CMPNT_T (NMSPC_CD,CMPNT_CD,NM,CMPNT_SET_ID) values ('KR-IDM','EntityAffiliationTypeBo','Affiliation Type','DD:TRAVEL');
Insert into KRCR_DRVD_CMPNT_T (NMSPC_CD,CMPNT_CD,NM,CMPNT_SET_ID) values ('KR-IDM','EntityCitizenshipStatusBo','Citizenship Status','DD:TRAVEL');
Insert into KRCR_DRVD_CMPNT_T (NMSPC_CD,CMPNT_CD,NM,CMPNT_SET_ID) values ('KR-IDM','EntityEmailTypeBo','Email Type','DD:TRAVEL');
Insert into KRCR_DRVD_CMPNT_T (NMSPC_CD,CMPNT_CD,NM,CMPNT_SET_ID) values ('KR-IDM','EntityEmploymentStatusBo','Employee Status','DD:TRAVEL');
Insert into KRCR_DRVD_CMPNT_T (NMSPC_CD,CMPNT_CD,NM,CMPNT_SET_ID) values ('KR-IDM','EntityEmploymentTypeBo','Employee Type','DD:TRAVEL');
Insert into KRCR_DRVD_CMPNT_T (NMSPC_CD,CMPNT_CD,NM,CMPNT_SET_ID) values ('KR-IDM','EntityExternalIdentifierTypeBo','External Identifier Type','DD:TRAVEL');
Insert into KRCR_DRVD_CMPNT_T (NMSPC_CD,CMPNT_CD,NM,CMPNT_SET_ID) values ('KR-IDM','EntityNameTypeBo','Entity Name Type','DD:TRAVEL');
Insert into KRCR_DRVD_CMPNT_T (NMSPC_CD,CMPNT_CD,NM,CMPNT_SET_ID) values ('KR-IDM','EntityPhoneTypeBo','Phone Type','DD:TRAVEL');
Insert into KRCR_DRVD_CMPNT_T (NMSPC_CD,CMPNT_CD,NM,CMPNT_SET_ID) values ('KR-IDM','EntityTypeBo','Entity Type','DD:TRAVEL');
Insert into KRCR_DRVD_CMPNT_T (NMSPC_CD,CMPNT_CD,NM,CMPNT_SET_ID) values ('KR-SAP','FiscalOfficer','Fiscal Officer','DD:TRAVEL');
Insert into KRCR_DRVD_CMPNT_T (NMSPC_CD,CMPNT_CD,NM,CMPNT_SET_ID) values ('tv','FiscalOfficer','Fiscal Officer','DD:RICE');
Insert into KRCR_DRVD_CMPNT_T (NMSPC_CD,CMPNT_CD,NM,CMPNT_SET_ID) values ('KR-IDM','GenericPermissionBo','Permission','DD:TRAVEL');
Insert into KRCR_DRVD_CMPNT_T (NMSPC_CD,CMPNT_CD,NM,CMPNT_SET_ID) values ('KR-IDM','GroupBo','Group','DD:TRAVEL');
Insert into KRCR_DRVD_CMPNT_T (NMSPC_CD,CMPNT_CD,NM,CMPNT_SET_ID) values ('KR-IDM','GroupDocumentMember','Names','DD:TRAVEL');
Insert into KRCR_DRVD_CMPNT_T (NMSPC_CD,CMPNT_CD,NM,CMPNT_SET_ID) values ('KR-IDM','GroupDocumentQualifier','Group Qualifier','DD:TRAVEL');
Insert into KRCR_DRVD_CMPNT_T (NMSPC_CD,CMPNT_CD,NM,CMPNT_SET_ID) values ('KR-WKFLW','GroupRuleResponsibility','Group Rule Responsibility','DD:TRAVEL');
Insert into KRCR_DRVD_CMPNT_T (NMSPC_CD,CMPNT_CD,NM,CMPNT_SET_ID) values ('KR-IDM','IdentityManagementGroup','Group','DD:TRAVEL');
Insert into KRCR_DRVD_CMPNT_T (NMSPC_CD,CMPNT_CD,NM,CMPNT_SET_ID) values ('KR-IDM','IdentityManagementPerson','Person','DD:TRAVEL');
Insert into KRCR_DRVD_CMPNT_T (NMSPC_CD,CMPNT_CD,NM,CMPNT_SET_ID) values ('KR-IDM','IdentityManagementRole','Role','DD:TRAVEL');
Insert into KRCR_DRVD_CMPNT_T (NMSPC_CD,CMPNT_CD,NM,CMPNT_SET_ID) values ('KR-IDM','KimAttributeBo','Kim Attribute Definition','DD:TRAVEL');
Insert into KRCR_DRVD_CMPNT_T (NMSPC_CD,CMPNT_CD,NM,CMPNT_SET_ID) values ('KR-IDM','KimAttributeDataBo','Attribute Data','DD:TRAVEL');
Insert into KRCR_DRVD_CMPNT_T (NMSPC_CD,CMPNT_CD,NM,CMPNT_SET_ID) values ('KR-IDM','KimAttributes','KIM Attributes','DD:TRAVEL');
Insert into KRCR_DRVD_CMPNT_T (NMSPC_CD,CMPNT_CD,NM,CMPNT_SET_ID) values ('KR-IDM','KimDocumentRoleMember','Names','DD:TRAVEL');
Insert into KRCR_DRVD_CMPNT_T (NMSPC_CD,CMPNT_CD,NM,CMPNT_SET_ID) values ('KR-IDM','KimDocumentRoleQualifier','Role Qualifier','DD:TRAVEL');
Insert into KRCR_DRVD_CMPNT_T (NMSPC_CD,CMPNT_CD,NM,CMPNT_SET_ID) values ('KR-IDM','KimDocumentRoleResponsibilityAction','Role Responsibility Action','DD:TRAVEL');
Insert into KRCR_DRVD_CMPNT_T (NMSPC_CD,CMPNT_CD,NM,CMPNT_SET_ID) values ('KR-IDM','KimTypeBo','Kim Types','DD:TRAVEL');
Insert into KRCR_DRVD_CMPNT_T (NMSPC_CD,CMPNT_CD,NM,CMPNT_SET_ID) values ('KR-SAP','MultiAttachmentSample','Attachment Sample','DD:TRAVEL');
Insert into KRCR_DRVD_CMPNT_T (NMSPC_CD,CMPNT_CD,NM,CMPNT_SET_ID) values ('KR-CR','NamespaceBo','Namespace','DD:TRAVEL');
Insert into KRCR_DRVD_CMPNT_T (NMSPC_CD,CMPNT_CD,NM,CMPNT_SET_ID) values ('KR-NS','NamespaceBo','Namespace','DD:RICE');
Insert into KRCR_DRVD_CMPNT_T (NMSPC_CD,CMPNT_CD,NM,CMPNT_SET_ID) values ('KR-NS','Note','Note','DD:TRAVEL');
Insert into KRCR_DRVD_CMPNT_T (NMSPC_CD,CMPNT_CD,NM,CMPNT_SET_ID) values ('KR-NS','NoteType','Note Type','DD:TRAVEL');
Insert into KRCR_DRVD_CMPNT_T (NMSPC_CD,CMPNT_CD,NM,CMPNT_SET_ID) values ('KR-CR','ParameterBo','Parameter','DD:TRAVEL');
Insert into KRCR_DRVD_CMPNT_T (NMSPC_CD,CMPNT_CD,NM,CMPNT_SET_ID) values ('KR-NS','ParameterBo','Parameter','DD:RICE');
Insert into KRCR_DRVD_CMPNT_T (NMSPC_CD,CMPNT_CD,NM,CMPNT_SET_ID) values ('KR-CR','ParameterTypeBo','Parameter Type','DD:TRAVEL');
Insert into KRCR_DRVD_CMPNT_T (NMSPC_CD,CMPNT_CD,NM,CMPNT_SET_ID) values ('KR-NS','ParameterTypeBo','Parameter Type','DD:RICE');
Insert into KRCR_DRVD_CMPNT_T (NMSPC_CD,CMPNT_CD,NM,CMPNT_SET_ID) values ('KR-WKFLW','PeopleFlowBo','People Flow','DD:TRAVEL');
Insert into KRCR_DRVD_CMPNT_T (NMSPC_CD,CMPNT_CD,NM,CMPNT_SET_ID) values ('KR-WKFLW','PeopleFlowDelegateBo','People Flow Delegate','DD:TRAVEL');
Insert into KRCR_DRVD_CMPNT_T (NMSPC_CD,CMPNT_CD,NM,CMPNT_SET_ID) values ('KR-WKFLW','PeopleFlowMemberBo','People Flow Member','DD:TRAVEL');
Insert into KRCR_DRVD_CMPNT_T (NMSPC_CD,CMPNT_CD,NM,CMPNT_SET_ID) values ('KR-IDM','PermissionAttributeBo','Permission Attribute Data','DD:TRAVEL');
Insert into KRCR_DRVD_CMPNT_T (NMSPC_CD,CMPNT_CD,NM,CMPNT_SET_ID) values ('KR-IDM','PermissionBo','Permission','DD:TRAVEL');
Insert into KRCR_DRVD_CMPNT_T (NMSPC_CD,CMPNT_CD,NM,CMPNT_SET_ID) values ('KR-IDM','PermissionTemplateBo','Permission Templates','DD:TRAVEL');
Insert into KRCR_DRVD_CMPNT_T (NMSPC_CD,CMPNT_CD,NM,CMPNT_SET_ID) values ('KR-IDM','PersonDocumentAddress','Names','DD:TRAVEL');
Insert into KRCR_DRVD_CMPNT_T (NMSPC_CD,CMPNT_CD,NM,CMPNT_SET_ID) values ('KR-IDM','PersonDocumentAffiliation','Entity Affiliation','DD:TRAVEL');
Insert into KRCR_DRVD_CMPNT_T (NMSPC_CD,CMPNT_CD,NM,CMPNT_SET_ID) values ('KR-IDM','PersonDocumentCitizenship','Entity Citizenship','DD:TRAVEL');
Insert into KRCR_DRVD_CMPNT_T (NMSPC_CD,CMPNT_CD,NM,CMPNT_SET_ID) values ('KR-IDM','PersonDocumentEmail','Names','DD:TRAVEL');
Insert into KRCR_DRVD_CMPNT_T (NMSPC_CD,CMPNT_CD,NM,CMPNT_SET_ID) values ('KR-IDM','PersonDocumentEmploymentInfo','Entity Employment','DD:TRAVEL');
Insert into KRCR_DRVD_CMPNT_T (NMSPC_CD,CMPNT_CD,NM,CMPNT_SET_ID) values ('KR-IDM','PersonDocumentGroup','Names','DD:TRAVEL');
Insert into KRCR_DRVD_CMPNT_T (NMSPC_CD,CMPNT_CD,NM,CMPNT_SET_ID) values ('KR-IDM','PersonDocumentName','Names','DD:TRAVEL');
Insert into KRCR_DRVD_CMPNT_T (NMSPC_CD,CMPNT_CD,NM,CMPNT_SET_ID) values ('KR-IDM','PersonDocumentPhone','Names','DD:TRAVEL');
Insert into KRCR_DRVD_CMPNT_T (NMSPC_CD,CMPNT_CD,NM,CMPNT_SET_ID) values ('KR-IDM','PersonDocumentPrivacy','Names','DD:TRAVEL');
Insert into KRCR_DRVD_CMPNT_T (NMSPC_CD,CMPNT_CD,NM,CMPNT_SET_ID) values ('KR-IDM','PersonDocumentRole','Names','DD:TRAVEL');
Insert into KRCR_DRVD_CMPNT_T (NMSPC_CD,CMPNT_CD,NM,CMPNT_SET_ID) values ('KR-IDM','PersonImpl','Person','DD:TRAVEL');
Insert into KRCR_DRVD_CMPNT_T (NMSPC_CD,CMPNT_CD,NM,CMPNT_SET_ID) values ('KR-WKFLW','PersonRuleResponsibility','Person Rule Responsibility','DD:TRAVEL');
Insert into KRCR_DRVD_CMPNT_T (NMSPC_CD,CMPNT_CD,NM,CMPNT_SET_ID) values ('KR-NS','PessimisticLock','Pessimistic Lock','DD:TRAVEL');
Insert into KRCR_DRVD_CMPNT_T (NMSPC_CD,CMPNT_CD,NM,CMPNT_SET_ID) values ('KR-NS','PostalCodeBo','Postal Code','DD:TRAVEL');
Insert into KRCR_DRVD_CMPNT_T (NMSPC_CD,CMPNT_CD,NM,CMPNT_SET_ID) values ('KR-IDM','ResponsibilityAttributeBo','Responsibility Attribute Data','DD:TRAVEL');
Insert into KRCR_DRVD_CMPNT_T (NMSPC_CD,CMPNT_CD,NM,CMPNT_SET_ID) values ('KR-IDM','ResponsibilityBo','Responsibility','DD:TRAVEL');
Insert into KRCR_DRVD_CMPNT_T (NMSPC_CD,CMPNT_CD,NM,CMPNT_SET_ID) values ('KR-IDM','ResponsibilityTemplateBo','Responsibility Templates','DD:TRAVEL');
Insert into KRCR_DRVD_CMPNT_T (NMSPC_CD,CMPNT_CD,NM,CMPNT_SET_ID) values ('KR-IDM','ReviewResponsibilityBo','Review Responsibility','DD:TRAVEL');
Insert into KRCR_DRVD_CMPNT_T (NMSPC_CD,CMPNT_CD,NM,CMPNT_SET_ID) values ('KR-IDM','RoleBo','Names','DD:TRAVEL');
Insert into KRCR_DRVD_CMPNT_T (NMSPC_CD,CMPNT_CD,NM,CMPNT_SET_ID) values ('KR-IDM','RoleDocumentDelegationMember','Delegation Members','DD:TRAVEL');
Insert into KRCR_DRVD_CMPNT_T (NMSPC_CD,CMPNT_CD,NM,CMPNT_SET_ID) values ('KR-IDM','RoleDocumentDelegationMemberQualifier','Role Qualifier','DD:TRAVEL');
Insert into KRCR_DRVD_CMPNT_T (NMSPC_CD,CMPNT_CD,NM,CMPNT_SET_ID) values ('KR-IDM','RoleMemberBo','Names','DD:TRAVEL');
Insert into KRCR_DRVD_CMPNT_T (NMSPC_CD,CMPNT_CD,NM,CMPNT_SET_ID) values ('KR-WKFLW','RoleRuleResponsibility','Role Rule Responsibility','DD:TRAVEL');
Insert into KRCR_DRVD_CMPNT_T (NMSPC_CD,CMPNT_CD,NM,CMPNT_SET_ID) values ('KR-WKFLW','Rule','Rule Maintenance Document Type Document','DD:TRAVEL');
Insert into KRCR_DRVD_CMPNT_T (NMSPC_CD,CMPNT_CD,NM,CMPNT_SET_ID) values ('KR-WKFLW','RuleAttribute','Rule Attribute','DD:TRAVEL');
Insert into KRCR_DRVD_CMPNT_T (NMSPC_CD,CMPNT_CD,NM,CMPNT_SET_ID) values ('KR-WKFLW','RuleBaseValues','Rule','DD:TRAVEL');
Insert into KRCR_DRVD_CMPNT_T (NMSPC_CD,CMPNT_CD,NM,CMPNT_SET_ID) values ('KR-WKFLW','RuleDelegationBo','Delegation Rule','DD:TRAVEL');
Insert into KRCR_DRVD_CMPNT_T (NMSPC_CD,CMPNT_CD,NM,CMPNT_SET_ID) values ('KR-WKFLW','RuleTemplateAttributeBo','Rule Template Attribute','DD:TRAVEL');
Insert into KRCR_DRVD_CMPNT_T (NMSPC_CD,CMPNT_CD,NM,CMPNT_SET_ID) values ('KR-WKFLW','RuleTemplateBo','Rule Template','DD:TRAVEL');
Insert into KRCR_DRVD_CMPNT_T (NMSPC_CD,CMPNT_CD,NM,CMPNT_SET_ID) values ('KR-NS','StateBo','State','DD:TRAVEL');
Insert into KRCR_DRVD_CMPNT_T (NMSPC_CD,CMPNT_CD,NM,CMPNT_SET_ID) values ('KR-CORE','StyleBo','Stylesheet','DD:RICE');
Insert into KRCR_DRVD_CMPNT_T (NMSPC_CD,CMPNT_CD,NM,CMPNT_SET_ID) values ('KR-CR','StyleBo','Stylesheet','DD:TRAVEL');
Insert into KRCR_DRVD_CMPNT_T (NMSPC_CD,CMPNT_CD,NM,CMPNT_SET_ID) values ('KR-SAP','Travel2','Travel Request','DD:TRAVEL');
Insert into KRCR_DRVD_CMPNT_T (NMSPC_CD,CMPNT_CD,NM,CMPNT_SET_ID) values ('KR-SAP','TravelAccount','Travel Account','DD:TRAVEL');
Insert into KRCR_DRVD_CMPNT_T (NMSPC_CD,CMPNT_CD,NM,CMPNT_SET_ID) values ('tv','TravelAccount','Travel Account','DD:RICE');
Insert into KRCR_DRVD_CMPNT_T (NMSPC_CD,CMPNT_CD,NM,CMPNT_SET_ID) values ('KR-SAP','TravelAccountExtension','Travel Account Extension','DD:TRAVEL');
Insert into KRCR_DRVD_CMPNT_T (NMSPC_CD,CMPNT_CD,NM,CMPNT_SET_ID) values ('tv','TravelAccountExtension','Travel Account Extension','DD:RICE');
Insert into KRCR_DRVD_CMPNT_T (NMSPC_CD,CMPNT_CD,NM,CMPNT_SET_ID) values ('KR-SAP','TravelAccountType','Travel Account Type','DD:TRAVEL');
Insert into KRCR_DRVD_CMPNT_T (NMSPC_CD,CMPNT_CD,NM,CMPNT_SET_ID) values ('tv','TravelAccountType','Travel Account Type','DD:RICE');
Insert into KRCR_DRVD_CMPNT_T (NMSPC_CD,CMPNT_CD,NM,CMPNT_SET_ID) values ('KR-SAP','TravelAccountUseRate','Travel Account Use Rate','DD:TRAVEL');
Insert into KRCR_DRVD_CMPNT_T (NMSPC_CD,CMPNT_CD,NM,CMPNT_SET_ID) values ('tv','TravelAccountUseRate','Travel Account Use Rate','DD:RICE');
Insert into KRCR_DRVD_CMPNT_T (NMSPC_CD,CMPNT_CD,NM,CMPNT_SET_ID) values ('KR-SAP','TravelAuthorization','TravelAuthorization','DD:TRAVEL');
Insert into KRCR_DRVD_CMPNT_T (NMSPC_CD,CMPNT_CD,NM,CMPNT_SET_ID) values ('KR-IDM','UberPermissionBo','Permission','DD:TRAVEL');
Insert into KRCR_DRVD_CMPNT_T (NMSPC_CD,CMPNT_CD,NM,CMPNT_SET_ID) values ('KR-IDM','UberResponsibilityBo','Responsibility','DD:TRAVEL');
 --- INSERTING into KRCR_NMSPC_T

Insert into KRCR_NMSPC_T (NMSPC_CD,OBJ_ID,VER_NBR,NM,ACTV_IND,APPL_ID) values ('KR-BUS','5B960CFDBB370FDFE0404F8189D83CBD',1,'Service Bus','Y','RICE');
Insert into KRCR_NMSPC_T (NMSPC_CD,OBJ_ID,VER_NBR,NM,ACTV_IND,APPL_ID) values ('KR-IDM','61645D045B0005D7E0404F8189D849B1',1,'Identity Management','Y','RICE');
Insert into KRCR_NMSPC_T (NMSPC_CD,OBJ_ID,VER_NBR,NM,ACTV_IND,APPL_ID) values ('KR-KRAD','B5BA065471F8326EE0404F8189D87F9A',1,'Kuali Rapid Application Development','Y','RICE');
Insert into KRCR_NMSPC_T (NMSPC_CD,OBJ_ID,VER_NBR,NM,ACTV_IND,APPL_ID) values ('KR-NS','53680C68F595AD9BE0404F8189D80A6C',1,'Kuali Nervous System','Y','RICE');
Insert into KRCR_NMSPC_T (NMSPC_CD,OBJ_ID,VER_NBR,NM,ACTV_IND,APPL_ID) values ('KR-NTFCN','5B960CFDBB360FDFE0404F8189D83CBD',1,'Notification','Y','RICE');
Insert into KRCR_NMSPC_T (NMSPC_CD,OBJ_ID,VER_NBR,NM,ACTV_IND,APPL_ID) values ('KR-RULE','AE3195EDFF2300E2E0404F8189D822AE',1,'Kuali Rules','Y','RICE');
Insert into KRCR_NMSPC_T (NMSPC_CD,OBJ_ID,VER_NBR,NM,ACTV_IND,APPL_ID) values ('KR-RULE-TEST','5a83c912-94b9-4b4d-ac3f-88c53380a4a3',1,'Kuali Rules Test','Y','RICE');
Insert into KRCR_NMSPC_T (NMSPC_CD,OBJ_ID,VER_NBR,NM,ACTV_IND,APPL_ID) values ('KR-SAP','27035960-3755-482e-a2ae-7fac13cc5f45',1,'Sample App','Y','RICE');
Insert into KRCR_NMSPC_T (NMSPC_CD,OBJ_ID,VER_NBR,NM,ACTV_IND,APPL_ID) values ('KR-SYS','5B960CFDBB390FDFE0404F8189D83CBD',1,'Enterprise Infrastructure','Y','RICE');
Insert into KRCR_NMSPC_T (NMSPC_CD,OBJ_ID,VER_NBR,NM,ACTV_IND,APPL_ID) values ('KR-WKFLW','5E1D690C419B3E2EE0404F8189D82677',0,'Workflow','Y','RICE');
Insert into KRCR_NMSPC_T (NMSPC_CD,OBJ_ID,VER_NBR,NM,ACTV_IND,APPL_ID) values ('KUALI','5ADF18B6D4817954E0404F8189D85002',1,'Kuali Systems','Y',null);
 --- INSERTING into KRCR_PARM_T

Insert into KRCR_PARM_T (NMSPC_CD,CMPNT_CD,PARM_NM,OBJ_ID,VER_NBR,PARM_TYP_CD,VAL,PARM_DESC_TXT,EVAL_OPRTR_CD,APPL_ID) values ('KR-WKFLW','ActionList','ACTION_LIST_DOCUMENT_POPUP_IND','290E45BA032F4F4FB423CE5F78AC52E1',1,'CONFG','Y','Flag to specify if clicking on a Document ID from the Action List will load the Document in a new window.','A','KUALI');
Insert into KRCR_PARM_T (NMSPC_CD,CMPNT_CD,PARM_NM,OBJ_ID,VER_NBR,PARM_TYP_CD,VAL,PARM_DESC_TXT,EVAL_OPRTR_CD,APPL_ID) values ('KR-WKFLW','ActionList','ACTION_LIST_ROUTE_LOG_POPUP_IND','967B0311A5E94F7191B2C544FA7DE095',1,'CONFG','N','Flag to specify if clicking on a Route Log from the Action List will load the Route Log in a new window.','A','KUALI');
Insert into KRCR_PARM_T (NMSPC_CD,CMPNT_CD,PARM_NM,OBJ_ID,VER_NBR,PARM_TYP_CD,VAL,PARM_DESC_TXT,EVAL_OPRTR_CD,APPL_ID) values ('KR-WKFLW','ActionList','EMAIL_NOTIFICATION_TEST_ADDRESS','340789CDF30F4252A1A2A42AD39B90B2',1,'CONFG',null,'Default email address used for testing.','A','KUALI');
Insert into KRCR_PARM_T (NMSPC_CD,CMPNT_CD,PARM_NM,OBJ_ID,VER_NBR,PARM_TYP_CD,VAL,PARM_DESC_TXT,EVAL_OPRTR_CD,APPL_ID) values ('KR-WKFLW','ActionList','PAGE_SIZE_THROTTLE','2CE075BC0C59435CA6DEFF724492DE3F',1,'CONFG',null,'Throttles the number of results returned on all users Action Lists, regardless of their user preferences.  This is intended to be used in a situation where excessively large Action Lists are causing performance issues.','A','KUALI');
Insert into KRCR_PARM_T (NMSPC_CD,CMPNT_CD,PARM_NM,OBJ_ID,VER_NBR,PARM_TYP_CD,VAL,PARM_DESC_TXT,EVAL_OPRTR_CD,APPL_ID) values ('KR-WKFLW','ActionList','SEND_EMAIL_NOTIFICATION_IND','A87659E198214A8B90BE5BEF41630411',1,'CONFG','N','Flag to determine whether or not to send email notification.','A','KUALI');
Insert into KRCR_PARM_T (NMSPC_CD,CMPNT_CD,PARM_NM,OBJ_ID,VER_NBR,PARM_TYP_CD,VAL,PARM_DESC_TXT,EVAL_OPRTR_CD,APPL_ID) values ('KR-NS','All','CHECK_ENCRYPTION_SERVICE_OVERRIDE_IND','53680C68F59AAD9BE0404F8189D80A6C',1,'CONFG','Y','Flag for enabling/disabling (Y/N) the demonstration encryption check.','A','KUALI');
Insert into KRCR_PARM_T (NMSPC_CD,CMPNT_CD,PARM_NM,OBJ_ID,VER_NBR,PARM_TYP_CD,VAL,PARM_DESC_TXT,EVAL_OPRTR_CD,APPL_ID) values ('KR-NS','All','DATE_TO_STRING_FORMAT_FOR_USER_INTERFACE','664F8ABEC725DBCDE0404F8189D85427',1,'CONFG','MM/dd/yyyy','A single date format string that the DateTimeService will use to format a date to be displayed on a web page. For a more technical description of how characters in the parameter value will be interpreted, please consult the javadocs for java.text.SimpleDateFormat. Any changes will be applied when the application is restarted.','A','KUALI');
Insert into KRCR_PARM_T (NMSPC_CD,CMPNT_CD,PARM_NM,OBJ_ID,VER_NBR,PARM_TYP_CD,VAL,PARM_DESC_TXT,EVAL_OPRTR_CD,APPL_ID) values ('KR-NS','All','DEFAULT_COUNTRY','64B87B4C5E3B8F4CE0404F8189D8291A',1,'CONFG','US','Used as the default country code when relating records that do not have a country code to records that do have a country code, e.g. validating a zip code where the country is not collected.','A','KUALI');
Insert into KRCR_PARM_T (NMSPC_CD,CMPNT_CD,PARM_NM,OBJ_ID,VER_NBR,PARM_TYP_CD,VAL,PARM_DESC_TXT,EVAL_OPRTR_CD,APPL_ID) values ('KR-NS','All','DEFAULT_LOCALE_CODE','CAA025BC0FFDC4F9E040F90A05B912C4',1,'CONFG','en-US','The locale code that should be used within the application when otherwise not specified.','A','KUALI');
Insert into KRCR_PARM_T (NMSPC_CD,CMPNT_CD,PARM_NM,OBJ_ID,VER_NBR,PARM_TYP_CD,VAL,PARM_DESC_TXT,EVAL_OPRTR_CD,APPL_ID) values ('KR-NS','All','ENABLE_DIRECT_INQUIRIES_IND','53680C68F59BAD9BE0404F8189D80A6C',1,'CONFG','Y','Flag for enabling/disabling direct inquiries on screens that are drawn by the nervous system (i.e. lookups and maintenance documents)','A','KUALI');
Insert into KRCR_PARM_T (NMSPC_CD,CMPNT_CD,PARM_NM,OBJ_ID,VER_NBR,PARM_TYP_CD,VAL,PARM_DESC_TXT,EVAL_OPRTR_CD,APPL_ID) values ('KR-NS','All','ENABLE_FIELD_LEVEL_HELP_IND','53680C68F59CAD9BE0404F8189D80A6C',1,'CONFG','N','Indicates whether field level help links are enabled on lookup pages and documents.','A','KUALI');
Insert into KRCR_PARM_T (NMSPC_CD,CMPNT_CD,PARM_NM,OBJ_ID,VER_NBR,PARM_TYP_CD,VAL,PARM_DESC_TXT,EVAL_OPRTR_CD,APPL_ID) values ('KR-NS','All','MAX_FILE_SIZE_DEFAULT_UPLOAD','53680C68F59DAD9BE0404F8189D80A6C',1,'CONFG','5M','Maximum file upload size for the application. Used by PojoFormBase. Must be an integer, optionally followed by "K", "M", or "G". Only used if no other upload limits are in effect.','A','KUALI');
Insert into KRCR_PARM_T (NMSPC_CD,CMPNT_CD,PARM_NM,OBJ_ID,VER_NBR,PARM_TYP_CD,VAL,PARM_DESC_TXT,EVAL_OPRTR_CD,APPL_ID) values ('KR-NS','All','OLTP_LOCKOUT_DEFAULT_MESSAGE','CF90C87BE340C290E0406E0AC31D4F3F',1,'CONFG','The module you are attempting to access has been locked for maintenance.','Default message to display when a module is locked','A','KUALI');
Insert into KRCR_PARM_T (NMSPC_CD,CMPNT_CD,PARM_NM,OBJ_ID,VER_NBR,PARM_TYP_CD,VAL,PARM_DESC_TXT,EVAL_OPRTR_CD,APPL_ID) values ('KR-NS','All','SENSITIVE_DATA_PATTERNS','5a5fbe94-846f-102c-8db0-c405cae621f3',1,'CONFG','[0-9]{9};[0-9]{3}-[0-9]{2}-[0-9]{4}','A semi-colon delimted list of regular expressions that identify potentially sensitive data in strings.  These patterns will be matched against notes, document explanations, and routing annotations.','A','KUALI');
Insert into KRCR_PARM_T (NMSPC_CD,CMPNT_CD,PARM_NM,OBJ_ID,VER_NBR,PARM_TYP_CD,VAL,PARM_DESC_TXT,EVAL_OPRTR_CD,APPL_ID) values ('KR-NS','All','SENSITIVE_DATA_PATTERNS_WARNING_IND','e7d133f3-b5fe-11df-ad0a-d18f5709259f',1,'CONFG','N','If set to ''Y'' when sensitive data is found the user will be prompted to continue the action or cancel. If this is set to ''N'' the user will be presented with an error message and will not be allowed to continue with the action until the sensitive data is removed.','A','KUALI');
Insert into KRCR_PARM_T (NMSPC_CD,CMPNT_CD,PARM_NM,OBJ_ID,VER_NBR,PARM_TYP_CD,VAL,PARM_DESC_TXT,EVAL_OPRTR_CD,APPL_ID) values ('KR-WKFLW','All','KIM_PRIORITY_ON_DOC_TYP_PERMS_IND','5C731F2968A3689AE0404F8189D86653',1,'CONFG','N','Flag for enabling/disabling document type permission checks to use KIM Permissions as priority over Document Type policies.','A','KUALI');
Insert into KRCR_PARM_T (NMSPC_CD,CMPNT_CD,PARM_NM,OBJ_ID,VER_NBR,PARM_TYP_CD,VAL,PARM_DESC_TXT,EVAL_OPRTR_CD,APPL_ID) values ('KR-WKFLW','All','MAXIMUM_NODES_BEFORE_RUNAWAY','4656B6E7E9844E2C9E2255014AFC86B5',1,'CONFG',null,'The maximum number of nodes the workflow engine will process before it determines the process is a runaway process.  This is prevent infinite "loops" in the workflow engine.','A','KUALI');
Insert into KRCR_PARM_T (NMSPC_CD,CMPNT_CD,PARM_NM,OBJ_ID,VER_NBR,PARM_TYP_CD,VAL,PARM_DESC_TXT,EVAL_OPRTR_CD,APPL_ID) values ('KR-WKFLW','All','SHOW_ATTACHMENTS_IND','8A37388A2D7A46EF9E6BF3FA8D08A03A',1,'CONFG','Y','Flag to specify whether or not a file upload box is displayed for KEW notes which allows for uploading of an attachment with the note.','A','KUALI');
Insert into KRCR_PARM_T (NMSPC_CD,CMPNT_CD,PARM_NM,OBJ_ID,VER_NBR,PARM_TYP_CD,VAL,PARM_DESC_TXT,EVAL_OPRTR_CD,APPL_ID) values ('KR-WKFLW','Backdoor','SHOW_BACK_DOOR_LOGIN_IND','9BD6785416434C4D9E5F05AF077DB9B7',1,'CONFG','Y','Flag to show the backdoor login.','A','KUALI');
Insert into KRCR_PARM_T (NMSPC_CD,CMPNT_CD,PARM_NM,OBJ_ID,VER_NBR,PARM_TYP_CD,VAL,PARM_DESC_TXT,EVAL_OPRTR_CD,APPL_ID) values ('KR-NS','Batch','ACTIVE_FILE_TYPES','5A689075D35E7AEBE0404F8189D80321',1,'CONFG','collectorInputFileType;procurementCardInputFileType;enterpriseFeederFileSetType;assetBarcodeInventoryInputFileType;customerLoadInputFileType','Batch file types that are active options for the file upload screen.','A','KUALI');
Insert into KRCR_PARM_T (NMSPC_CD,CMPNT_CD,PARM_NM,OBJ_ID,VER_NBR,PARM_TYP_CD,VAL,PARM_DESC_TXT,EVAL_OPRTR_CD,APPL_ID) values ('KR-IDM','Document','MAX_MEMBERS_PER_PAGE','2238b58e-8fb9-102c-9461-def224dad9b3',1,'CONFG','20','The maximum number of role or group members to display at once on their documents. If the number is above this value, the document will switch into a paging mode with only this many rows displayed at a time.','A','KUALI');
Insert into KRCR_PARM_T (NMSPC_CD,CMPNT_CD,PARM_NM,OBJ_ID,VER_NBR,PARM_TYP_CD,VAL,PARM_DESC_TXT,EVAL_OPRTR_CD,APPL_ID) values ('KR-NS','Document','ALLOW_ENROUTE_BLANKET_APPROVE_WITHOUT_APPROVAL_REQUEST_IND','70CAE9473BBBD1A8E0404F8189D83B6E',1,'CONFG','N','Controls whether the nervous system will show the blanket approve button to a user who is authorized for blanket approval but is neither the initiator of the particular document nor the recipient of an active, pending, approve action request.','A','KUALI');
Insert into KRCR_PARM_T (NMSPC_CD,CMPNT_CD,PARM_NM,OBJ_ID,VER_NBR,PARM_TYP_CD,VAL,PARM_DESC_TXT,EVAL_OPRTR_CD,APPL_ID) values ('KR-NS','Document','DEFAULT_CAN_PERFORM_ROUTE_REPORT_IND','53680C68F59EAD9BE0404F8189D80A6C',1,'CONFG','N','If Y, the Route Report button will be displayed on the document actions bar if the document is using the default DocumentAuthorizerBase.getDocumentActionFlags to set the canPerformRouteReport property of the returned DocumentActionFlags instance.','A','KUALI');
Insert into KRCR_PARM_T (NMSPC_CD,CMPNT_CD,PARM_NM,OBJ_ID,VER_NBR,PARM_TYP_CD,VAL,PARM_DESC_TXT,EVAL_OPRTR_CD,APPL_ID) values ('KR-NS','Document','MAX_FILE_SIZE_ATTACHMENT','53680C68F5A0AD9BE0404F8189D80A6C',1,'CONFG','5M','Maximum attachment upload size for the application. Used by KualiDocumentFormBase. Must be an integer, optionally followed by "K", "M", or "G".','A','KUALI');
Insert into KRCR_PARM_T (NMSPC_CD,CMPNT_CD,PARM_NM,OBJ_ID,VER_NBR,PARM_TYP_CD,VAL,PARM_DESC_TXT,EVAL_OPRTR_CD,APPL_ID) values ('KR-NS','Document','SEND_NOTE_WORKFLOW_NOTIFICATION_ACTIONS','53680C68F5A1AD9BE0404F8189D80A6C',1,'CONFG','K','Some documents provide the functionality to send notes to another user using a workflow FYI or acknowledge functionality. This parameter specifies the default action that will be used when sending notes. This parameter should be one of the following 2 values: "K" for acknowledge or "F" for fyi. Depending on the notes and workflow service implementation, other values may be possible.','A','KUALI');
Insert into KRCR_PARM_T (NMSPC_CD,CMPNT_CD,PARM_NM,OBJ_ID,VER_NBR,PARM_TYP_CD,VAL,PARM_DESC_TXT,EVAL_OPRTR_CD,APPL_ID) values ('KR-NS','Document','SESSION_TIMEOUT_WARNING_MESSAGE_TIME','53680C68F5A4AD9BE0404F8189D80A6C',1,'CONFG','5','The number of minutes before a session expires that user should be warned when a document uses pessimistic locking.','A','KUALI');
Insert into KRCR_PARM_T (NMSPC_CD,CMPNT_CD,PARM_NM,OBJ_ID,VER_NBR,PARM_TYP_CD,VAL,PARM_DESC_TXT,EVAL_OPRTR_CD,APPL_ID) values ('KR-WKFLW','DocumentSearch','DOCUMENT_SEARCH_POPUP_IND','E78100F6F14C4932B54F7719FA5C27E9',1,'CONFG','Y','Flag to specify if clicking on a Document ID from Document Search will load the Document in a new window.','A','KUALI');
Insert into KRCR_PARM_T (NMSPC_CD,CMPNT_CD,PARM_NM,OBJ_ID,VER_NBR,PARM_TYP_CD,VAL,PARM_DESC_TXT,EVAL_OPRTR_CD,APPL_ID) values ('KR-WKFLW','DocumentSearch','DOCUMENT_SEARCH_ROUTE_LOG_POPUP_IND','632680DDE9A7478CBD379FAF90C7AE72',1,'CONFG','N','Flag to specify if clicking on a Route Log from Document Search will load the Route Log in a new window.','A','KUALI');
Insert into KRCR_PARM_T (NMSPC_CD,CMPNT_CD,PARM_NM,OBJ_ID,VER_NBR,PARM_TYP_CD,VAL,PARM_DESC_TXT,EVAL_OPRTR_CD,APPL_ID) values ('KR-WKFLW','DocumentSearch','FETCH_MORE_ITERATION_LIMIT','D43459D143FC46C6BF83C71AC2383B76',1,'CONFG',null,'Limit of fetch more iterations for document searches.','A','KUALI');
Insert into KRCR_PARM_T (NMSPC_CD,CMPNT_CD,PARM_NM,OBJ_ID,VER_NBR,PARM_TYP_CD,VAL,PARM_DESC_TXT,EVAL_OPRTR_CD,APPL_ID) values ('KR-WKFLW','DocumentSearch','RESULT_CAP','E324D85082184EB6967537B3EE1F655B',1,'CONFG',null,'Maximum number of documents to return from a search.','A','KUALI');
Insert into KRCR_PARM_T (NMSPC_CD,CMPNT_CD,PARM_NM,OBJ_ID,VER_NBR,PARM_TYP_CD,VAL,PARM_DESC_TXT,EVAL_OPRTR_CD,APPL_ID) values ('KR-WKFLW','EDocLite','DEBUG_TRANSFORM_IND','68B2EA08E13A4FF3B9EDBD5415818C93',1,'CONFG','N','Defines whether the debug transform is enabled for eDcoLite.','A','KUALI');
Insert into KRCR_PARM_T (NMSPC_CD,CMPNT_CD,PARM_NM,OBJ_ID,VER_NBR,PARM_TYP_CD,VAL,PARM_DESC_TXT,EVAL_OPRTR_CD,APPL_ID) values ('KR-WKFLW','EDocLite','USE_XSLTC_IND','FCAEE745A7E64AF5982937C47EBC2698',1,'CONFG','N','Defines whether XSLTC is used for eDocLite.','A','KUALI');
Insert into KRCR_PARM_T (NMSPC_CD,CMPNT_CD,PARM_NM,OBJ_ID,VER_NBR,PARM_TYP_CD,VAL,PARM_DESC_TXT,EVAL_OPRTR_CD,APPL_ID) values ('KR-WKFLW','Feature','IS_LAST_APPROVER_ACTIVATE_FIRST_IND','BEBDBCFA74A5458EADE2CF075FFF206E',1,'CONFG',null,'A flag to specify whether the WorkflowInfo.isLastApproverAtNode(...) API method attempts to active requests first, prior to execution.','A','KUALI');
Insert into KRCR_PARM_T (NMSPC_CD,CMPNT_CD,PARM_NM,OBJ_ID,VER_NBR,PARM_TYP_CD,VAL,PARM_DESC_TXT,EVAL_OPRTR_CD,APPL_ID) values ('KR-NS','Lookup','MULTIPLE_VALUE_RESULTS_EXPIRATION_SECONDS','53680C68F5A3AD9BE0404F8189D80A6C',1,'CONFG','86400','Lookup results may continue to be persisted in the DB long after they are needed. This parameter represents the maximum amount of time, in seconds, that the results will be allowed to persist in the DB before they are deleted from the DB.','A','KUALI');
Insert into KRCR_PARM_T (NMSPC_CD,CMPNT_CD,PARM_NM,OBJ_ID,VER_NBR,PARM_TYP_CD,VAL,PARM_DESC_TXT,EVAL_OPRTR_CD,APPL_ID) values ('KR-NS','Lookup','MULTIPLE_VALUE_RESULTS_PER_PAGE','53680C68F5A6AD9BE0404F8189D80A6C',1,'CONFG','100','Maximum number of rows that will be displayed on a look-up results screen.','A','KUALI');
Insert into KRCR_PARM_T (NMSPC_CD,CMPNT_CD,PARM_NM,OBJ_ID,VER_NBR,PARM_TYP_CD,VAL,PARM_DESC_TXT,EVAL_OPRTR_CD,APPL_ID) values ('KR-NS','Lookup','RESULTS_DEFAULT_MAX_COLUMN_LENGTH','53680C68F5A7AD9BE0404F8189D80A6C',1,'CONFG','70','If a maxLength attribute has not been set on a lookup result field in the data dictionary, then the result column''s max length will be the value of this parameter. Set this parameter to 0 for an unlimited default length or a positive value (i.e. greater than 0) for a finite max length.','A','KUALI');
Insert into KRCR_PARM_T (NMSPC_CD,CMPNT_CD,PARM_NM,OBJ_ID,VER_NBR,PARM_TYP_CD,VAL,PARM_DESC_TXT,EVAL_OPRTR_CD,APPL_ID) values ('KR-NS','Lookup','RESULTS_LIMIT','53680C68F5A8AD9BE0404F8189D80A6C',1,'CONFG','200','Maximum number of results returned in a look-up query.','A','KUALI');
Insert into KRCR_PARM_T (NMSPC_CD,CMPNT_CD,PARM_NM,OBJ_ID,VER_NBR,PARM_TYP_CD,VAL,PARM_DESC_TXT,EVAL_OPRTR_CD,APPL_ID) values ('KR-WKFLW','Mailer','FROM_ADDRESS','700AB6A6E23740D0B3E00E02A8FB6347',1,'CONFG','rice.test@kuali.org','Default from email address for notifications.','A','KUALI');
Insert into KRCR_PARM_T (NMSPC_CD,CMPNT_CD,PARM_NM,OBJ_ID,VER_NBR,PARM_TYP_CD,VAL,PARM_DESC_TXT,EVAL_OPRTR_CD,APPL_ID) values ('KR-WKFLW','Notification','NOTIFY_GROUPS','08280F2575904F3586CF48BB97907506',1,'CONFG',null,'Defines a group name (in the format "namespace:name") which contains members who should never receive "notifications" action requests from KEW.','D','KUALI');
Insert into KRCR_PARM_T (NMSPC_CD,CMPNT_CD,PARM_NM,OBJ_ID,VER_NBR,PARM_TYP_CD,VAL,PARM_DESC_TXT,EVAL_OPRTR_CD,APPL_ID) values ('KR-IDM','PersonDocumentName','PREFIXES','61645D045B0105D7E0404F8189D849B1',1,'CONFG','Ms;Mrs;Mr;Dr',null,'A','KUALI');
Insert into KRCR_PARM_T (NMSPC_CD,CMPNT_CD,PARM_NM,OBJ_ID,VER_NBR,PARM_TYP_CD,VAL,PARM_DESC_TXT,EVAL_OPRTR_CD,APPL_ID) values ('KR-IDM','PersonDocumentName','SUFFIXES','61645D045B0205D7E0404F8189D849B1',1,'CONFG','Jr;Sr;Mr;Md',null,'A','KUALI');
Insert into KRCR_PARM_T (NMSPC_CD,CMPNT_CD,PARM_NM,OBJ_ID,VER_NBR,PARM_TYP_CD,VAL,PARM_DESC_TXT,EVAL_OPRTR_CD,APPL_ID) values ('KR-NS','PurgePendingAttachmentsStep','MAX_AGE','5A689075D35A7AEBE0404F8189D80321',1,'CONFG','86400','Pending attachments are attachments that do not yet have a permanent link with the associated Business Object (BO). These pending attachments are stored in the attachments.pending.directory (defined in the configuration service). If the BO is never persisted, then this attachment will become orphaned (i.e. not associated with any BO), but will remain in this directory. The PurgePendingAttachmentsStep batch step deletes these pending attachment files that are older than the value of this parameter. The unit of this value is seconds. Do not set this value too short, as this will cause problems attaching files to BOs.','A','KUALI');
Insert into KRCR_PARM_T (NMSPC_CD,CMPNT_CD,PARM_NM,OBJ_ID,VER_NBR,PARM_TYP_CD,VAL,PARM_DESC_TXT,EVAL_OPRTR_CD,APPL_ID) values ('KR-NS','PurgeSessionDocumentsStep','NUMBER_OF_DAYS_SINCE_LAST_UPDATE','5A689075D3597AEBE0404F8189D80321',1,'CONFG','1','Determines the age of the session document records that the the step will operate on, e.g. if this param is set to 4, the rows with a last update timestamp older that 4 days prior to when the job is running will be deleted.','A','KUALI');
Insert into KRCR_PARM_T (NMSPC_CD,CMPNT_CD,PARM_NM,OBJ_ID,VER_NBR,PARM_TYP_CD,VAL,PARM_DESC_TXT,EVAL_OPRTR_CD,APPL_ID) values ('KR-WKFLW','QuickLinks','RESTRICT_DOCUMENT_TYPES','5292CFD9A0EA48BEB22A2EB3B3BD3CDA',1,'CONFG',null,'Comma seperated list of Document Types to exclude from the Rule Quicklinks.','A','KUALI');
Insert into KRCR_PARM_T (NMSPC_CD,CMPNT_CD,PARM_NM,OBJ_ID,VER_NBR,PARM_TYP_CD,VAL,PARM_DESC_TXT,EVAL_OPRTR_CD,APPL_ID) values ('KR-WKFLW','Rule','CUSTOM_DOCUMENT_TYPES','BDE964269F2743338C00A4326B676195',1,'CONFG',null,'Defines custom Document Type processes to use for certain types of routing rules.','A','KUALI');
Insert into KRCR_PARM_T (NMSPC_CD,CMPNT_CD,PARM_NM,OBJ_ID,VER_NBR,PARM_TYP_CD,VAL,PARM_DESC_TXT,EVAL_OPRTR_CD,APPL_ID) values ('KR-WKFLW','Rule','DELEGATE_LIMIT','21EA54B9A9E846709E76C176DE0AF47C',1,'CONFG','20','Specifies that maximum number of delegation rules that will be displayed on a Rule inquiry before the screen shows a count of delegate rules and provides a link for the user to show them.','A','KUALI');
Insert into KRCR_PARM_T (NMSPC_CD,CMPNT_CD,PARM_NM,OBJ_ID,VER_NBR,PARM_TYP_CD,VAL,PARM_DESC_TXT,EVAL_OPRTR_CD,APPL_ID) values ('KR-WKFLW','Rule','GENERATE_ACTION_REQUESTS_IND','96868C896B4B4A8BA87AD20E42948431',1,'CONFG','Y','Flag to determine whether or not a change to a routing rule should be applied retroactively to existing documents.','A','KUALI');
Insert into KRCR_PARM_T (NMSPC_CD,CMPNT_CD,PARM_NM,OBJ_ID,VER_NBR,PARM_TYP_CD,VAL,PARM_DESC_TXT,EVAL_OPRTR_CD,APPL_ID) values ('KR-WKFLW','Rule','RULE_CACHE_REQUEUE_DELAY','8AE796DB88484468830A8879630CCF5D',1,'CONFG','5000','Amount of time after a rule change is made before the rule cache update message is sent.','A','KUALI');
Insert into KRCR_PARM_T (NMSPC_CD,CMPNT_CD,PARM_NM,OBJ_ID,VER_NBR,PARM_TYP_CD,VAL,PARM_DESC_TXT,EVAL_OPRTR_CD,APPL_ID) values ('KR-NS','ScheduleStep','CUTOFF_TIME','5A689075D35C7AEBE0404F8189D80321',1,'CONFG','02:00:00:AM','Controls when the daily batch schedule should terminate. The scheduler service implementation compares the start time of the schedule job from quartz with this time on day after the schedule job started running.','A','KUALI');
Insert into KRCR_PARM_T (NMSPC_CD,CMPNT_CD,PARM_NM,OBJ_ID,VER_NBR,PARM_TYP_CD,VAL,PARM_DESC_TXT,EVAL_OPRTR_CD,APPL_ID) values ('KR-NS','ScheduleStep','CUTOFF_TIME_NEXT_DAY_IND','5A689075D35D7AEBE0404F8189D80321',1,'CONFG','Y','Controls whether when the system is comparing the schedule start day & time with the scheduleStep_CUTOFF_TIME parameter, it considers the specified time to apply to the day after the schedule starts.','A','KUALI');
Insert into KRCR_PARM_T (NMSPC_CD,CMPNT_CD,PARM_NM,OBJ_ID,VER_NBR,PARM_TYP_CD,VAL,PARM_DESC_TXT,EVAL_OPRTR_CD,APPL_ID) values ('KR-NS','ScheduleStep','STATUS_CHECK_INTERVAL','5A689075D35B7AEBE0404F8189D80321',1,'CONFG','30000','Time in milliseconds that the scheduleStep should wait between iterations.','A','KUALI');
Insert into KRCR_PARM_T (NMSPC_CD,CMPNT_CD,PARM_NM,OBJ_ID,VER_NBR,PARM_TYP_CD,VAL,PARM_DESC_TXT,EVAL_OPRTR_CD,APPL_ID) values ('KR-SAP','TEST_COMPONENT','TEST_PARAM','B6A90093AB168D60E040DC0A1F8A1116',1,'HELP','http://www.kuali.org/?system_parm',null,'A','TRAVEL');
 --- INSERTING into KRCR_PARM_TYP_T

Insert into KRCR_PARM_TYP_T (PARM_TYP_CD,OBJ_ID,VER_NBR,NM,ACTV_IND) values ('AUTH','53680C68F593AD9BE0404F8189D80A6C',1,'Authorization','Y');
Insert into KRCR_PARM_TYP_T (PARM_TYP_CD,OBJ_ID,VER_NBR,NM,ACTV_IND) values ('CONFG','53680C68F591AD9BE0404F8189D80A6C',1,'Config','Y');
Insert into KRCR_PARM_TYP_T (PARM_TYP_CD,OBJ_ID,VER_NBR,NM,ACTV_IND) values ('HELP','53680C68F594AD9BE0404F8189D80A6C',1,'Help','Y');
Insert into KRCR_PARM_TYP_T (PARM_TYP_CD,OBJ_ID,VER_NBR,NM,ACTV_IND) values ('VALID','53680C68F592AD9BE0404F8189D80A6C',1,'Document Validation','Y');
 --- INSERTING into KRCR_STYLE_T

Insert into KRCR_STYLE_T (STYLE_ID,NM,ACTV_IND,VER_NBR,OBJ_ID) values ('2009','eDoc.Example1.Style',0,2,'6166CBA1BC08644DE0404F8189D86C09');
Insert into KRCR_STYLE_T (STYLE_ID,NM,ACTV_IND,VER_NBR,OBJ_ID) values ('2020','widgets',1,1,'78f41de9-d148-4e84-855c-b3359f726650');
Insert into KRCR_STYLE_T (STYLE_ID,NM,ACTV_IND,VER_NBR,OBJ_ID) values ('2021','eDoc.Example1.Style',1,1,'d7f09fa4-23f8-40b0-9346-18b532e640d1');
 --- INSERTING into KREN_CHNL_PRODCR_T

Insert into KREN_CHNL_PRODCR_T (CHNL_ID,PRODCR_ID) values (1,1);
Insert into KREN_CHNL_PRODCR_T (CHNL_ID,PRODCR_ID) values (2,1);
Insert into KREN_CHNL_PRODCR_T (CHNL_ID,PRODCR_ID) values (2,2);
Insert into KREN_CHNL_PRODCR_T (CHNL_ID,PRODCR_ID) values (3,1);
Insert into KREN_CHNL_PRODCR_T (CHNL_ID,PRODCR_ID) values (3,2);
Insert into KREN_CHNL_PRODCR_T (CHNL_ID,PRODCR_ID) values (4,1);
Insert into KREN_CHNL_PRODCR_T (CHNL_ID,PRODCR_ID) values (4,3);
Insert into KREN_CHNL_PRODCR_T (CHNL_ID,PRODCR_ID) values (5,1);
 --- INSERTING into KREN_CHNL_SUBSCRP_T

Insert into KREN_CHNL_SUBSCRP_T (CHNL_SUBSCRP_ID,CHNL_ID,PRNCPL_ID,OBJ_ID,VER_NBR) values (1,1,'testuser4',null,null);
Insert into KREN_CHNL_SUBSCRP_T (CHNL_SUBSCRP_ID,CHNL_ID,PRNCPL_ID,OBJ_ID,VER_NBR) values (1000,1,'admin',null,null);
 --- INSERTING into KREN_CHNL_T

Insert into KREN_CHNL_T (CHNL_ID,NM,DESC_TXT,SUBSCRB_IND,VER_NBR,OBJ_ID) values (1,'Kuali Rice Channel','This channel is used for sending out information about the Kuali Rice effort.','Y',1,null);
Insert into KREN_CHNL_T (CHNL_ID,NM,DESC_TXT,SUBSCRB_IND,VER_NBR,OBJ_ID) values (2,'Library Events Channel','This channel is used for sending out information about Library Events.','Y',1,null);
Insert into KREN_CHNL_T (CHNL_ID,NM,DESC_TXT,SUBSCRB_IND,VER_NBR,OBJ_ID) values (3,'Overdue Library Books','This channel is used for sending out information about your overdue books.','N',1,null);
Insert into KREN_CHNL_T (CHNL_ID,NM,DESC_TXT,SUBSCRB_IND,VER_NBR,OBJ_ID) values (4,'Concerts Coming to Campus','This channel broadcasts any concerts coming to campus.','Y',1,null);
Insert into KREN_CHNL_T (CHNL_ID,NM,DESC_TXT,SUBSCRB_IND,VER_NBR,OBJ_ID) values (5,'University Alerts','This channel broadcasts general announcements for the university.','N',1,null);
Insert into KREN_CHNL_T (CHNL_ID,NM,DESC_TXT,SUBSCRB_IND,VER_NBR,OBJ_ID) values (500,'KEW','Builtin channel for KEW','N',1,null);
 --- INSERTING into KREN_CNTNT_TYP_T

Insert into KREN_CNTNT_TYP_T (CNTNT_TYP_ID,NM,CUR_IND,CNTNT_TYP_VER_NBR,DESC_TXT,NMSPC_CD,VER_NBR,OBJ_ID) values (1,'Simple','T',0,'Simple content type','notification/ContentTypeSimple',1,null);
Insert into KREN_CNTNT_TYP_T (CNTNT_TYP_ID,NM,CUR_IND,CNTNT_TYP_VER_NBR,DESC_TXT,NMSPC_CD,VER_NBR,OBJ_ID) values (2,'Event','T',0,'Event content type','notification/ContentTypeEvent',1,null);
 --- INSERTING into KREN_MSG_DELIV_T

 --- INSERTING into KREN_MSG_T

 --- INSERTING into KREN_NTFCTN_MSG_DELIV_T

 --- INSERTING into KREN_NTFCTN_T

 --- INSERTING into KREN_PRIO_T

Insert into KREN_PRIO_T (PRIO_ID,NM,DESC_TXT,PRIO_ORD,VER_NBR,OBJ_ID) values (1,'Normal','Normal priority',2,1,null);
Insert into KREN_PRIO_T (PRIO_ID,NM,DESC_TXT,PRIO_ORD,VER_NBR,OBJ_ID) values (2,'Low','A low priority',3,1,null);
Insert into KREN_PRIO_T (PRIO_ID,NM,DESC_TXT,PRIO_ORD,VER_NBR,OBJ_ID) values (3,'High','A high priority',1,1,null);
 --- INSERTING into KREN_PRODCR_T

Insert into KREN_PRODCR_T (PRODCR_ID,NM,DESC_TXT,CNTCT_INFO,VER_NBR,OBJ_ID) values (1,'Notification System','This producer represents messages sent from the general message sending forms.','kuali-ken-testing@cornell.edu',1,null);
Insert into KREN_PRODCR_T (PRODCR_ID,NM,DESC_TXT,CNTCT_INFO,VER_NBR,OBJ_ID) values (2,'University Library System','This producer represents messages sent from the University Library system.','kuali-ken-testing@cornell.edu',1,null);
Insert into KREN_PRODCR_T (PRODCR_ID,NM,DESC_TXT,CNTCT_INFO,VER_NBR,OBJ_ID) values (3,'University Events Office','This producer represents messages sent from the University Events system.','kuali-ken-testing@cornell.edu',1,null);
 --- INSERTING into KREN_RECIP_DELIV_T

Insert into KREN_RECIP_DELIV_T (RECIP_DELIV_ID,RECIP_ID,CHNL,NM,VER_NBR) values (1,'testuser6','KEW','mock',0);
Insert into KREN_RECIP_DELIV_T (RECIP_DELIV_ID,RECIP_ID,CHNL,NM,VER_NBR) values (2,'testuser1','KEW','mock',0);
Insert into KREN_RECIP_DELIV_T (RECIP_DELIV_ID,RECIP_ID,CHNL,NM,VER_NBR) values (3,'testuser2','KEW','mock',0);
Insert into KREN_RECIP_DELIV_T (RECIP_DELIV_ID,RECIP_ID,CHNL,NM,VER_NBR) values (4,'quickstart','KEW','mock',0);
Insert into KREN_RECIP_DELIV_T (RECIP_DELIV_ID,RECIP_ID,CHNL,NM,VER_NBR) values (5,'testuser5','KEW','mock',0);
Insert into KREN_RECIP_DELIV_T (RECIP_DELIV_ID,RECIP_ID,CHNL,NM,VER_NBR) values (6,'testuser4','KEW','mock',0);
 --- INSERTING into KREN_RECIP_LIST_T

Insert into KREN_RECIP_LIST_T (RECIP_LIST_ID,CHNL_ID,RECIP_TYP_CD,RECIP_ID,OBJ_ID,VER_NBR) values (1,4,'USER','testuser1',null,null);
Insert into KREN_RECIP_LIST_T (RECIP_LIST_ID,CHNL_ID,RECIP_TYP_CD,RECIP_ID,OBJ_ID,VER_NBR) values (2,4,'USER','testuser3',null,null);
 --- INSERTING into KREN_RECIP_PREFS_T

 --- INSERTING into KREN_RECIP_T

 --- INSERTING into KREN_RVWER_T

Insert into KREN_RVWER_T (RVWER_ID,CHNL_ID,TYP,PRNCPL_ID,VER_NBR,OBJ_ID) values (1,1,'GROUP','RiceTeam',1,null);
Insert into KREN_RVWER_T (RVWER_ID,CHNL_ID,TYP,PRNCPL_ID,VER_NBR,OBJ_ID) values (2,5,'USER','testuser3',1,null);
Insert into KREN_RVWER_T (RVWER_ID,CHNL_ID,TYP,PRNCPL_ID,VER_NBR,OBJ_ID) values (3,5,'GROUP','TestGroup1',1,null);
 --- INSERTING into KREN_SNDR_T

 --- INSERTING into KREW_ACTN_ITM_T

Insert into KREW_ACTN_ITM_T (ACTN_ITM_ID,PRNCPL_ID,ASND_DT,RQST_CD,ACTN_RQST_ID,DOC_HDR_ID,ROLE_NM,DLGN_PRNCPL_ID,DOC_HDR_TTL,DOC_TYP_LBL,DOC_HDLR_URL,DOC_TYP_NM,RSP_ID,DLGN_TYP,VER_NBR,DTYPE,GRP_ID,DLGN_GRP_ID,RQST_LBL) values ('10000','admin',to_date('11-AUG-08','DD-MON-RR'),'C','2040','2121',null,null,'Routing workgroup CreatinAGroup321','Add/modify EDEN workgroup','http://localhost:8080/kr-dev/en/Workgroup.do?methodToCall=docHandler','EDENSERVICE-DOCS.WKGRPREQ','-2',null,1,'ActionItem','1',null,null);
Insert into KREW_ACTN_ITM_T (ACTN_ITM_ID,PRNCPL_ID,ASND_DT,RQST_CD,ACTN_RQST_ID,DOC_HDR_ID,ROLE_NM,DLGN_PRNCPL_ID,DOC_HDR_TTL,DOC_TYP_LBL,DOC_HDLR_URL,DOC_TYP_NM,RSP_ID,DLGN_TYP,VER_NBR,DTYPE,GRP_ID,DLGN_GRP_ID,RQST_LBL) values ('10001','NotSys',to_date('11-AUG-08','DD-MON-RR'),'C','2040','2121',null,null,'Routing workgroup CreatinAGroup321','Add/modify EDEN workgroup','http://localhost:8080/kr-dev/en/Workgroup.do?methodToCall=docHandler','EDENSERVICE-DOCS.WKGRPREQ','-2',null,1,'ActionItem','1',null,null);
Insert into KREW_ACTN_ITM_T (ACTN_ITM_ID,PRNCPL_ID,ASND_DT,RQST_CD,ACTN_RQST_ID,DOC_HDR_ID,ROLE_NM,DLGN_PRNCPL_ID,DOC_HDR_TTL,DOC_TYP_LBL,DOC_HDLR_URL,DOC_TYP_NM,RSP_ID,DLGN_TYP,VER_NBR,DTYPE,GRP_ID,DLGN_GRP_ID,RQST_LBL) values ('10003','employee',to_date('11-AUG-08','DD-MON-RR'),'K','2046','2123','employee employee',null,'Travel Doc 2 - rewer','Travel Request','http://localhost:8080/kr-dev/travelDocument2.do?methodToCall=docHandler','TravelRequest','0',null,1,'ActionItem',null,null,null);
Insert into KREW_ACTN_ITM_T (ACTN_ITM_ID,PRNCPL_ID,ASND_DT,RQST_CD,ACTN_RQST_ID,DOC_HDR_ID,ROLE_NM,DLGN_PRNCPL_ID,DOC_HDR_TTL,DOC_TYP_LBL,DOC_HDLR_URL,DOC_TYP_NM,RSP_ID,DLGN_TYP,VER_NBR,DTYPE,GRP_ID,DLGN_GRP_ID,RQST_LBL) values ('10004','director',to_date('11-AUG-08','DD-MON-RR'),'K','2050','2123','director director',null,'Travel Doc 2 - rewer','Travel Request','http://localhost:8080/kr-dev/travelDocument2.do?methodToCall=docHandler','TravelRequest','2028',null,1,'ActionItem',null,null,null);
Insert into KREW_ACTN_ITM_T (ACTN_ITM_ID,PRNCPL_ID,ASND_DT,RQST_CD,ACTN_RQST_ID,DOC_HDR_ID,ROLE_NM,DLGN_PRNCPL_ID,DOC_HDR_TTL,DOC_TYP_LBL,DOC_HDLR_URL,DOC_TYP_NM,RSP_ID,DLGN_TYP,VER_NBR,DTYPE,GRP_ID,DLGN_GRP_ID,RQST_LBL) values ('10006','supervisor',to_date('11-AUG-08','DD-MON-RR'),'K','2052','2123','supervisr supervisr',null,'Travel Doc 2 - rewer','Travel Request','http://localhost:8080/kr-dev/travelDocument2.do?methodToCall=docHandler','TravelRequest','0',null,1,'ActionItem',null,null,null);
Insert into KREW_ACTN_ITM_T (ACTN_ITM_ID,PRNCPL_ID,ASND_DT,RQST_CD,ACTN_RQST_ID,DOC_HDR_ID,ROLE_NM,DLGN_PRNCPL_ID,DOC_HDR_TTL,DOC_TYP_LBL,DOC_HDLR_URL,DOC_TYP_NM,RSP_ID,DLGN_TYP,VER_NBR,DTYPE,GRP_ID,DLGN_GRP_ID,RQST_LBL) values ('10080','edna',to_date('01-OCT-08','DD-MON-RR'),'F','2160','2401',null,null,'Travel Doc 2 - dsaf','Travel Request','http://localhost:8080/kr-dev/travelDocument2.do?methodToCall=docHandler','TravelRequest','-1',null,1,'ActionItem',null,null,null);
Insert into KREW_ACTN_ITM_T (ACTN_ITM_ID,PRNCPL_ID,ASND_DT,RQST_CD,ACTN_RQST_ID,DOC_HDR_ID,ROLE_NM,DLGN_PRNCPL_ID,DOC_HDR_TTL,DOC_TYP_LBL,DOC_HDLR_URL,DOC_TYP_NM,RSP_ID,DLGN_TYP,VER_NBR,DTYPE,GRP_ID,DLGN_GRP_ID,RQST_LBL) values ('10081','user4',to_date('01-OCT-08','DD-MON-RR'),'A','2161','2401',null,null,'Travel Doc 2 - dsaf','Travel Request','http://localhost:8080/kr-dev/travelDocument2.do?methodToCall=docHandler','TravelRequest','2022',null,1,'ActionItem',null,null,null);
Insert into KREW_ACTN_ITM_T (ACTN_ITM_ID,PRNCPL_ID,ASND_DT,RQST_CD,ACTN_RQST_ID,DOC_HDR_ID,ROLE_NM,DLGN_PRNCPL_ID,DOC_HDR_TTL,DOC_TYP_LBL,DOC_HDLR_URL,DOC_TYP_NM,RSP_ID,DLGN_TYP,VER_NBR,DTYPE,GRP_ID,DLGN_GRP_ID,RQST_LBL) values ('10093','doug',to_date('01-OCT-08','DD-MON-RR'),'F','2179','2404',null,null,'Travel Doc 2 - ASDf','Travel Request','http://localhost:8080/kr-dev/travelDocument2.do?methodToCall=docHandler','TravelRequest','-1',null,1,'ActionItem',null,null,null);
Insert into KREW_ACTN_ITM_T (ACTN_ITM_ID,PRNCPL_ID,ASND_DT,RQST_CD,ACTN_RQST_ID,DOC_HDR_ID,ROLE_NM,DLGN_PRNCPL_ID,DOC_HDR_TTL,DOC_TYP_LBL,DOC_HDLR_URL,DOC_TYP_NM,RSP_ID,DLGN_TYP,VER_NBR,DTYPE,GRP_ID,DLGN_GRP_ID,RQST_LBL) values ('10094','user4',to_date('01-OCT-08','DD-MON-RR'),'A','2180','2404',null,null,'Travel Doc 2 - ASDf','Travel Request','http://localhost:8080/kr-dev/travelDocument2.do?methodToCall=docHandler','TravelRequest','2022',null,1,'ActionItem',null,null,null);
Insert into KREW_ACTN_ITM_T (ACTN_ITM_ID,PRNCPL_ID,ASND_DT,RQST_CD,ACTN_RQST_ID,DOC_HDR_ID,ROLE_NM,DLGN_PRNCPL_ID,DOC_HDR_TTL,DOC_TYP_LBL,DOC_HDLR_URL,DOC_TYP_NM,RSP_ID,DLGN_TYP,VER_NBR,DTYPE,GRP_ID,DLGN_GRP_ID,RQST_LBL) values ('10101','director',to_date('01-OCT-08','DD-MON-RR'),'F','2192','2405',null,null,'Travel Doc 2 - sdaf','Travel Request','http://localhost:8080/kr-dev/travelDocument2.do?methodToCall=docHandler','TravelRequest','-1',null,1,'ActionItem',null,null,null);
Insert into KREW_ACTN_ITM_T (ACTN_ITM_ID,PRNCPL_ID,ASND_DT,RQST_CD,ACTN_RQST_ID,DOC_HDR_ID,ROLE_NM,DLGN_PRNCPL_ID,DOC_HDR_TTL,DOC_TYP_LBL,DOC_HDLR_URL,DOC_TYP_NM,RSP_ID,DLGN_TYP,VER_NBR,DTYPE,GRP_ID,DLGN_GRP_ID,RQST_LBL) values ('10103','user4',to_date('01-OCT-08','DD-MON-RR'),'K','2194','2405',null,null,'Travel Doc 2 - sdaf','Travel Request','http://localhost:8080/kr-dev/travelDocument2.do?methodToCall=docHandler','TravelRequest','0',null,1,'ActionItem',null,null,null);
Insert into KREW_ACTN_ITM_T (ACTN_ITM_ID,PRNCPL_ID,ASND_DT,RQST_CD,ACTN_RQST_ID,DOC_HDR_ID,ROLE_NM,DLGN_PRNCPL_ID,DOC_HDR_TTL,DOC_TYP_LBL,DOC_HDLR_URL,DOC_TYP_NM,RSP_ID,DLGN_TYP,VER_NBR,DTYPE,GRP_ID,DLGN_GRP_ID,RQST_LBL) values ('10105','employee',to_date('01-OCT-08','DD-MON-RR'),'K','2198','2405','employee employee',null,'Travel Doc 2 - sdaf','Travel Request','http://localhost:8080/kr-dev/travelDocument2.do?methodToCall=docHandler','TravelRequest','0',null,1,'ActionItem',null,null,null);
Insert into KREW_ACTN_ITM_T (ACTN_ITM_ID,PRNCPL_ID,ASND_DT,RQST_CD,ACTN_RQST_ID,DOC_HDR_ID,ROLE_NM,DLGN_PRNCPL_ID,DOC_HDR_TTL,DOC_TYP_LBL,DOC_HDLR_URL,DOC_TYP_NM,RSP_ID,DLGN_TYP,VER_NBR,DTYPE,GRP_ID,DLGN_GRP_ID,RQST_LBL) values ('10106','director',to_date('01-OCT-08','DD-MON-RR'),'K','2202','2405','director director',null,'Travel Doc 2 - sdaf','Travel Request','http://localhost:8080/kr-dev/travelDocument2.do?methodToCall=docHandler','TravelRequest','2028',null,1,'ActionItem',null,null,null);
Insert into KREW_ACTN_ITM_T (ACTN_ITM_ID,PRNCPL_ID,ASND_DT,RQST_CD,ACTN_RQST_ID,DOC_HDR_ID,ROLE_NM,DLGN_PRNCPL_ID,DOC_HDR_TTL,DOC_TYP_LBL,DOC_HDLR_URL,DOC_TYP_NM,RSP_ID,DLGN_TYP,VER_NBR,DTYPE,GRP_ID,DLGN_GRP_ID,RQST_LBL) values ('10108','supervisor',to_date('01-OCT-08','DD-MON-RR'),'K','2204','2405','supervisr supervisr',null,'Travel Doc 2 - sdaf','Travel Request','http://localhost:8080/kr-dev/travelDocument2.do?methodToCall=docHandler','TravelRequest','0',null,1,'ActionItem',null,null,null);
Insert into KREW_ACTN_ITM_T (ACTN_ITM_ID,PRNCPL_ID,ASND_DT,RQST_CD,ACTN_RQST_ID,DOC_HDR_ID,ROLE_NM,DLGN_PRNCPL_ID,DOC_HDR_TTL,DOC_TYP_LBL,DOC_HDLR_URL,DOC_TYP_NM,RSP_ID,DLGN_TYP,VER_NBR,DTYPE,GRP_ID,DLGN_GRP_ID,RQST_LBL) values ('10109','idm3',to_date('01-OCT-08','DD-MON-RR'),'F','2205','2407',null,null,'Travel Doc 2 - dsaf','Travel Request','http://localhost:8080/kr-dev/travelDocument2.do?methodToCall=docHandler','TravelRequest','-1',null,1,'ActionItem',null,null,null);
Insert into KREW_ACTN_ITM_T (ACTN_ITM_ID,PRNCPL_ID,ASND_DT,RQST_CD,ACTN_RQST_ID,DOC_HDR_ID,ROLE_NM,DLGN_PRNCPL_ID,DOC_HDR_TTL,DOC_TYP_LBL,DOC_HDLR_URL,DOC_TYP_NM,RSP_ID,DLGN_TYP,VER_NBR,DTYPE,GRP_ID,DLGN_GRP_ID,RQST_LBL) values ('10111','user4',to_date('01-OCT-08','DD-MON-RR'),'K','2207','2407',null,null,'Travel Doc 2 - dsaf','Travel Request','http://localhost:8080/kr-dev/travelDocument2.do?methodToCall=docHandler','TravelRequest','0',null,1,'ActionItem',null,null,null);
Insert into KREW_ACTN_ITM_T (ACTN_ITM_ID,PRNCPL_ID,ASND_DT,RQST_CD,ACTN_RQST_ID,DOC_HDR_ID,ROLE_NM,DLGN_PRNCPL_ID,DOC_HDR_TTL,DOC_TYP_LBL,DOC_HDLR_URL,DOC_TYP_NM,RSP_ID,DLGN_TYP,VER_NBR,DTYPE,GRP_ID,DLGN_GRP_ID,RQST_LBL) values ('10113','employee',to_date('01-OCT-08','DD-MON-RR'),'K','2211','2407','employee employee',null,'Travel Doc 2 - dsaf','Travel Request','http://localhost:8080/kr-dev/travelDocument2.do?methodToCall=docHandler','TravelRequest','0',null,1,'ActionItem',null,null,null);
Insert into KREW_ACTN_ITM_T (ACTN_ITM_ID,PRNCPL_ID,ASND_DT,RQST_CD,ACTN_RQST_ID,DOC_HDR_ID,ROLE_NM,DLGN_PRNCPL_ID,DOC_HDR_TTL,DOC_TYP_LBL,DOC_HDLR_URL,DOC_TYP_NM,RSP_ID,DLGN_TYP,VER_NBR,DTYPE,GRP_ID,DLGN_GRP_ID,RQST_LBL) values ('10114','director',to_date('01-OCT-08','DD-MON-RR'),'K','2215','2407','director director',null,'Travel Doc 2 - dsaf','Travel Request','http://localhost:8080/kr-dev/travelDocument2.do?methodToCall=docHandler','TravelRequest','2028',null,1,'ActionItem',null,null,null);
Insert into KREW_ACTN_ITM_T (ACTN_ITM_ID,PRNCPL_ID,ASND_DT,RQST_CD,ACTN_RQST_ID,DOC_HDR_ID,ROLE_NM,DLGN_PRNCPL_ID,DOC_HDR_TTL,DOC_TYP_LBL,DOC_HDLR_URL,DOC_TYP_NM,RSP_ID,DLGN_TYP,VER_NBR,DTYPE,GRP_ID,DLGN_GRP_ID,RQST_LBL) values ('10116','supervisor',to_date('01-OCT-08','DD-MON-RR'),'K','2217','2407','supervisr supervisr',null,'Travel Doc 2 - dsaf','Travel Request','http://localhost:8080/kr-dev/travelDocument2.do?methodToCall=docHandler','TravelRequest','0',null,1,'ActionItem',null,null,null);
Insert into KREW_ACTN_ITM_T (ACTN_ITM_ID,PRNCPL_ID,ASND_DT,RQST_CD,ACTN_RQST_ID,DOC_HDR_ID,ROLE_NM,DLGN_PRNCPL_ID,DOC_HDR_TTL,DOC_TYP_LBL,DOC_HDLR_URL,DOC_TYP_NM,RSP_ID,DLGN_TYP,VER_NBR,DTYPE,GRP_ID,DLGN_GRP_ID,RQST_LBL) values ('10129','user4',to_date('23-OCT-08','DD-MON-RR'),'K','2233','2482',null,null,'Travel Doc 2 - nate3','Travel Request','http://localhost:8080/kr-dev/travelDocument2.do?methodToCall=docHandler','TravelRequest','0',null,1,null,null,null,null);
Insert into KREW_ACTN_ITM_T (ACTN_ITM_ID,PRNCPL_ID,ASND_DT,RQST_CD,ACTN_RQST_ID,DOC_HDR_ID,ROLE_NM,DLGN_PRNCPL_ID,DOC_HDR_TTL,DOC_TYP_LBL,DOC_HDLR_URL,DOC_TYP_NM,RSP_ID,DLGN_TYP,VER_NBR,DTYPE,GRP_ID,DLGN_GRP_ID,RQST_LBL) values ('10131','employee',to_date('23-OCT-08','DD-MON-RR'),'K','2237','2482','employee employee',null,'Travel Doc 2 - nate3','Travel Request','http://localhost:8080/kr-dev/travelDocument2.do?methodToCall=docHandler','TravelRequest','0',null,1,null,null,null,null);
Insert into KREW_ACTN_ITM_T (ACTN_ITM_ID,PRNCPL_ID,ASND_DT,RQST_CD,ACTN_RQST_ID,DOC_HDR_ID,ROLE_NM,DLGN_PRNCPL_ID,DOC_HDR_TTL,DOC_TYP_LBL,DOC_HDLR_URL,DOC_TYP_NM,RSP_ID,DLGN_TYP,VER_NBR,DTYPE,GRP_ID,DLGN_GRP_ID,RQST_LBL) values ('10132','director',to_date('23-OCT-08','DD-MON-RR'),'K','2241','2482','director director',null,'Travel Doc 2 - nate3','Travel Request','http://localhost:8080/kr-dev/travelDocument2.do?methodToCall=docHandler','TravelRequest','2028',null,1,null,null,null,null);
Insert into KREW_ACTN_ITM_T (ACTN_ITM_ID,PRNCPL_ID,ASND_DT,RQST_CD,ACTN_RQST_ID,DOC_HDR_ID,ROLE_NM,DLGN_PRNCPL_ID,DOC_HDR_TTL,DOC_TYP_LBL,DOC_HDLR_URL,DOC_TYP_NM,RSP_ID,DLGN_TYP,VER_NBR,DTYPE,GRP_ID,DLGN_GRP_ID,RQST_LBL) values ('10134','supervisor',to_date('23-OCT-08','DD-MON-RR'),'K','2243','2482','supervisr supervisr',null,'Travel Doc 2 - nate3','Travel Request','http://localhost:8080/kr-dev/travelDocument2.do?methodToCall=docHandler','TravelRequest','0',null,1,null,null,null,null);
Insert into KREW_ACTN_ITM_T (ACTN_ITM_ID,PRNCPL_ID,ASND_DT,RQST_CD,ACTN_RQST_ID,DOC_HDR_ID,ROLE_NM,DLGN_PRNCPL_ID,DOC_HDR_TTL,DOC_TYP_LBL,DOC_HDLR_URL,DOC_TYP_NM,RSP_ID,DLGN_TYP,VER_NBR,DTYPE,GRP_ID,DLGN_GRP_ID,RQST_LBL) values ('10136','user4',to_date('23-OCT-08','DD-MON-RR'),'K','2245','2483',null,null,'Travel Doc 2 - nate after convertions','Travel Request','http://localhost:8080/kr-dev/travelDocument2.do?methodToCall=docHandler','TravelRequest','0',null,1,null,null,null,null);
Insert into KREW_ACTN_ITM_T (ACTN_ITM_ID,PRNCPL_ID,ASND_DT,RQST_CD,ACTN_RQST_ID,DOC_HDR_ID,ROLE_NM,DLGN_PRNCPL_ID,DOC_HDR_TTL,DOC_TYP_LBL,DOC_HDLR_URL,DOC_TYP_NM,RSP_ID,DLGN_TYP,VER_NBR,DTYPE,GRP_ID,DLGN_GRP_ID,RQST_LBL) values ('10138','employee',to_date('23-OCT-08','DD-MON-RR'),'K','2249','2483','employee employee',null,'Travel Doc 2 - nate after convertions','Travel Request','http://localhost:8080/kr-dev/travelDocument2.do?methodToCall=docHandler','TravelRequest','0',null,1,null,null,null,null);
Insert into KREW_ACTN_ITM_T (ACTN_ITM_ID,PRNCPL_ID,ASND_DT,RQST_CD,ACTN_RQST_ID,DOC_HDR_ID,ROLE_NM,DLGN_PRNCPL_ID,DOC_HDR_TTL,DOC_TYP_LBL,DOC_HDLR_URL,DOC_TYP_NM,RSP_ID,DLGN_TYP,VER_NBR,DTYPE,GRP_ID,DLGN_GRP_ID,RQST_LBL) values ('10139','director',to_date('23-OCT-08','DD-MON-RR'),'K','2253','2483','director director',null,'Travel Doc 2 - nate after convertions','Travel Request','http://localhost:8080/kr-dev/travelDocument2.do?methodToCall=docHandler','TravelRequest','2028',null,1,null,null,null,null);
Insert into KREW_ACTN_ITM_T (ACTN_ITM_ID,PRNCPL_ID,ASND_DT,RQST_CD,ACTN_RQST_ID,DOC_HDR_ID,ROLE_NM,DLGN_PRNCPL_ID,DOC_HDR_TTL,DOC_TYP_LBL,DOC_HDLR_URL,DOC_TYP_NM,RSP_ID,DLGN_TYP,VER_NBR,DTYPE,GRP_ID,DLGN_GRP_ID,RQST_LBL) values ('10141','supervisor',to_date('23-OCT-08','DD-MON-RR'),'K','2255','2483','supervisr supervisr',null,'Travel Doc 2 - nate after convertions','Travel Request','http://localhost:8080/kr-dev/travelDocument2.do?methodToCall=docHandler','TravelRequest','0',null,1,null,null,null,null);
Insert into KREW_ACTN_ITM_T (ACTN_ITM_ID,PRNCPL_ID,ASND_DT,RQST_CD,ACTN_RQST_ID,DOC_HDR_ID,ROLE_NM,DLGN_PRNCPL_ID,DOC_HDR_TTL,DOC_TYP_LBL,DOC_HDLR_URL,DOC_TYP_NM,RSP_ID,DLGN_TYP,VER_NBR,DTYPE,GRP_ID,DLGN_GRP_ID,RQST_LBL) values ('10143','user4',to_date('23-OCT-08','DD-MON-RR'),'K','2257','2484',null,null,'Travel Doc 2 - one more','Travel Request','http://localhost:8080/kr-dev/travelDocument2.do?methodToCall=docHandler','TravelRequest','0',null,1,null,null,null,null);
Insert into KREW_ACTN_ITM_T (ACTN_ITM_ID,PRNCPL_ID,ASND_DT,RQST_CD,ACTN_RQST_ID,DOC_HDR_ID,ROLE_NM,DLGN_PRNCPL_ID,DOC_HDR_TTL,DOC_TYP_LBL,DOC_HDLR_URL,DOC_TYP_NM,RSP_ID,DLGN_TYP,VER_NBR,DTYPE,GRP_ID,DLGN_GRP_ID,RQST_LBL) values ('10145','employee',to_date('23-OCT-08','DD-MON-RR'),'K','2261','2484','employee employee',null,'Travel Doc 2 - one more','Travel Request','http://localhost:8080/kr-dev/travelDocument2.do?methodToCall=docHandler','TravelRequest','0',null,1,null,null,null,null);
Insert into KREW_ACTN_ITM_T (ACTN_ITM_ID,PRNCPL_ID,ASND_DT,RQST_CD,ACTN_RQST_ID,DOC_HDR_ID,ROLE_NM,DLGN_PRNCPL_ID,DOC_HDR_TTL,DOC_TYP_LBL,DOC_HDLR_URL,DOC_TYP_NM,RSP_ID,DLGN_TYP,VER_NBR,DTYPE,GRP_ID,DLGN_GRP_ID,RQST_LBL) values ('10146','director',to_date('23-OCT-08','DD-MON-RR'),'K','2265','2484','director director',null,'Travel Doc 2 - one more','Travel Request','http://localhost:8080/kr-dev/travelDocument2.do?methodToCall=docHandler','TravelRequest','2028',null,1,null,null,null,null);
Insert into KREW_ACTN_ITM_T (ACTN_ITM_ID,PRNCPL_ID,ASND_DT,RQST_CD,ACTN_RQST_ID,DOC_HDR_ID,ROLE_NM,DLGN_PRNCPL_ID,DOC_HDR_TTL,DOC_TYP_LBL,DOC_HDLR_URL,DOC_TYP_NM,RSP_ID,DLGN_TYP,VER_NBR,DTYPE,GRP_ID,DLGN_GRP_ID,RQST_LBL) values ('10148','supervisor',to_date('23-OCT-08','DD-MON-RR'),'K','2267','2484','supervisr supervisr',null,'Travel Doc 2 - one more','Travel Request','http://localhost:8080/kr-dev/travelDocument2.do?methodToCall=docHandler','TravelRequest','0',null,1,null,null,null,null);
Insert into KREW_ACTN_ITM_T (ACTN_ITM_ID,PRNCPL_ID,ASND_DT,RQST_CD,ACTN_RQST_ID,DOC_HDR_ID,ROLE_NM,DLGN_PRNCPL_ID,DOC_HDR_TTL,DOC_TYP_LBL,DOC_HDLR_URL,DOC_TYP_NM,RSP_ID,DLGN_TYP,VER_NBR,DTYPE,GRP_ID,DLGN_GRP_ID,RQST_LBL) values ('10154','user4',to_date('23-OCT-08','DD-MON-RR'),'K','2275','2501',null,null,'Travel Doc 2 - testing patch 2','Travel Request','http://localhost:8080/kr-dev/travelDocument2.do?methodToCall=docHandler','TravelRequest','0',null,1,null,null,null,null);
Insert into KREW_ACTN_ITM_T (ACTN_ITM_ID,PRNCPL_ID,ASND_DT,RQST_CD,ACTN_RQST_ID,DOC_HDR_ID,ROLE_NM,DLGN_PRNCPL_ID,DOC_HDR_TTL,DOC_TYP_LBL,DOC_HDLR_URL,DOC_TYP_NM,RSP_ID,DLGN_TYP,VER_NBR,DTYPE,GRP_ID,DLGN_GRP_ID,RQST_LBL) values ('10156','employee',to_date('23-OCT-08','DD-MON-RR'),'K','2279','2501','employee employee',null,'Travel Doc 2 - testing patch 2','Travel Request','http://localhost:8080/kr-dev/travelDocument2.do?methodToCall=docHandler','TravelRequest','0',null,1,null,null,null,null);
Insert into KREW_ACTN_ITM_T (ACTN_ITM_ID,PRNCPL_ID,ASND_DT,RQST_CD,ACTN_RQST_ID,DOC_HDR_ID,ROLE_NM,DLGN_PRNCPL_ID,DOC_HDR_TTL,DOC_TYP_LBL,DOC_HDLR_URL,DOC_TYP_NM,RSP_ID,DLGN_TYP,VER_NBR,DTYPE,GRP_ID,DLGN_GRP_ID,RQST_LBL) values ('10157','director',to_date('23-OCT-08','DD-MON-RR'),'K','2283','2501','director director',null,'Travel Doc 2 - testing patch 2','Travel Request','http://localhost:8080/kr-dev/travelDocument2.do?methodToCall=docHandler','TravelRequest','2028',null,1,null,null,null,null);
Insert into KREW_ACTN_ITM_T (ACTN_ITM_ID,PRNCPL_ID,ASND_DT,RQST_CD,ACTN_RQST_ID,DOC_HDR_ID,ROLE_NM,DLGN_PRNCPL_ID,DOC_HDR_TTL,DOC_TYP_LBL,DOC_HDLR_URL,DOC_TYP_NM,RSP_ID,DLGN_TYP,VER_NBR,DTYPE,GRP_ID,DLGN_GRP_ID,RQST_LBL) values ('10159','supervisor',to_date('23-OCT-08','DD-MON-RR'),'K','2285','2501','supervisr supervisr',null,'Travel Doc 2 - testing patch 2','Travel Request','http://localhost:8080/kr-dev/travelDocument2.do?methodToCall=docHandler','TravelRequest','0',null,1,null,null,null,null);
Insert into KREW_ACTN_ITM_T (ACTN_ITM_ID,PRNCPL_ID,ASND_DT,RQST_CD,ACTN_RQST_ID,DOC_HDR_ID,ROLE_NM,DLGN_PRNCPL_ID,DOC_HDR_TTL,DOC_TYP_LBL,DOC_HDLR_URL,DOC_TYP_NM,RSP_ID,DLGN_TYP,VER_NBR,DTYPE,GRP_ID,DLGN_GRP_ID,RQST_LBL) values ('10161','user4',to_date('24-OCT-08','DD-MON-RR'),'K','2301','2522',null,null,'Travel Doc 2 - sadf','Travel Request','http://localhost:8080/kr-dev/travelDocument2.do?methodToCall=docHandler','TravelRequest','0',null,1,null,null,null,null);
Insert into KREW_ACTN_ITM_T (ACTN_ITM_ID,PRNCPL_ID,ASND_DT,RQST_CD,ACTN_RQST_ID,DOC_HDR_ID,ROLE_NM,DLGN_PRNCPL_ID,DOC_HDR_TTL,DOC_TYP_LBL,DOC_HDLR_URL,DOC_TYP_NM,RSP_ID,DLGN_TYP,VER_NBR,DTYPE,GRP_ID,DLGN_GRP_ID,RQST_LBL) values ('10163','employee',to_date('24-OCT-08','DD-MON-RR'),'K','2305','2522','employee employee',null,'Travel Doc 2 - sadf','Travel Request','http://localhost:8080/kr-dev/travelDocument2.do?methodToCall=docHandler','TravelRequest','0',null,1,null,null,null,null);
Insert into KREW_ACTN_ITM_T (ACTN_ITM_ID,PRNCPL_ID,ASND_DT,RQST_CD,ACTN_RQST_ID,DOC_HDR_ID,ROLE_NM,DLGN_PRNCPL_ID,DOC_HDR_TTL,DOC_TYP_LBL,DOC_HDLR_URL,DOC_TYP_NM,RSP_ID,DLGN_TYP,VER_NBR,DTYPE,GRP_ID,DLGN_GRP_ID,RQST_LBL) values ('10164','director',to_date('24-OCT-08','DD-MON-RR'),'K','2309','2522','director director',null,'Travel Doc 2 - sadf','Travel Request','http://localhost:8080/kr-dev/travelDocument2.do?methodToCall=docHandler','TravelRequest','2028',null,1,null,null,null,null);
Insert into KREW_ACTN_ITM_T (ACTN_ITM_ID,PRNCPL_ID,ASND_DT,RQST_CD,ACTN_RQST_ID,DOC_HDR_ID,ROLE_NM,DLGN_PRNCPL_ID,DOC_HDR_TTL,DOC_TYP_LBL,DOC_HDLR_URL,DOC_TYP_NM,RSP_ID,DLGN_TYP,VER_NBR,DTYPE,GRP_ID,DLGN_GRP_ID,RQST_LBL) values ('10166','supervisor',to_date('24-OCT-08','DD-MON-RR'),'K','2311','2522','supervisr supervisr',null,'Travel Doc 2 - sadf','Travel Request','http://localhost:8080/kr-dev/travelDocument2.do?methodToCall=docHandler','TravelRequest','0',null,1,null,null,null,null);
Insert into KREW_ACTN_ITM_T (ACTN_ITM_ID,PRNCPL_ID,ASND_DT,RQST_CD,ACTN_RQST_ID,DOC_HDR_ID,ROLE_NM,DLGN_PRNCPL_ID,DOC_HDR_TTL,DOC_TYP_LBL,DOC_HDLR_URL,DOC_TYP_NM,RSP_ID,DLGN_TYP,VER_NBR,DTYPE,GRP_ID,DLGN_GRP_ID,RQST_LBL) values ('10180','admin',to_date('04-NOV-08','DD-MON-RR'),'C','2320','2601',null,null,'Travel Doc 2 - asdsadsadasd','Travel Request','${application.url}/travelDocument2.do?methodToCall=docHandler','TravelRequest','-3',null,1,null,null,null,null);
Insert into KREW_ACTN_ITM_T (ACTN_ITM_ID,PRNCPL_ID,ASND_DT,RQST_CD,ACTN_RQST_ID,DOC_HDR_ID,ROLE_NM,DLGN_PRNCPL_ID,DOC_HDR_TTL,DOC_TYP_LBL,DOC_HDLR_URL,DOC_TYP_NM,RSP_ID,DLGN_TYP,VER_NBR,DTYPE,GRP_ID,DLGN_GRP_ID,RQST_LBL) values ('10181','admin',to_date('04-NOV-08','DD-MON-RR'),'C','2321','2621',null,null,'Travel Doc 2 - asdsadsadasd','Travel Request','${application.url}/travelDocument2.do?methodToCall=docHandler','TravelRequest','-3',null,1,null,null,null,null);
Insert into KREW_ACTN_ITM_T (ACTN_ITM_ID,PRNCPL_ID,ASND_DT,RQST_CD,ACTN_RQST_ID,DOC_HDR_ID,ROLE_NM,DLGN_PRNCPL_ID,DOC_HDR_TTL,DOC_TYP_LBL,DOC_HDLR_URL,DOC_TYP_NM,RSP_ID,DLGN_TYP,VER_NBR,DTYPE,GRP_ID,DLGN_GRP_ID,RQST_LBL) values ('10182','admin',to_date('04-NOV-08','DD-MON-RR'),'C','2322','2622',null,null,'Travel Doc 2 - asdsadsadasd','Travel Request','${application.url}/travelDocument2.do?methodToCall=docHandler','TravelRequest','-3',null,1,null,null,null,null);
Insert into KREW_ACTN_ITM_T (ACTN_ITM_ID,PRNCPL_ID,ASND_DT,RQST_CD,ACTN_RQST_ID,DOC_HDR_ID,ROLE_NM,DLGN_PRNCPL_ID,DOC_HDR_TTL,DOC_TYP_LBL,DOC_HDLR_URL,DOC_TYP_NM,RSP_ID,DLGN_TYP,VER_NBR,DTYPE,GRP_ID,DLGN_GRP_ID,RQST_LBL) values ('10183','admin',to_date('04-NOV-08','DD-MON-RR'),'C','2323','2623',null,null,'Travel Doc 2 - asdsadsadasd','Travel Request','${application.url}/travelDocument2.do?methodToCall=docHandler','TravelRequest','-3',null,1,null,null,null,null);
Insert into KREW_ACTN_ITM_T (ACTN_ITM_ID,PRNCPL_ID,ASND_DT,RQST_CD,ACTN_RQST_ID,DOC_HDR_ID,ROLE_NM,DLGN_PRNCPL_ID,DOC_HDR_TTL,DOC_TYP_LBL,DOC_HDLR_URL,DOC_TYP_NM,RSP_ID,DLGN_TYP,VER_NBR,DTYPE,GRP_ID,DLGN_GRP_ID,RQST_LBL) values ('10201','user4',to_date('05-NOV-08','DD-MON-RR'),'K','2341','2640',null,null,'Travel Doc 2 - test','Travel Request','http://localhost:8080/kr-dev/travelDocument2.do?methodToCall=docHandler','TravelRequest','0',null,1,null,null,null,null);
Insert into KREW_ACTN_ITM_T (ACTN_ITM_ID,PRNCPL_ID,ASND_DT,RQST_CD,ACTN_RQST_ID,DOC_HDR_ID,ROLE_NM,DLGN_PRNCPL_ID,DOC_HDR_TTL,DOC_TYP_LBL,DOC_HDLR_URL,DOC_TYP_NM,RSP_ID,DLGN_TYP,VER_NBR,DTYPE,GRP_ID,DLGN_GRP_ID,RQST_LBL) values ('10203','employee',to_date('05-NOV-08','DD-MON-RR'),'K','2345','2640','employee employee',null,'Travel Doc 2 - test','Travel Request','http://localhost:8080/kr-dev/travelDocument2.do?methodToCall=docHandler','TravelRequest','0',null,1,null,null,null,null);
Insert into KREW_ACTN_ITM_T (ACTN_ITM_ID,PRNCPL_ID,ASND_DT,RQST_CD,ACTN_RQST_ID,DOC_HDR_ID,ROLE_NM,DLGN_PRNCPL_ID,DOC_HDR_TTL,DOC_TYP_LBL,DOC_HDLR_URL,DOC_TYP_NM,RSP_ID,DLGN_TYP,VER_NBR,DTYPE,GRP_ID,DLGN_GRP_ID,RQST_LBL) values ('10204','director',to_date('05-NOV-08','DD-MON-RR'),'K','2349','2640','director director',null,'Travel Doc 2 - test','Travel Request','http://localhost:8080/kr-dev/travelDocument2.do?methodToCall=docHandler','TravelRequest','2028',null,1,null,null,null,null);
Insert into KREW_ACTN_ITM_T (ACTN_ITM_ID,PRNCPL_ID,ASND_DT,RQST_CD,ACTN_RQST_ID,DOC_HDR_ID,ROLE_NM,DLGN_PRNCPL_ID,DOC_HDR_TTL,DOC_TYP_LBL,DOC_HDLR_URL,DOC_TYP_NM,RSP_ID,DLGN_TYP,VER_NBR,DTYPE,GRP_ID,DLGN_GRP_ID,RQST_LBL) values ('10206','supervisor',to_date('05-NOV-08','DD-MON-RR'),'K','2351','2640','supervisr supervisr',null,'Travel Doc 2 - test','Travel Request','http://localhost:8080/kr-dev/travelDocument2.do?methodToCall=docHandler','TravelRequest','0',null,1,null,null,null,null);
Insert into KREW_ACTN_ITM_T (ACTN_ITM_ID,PRNCPL_ID,ASND_DT,RQST_CD,ACTN_RQST_ID,DOC_HDR_ID,ROLE_NM,DLGN_PRNCPL_ID,DOC_HDR_TTL,DOC_TYP_LBL,DOC_HDLR_URL,DOC_TYP_NM,RSP_ID,DLGN_TYP,VER_NBR,DTYPE,GRP_ID,DLGN_GRP_ID,RQST_LBL) values ('10222','director',to_date('22-DEC-08','DD-MON-RR'),'K','2366','2695','director director',null,'Travel Doc 2 - dfads','Travel Request','http://localhost:8080/kr-dev/travelDocument2.do?methodToCall=docHandler','TravelRequest','2028',null,1,null,null,null,null);
Insert into KREW_ACTN_ITM_T (ACTN_ITM_ID,PRNCPL_ID,ASND_DT,RQST_CD,ACTN_RQST_ID,DOC_HDR_ID,ROLE_NM,DLGN_PRNCPL_ID,DOC_HDR_TTL,DOC_TYP_LBL,DOC_HDLR_URL,DOC_TYP_NM,RSP_ID,DLGN_TYP,VER_NBR,DTYPE,GRP_ID,DLGN_GRP_ID,RQST_LBL) values ('10224','user4',to_date('17-MAR-09','DD-MON-RR'),'A','2367','2701',null,null,'Travel Request - test','Travel Request','http://localhost:8080/kr-dev/travelDocument2.do?methodToCall=docHandler','TravelRequest','2022',null,1,null,null,null,null);
Insert into KREW_ACTN_ITM_T (ACTN_ITM_ID,PRNCPL_ID,ASND_DT,RQST_CD,ACTN_RQST_ID,DOC_HDR_ID,ROLE_NM,DLGN_PRNCPL_ID,DOC_HDR_TTL,DOC_TYP_LBL,DOC_HDLR_URL,DOC_TYP_NM,RSP_ID,DLGN_TYP,VER_NBR,DTYPE,GRP_ID,DLGN_GRP_ID,RQST_LBL) values ('10225','user2',to_date('17-MAR-09','DD-MON-RR'),'A','2368','2701',null,'user4','Travel Request - test','Travel Request','http://localhost:8080/kr-dev/travelDocument2.do?methodToCall=docHandler','TravelRequest','2061','S',1,null,null,null,null);
 --- INSERTING into KREW_ACTN_RQST_T

Insert into KREW_ACTN_RQST_T (ACTN_RQST_ID,PARNT_ID,ACTN_RQST_CD,DOC_HDR_ID,RULE_ID,STAT_CD,RSP_ID,PRNCPL_ID,ROLE_NM,QUAL_ROLE_NM,QUAL_ROLE_NM_LBL_TXT,RECIP_TYP_CD,PRIO_NBR,RTE_TYP_NM,RTE_LVL_NBR,RTE_NODE_INSTN_ID,ACTN_TKN_ID,DOC_VER_NBR,CRTE_DT,RSP_DESC_TXT,FRC_ACTN,ACTN_RQST_ANNOTN_TXT,DLGN_TYP,APPR_PLCY,CUR_IND,VER_NBR,GRP_ID,RQST_LBL) values ('2000',null,'A','2036','1034','D','2000','admin',null,null,null,'U',1,null,1,'2073','2000',1,to_date('01-AUG-08','DD-MON-RR'),'workflowdocumenttemplate description',0,null,null,'F',1,0,null,null);
Insert into KREW_ACTN_RQST_T (ACTN_RQST_ID,PARNT_ID,ACTN_RQST_CD,DOC_HDR_ID,RULE_ID,STAT_CD,RSP_ID,PRNCPL_ID,ROLE_NM,QUAL_ROLE_NM,QUAL_ROLE_NM_LBL_TXT,RECIP_TYP_CD,PRIO_NBR,RTE_TYP_NM,RTE_LVL_NBR,RTE_NODE_INSTN_ID,ACTN_TKN_ID,DOC_VER_NBR,CRTE_DT,RSP_DESC_TXT,FRC_ACTN,ACTN_RQST_ANNOTN_TXT,DLGN_TYP,APPR_PLCY,CUR_IND,VER_NBR,GRP_ID,RQST_LBL) values ('2001',null,'A','2036','1035','D','2002',null,null,null,null,'W',1,null,1,'2073','2000',1,to_date('01-AUG-08','DD-MON-RR'),'Workgroup Approval Rule',0,null,null,'F',1,0,'1',null);
Insert into KREW_ACTN_RQST_T (ACTN_RQST_ID,PARNT_ID,ACTN_RQST_CD,DOC_HDR_ID,RULE_ID,STAT_CD,RSP_ID,PRNCPL_ID,ROLE_NM,QUAL_ROLE_NM,QUAL_ROLE_NM_LBL_TXT,RECIP_TYP_CD,PRIO_NBR,RTE_TYP_NM,RTE_LVL_NBR,RTE_NODE_INSTN_ID,ACTN_TKN_ID,DOC_VER_NBR,CRTE_DT,RSP_DESC_TXT,FRC_ACTN,ACTN_RQST_ANNOTN_TXT,DLGN_TYP,APPR_PLCY,CUR_IND,VER_NBR,GRP_ID,RQST_LBL) values ('2020',null,'A','2060','1034','D','2000','admin',null,null,null,'U',1,null,1,'2102','2020',1,to_date('05-AUG-08','DD-MON-RR'),'workflowdocumenttemplate description',0,null,null,'F',1,0,null,null);
Insert into KREW_ACTN_RQST_T (ACTN_RQST_ID,PARNT_ID,ACTN_RQST_CD,DOC_HDR_ID,RULE_ID,STAT_CD,RSP_ID,PRNCPL_ID,ROLE_NM,QUAL_ROLE_NM,QUAL_ROLE_NM_LBL_TXT,RECIP_TYP_CD,PRIO_NBR,RTE_TYP_NM,RTE_LVL_NBR,RTE_NODE_INSTN_ID,ACTN_TKN_ID,DOC_VER_NBR,CRTE_DT,RSP_DESC_TXT,FRC_ACTN,ACTN_RQST_ANNOTN_TXT,DLGN_TYP,APPR_PLCY,CUR_IND,VER_NBR,GRP_ID,RQST_LBL) values ('2021',null,'A','2060','1035','D','2002',null,null,null,null,'W',1,null,1,'2102','2020',1,to_date('05-AUG-08','DD-MON-RR'),'Workgroup Approval Rule',0,null,null,'F',1,0,'1',null);
Insert into KREW_ACTN_RQST_T (ACTN_RQST_ID,PARNT_ID,ACTN_RQST_CD,DOC_HDR_ID,RULE_ID,STAT_CD,RSP_ID,PRNCPL_ID,ROLE_NM,QUAL_ROLE_NM,QUAL_ROLE_NM_LBL_TXT,RECIP_TYP_CD,PRIO_NBR,RTE_TYP_NM,RTE_LVL_NBR,RTE_NODE_INSTN_ID,ACTN_TKN_ID,DOC_VER_NBR,CRTE_DT,RSP_DESC_TXT,FRC_ACTN,ACTN_RQST_ANNOTN_TXT,DLGN_TYP,APPR_PLCY,CUR_IND,VER_NBR,GRP_ID,RQST_LBL) values ('2040',null,'C','2121',null,'A','-2',null,null,null,null,'W',0,null,0,'2163',null,1,to_date('11-AUG-08','DD-MON-RR'),'Exception Workgroup for route node Adhoc Routing',1,'org.kuali.rice.kew.exception.WorkflowRuntimeException: org.kuali.rice.kew.exception.WorkflowException: Could not locate transition engine for node edu.iu.uis.eden.engine.node.InitialNode',null,'F',1,0,'1',null);
Insert into KREW_ACTN_RQST_T (ACTN_RQST_ID,PARNT_ID,ACTN_RQST_CD,DOC_HDR_ID,RULE_ID,STAT_CD,RSP_ID,PRNCPL_ID,ROLE_NM,QUAL_ROLE_NM,QUAL_ROLE_NM_LBL_TXT,RECIP_TYP_CD,PRIO_NBR,RTE_TYP_NM,RTE_LVL_NBR,RTE_NODE_INSTN_ID,ACTN_TKN_ID,DOC_VER_NBR,CRTE_DT,RSP_DESC_TXT,FRC_ACTN,ACTN_RQST_ANNOTN_TXT,DLGN_TYP,APPR_PLCY,CUR_IND,VER_NBR,GRP_ID,RQST_LBL) values ('2041',null,'A','2122','1034','D','2000','admin',null,null,null,'U',1,null,1,'2166','2062',1,to_date('11-AUG-08','DD-MON-RR'),'workflowdocumenttemplate description',0,null,null,'F',1,0,null,null);
Insert into KREW_ACTN_RQST_T (ACTN_RQST_ID,PARNT_ID,ACTN_RQST_CD,DOC_HDR_ID,RULE_ID,STAT_CD,RSP_ID,PRNCPL_ID,ROLE_NM,QUAL_ROLE_NM,QUAL_ROLE_NM_LBL_TXT,RECIP_TYP_CD,PRIO_NBR,RTE_TYP_NM,RTE_LVL_NBR,RTE_NODE_INSTN_ID,ACTN_TKN_ID,DOC_VER_NBR,CRTE_DT,RSP_DESC_TXT,FRC_ACTN,ACTN_RQST_ANNOTN_TXT,DLGN_TYP,APPR_PLCY,CUR_IND,VER_NBR,GRP_ID,RQST_LBL) values ('2042',null,'A','2122','1035','D','2002',null,null,null,null,'W',1,null,1,'2166','2062',1,to_date('11-AUG-08','DD-MON-RR'),'Workgroup Approval Rule',0,null,null,'F',1,0,'1',null);
Insert into KREW_ACTN_RQST_T (ACTN_RQST_ID,PARNT_ID,ACTN_RQST_CD,DOC_HDR_ID,RULE_ID,STAT_CD,RSP_ID,PRNCPL_ID,ROLE_NM,QUAL_ROLE_NM,QUAL_ROLE_NM_LBL_TXT,RECIP_TYP_CD,PRIO_NBR,RTE_TYP_NM,RTE_LVL_NBR,RTE_NODE_INSTN_ID,ACTN_TKN_ID,DOC_VER_NBR,CRTE_DT,RSP_DESC_TXT,FRC_ACTN,ACTN_RQST_ANNOTN_TXT,DLGN_TYP,APPR_PLCY,CUR_IND,VER_NBR,GRP_ID,RQST_LBL) values ('2043',null,'A','2123','1049','D','2024',null,'employee','employee employee','employee','R',1,null,2,'2172','2063',1,to_date('11-AUG-08','DD-MON-RR'),'Traveler Routing',0,null,null,'F',1,0,null,null);
Insert into KREW_ACTN_RQST_T (ACTN_RQST_ID,PARNT_ID,ACTN_RQST_CD,DOC_HDR_ID,RULE_ID,STAT_CD,RSP_ID,PRNCPL_ID,ROLE_NM,QUAL_ROLE_NM,QUAL_ROLE_NM_LBL_TXT,RECIP_TYP_CD,PRIO_NBR,RTE_TYP_NM,RTE_LVL_NBR,RTE_NODE_INSTN_ID,ACTN_TKN_ID,DOC_VER_NBR,CRTE_DT,RSP_DESC_TXT,FRC_ACTN,ACTN_RQST_ANNOTN_TXT,DLGN_TYP,APPR_PLCY,CUR_IND,VER_NBR,GRP_ID,RQST_LBL) values ('2044','2043','A','2123','1049','D','2024','employee','employee','employee employee','employee','U',1,null,2,'2172','2063',1,to_date('11-AUG-08','DD-MON-RR'),'Traveler Routing',0,null,null,'F',1,0,null,null);
Insert into KREW_ACTN_RQST_T (ACTN_RQST_ID,PARNT_ID,ACTN_RQST_CD,DOC_HDR_ID,RULE_ID,STAT_CD,RSP_ID,PRNCPL_ID,ROLE_NM,QUAL_ROLE_NM,QUAL_ROLE_NM_LBL_TXT,RECIP_TYP_CD,PRIO_NBR,RTE_TYP_NM,RTE_LVL_NBR,RTE_NODE_INSTN_ID,ACTN_TKN_ID,DOC_VER_NBR,CRTE_DT,RSP_DESC_TXT,FRC_ACTN,ACTN_RQST_ANNOTN_TXT,DLGN_TYP,APPR_PLCY,CUR_IND,VER_NBR,GRP_ID,RQST_LBL) values ('2045',null,'K','2123',null,'A','0',null,'employee','employee employee','employee','R',1,null,2,'2172',null,1,to_date('11-AUG-08','DD-MON-RR'),'Traveler Routing',1,'Action ACKNOWLEDGE generated by Workflow because Administrator took action BLANKET APPROVED Responsibility 2024 Rule Id 1049',null,'F',1,0,null,null);
Insert into KREW_ACTN_RQST_T (ACTN_RQST_ID,PARNT_ID,ACTN_RQST_CD,DOC_HDR_ID,RULE_ID,STAT_CD,RSP_ID,PRNCPL_ID,ROLE_NM,QUAL_ROLE_NM,QUAL_ROLE_NM_LBL_TXT,RECIP_TYP_CD,PRIO_NBR,RTE_TYP_NM,RTE_LVL_NBR,RTE_NODE_INSTN_ID,ACTN_TKN_ID,DOC_VER_NBR,CRTE_DT,RSP_DESC_TXT,FRC_ACTN,ACTN_RQST_ANNOTN_TXT,DLGN_TYP,APPR_PLCY,CUR_IND,VER_NBR,GRP_ID,RQST_LBL) values ('2046','2045','K','2123',null,'A','0','employee','employee','employee employee','employee','U',1,null,2,'2172',null,1,to_date('11-AUG-08','DD-MON-RR'),'Traveler Routing',1,'Action ACKNOWLEDGE generated by Workflow because Administrator took action BLANKET APPROVED Responsibility 2024 Rule Id 1049',null,'F',1,0,null,null);
Insert into KREW_ACTN_RQST_T (ACTN_RQST_ID,PARNT_ID,ACTN_RQST_CD,DOC_HDR_ID,RULE_ID,STAT_CD,RSP_ID,PRNCPL_ID,ROLE_NM,QUAL_ROLE_NM,QUAL_ROLE_NM_LBL_TXT,RECIP_TYP_CD,PRIO_NBR,RTE_TYP_NM,RTE_LVL_NBR,RTE_NODE_INSTN_ID,ACTN_TKN_ID,DOC_VER_NBR,CRTE_DT,RSP_DESC_TXT,FRC_ACTN,ACTN_RQST_ANNOTN_TXT,DLGN_TYP,APPR_PLCY,CUR_IND,VER_NBR,GRP_ID,RQST_LBL) values ('2047',null,'A','2123','1050','D','2026',null,'supervisr','supervisr supervisr','supervisr','R',1,null,3,'2173','2063',1,to_date('11-AUG-08','DD-MON-RR'),'Supervisor Routing',0,null,null,'F',1,0,null,null);
Insert into KREW_ACTN_RQST_T (ACTN_RQST_ID,PARNT_ID,ACTN_RQST_CD,DOC_HDR_ID,RULE_ID,STAT_CD,RSP_ID,PRNCPL_ID,ROLE_NM,QUAL_ROLE_NM,QUAL_ROLE_NM_LBL_TXT,RECIP_TYP_CD,PRIO_NBR,RTE_TYP_NM,RTE_LVL_NBR,RTE_NODE_INSTN_ID,ACTN_TKN_ID,DOC_VER_NBR,CRTE_DT,RSP_DESC_TXT,FRC_ACTN,ACTN_RQST_ANNOTN_TXT,DLGN_TYP,APPR_PLCY,CUR_IND,VER_NBR,GRP_ID,RQST_LBL) values ('2048','2047','A','2123','1050','D','2026','supervisor','supervisr','supervisr supervisr','supervisr','U',1,null,3,'2173','2063',1,to_date('11-AUG-08','DD-MON-RR'),'Supervisor Routing',0,null,null,'F',1,0,null,null);
Insert into KREW_ACTN_RQST_T (ACTN_RQST_ID,PARNT_ID,ACTN_RQST_CD,DOC_HDR_ID,RULE_ID,STAT_CD,RSP_ID,PRNCPL_ID,ROLE_NM,QUAL_ROLE_NM,QUAL_ROLE_NM_LBL_TXT,RECIP_TYP_CD,PRIO_NBR,RTE_TYP_NM,RTE_LVL_NBR,RTE_NODE_INSTN_ID,ACTN_TKN_ID,DOC_VER_NBR,CRTE_DT,RSP_DESC_TXT,FRC_ACTN,ACTN_RQST_ANNOTN_TXT,DLGN_TYP,APPR_PLCY,CUR_IND,VER_NBR,GRP_ID,RQST_LBL) values ('2049',null,'K','2123','1051','A','2028',null,'director','director director','director','R',1,null,3,'2173',null,1,to_date('11-AUG-08','DD-MON-RR'),'Dean/Director Routing',0,null,null,'F',1,0,null,null);
Insert into KREW_ACTN_RQST_T (ACTN_RQST_ID,PARNT_ID,ACTN_RQST_CD,DOC_HDR_ID,RULE_ID,STAT_CD,RSP_ID,PRNCPL_ID,ROLE_NM,QUAL_ROLE_NM,QUAL_ROLE_NM_LBL_TXT,RECIP_TYP_CD,PRIO_NBR,RTE_TYP_NM,RTE_LVL_NBR,RTE_NODE_INSTN_ID,ACTN_TKN_ID,DOC_VER_NBR,CRTE_DT,RSP_DESC_TXT,FRC_ACTN,ACTN_RQST_ANNOTN_TXT,DLGN_TYP,APPR_PLCY,CUR_IND,VER_NBR,GRP_ID,RQST_LBL) values ('2050','2049','K','2123','1051','A','2028','director','director','director director','director','U',1,null,3,'2173',null,1,to_date('11-AUG-08','DD-MON-RR'),'Dean/Director Routing',0,null,null,'F',1,0,null,null);
Insert into KREW_ACTN_RQST_T (ACTN_RQST_ID,PARNT_ID,ACTN_RQST_CD,DOC_HDR_ID,RULE_ID,STAT_CD,RSP_ID,PRNCPL_ID,ROLE_NM,QUAL_ROLE_NM,QUAL_ROLE_NM_LBL_TXT,RECIP_TYP_CD,PRIO_NBR,RTE_TYP_NM,RTE_LVL_NBR,RTE_NODE_INSTN_ID,ACTN_TKN_ID,DOC_VER_NBR,CRTE_DT,RSP_DESC_TXT,FRC_ACTN,ACTN_RQST_ANNOTN_TXT,DLGN_TYP,APPR_PLCY,CUR_IND,VER_NBR,GRP_ID,RQST_LBL) values ('2051',null,'K','2123',null,'A','0',null,'supervisr','supervisr supervisr','supervisr','R',1,null,3,'2173',null,1,to_date('11-AUG-08','DD-MON-RR'),'Supervisor Routing',1,'Action ACKNOWLEDGE generated by Workflow because Administrator took action BLANKET APPROVED Responsibility 2026 Rule Id 1050',null,'F',1,0,null,null);
Insert into KREW_ACTN_RQST_T (ACTN_RQST_ID,PARNT_ID,ACTN_RQST_CD,DOC_HDR_ID,RULE_ID,STAT_CD,RSP_ID,PRNCPL_ID,ROLE_NM,QUAL_ROLE_NM,QUAL_ROLE_NM_LBL_TXT,RECIP_TYP_CD,PRIO_NBR,RTE_TYP_NM,RTE_LVL_NBR,RTE_NODE_INSTN_ID,ACTN_TKN_ID,DOC_VER_NBR,CRTE_DT,RSP_DESC_TXT,FRC_ACTN,ACTN_RQST_ANNOTN_TXT,DLGN_TYP,APPR_PLCY,CUR_IND,VER_NBR,GRP_ID,RQST_LBL) values ('2052','2051','K','2123',null,'A','0','supervisor','supervisr','supervisr supervisr','supervisr','U',1,null,3,'2173',null,1,to_date('11-AUG-08','DD-MON-RR'),'Supervisor Routing',1,'Action ACKNOWLEDGE generated by Workflow because Administrator took action BLANKET APPROVED Responsibility 2026 Rule Id 1050',null,'F',1,0,null,null);
Insert into KREW_ACTN_RQST_T (ACTN_RQST_ID,PARNT_ID,ACTN_RQST_CD,DOC_HDR_ID,RULE_ID,STAT_CD,RSP_ID,PRNCPL_ID,ROLE_NM,QUAL_ROLE_NM,QUAL_ROLE_NM_LBL_TXT,RECIP_TYP_CD,PRIO_NBR,RTE_TYP_NM,RTE_LVL_NBR,RTE_NODE_INSTN_ID,ACTN_TKN_ID,DOC_VER_NBR,CRTE_DT,RSP_DESC_TXT,FRC_ACTN,ACTN_RQST_ANNOTN_TXT,DLGN_TYP,APPR_PLCY,CUR_IND,VER_NBR,GRP_ID,RQST_LBL) values ('2060',null,'A','2180','1034','D','2000','admin',null,null,null,'U',1,null,1,'2222','2080',1,to_date('16-SEP-08','DD-MON-RR'),'workflowdocumenttemplate description',0,null,null,'F',1,0,null,null);
Insert into KREW_ACTN_RQST_T (ACTN_RQST_ID,PARNT_ID,ACTN_RQST_CD,DOC_HDR_ID,RULE_ID,STAT_CD,RSP_ID,PRNCPL_ID,ROLE_NM,QUAL_ROLE_NM,QUAL_ROLE_NM_LBL_TXT,RECIP_TYP_CD,PRIO_NBR,RTE_TYP_NM,RTE_LVL_NBR,RTE_NODE_INSTN_ID,ACTN_TKN_ID,DOC_VER_NBR,CRTE_DT,RSP_DESC_TXT,FRC_ACTN,ACTN_RQST_ANNOTN_TXT,DLGN_TYP,APPR_PLCY,CUR_IND,VER_NBR,GRP_ID,RQST_LBL) values ('2061',null,'A','2180','1035','D','2002',null,null,null,null,'W',1,null,1,'2222','2080',1,to_date('16-SEP-08','DD-MON-RR'),'Workgroup Approval Rule',0,null,null,'F',1,0,'1',null);
Insert into KREW_ACTN_RQST_T (ACTN_RQST_ID,PARNT_ID,ACTN_RQST_CD,DOC_HDR_ID,RULE_ID,STAT_CD,RSP_ID,PRNCPL_ID,ROLE_NM,QUAL_ROLE_NM,QUAL_ROLE_NM_LBL_TXT,RECIP_TYP_CD,PRIO_NBR,RTE_TYP_NM,RTE_LVL_NBR,RTE_NODE_INSTN_ID,ACTN_TKN_ID,DOC_VER_NBR,CRTE_DT,RSP_DESC_TXT,FRC_ACTN,ACTN_RQST_ANNOTN_TXT,DLGN_TYP,APPR_PLCY,CUR_IND,VER_NBR,GRP_ID,RQST_LBL) values ('2080',null,'A','2218','1103','D','2040',null,null,null,null,'W',1,null,1,'2264','2101',1,to_date('16-SEP-08','DD-MON-RR'),'Routing rule for EDocLite Example with IUB selected.',0,null,null,'F',1,0,'2202',null);
Insert into KREW_ACTN_RQST_T (ACTN_RQST_ID,PARNT_ID,ACTN_RQST_CD,DOC_HDR_ID,RULE_ID,STAT_CD,RSP_ID,PRNCPL_ID,ROLE_NM,QUAL_ROLE_NM,QUAL_ROLE_NM_LBL_TXT,RECIP_TYP_CD,PRIO_NBR,RTE_TYP_NM,RTE_LVL_NBR,RTE_NODE_INSTN_ID,ACTN_TKN_ID,DOC_VER_NBR,CRTE_DT,RSP_DESC_TXT,FRC_ACTN,ACTN_RQST_ANNOTN_TXT,DLGN_TYP,APPR_PLCY,CUR_IND,VER_NBR,GRP_ID,RQST_LBL) values ('2081',null,'A','2219','1103','D','2040',null,null,null,null,'W',1,null,1,'2269','2103',1,to_date('16-SEP-08','DD-MON-RR'),'Routing rule for EDocLite Example with IUB selected.',0,null,null,'F',1,0,'2202',null);
Insert into KREW_ACTN_RQST_T (ACTN_RQST_ID,PARNT_ID,ACTN_RQST_CD,DOC_HDR_ID,RULE_ID,STAT_CD,RSP_ID,PRNCPL_ID,ROLE_NM,QUAL_ROLE_NM,QUAL_ROLE_NM_LBL_TXT,RECIP_TYP_CD,PRIO_NBR,RTE_TYP_NM,RTE_LVL_NBR,RTE_NODE_INSTN_ID,ACTN_TKN_ID,DOC_VER_NBR,CRTE_DT,RSP_DESC_TXT,FRC_ACTN,ACTN_RQST_ANNOTN_TXT,DLGN_TYP,APPR_PLCY,CUR_IND,VER_NBR,GRP_ID,RQST_LBL) values ('2100',null,'A','2260','1034','D','2000','admin',null,null,null,'U',1,null,1,'2322','2120',1,to_date('24-SEP-08','DD-MON-RR'),'workflowdocumenttemplate description',0,null,null,'F',1,0,null,null);
Insert into KREW_ACTN_RQST_T (ACTN_RQST_ID,PARNT_ID,ACTN_RQST_CD,DOC_HDR_ID,RULE_ID,STAT_CD,RSP_ID,PRNCPL_ID,ROLE_NM,QUAL_ROLE_NM,QUAL_ROLE_NM_LBL_TXT,RECIP_TYP_CD,PRIO_NBR,RTE_TYP_NM,RTE_LVL_NBR,RTE_NODE_INSTN_ID,ACTN_TKN_ID,DOC_VER_NBR,CRTE_DT,RSP_DESC_TXT,FRC_ACTN,ACTN_RQST_ANNOTN_TXT,DLGN_TYP,APPR_PLCY,CUR_IND,VER_NBR,GRP_ID,RQST_LBL) values ('2101',null,'A','2260','1035','D','2002',null,null,null,null,'W',1,null,1,'2322','2120',1,to_date('24-SEP-08','DD-MON-RR'),'Workgroup Approval Rule',0,null,null,'F',1,0,'1',null);
Insert into KREW_ACTN_RQST_T (ACTN_RQST_ID,PARNT_ID,ACTN_RQST_CD,DOC_HDR_ID,RULE_ID,STAT_CD,RSP_ID,PRNCPL_ID,ROLE_NM,QUAL_ROLE_NM,QUAL_ROLE_NM_LBL_TXT,RECIP_TYP_CD,PRIO_NBR,RTE_TYP_NM,RTE_LVL_NBR,RTE_NODE_INSTN_ID,ACTN_TKN_ID,DOC_VER_NBR,CRTE_DT,RSP_DESC_TXT,FRC_ACTN,ACTN_RQST_ANNOTN_TXT,DLGN_TYP,APPR_PLCY,CUR_IND,VER_NBR,GRP_ID,RQST_LBL) values ('2120',null,'A','2281',null,'I','-1','admin',null,null,null,'U',0,null,0,'2343',null,1,to_date('24-SEP-08','DD-MON-RR'),null,1,'Ad-Hoc Routing to admin',null,'F',1,0,null,null);
Insert into KREW_ACTN_RQST_T (ACTN_RQST_ID,PARNT_ID,ACTN_RQST_CD,DOC_HDR_ID,RULE_ID,STAT_CD,RSP_ID,PRNCPL_ID,ROLE_NM,QUAL_ROLE_NM,QUAL_ROLE_NM_LBL_TXT,RECIP_TYP_CD,PRIO_NBR,RTE_TYP_NM,RTE_LVL_NBR,RTE_NODE_INSTN_ID,ACTN_TKN_ID,DOC_VER_NBR,CRTE_DT,RSP_DESC_TXT,FRC_ACTN,ACTN_RQST_ANNOTN_TXT,DLGN_TYP,APPR_PLCY,CUR_IND,VER_NBR,GRP_ID,RQST_LBL) values ('2140',null,'K','2389',null,'I','-1','erin',null,null,null,'U',0,null,0,'2463',null,1,to_date('01-OCT-08','DD-MON-RR'),null,1,null,null,'F',1,0,null,null);
Insert into KREW_ACTN_RQST_T (ACTN_RQST_ID,PARNT_ID,ACTN_RQST_CD,DOC_HDR_ID,RULE_ID,STAT_CD,RSP_ID,PRNCPL_ID,ROLE_NM,QUAL_ROLE_NM,QUAL_ROLE_NM_LBL_TXT,RECIP_TYP_CD,PRIO_NBR,RTE_TYP_NM,RTE_LVL_NBR,RTE_NODE_INSTN_ID,ACTN_TKN_ID,DOC_VER_NBR,CRTE_DT,RSP_DESC_TXT,FRC_ACTN,ACTN_RQST_ANNOTN_TXT,DLGN_TYP,APPR_PLCY,CUR_IND,VER_NBR,GRP_ID,RQST_LBL) values ('2141',null,'A','2391',null,'D','-1','dev1',null,null,null,'U',0,null,0,'2470','2169',1,to_date('01-OCT-08','DD-MON-RR'),null,1,null,null,'F',1,0,null,null);
Insert into KREW_ACTN_RQST_T (ACTN_RQST_ID,PARNT_ID,ACTN_RQST_CD,DOC_HDR_ID,RULE_ID,STAT_CD,RSP_ID,PRNCPL_ID,ROLE_NM,QUAL_ROLE_NM,QUAL_ROLE_NM_LBL_TXT,RECIP_TYP_CD,PRIO_NBR,RTE_TYP_NM,RTE_LVL_NBR,RTE_NODE_INSTN_ID,ACTN_TKN_ID,DOC_VER_NBR,CRTE_DT,RSP_DESC_TXT,FRC_ACTN,ACTN_RQST_ANNOTN_TXT,DLGN_TYP,APPR_PLCY,CUR_IND,VER_NBR,GRP_ID,RQST_LBL) values ('2160',null,'F','2401',null,'A','-1','edna',null,null,null,'U',0,null,0,'2504',null,1,to_date('01-OCT-08','DD-MON-RR'),null,1,null,null,'F',1,0,null,null);
Insert into KREW_ACTN_RQST_T (ACTN_RQST_ID,PARNT_ID,ACTN_RQST_CD,DOC_HDR_ID,RULE_ID,STAT_CD,RSP_ID,PRNCPL_ID,ROLE_NM,QUAL_ROLE_NM,QUAL_ROLE_NM_LBL_TXT,RECIP_TYP_CD,PRIO_NBR,RTE_TYP_NM,RTE_LVL_NBR,RTE_NODE_INSTN_ID,ACTN_TKN_ID,DOC_VER_NBR,CRTE_DT,RSP_DESC_TXT,FRC_ACTN,ACTN_RQST_ANNOTN_TXT,DLGN_TYP,APPR_PLCY,CUR_IND,VER_NBR,GRP_ID,RQST_LBL) values ('2161',null,'A','2401','1046','A','2022','user4',null,null,null,'U',1,null,1,'2505',null,1,to_date('01-OCT-08','DD-MON-RR'),'Destination Rule',0,null,null,'F',1,0,null,null);
Insert into KREW_ACTN_RQST_T (ACTN_RQST_ID,PARNT_ID,ACTN_RQST_CD,DOC_HDR_ID,RULE_ID,STAT_CD,RSP_ID,PRNCPL_ID,ROLE_NM,QUAL_ROLE_NM,QUAL_ROLE_NM_LBL_TXT,RECIP_TYP_CD,PRIO_NBR,RTE_TYP_NM,RTE_LVL_NBR,RTE_NODE_INSTN_ID,ACTN_TKN_ID,DOC_VER_NBR,CRTE_DT,RSP_DESC_TXT,FRC_ACTN,ACTN_RQST_ANNOTN_TXT,DLGN_TYP,APPR_PLCY,CUR_IND,VER_NBR,GRP_ID,RQST_LBL) values ('2179',null,'F','2404',null,'A','-1','doug',null,null,null,'U',0,null,0,'2519',null,1,to_date('01-OCT-08','DD-MON-RR'),null,1,null,null,'F',1,0,null,null);
Insert into KREW_ACTN_RQST_T (ACTN_RQST_ID,PARNT_ID,ACTN_RQST_CD,DOC_HDR_ID,RULE_ID,STAT_CD,RSP_ID,PRNCPL_ID,ROLE_NM,QUAL_ROLE_NM,QUAL_ROLE_NM_LBL_TXT,RECIP_TYP_CD,PRIO_NBR,RTE_TYP_NM,RTE_LVL_NBR,RTE_NODE_INSTN_ID,ACTN_TKN_ID,DOC_VER_NBR,CRTE_DT,RSP_DESC_TXT,FRC_ACTN,ACTN_RQST_ANNOTN_TXT,DLGN_TYP,APPR_PLCY,CUR_IND,VER_NBR,GRP_ID,RQST_LBL) values ('2180',null,'A','2404','1046','A','2022','user4',null,null,null,'U',1,null,1,'2520',null,1,to_date('01-OCT-08','DD-MON-RR'),'Destination Rule',0,null,null,'F',1,0,null,null);
Insert into KREW_ACTN_RQST_T (ACTN_RQST_ID,PARNT_ID,ACTN_RQST_CD,DOC_HDR_ID,RULE_ID,STAT_CD,RSP_ID,PRNCPL_ID,ROLE_NM,QUAL_ROLE_NM,QUAL_ROLE_NM_LBL_TXT,RECIP_TYP_CD,PRIO_NBR,RTE_TYP_NM,RTE_LVL_NBR,RTE_NODE_INSTN_ID,ACTN_TKN_ID,DOC_VER_NBR,CRTE_DT,RSP_DESC_TXT,FRC_ACTN,ACTN_RQST_ANNOTN_TXT,DLGN_TYP,APPR_PLCY,CUR_IND,VER_NBR,GRP_ID,RQST_LBL) values ('2192',null,'F','2405',null,'A','-1','director',null,null,null,'U',0,null,0,'2525',null,1,to_date('01-OCT-08','DD-MON-RR'),null,1,null,null,'F',1,0,null,null);
Insert into KREW_ACTN_RQST_T (ACTN_RQST_ID,PARNT_ID,ACTN_RQST_CD,DOC_HDR_ID,RULE_ID,STAT_CD,RSP_ID,PRNCPL_ID,ROLE_NM,QUAL_ROLE_NM,QUAL_ROLE_NM_LBL_TXT,RECIP_TYP_CD,PRIO_NBR,RTE_TYP_NM,RTE_LVL_NBR,RTE_NODE_INSTN_ID,ACTN_TKN_ID,DOC_VER_NBR,CRTE_DT,RSP_DESC_TXT,FRC_ACTN,ACTN_RQST_ANNOTN_TXT,DLGN_TYP,APPR_PLCY,CUR_IND,VER_NBR,GRP_ID,RQST_LBL) values ('2193',null,'A','2405','1046','D','2022','user4',null,null,null,'U',1,null,1,'2526','2185',1,to_date('01-OCT-08','DD-MON-RR'),'Destination Rule',0,null,null,'F',1,0,null,null);
Insert into KREW_ACTN_RQST_T (ACTN_RQST_ID,PARNT_ID,ACTN_RQST_CD,DOC_HDR_ID,RULE_ID,STAT_CD,RSP_ID,PRNCPL_ID,ROLE_NM,QUAL_ROLE_NM,QUAL_ROLE_NM_LBL_TXT,RECIP_TYP_CD,PRIO_NBR,RTE_TYP_NM,RTE_LVL_NBR,RTE_NODE_INSTN_ID,ACTN_TKN_ID,DOC_VER_NBR,CRTE_DT,RSP_DESC_TXT,FRC_ACTN,ACTN_RQST_ANNOTN_TXT,DLGN_TYP,APPR_PLCY,CUR_IND,VER_NBR,GRP_ID,RQST_LBL) values ('2194',null,'K','2405',null,'A','0','user4',null,null,null,'U',1,null,1,'2526',null,1,to_date('01-OCT-08','DD-MON-RR'),'Destination Rule',1,'Action ACKNOWLEDGE generated by Workflow because admin, admin null took action BLANKET APPROVED Responsibility 2022 Rule Id 1046',null,'F',1,0,null,null);
Insert into KREW_ACTN_RQST_T (ACTN_RQST_ID,PARNT_ID,ACTN_RQST_CD,DOC_HDR_ID,RULE_ID,STAT_CD,RSP_ID,PRNCPL_ID,ROLE_NM,QUAL_ROLE_NM,QUAL_ROLE_NM_LBL_TXT,RECIP_TYP_CD,PRIO_NBR,RTE_TYP_NM,RTE_LVL_NBR,RTE_NODE_INSTN_ID,ACTN_TKN_ID,DOC_VER_NBR,CRTE_DT,RSP_DESC_TXT,FRC_ACTN,ACTN_RQST_ANNOTN_TXT,DLGN_TYP,APPR_PLCY,CUR_IND,VER_NBR,GRP_ID,RQST_LBL) values ('2195',null,'A','2405','1049','D','2024',null,'employee','employee employee','employee','R',1,null,2,'2527','2185',1,to_date('01-OCT-08','DD-MON-RR'),'Traveler Routing',0,null,null,'F',1,0,null,null);
Insert into KREW_ACTN_RQST_T (ACTN_RQST_ID,PARNT_ID,ACTN_RQST_CD,DOC_HDR_ID,RULE_ID,STAT_CD,RSP_ID,PRNCPL_ID,ROLE_NM,QUAL_ROLE_NM,QUAL_ROLE_NM_LBL_TXT,RECIP_TYP_CD,PRIO_NBR,RTE_TYP_NM,RTE_LVL_NBR,RTE_NODE_INSTN_ID,ACTN_TKN_ID,DOC_VER_NBR,CRTE_DT,RSP_DESC_TXT,FRC_ACTN,ACTN_RQST_ANNOTN_TXT,DLGN_TYP,APPR_PLCY,CUR_IND,VER_NBR,GRP_ID,RQST_LBL) values ('2196','2195','A','2405','1049','D','2024','employee','employee','employee employee','employee','U',1,null,2,'2527','2185',1,to_date('01-OCT-08','DD-MON-RR'),'Traveler Routing',0,null,null,'F',1,0,null,null);
Insert into KREW_ACTN_RQST_T (ACTN_RQST_ID,PARNT_ID,ACTN_RQST_CD,DOC_HDR_ID,RULE_ID,STAT_CD,RSP_ID,PRNCPL_ID,ROLE_NM,QUAL_ROLE_NM,QUAL_ROLE_NM_LBL_TXT,RECIP_TYP_CD,PRIO_NBR,RTE_TYP_NM,RTE_LVL_NBR,RTE_NODE_INSTN_ID,ACTN_TKN_ID,DOC_VER_NBR,CRTE_DT,RSP_DESC_TXT,FRC_ACTN,ACTN_RQST_ANNOTN_TXT,DLGN_TYP,APPR_PLCY,CUR_IND,VER_NBR,GRP_ID,RQST_LBL) values ('2197',null,'K','2405',null,'A','0',null,'employee','employee employee','employee','R',1,null,2,'2527',null,1,to_date('01-OCT-08','DD-MON-RR'),'Traveler Routing',1,'Action ACKNOWLEDGE generated by Workflow because admin, admin null took action BLANKET APPROVED Responsibility 2024 Rule Id 1049',null,'F',1,0,null,null);
Insert into KREW_ACTN_RQST_T (ACTN_RQST_ID,PARNT_ID,ACTN_RQST_CD,DOC_HDR_ID,RULE_ID,STAT_CD,RSP_ID,PRNCPL_ID,ROLE_NM,QUAL_ROLE_NM,QUAL_ROLE_NM_LBL_TXT,RECIP_TYP_CD,PRIO_NBR,RTE_TYP_NM,RTE_LVL_NBR,RTE_NODE_INSTN_ID,ACTN_TKN_ID,DOC_VER_NBR,CRTE_DT,RSP_DESC_TXT,FRC_ACTN,ACTN_RQST_ANNOTN_TXT,DLGN_TYP,APPR_PLCY,CUR_IND,VER_NBR,GRP_ID,RQST_LBL) values ('2198','2197','K','2405',null,'A','0','employee','employee','employee employee','employee','U',1,null,2,'2527',null,1,to_date('01-OCT-08','DD-MON-RR'),'Traveler Routing',1,'Action ACKNOWLEDGE generated by Workflow because admin, admin null took action BLANKET APPROVED Responsibility 2024 Rule Id 1049',null,'F',1,0,null,null);
Insert into KREW_ACTN_RQST_T (ACTN_RQST_ID,PARNT_ID,ACTN_RQST_CD,DOC_HDR_ID,RULE_ID,STAT_CD,RSP_ID,PRNCPL_ID,ROLE_NM,QUAL_ROLE_NM,QUAL_ROLE_NM_LBL_TXT,RECIP_TYP_CD,PRIO_NBR,RTE_TYP_NM,RTE_LVL_NBR,RTE_NODE_INSTN_ID,ACTN_TKN_ID,DOC_VER_NBR,CRTE_DT,RSP_DESC_TXT,FRC_ACTN,ACTN_RQST_ANNOTN_TXT,DLGN_TYP,APPR_PLCY,CUR_IND,VER_NBR,GRP_ID,RQST_LBL) values ('2199',null,'A','2405','1050','D','2026',null,'supervisr','supervisr supervisr','supervisr','R',1,null,3,'2528','2185',1,to_date('01-OCT-08','DD-MON-RR'),'Supervisor Routing',0,null,null,'F',1,0,null,null);
Insert into KREW_ACTN_RQST_T (ACTN_RQST_ID,PARNT_ID,ACTN_RQST_CD,DOC_HDR_ID,RULE_ID,STAT_CD,RSP_ID,PRNCPL_ID,ROLE_NM,QUAL_ROLE_NM,QUAL_ROLE_NM_LBL_TXT,RECIP_TYP_CD,PRIO_NBR,RTE_TYP_NM,RTE_LVL_NBR,RTE_NODE_INSTN_ID,ACTN_TKN_ID,DOC_VER_NBR,CRTE_DT,RSP_DESC_TXT,FRC_ACTN,ACTN_RQST_ANNOTN_TXT,DLGN_TYP,APPR_PLCY,CUR_IND,VER_NBR,GRP_ID,RQST_LBL) values ('2200','2199','A','2405','1050','D','2026','supervisor','supervisr','supervisr supervisr','supervisr','U',1,null,3,'2528','2185',1,to_date('01-OCT-08','DD-MON-RR'),'Supervisor Routing',0,null,null,'F',1,0,null,null);
Insert into KREW_ACTN_RQST_T (ACTN_RQST_ID,PARNT_ID,ACTN_RQST_CD,DOC_HDR_ID,RULE_ID,STAT_CD,RSP_ID,PRNCPL_ID,ROLE_NM,QUAL_ROLE_NM,QUAL_ROLE_NM_LBL_TXT,RECIP_TYP_CD,PRIO_NBR,RTE_TYP_NM,RTE_LVL_NBR,RTE_NODE_INSTN_ID,ACTN_TKN_ID,DOC_VER_NBR,CRTE_DT,RSP_DESC_TXT,FRC_ACTN,ACTN_RQST_ANNOTN_TXT,DLGN_TYP,APPR_PLCY,CUR_IND,VER_NBR,GRP_ID,RQST_LBL) values ('2201',null,'K','2405','1051','A','2028',null,'director','director director','director','R',1,null,3,'2528',null,1,to_date('01-OCT-08','DD-MON-RR'),'Dean/Director Routing',0,null,null,'F',1,0,null,null);
Insert into KREW_ACTN_RQST_T (ACTN_RQST_ID,PARNT_ID,ACTN_RQST_CD,DOC_HDR_ID,RULE_ID,STAT_CD,RSP_ID,PRNCPL_ID,ROLE_NM,QUAL_ROLE_NM,QUAL_ROLE_NM_LBL_TXT,RECIP_TYP_CD,PRIO_NBR,RTE_TYP_NM,RTE_LVL_NBR,RTE_NODE_INSTN_ID,ACTN_TKN_ID,DOC_VER_NBR,CRTE_DT,RSP_DESC_TXT,FRC_ACTN,ACTN_RQST_ANNOTN_TXT,DLGN_TYP,APPR_PLCY,CUR_IND,VER_NBR,GRP_ID,RQST_LBL) values ('2202','2201','K','2405','1051','A','2028','director','director','director director','director','U',1,null,3,'2528',null,1,to_date('01-OCT-08','DD-MON-RR'),'Dean/Director Routing',0,null,null,'F',1,0,null,null);
Insert into KREW_ACTN_RQST_T (ACTN_RQST_ID,PARNT_ID,ACTN_RQST_CD,DOC_HDR_ID,RULE_ID,STAT_CD,RSP_ID,PRNCPL_ID,ROLE_NM,QUAL_ROLE_NM,QUAL_ROLE_NM_LBL_TXT,RECIP_TYP_CD,PRIO_NBR,RTE_TYP_NM,RTE_LVL_NBR,RTE_NODE_INSTN_ID,ACTN_TKN_ID,DOC_VER_NBR,CRTE_DT,RSP_DESC_TXT,FRC_ACTN,ACTN_RQST_ANNOTN_TXT,DLGN_TYP,APPR_PLCY,CUR_IND,VER_NBR,GRP_ID,RQST_LBL) values ('2203',null,'K','2405',null,'A','0',null,'supervisr','supervisr supervisr','supervisr','R',1,null,3,'2528',null,1,to_date('01-OCT-08','DD-MON-RR'),'Supervisor Routing',1,'Action ACKNOWLEDGE generated by Workflow because admin, admin null took action BLANKET APPROVED Responsibility 2026 Rule Id 1050',null,'F',1,0,null,null);
Insert into KREW_ACTN_RQST_T (ACTN_RQST_ID,PARNT_ID,ACTN_RQST_CD,DOC_HDR_ID,RULE_ID,STAT_CD,RSP_ID,PRNCPL_ID,ROLE_NM,QUAL_ROLE_NM,QUAL_ROLE_NM_LBL_TXT,RECIP_TYP_CD,PRIO_NBR,RTE_TYP_NM,RTE_LVL_NBR,RTE_NODE_INSTN_ID,ACTN_TKN_ID,DOC_VER_NBR,CRTE_DT,RSP_DESC_TXT,FRC_ACTN,ACTN_RQST_ANNOTN_TXT,DLGN_TYP,APPR_PLCY,CUR_IND,VER_NBR,GRP_ID,RQST_LBL) values ('2204','2203','K','2405',null,'A','0','supervisor','supervisr','supervisr supervisr','supervisr','U',1,null,3,'2528',null,1,to_date('01-OCT-08','DD-MON-RR'),'Supervisor Routing',1,'Action ACKNOWLEDGE generated by Workflow because admin, admin null took action BLANKET APPROVED Responsibility 2026 Rule Id 1050',null,'F',1,0,null,null);
Insert into KREW_ACTN_RQST_T (ACTN_RQST_ID,PARNT_ID,ACTN_RQST_CD,DOC_HDR_ID,RULE_ID,STAT_CD,RSP_ID,PRNCPL_ID,ROLE_NM,QUAL_ROLE_NM,QUAL_ROLE_NM_LBL_TXT,RECIP_TYP_CD,PRIO_NBR,RTE_TYP_NM,RTE_LVL_NBR,RTE_NODE_INSTN_ID,ACTN_TKN_ID,DOC_VER_NBR,CRTE_DT,RSP_DESC_TXT,FRC_ACTN,ACTN_RQST_ANNOTN_TXT,DLGN_TYP,APPR_PLCY,CUR_IND,VER_NBR,GRP_ID,RQST_LBL) values ('2205',null,'F','2407',null,'A','-1','idm3',null,null,null,'U',0,null,0,'2536',null,1,to_date('01-OCT-08','DD-MON-RR'),null,1,null,null,'F',1,0,null,null);
Insert into KREW_ACTN_RQST_T (ACTN_RQST_ID,PARNT_ID,ACTN_RQST_CD,DOC_HDR_ID,RULE_ID,STAT_CD,RSP_ID,PRNCPL_ID,ROLE_NM,QUAL_ROLE_NM,QUAL_ROLE_NM_LBL_TXT,RECIP_TYP_CD,PRIO_NBR,RTE_TYP_NM,RTE_LVL_NBR,RTE_NODE_INSTN_ID,ACTN_TKN_ID,DOC_VER_NBR,CRTE_DT,RSP_DESC_TXT,FRC_ACTN,ACTN_RQST_ANNOTN_TXT,DLGN_TYP,APPR_PLCY,CUR_IND,VER_NBR,GRP_ID,RQST_LBL) values ('2206',null,'A','2407','1046','D','2022','user4',null,null,null,'U',1,null,1,'2539','2187',1,to_date('01-OCT-08','DD-MON-RR'),'Destination Rule',0,null,null,'F',1,0,null,null);
Insert into KREW_ACTN_RQST_T (ACTN_RQST_ID,PARNT_ID,ACTN_RQST_CD,DOC_HDR_ID,RULE_ID,STAT_CD,RSP_ID,PRNCPL_ID,ROLE_NM,QUAL_ROLE_NM,QUAL_ROLE_NM_LBL_TXT,RECIP_TYP_CD,PRIO_NBR,RTE_TYP_NM,RTE_LVL_NBR,RTE_NODE_INSTN_ID,ACTN_TKN_ID,DOC_VER_NBR,CRTE_DT,RSP_DESC_TXT,FRC_ACTN,ACTN_RQST_ANNOTN_TXT,DLGN_TYP,APPR_PLCY,CUR_IND,VER_NBR,GRP_ID,RQST_LBL) values ('2207',null,'K','2407',null,'A','0','user4',null,null,null,'U',1,null,1,'2539',null,1,to_date('01-OCT-08','DD-MON-RR'),'Destination Rule',1,'Action ACKNOWLEDGE generated by Workflow because admin, admin null took action BLANKET APPROVED Responsibility 2022 Rule Id 1046',null,'F',1,0,null,null);
Insert into KREW_ACTN_RQST_T (ACTN_RQST_ID,PARNT_ID,ACTN_RQST_CD,DOC_HDR_ID,RULE_ID,STAT_CD,RSP_ID,PRNCPL_ID,ROLE_NM,QUAL_ROLE_NM,QUAL_ROLE_NM_LBL_TXT,RECIP_TYP_CD,PRIO_NBR,RTE_TYP_NM,RTE_LVL_NBR,RTE_NODE_INSTN_ID,ACTN_TKN_ID,DOC_VER_NBR,CRTE_DT,RSP_DESC_TXT,FRC_ACTN,ACTN_RQST_ANNOTN_TXT,DLGN_TYP,APPR_PLCY,CUR_IND,VER_NBR,GRP_ID,RQST_LBL) values ('2208',null,'A','2407','1049','D','2024',null,'employee','employee employee','employee','R',1,null,2,'2540','2187',1,to_date('01-OCT-08','DD-MON-RR'),'Traveler Routing',0,null,null,'F',1,0,null,null);
Insert into KREW_ACTN_RQST_T (ACTN_RQST_ID,PARNT_ID,ACTN_RQST_CD,DOC_HDR_ID,RULE_ID,STAT_CD,RSP_ID,PRNCPL_ID,ROLE_NM,QUAL_ROLE_NM,QUAL_ROLE_NM_LBL_TXT,RECIP_TYP_CD,PRIO_NBR,RTE_TYP_NM,RTE_LVL_NBR,RTE_NODE_INSTN_ID,ACTN_TKN_ID,DOC_VER_NBR,CRTE_DT,RSP_DESC_TXT,FRC_ACTN,ACTN_RQST_ANNOTN_TXT,DLGN_TYP,APPR_PLCY,CUR_IND,VER_NBR,GRP_ID,RQST_LBL) values ('2209','2208','A','2407','1049','D','2024','employee','employee','employee employee','employee','U',1,null,2,'2540','2187',1,to_date('01-OCT-08','DD-MON-RR'),'Traveler Routing',0,null,null,'F',1,0,null,null);
Insert into KREW_ACTN_RQST_T (ACTN_RQST_ID,PARNT_ID,ACTN_RQST_CD,DOC_HDR_ID,RULE_ID,STAT_CD,RSP_ID,PRNCPL_ID,ROLE_NM,QUAL_ROLE_NM,QUAL_ROLE_NM_LBL_TXT,RECIP_TYP_CD,PRIO_NBR,RTE_TYP_NM,RTE_LVL_NBR,RTE_NODE_INSTN_ID,ACTN_TKN_ID,DOC_VER_NBR,CRTE_DT,RSP_DESC_TXT,FRC_ACTN,ACTN_RQST_ANNOTN_TXT,DLGN_TYP,APPR_PLCY,CUR_IND,VER_NBR,GRP_ID,RQST_LBL) values ('2210',null,'K','2407',null,'A','0',null,'employee','employee employee','employee','R',1,null,2,'2540',null,1,to_date('01-OCT-08','DD-MON-RR'),'Traveler Routing',1,'Action ACKNOWLEDGE generated by Workflow because admin, admin null took action BLANKET APPROVED Responsibility 2024 Rule Id 1049',null,'F',1,0,null,null);
Insert into KREW_ACTN_RQST_T (ACTN_RQST_ID,PARNT_ID,ACTN_RQST_CD,DOC_HDR_ID,RULE_ID,STAT_CD,RSP_ID,PRNCPL_ID,ROLE_NM,QUAL_ROLE_NM,QUAL_ROLE_NM_LBL_TXT,RECIP_TYP_CD,PRIO_NBR,RTE_TYP_NM,RTE_LVL_NBR,RTE_NODE_INSTN_ID,ACTN_TKN_ID,DOC_VER_NBR,CRTE_DT,RSP_DESC_TXT,FRC_ACTN,ACTN_RQST_ANNOTN_TXT,DLGN_TYP,APPR_PLCY,CUR_IND,VER_NBR,GRP_ID,RQST_LBL) values ('2211','2210','K','2407',null,'A','0','employee','employee','employee employee','employee','U',1,null,2,'2540',null,1,to_date('01-OCT-08','DD-MON-RR'),'Traveler Routing',1,'Action ACKNOWLEDGE generated by Workflow because admin, admin null took action BLANKET APPROVED Responsibility 2024 Rule Id 1049',null,'F',1,0,null,null);
Insert into KREW_ACTN_RQST_T (ACTN_RQST_ID,PARNT_ID,ACTN_RQST_CD,DOC_HDR_ID,RULE_ID,STAT_CD,RSP_ID,PRNCPL_ID,ROLE_NM,QUAL_ROLE_NM,QUAL_ROLE_NM_LBL_TXT,RECIP_TYP_CD,PRIO_NBR,RTE_TYP_NM,RTE_LVL_NBR,RTE_NODE_INSTN_ID,ACTN_TKN_ID,DOC_VER_NBR,CRTE_DT,RSP_DESC_TXT,FRC_ACTN,ACTN_RQST_ANNOTN_TXT,DLGN_TYP,APPR_PLCY,CUR_IND,VER_NBR,GRP_ID,RQST_LBL) values ('2212',null,'A','2407','1050','D','2026',null,'supervisr','supervisr supervisr','supervisr','R',1,null,3,'2541','2187',1,to_date('01-OCT-08','DD-MON-RR'),'Supervisor Routing',0,null,null,'F',1,0,null,null);
Insert into KREW_ACTN_RQST_T (ACTN_RQST_ID,PARNT_ID,ACTN_RQST_CD,DOC_HDR_ID,RULE_ID,STAT_CD,RSP_ID,PRNCPL_ID,ROLE_NM,QUAL_ROLE_NM,QUAL_ROLE_NM_LBL_TXT,RECIP_TYP_CD,PRIO_NBR,RTE_TYP_NM,RTE_LVL_NBR,RTE_NODE_INSTN_ID,ACTN_TKN_ID,DOC_VER_NBR,CRTE_DT,RSP_DESC_TXT,FRC_ACTN,ACTN_RQST_ANNOTN_TXT,DLGN_TYP,APPR_PLCY,CUR_IND,VER_NBR,GRP_ID,RQST_LBL) values ('2213','2212','A','2407','1050','D','2026','supervisor','supervisr','supervisr supervisr','supervisr','U',1,null,3,'2541','2187',1,to_date('01-OCT-08','DD-MON-RR'),'Supervisor Routing',0,null,null,'F',1,0,null,null);
Insert into KREW_ACTN_RQST_T (ACTN_RQST_ID,PARNT_ID,ACTN_RQST_CD,DOC_HDR_ID,RULE_ID,STAT_CD,RSP_ID,PRNCPL_ID,ROLE_NM,QUAL_ROLE_NM,QUAL_ROLE_NM_LBL_TXT,RECIP_TYP_CD,PRIO_NBR,RTE_TYP_NM,RTE_LVL_NBR,RTE_NODE_INSTN_ID,ACTN_TKN_ID,DOC_VER_NBR,CRTE_DT,RSP_DESC_TXT,FRC_ACTN,ACTN_RQST_ANNOTN_TXT,DLGN_TYP,APPR_PLCY,CUR_IND,VER_NBR,GRP_ID,RQST_LBL) values ('2214',null,'K','2407','1051','A','2028',null,'director','director director','director','R',1,null,3,'2541',null,1,to_date('01-OCT-08','DD-MON-RR'),'Dean/Director Routing',0,null,null,'F',1,0,null,null);
Insert into KREW_ACTN_RQST_T (ACTN_RQST_ID,PARNT_ID,ACTN_RQST_CD,DOC_HDR_ID,RULE_ID,STAT_CD,RSP_ID,PRNCPL_ID,ROLE_NM,QUAL_ROLE_NM,QUAL_ROLE_NM_LBL_TXT,RECIP_TYP_CD,PRIO_NBR,RTE_TYP_NM,RTE_LVL_NBR,RTE_NODE_INSTN_ID,ACTN_TKN_ID,DOC_VER_NBR,CRTE_DT,RSP_DESC_TXT,FRC_ACTN,ACTN_RQST_ANNOTN_TXT,DLGN_TYP,APPR_PLCY,CUR_IND,VER_NBR,GRP_ID,RQST_LBL) values ('2215','2214','K','2407','1051','A','2028','director','director','director director','director','U',1,null,3,'2541',null,1,to_date('01-OCT-08','DD-MON-RR'),'Dean/Director Routing',0,null,null,'F',1,0,null,null);
Insert into KREW_ACTN_RQST_T (ACTN_RQST_ID,PARNT_ID,ACTN_RQST_CD,DOC_HDR_ID,RULE_ID,STAT_CD,RSP_ID,PRNCPL_ID,ROLE_NM,QUAL_ROLE_NM,QUAL_ROLE_NM_LBL_TXT,RECIP_TYP_CD,PRIO_NBR,RTE_TYP_NM,RTE_LVL_NBR,RTE_NODE_INSTN_ID,ACTN_TKN_ID,DOC_VER_NBR,CRTE_DT,RSP_DESC_TXT,FRC_ACTN,ACTN_RQST_ANNOTN_TXT,DLGN_TYP,APPR_PLCY,CUR_IND,VER_NBR,GRP_ID,RQST_LBL) values ('2216',null,'K','2407',null,'A','0',null,'supervisr','supervisr supervisr','supervisr','R',1,null,3,'2541',null,1,to_date('01-OCT-08','DD-MON-RR'),'Supervisor Routing',1,'Action ACKNOWLEDGE generated by Workflow because admin, admin null took action BLANKET APPROVED Responsibility 2026 Rule Id 1050',null,'F',1,0,null,null);
Insert into KREW_ACTN_RQST_T (ACTN_RQST_ID,PARNT_ID,ACTN_RQST_CD,DOC_HDR_ID,RULE_ID,STAT_CD,RSP_ID,PRNCPL_ID,ROLE_NM,QUAL_ROLE_NM,QUAL_ROLE_NM_LBL_TXT,RECIP_TYP_CD,PRIO_NBR,RTE_TYP_NM,RTE_LVL_NBR,RTE_NODE_INSTN_ID,ACTN_TKN_ID,DOC_VER_NBR,CRTE_DT,RSP_DESC_TXT,FRC_ACTN,ACTN_RQST_ANNOTN_TXT,DLGN_TYP,APPR_PLCY,CUR_IND,VER_NBR,GRP_ID,RQST_LBL) values ('2217','2216','K','2407',null,'A','0','supervisor','supervisr','supervisr supervisr','supervisr','U',1,null,3,'2541',null,1,to_date('01-OCT-08','DD-MON-RR'),'Supervisor Routing',1,'Action ACKNOWLEDGE generated by Workflow because admin, admin null took action BLANKET APPROVED Responsibility 2026 Rule Id 1050',null,'F',1,0,null,null);
Insert into KREW_ACTN_RQST_T (ACTN_RQST_ID,PARNT_ID,ACTN_RQST_CD,DOC_HDR_ID,RULE_ID,STAT_CD,RSP_ID,PRNCPL_ID,ROLE_NM,QUAL_ROLE_NM,QUAL_ROLE_NM_LBL_TXT,RECIP_TYP_CD,PRIO_NBR,RTE_TYP_NM,RTE_LVL_NBR,RTE_NODE_INSTN_ID,ACTN_TKN_ID,DOC_VER_NBR,CRTE_DT,RSP_DESC_TXT,FRC_ACTN,ACTN_RQST_ANNOTN_TXT,DLGN_TYP,APPR_PLCY,CUR_IND,VER_NBR,GRP_ID,RQST_LBL) values ('2232',null,'A','2482','1046','D','2022','user4',null,null,null,'U',1,null,1,'2632','2202',1,to_date('23-OCT-08','DD-MON-RR'),'Destination Rule',0,null,null,'F',1,0,null,null);
Insert into KREW_ACTN_RQST_T (ACTN_RQST_ID,PARNT_ID,ACTN_RQST_CD,DOC_HDR_ID,RULE_ID,STAT_CD,RSP_ID,PRNCPL_ID,ROLE_NM,QUAL_ROLE_NM,QUAL_ROLE_NM_LBL_TXT,RECIP_TYP_CD,PRIO_NBR,RTE_TYP_NM,RTE_LVL_NBR,RTE_NODE_INSTN_ID,ACTN_TKN_ID,DOC_VER_NBR,CRTE_DT,RSP_DESC_TXT,FRC_ACTN,ACTN_RQST_ANNOTN_TXT,DLGN_TYP,APPR_PLCY,CUR_IND,VER_NBR,GRP_ID,RQST_LBL) values ('2233',null,'K','2482',null,'A','0','user4',null,null,null,'U',1,null,1,'2632',null,1,to_date('23-OCT-08','DD-MON-RR'),'Destination Rule',1,'Action ACKNOWLEDGE generated by Workflow because admin, admin null took action BLANKET APPROVED Responsibility 2022 Rule Id 1046',null,'F',1,0,null,null);
Insert into KREW_ACTN_RQST_T (ACTN_RQST_ID,PARNT_ID,ACTN_RQST_CD,DOC_HDR_ID,RULE_ID,STAT_CD,RSP_ID,PRNCPL_ID,ROLE_NM,QUAL_ROLE_NM,QUAL_ROLE_NM_LBL_TXT,RECIP_TYP_CD,PRIO_NBR,RTE_TYP_NM,RTE_LVL_NBR,RTE_NODE_INSTN_ID,ACTN_TKN_ID,DOC_VER_NBR,CRTE_DT,RSP_DESC_TXT,FRC_ACTN,ACTN_RQST_ANNOTN_TXT,DLGN_TYP,APPR_PLCY,CUR_IND,VER_NBR,GRP_ID,RQST_LBL) values ('2234',null,'A','2482','1049','D','2024',null,'employee','employee employee','employee','R',1,null,2,'2633','2202',1,to_date('23-OCT-08','DD-MON-RR'),'Traveler Routing',0,null,null,'F',1,0,null,null);
Insert into KREW_ACTN_RQST_T (ACTN_RQST_ID,PARNT_ID,ACTN_RQST_CD,DOC_HDR_ID,RULE_ID,STAT_CD,RSP_ID,PRNCPL_ID,ROLE_NM,QUAL_ROLE_NM,QUAL_ROLE_NM_LBL_TXT,RECIP_TYP_CD,PRIO_NBR,RTE_TYP_NM,RTE_LVL_NBR,RTE_NODE_INSTN_ID,ACTN_TKN_ID,DOC_VER_NBR,CRTE_DT,RSP_DESC_TXT,FRC_ACTN,ACTN_RQST_ANNOTN_TXT,DLGN_TYP,APPR_PLCY,CUR_IND,VER_NBR,GRP_ID,RQST_LBL) values ('2235','2234','A','2482','1049','D','2024','employee','employee','employee employee','employee','U',1,null,2,'2633','2202',1,to_date('23-OCT-08','DD-MON-RR'),'Traveler Routing',0,null,null,'F',1,0,null,null);
Insert into KREW_ACTN_RQST_T (ACTN_RQST_ID,PARNT_ID,ACTN_RQST_CD,DOC_HDR_ID,RULE_ID,STAT_CD,RSP_ID,PRNCPL_ID,ROLE_NM,QUAL_ROLE_NM,QUAL_ROLE_NM_LBL_TXT,RECIP_TYP_CD,PRIO_NBR,RTE_TYP_NM,RTE_LVL_NBR,RTE_NODE_INSTN_ID,ACTN_TKN_ID,DOC_VER_NBR,CRTE_DT,RSP_DESC_TXT,FRC_ACTN,ACTN_RQST_ANNOTN_TXT,DLGN_TYP,APPR_PLCY,CUR_IND,VER_NBR,GRP_ID,RQST_LBL) values ('2236',null,'K','2482',null,'A','0',null,'employee','employee employee','employee','R',1,null,2,'2633',null,1,to_date('23-OCT-08','DD-MON-RR'),'Traveler Routing',1,'Action ACKNOWLEDGE generated by Workflow because admin, admin null took action BLANKET APPROVED Responsibility 2024 Rule Id 1049',null,'F',1,0,null,null);
Insert into KREW_ACTN_RQST_T (ACTN_RQST_ID,PARNT_ID,ACTN_RQST_CD,DOC_HDR_ID,RULE_ID,STAT_CD,RSP_ID,PRNCPL_ID,ROLE_NM,QUAL_ROLE_NM,QUAL_ROLE_NM_LBL_TXT,RECIP_TYP_CD,PRIO_NBR,RTE_TYP_NM,RTE_LVL_NBR,RTE_NODE_INSTN_ID,ACTN_TKN_ID,DOC_VER_NBR,CRTE_DT,RSP_DESC_TXT,FRC_ACTN,ACTN_RQST_ANNOTN_TXT,DLGN_TYP,APPR_PLCY,CUR_IND,VER_NBR,GRP_ID,RQST_LBL) values ('2237','2236','K','2482',null,'A','0','employee','employee','employee employee','employee','U',1,null,2,'2633',null,1,to_date('23-OCT-08','DD-MON-RR'),'Traveler Routing',1,'Action ACKNOWLEDGE generated by Workflow because admin, admin null took action BLANKET APPROVED Responsibility 2024 Rule Id 1049',null,'F',1,0,null,null);
Insert into KREW_ACTN_RQST_T (ACTN_RQST_ID,PARNT_ID,ACTN_RQST_CD,DOC_HDR_ID,RULE_ID,STAT_CD,RSP_ID,PRNCPL_ID,ROLE_NM,QUAL_ROLE_NM,QUAL_ROLE_NM_LBL_TXT,RECIP_TYP_CD,PRIO_NBR,RTE_TYP_NM,RTE_LVL_NBR,RTE_NODE_INSTN_ID,ACTN_TKN_ID,DOC_VER_NBR,CRTE_DT,RSP_DESC_TXT,FRC_ACTN,ACTN_RQST_ANNOTN_TXT,DLGN_TYP,APPR_PLCY,CUR_IND,VER_NBR,GRP_ID,RQST_LBL) values ('2238',null,'A','2482','1050','D','2026',null,'supervisr','supervisr supervisr','supervisr','R',1,null,3,'2634','2202',1,to_date('23-OCT-08','DD-MON-RR'),'Supervisor Routing',0,null,null,'F',1,0,null,null);
Insert into KREW_ACTN_RQST_T (ACTN_RQST_ID,PARNT_ID,ACTN_RQST_CD,DOC_HDR_ID,RULE_ID,STAT_CD,RSP_ID,PRNCPL_ID,ROLE_NM,QUAL_ROLE_NM,QUAL_ROLE_NM_LBL_TXT,RECIP_TYP_CD,PRIO_NBR,RTE_TYP_NM,RTE_LVL_NBR,RTE_NODE_INSTN_ID,ACTN_TKN_ID,DOC_VER_NBR,CRTE_DT,RSP_DESC_TXT,FRC_ACTN,ACTN_RQST_ANNOTN_TXT,DLGN_TYP,APPR_PLCY,CUR_IND,VER_NBR,GRP_ID,RQST_LBL) values ('2239','2238','A','2482','1050','D','2026','supervisor','supervisr','supervisr supervisr','supervisr','U',1,null,3,'2634','2202',1,to_date('23-OCT-08','DD-MON-RR'),'Supervisor Routing',0,null,null,'F',1,0,null,null);
Insert into KREW_ACTN_RQST_T (ACTN_RQST_ID,PARNT_ID,ACTN_RQST_CD,DOC_HDR_ID,RULE_ID,STAT_CD,RSP_ID,PRNCPL_ID,ROLE_NM,QUAL_ROLE_NM,QUAL_ROLE_NM_LBL_TXT,RECIP_TYP_CD,PRIO_NBR,RTE_TYP_NM,RTE_LVL_NBR,RTE_NODE_INSTN_ID,ACTN_TKN_ID,DOC_VER_NBR,CRTE_DT,RSP_DESC_TXT,FRC_ACTN,ACTN_RQST_ANNOTN_TXT,DLGN_TYP,APPR_PLCY,CUR_IND,VER_NBR,GRP_ID,RQST_LBL) values ('2240',null,'K','2482','1051','A','2028',null,'director','director director','director','R',1,null,3,'2634',null,1,to_date('23-OCT-08','DD-MON-RR'),'Dean/Director Routing',0,null,null,'F',1,0,null,null);
Insert into KREW_ACTN_RQST_T (ACTN_RQST_ID,PARNT_ID,ACTN_RQST_CD,DOC_HDR_ID,RULE_ID,STAT_CD,RSP_ID,PRNCPL_ID,ROLE_NM,QUAL_ROLE_NM,QUAL_ROLE_NM_LBL_TXT,RECIP_TYP_CD,PRIO_NBR,RTE_TYP_NM,RTE_LVL_NBR,RTE_NODE_INSTN_ID,ACTN_TKN_ID,DOC_VER_NBR,CRTE_DT,RSP_DESC_TXT,FRC_ACTN,ACTN_RQST_ANNOTN_TXT,DLGN_TYP,APPR_PLCY,CUR_IND,VER_NBR,GRP_ID,RQST_LBL) values ('2241','2240','K','2482','1051','A','2028','director','director','director director','director','U',1,null,3,'2634',null,1,to_date('23-OCT-08','DD-MON-RR'),'Dean/Director Routing',0,null,null,'F',1,0,null,null);
Insert into KREW_ACTN_RQST_T (ACTN_RQST_ID,PARNT_ID,ACTN_RQST_CD,DOC_HDR_ID,RULE_ID,STAT_CD,RSP_ID,PRNCPL_ID,ROLE_NM,QUAL_ROLE_NM,QUAL_ROLE_NM_LBL_TXT,RECIP_TYP_CD,PRIO_NBR,RTE_TYP_NM,RTE_LVL_NBR,RTE_NODE_INSTN_ID,ACTN_TKN_ID,DOC_VER_NBR,CRTE_DT,RSP_DESC_TXT,FRC_ACTN,ACTN_RQST_ANNOTN_TXT,DLGN_TYP,APPR_PLCY,CUR_IND,VER_NBR,GRP_ID,RQST_LBL) values ('2242',null,'K','2482',null,'A','0',null,'supervisr','supervisr supervisr','supervisr','R',1,null,3,'2634',null,1,to_date('23-OCT-08','DD-MON-RR'),'Supervisor Routing',1,'Action ACKNOWLEDGE generated by Workflow because admin, admin null took action BLANKET APPROVED Responsibility 2026 Rule Id 1050',null,'F',1,0,null,null);
Insert into KREW_ACTN_RQST_T (ACTN_RQST_ID,PARNT_ID,ACTN_RQST_CD,DOC_HDR_ID,RULE_ID,STAT_CD,RSP_ID,PRNCPL_ID,ROLE_NM,QUAL_ROLE_NM,QUAL_ROLE_NM_LBL_TXT,RECIP_TYP_CD,PRIO_NBR,RTE_TYP_NM,RTE_LVL_NBR,RTE_NODE_INSTN_ID,ACTN_TKN_ID,DOC_VER_NBR,CRTE_DT,RSP_DESC_TXT,FRC_ACTN,ACTN_RQST_ANNOTN_TXT,DLGN_TYP,APPR_PLCY,CUR_IND,VER_NBR,GRP_ID,RQST_LBL) values ('2243','2242','K','2482',null,'A','0','supervisor','supervisr','supervisr supervisr','supervisr','U',1,null,3,'2634',null,1,to_date('23-OCT-08','DD-MON-RR'),'Supervisor Routing',1,'Action ACKNOWLEDGE generated by Workflow because admin, admin null took action BLANKET APPROVED Responsibility 2026 Rule Id 1050',null,'F',1,0,null,null);
Insert into KREW_ACTN_RQST_T (ACTN_RQST_ID,PARNT_ID,ACTN_RQST_CD,DOC_HDR_ID,RULE_ID,STAT_CD,RSP_ID,PRNCPL_ID,ROLE_NM,QUAL_ROLE_NM,QUAL_ROLE_NM_LBL_TXT,RECIP_TYP_CD,PRIO_NBR,RTE_TYP_NM,RTE_LVL_NBR,RTE_NODE_INSTN_ID,ACTN_TKN_ID,DOC_VER_NBR,CRTE_DT,RSP_DESC_TXT,FRC_ACTN,ACTN_RQST_ANNOTN_TXT,DLGN_TYP,APPR_PLCY,CUR_IND,VER_NBR,GRP_ID,RQST_LBL) values ('2244',null,'A','2483','1046','D','2022','user4',null,null,null,'U',1,null,1,'2639','2203',1,to_date('23-OCT-08','DD-MON-RR'),'Destination Rule',0,null,null,'F',1,0,null,null);
Insert into KREW_ACTN_RQST_T (ACTN_RQST_ID,PARNT_ID,ACTN_RQST_CD,DOC_HDR_ID,RULE_ID,STAT_CD,RSP_ID,PRNCPL_ID,ROLE_NM,QUAL_ROLE_NM,QUAL_ROLE_NM_LBL_TXT,RECIP_TYP_CD,PRIO_NBR,RTE_TYP_NM,RTE_LVL_NBR,RTE_NODE_INSTN_ID,ACTN_TKN_ID,DOC_VER_NBR,CRTE_DT,RSP_DESC_TXT,FRC_ACTN,ACTN_RQST_ANNOTN_TXT,DLGN_TYP,APPR_PLCY,CUR_IND,VER_NBR,GRP_ID,RQST_LBL) values ('2245',null,'K','2483',null,'A','0','user4',null,null,null,'U',1,null,1,'2639',null,1,to_date('23-OCT-08','DD-MON-RR'),'Destination Rule',1,'Action ACKNOWLEDGE generated by Workflow because admin, admin null took action BLANKET APPROVED Responsibility 2022 Rule Id 1046',null,'F',1,0,null,null);
Insert into KREW_ACTN_RQST_T (ACTN_RQST_ID,PARNT_ID,ACTN_RQST_CD,DOC_HDR_ID,RULE_ID,STAT_CD,RSP_ID,PRNCPL_ID,ROLE_NM,QUAL_ROLE_NM,QUAL_ROLE_NM_LBL_TXT,RECIP_TYP_CD,PRIO_NBR,RTE_TYP_NM,RTE_LVL_NBR,RTE_NODE_INSTN_ID,ACTN_TKN_ID,DOC_VER_NBR,CRTE_DT,RSP_DESC_TXT,FRC_ACTN,ACTN_RQST_ANNOTN_TXT,DLGN_TYP,APPR_PLCY,CUR_IND,VER_NBR,GRP_ID,RQST_LBL) values ('2246',null,'A','2483','1049','D','2024',null,'employee','employee employee','employee','R',1,null,2,'2640','2203',1,to_date('23-OCT-08','DD-MON-RR'),'Traveler Routing',0,null,null,'F',1,0,null,null);
Insert into KREW_ACTN_RQST_T (ACTN_RQST_ID,PARNT_ID,ACTN_RQST_CD,DOC_HDR_ID,RULE_ID,STAT_CD,RSP_ID,PRNCPL_ID,ROLE_NM,QUAL_ROLE_NM,QUAL_ROLE_NM_LBL_TXT,RECIP_TYP_CD,PRIO_NBR,RTE_TYP_NM,RTE_LVL_NBR,RTE_NODE_INSTN_ID,ACTN_TKN_ID,DOC_VER_NBR,CRTE_DT,RSP_DESC_TXT,FRC_ACTN,ACTN_RQST_ANNOTN_TXT,DLGN_TYP,APPR_PLCY,CUR_IND,VER_NBR,GRP_ID,RQST_LBL) values ('2247','2246','A','2483','1049','D','2024','employee','employee','employee employee','employee','U',1,null,2,'2640','2203',1,to_date('23-OCT-08','DD-MON-RR'),'Traveler Routing',0,null,null,'F',1,0,null,null);
Insert into KREW_ACTN_RQST_T (ACTN_RQST_ID,PARNT_ID,ACTN_RQST_CD,DOC_HDR_ID,RULE_ID,STAT_CD,RSP_ID,PRNCPL_ID,ROLE_NM,QUAL_ROLE_NM,QUAL_ROLE_NM_LBL_TXT,RECIP_TYP_CD,PRIO_NBR,RTE_TYP_NM,RTE_LVL_NBR,RTE_NODE_INSTN_ID,ACTN_TKN_ID,DOC_VER_NBR,CRTE_DT,RSP_DESC_TXT,FRC_ACTN,ACTN_RQST_ANNOTN_TXT,DLGN_TYP,APPR_PLCY,CUR_IND,VER_NBR,GRP_ID,RQST_LBL) values ('2248',null,'K','2483',null,'A','0',null,'employee','employee employee','employee','R',1,null,2,'2640',null,1,to_date('23-OCT-08','DD-MON-RR'),'Traveler Routing',1,'Action ACKNOWLEDGE generated by Workflow because admin, admin null took action BLANKET APPROVED Responsibility 2024 Rule Id 1049',null,'F',1,0,null,null);
Insert into KREW_ACTN_RQST_T (ACTN_RQST_ID,PARNT_ID,ACTN_RQST_CD,DOC_HDR_ID,RULE_ID,STAT_CD,RSP_ID,PRNCPL_ID,ROLE_NM,QUAL_ROLE_NM,QUAL_ROLE_NM_LBL_TXT,RECIP_TYP_CD,PRIO_NBR,RTE_TYP_NM,RTE_LVL_NBR,RTE_NODE_INSTN_ID,ACTN_TKN_ID,DOC_VER_NBR,CRTE_DT,RSP_DESC_TXT,FRC_ACTN,ACTN_RQST_ANNOTN_TXT,DLGN_TYP,APPR_PLCY,CUR_IND,VER_NBR,GRP_ID,RQST_LBL) values ('2249','2248','K','2483',null,'A','0','employee','employee','employee employee','employee','U',1,null,2,'2640',null,1,to_date('23-OCT-08','DD-MON-RR'),'Traveler Routing',1,'Action ACKNOWLEDGE generated by Workflow because admin, admin null took action BLANKET APPROVED Responsibility 2024 Rule Id 1049',null,'F',1,0,null,null);
Insert into KREW_ACTN_RQST_T (ACTN_RQST_ID,PARNT_ID,ACTN_RQST_CD,DOC_HDR_ID,RULE_ID,STAT_CD,RSP_ID,PRNCPL_ID,ROLE_NM,QUAL_ROLE_NM,QUAL_ROLE_NM_LBL_TXT,RECIP_TYP_CD,PRIO_NBR,RTE_TYP_NM,RTE_LVL_NBR,RTE_NODE_INSTN_ID,ACTN_TKN_ID,DOC_VER_NBR,CRTE_DT,RSP_DESC_TXT,FRC_ACTN,ACTN_RQST_ANNOTN_TXT,DLGN_TYP,APPR_PLCY,CUR_IND,VER_NBR,GRP_ID,RQST_LBL) values ('2250',null,'A','2483','1050','D','2026',null,'supervisr','supervisr supervisr','supervisr','R',1,null,3,'2641','2203',1,to_date('23-OCT-08','DD-MON-RR'),'Supervisor Routing',0,null,null,'F',1,0,null,null);
Insert into KREW_ACTN_RQST_T (ACTN_RQST_ID,PARNT_ID,ACTN_RQST_CD,DOC_HDR_ID,RULE_ID,STAT_CD,RSP_ID,PRNCPL_ID,ROLE_NM,QUAL_ROLE_NM,QUAL_ROLE_NM_LBL_TXT,RECIP_TYP_CD,PRIO_NBR,RTE_TYP_NM,RTE_LVL_NBR,RTE_NODE_INSTN_ID,ACTN_TKN_ID,DOC_VER_NBR,CRTE_DT,RSP_DESC_TXT,FRC_ACTN,ACTN_RQST_ANNOTN_TXT,DLGN_TYP,APPR_PLCY,CUR_IND,VER_NBR,GRP_ID,RQST_LBL) values ('2251','2250','A','2483','1050','D','2026','supervisor','supervisr','supervisr supervisr','supervisr','U',1,null,3,'2641','2203',1,to_date('23-OCT-08','DD-MON-RR'),'Supervisor Routing',0,null,null,'F',1,0,null,null);
Insert into KREW_ACTN_RQST_T (ACTN_RQST_ID,PARNT_ID,ACTN_RQST_CD,DOC_HDR_ID,RULE_ID,STAT_CD,RSP_ID,PRNCPL_ID,ROLE_NM,QUAL_ROLE_NM,QUAL_ROLE_NM_LBL_TXT,RECIP_TYP_CD,PRIO_NBR,RTE_TYP_NM,RTE_LVL_NBR,RTE_NODE_INSTN_ID,ACTN_TKN_ID,DOC_VER_NBR,CRTE_DT,RSP_DESC_TXT,FRC_ACTN,ACTN_RQST_ANNOTN_TXT,DLGN_TYP,APPR_PLCY,CUR_IND,VER_NBR,GRP_ID,RQST_LBL) values ('2252',null,'K','2483','1051','A','2028',null,'director','director director','director','R',1,null,3,'2641',null,1,to_date('23-OCT-08','DD-MON-RR'),'Dean/Director Routing',0,null,null,'F',1,0,null,null);
Insert into KREW_ACTN_RQST_T (ACTN_RQST_ID,PARNT_ID,ACTN_RQST_CD,DOC_HDR_ID,RULE_ID,STAT_CD,RSP_ID,PRNCPL_ID,ROLE_NM,QUAL_ROLE_NM,QUAL_ROLE_NM_LBL_TXT,RECIP_TYP_CD,PRIO_NBR,RTE_TYP_NM,RTE_LVL_NBR,RTE_NODE_INSTN_ID,ACTN_TKN_ID,DOC_VER_NBR,CRTE_DT,RSP_DESC_TXT,FRC_ACTN,ACTN_RQST_ANNOTN_TXT,DLGN_TYP,APPR_PLCY,CUR_IND,VER_NBR,GRP_ID,RQST_LBL) values ('2253','2252','K','2483','1051','A','2028','director','director','director director','director','U',1,null,3,'2641',null,1,to_date('23-OCT-08','DD-MON-RR'),'Dean/Director Routing',0,null,null,'F',1,0,null,null);
Insert into KREW_ACTN_RQST_T (ACTN_RQST_ID,PARNT_ID,ACTN_RQST_CD,DOC_HDR_ID,RULE_ID,STAT_CD,RSP_ID,PRNCPL_ID,ROLE_NM,QUAL_ROLE_NM,QUAL_ROLE_NM_LBL_TXT,RECIP_TYP_CD,PRIO_NBR,RTE_TYP_NM,RTE_LVL_NBR,RTE_NODE_INSTN_ID,ACTN_TKN_ID,DOC_VER_NBR,CRTE_DT,RSP_DESC_TXT,FRC_ACTN,ACTN_RQST_ANNOTN_TXT,DLGN_TYP,APPR_PLCY,CUR_IND,VER_NBR,GRP_ID,RQST_LBL) values ('2254',null,'K','2483',null,'A','0',null,'supervisr','supervisr supervisr','supervisr','R',1,null,3,'2641',null,1,to_date('23-OCT-08','DD-MON-RR'),'Supervisor Routing',1,'Action ACKNOWLEDGE generated by Workflow because admin, admin null took action BLANKET APPROVED Responsibility 2026 Rule Id 1050',null,'F',1,0,null,null);
Insert into KREW_ACTN_RQST_T (ACTN_RQST_ID,PARNT_ID,ACTN_RQST_CD,DOC_HDR_ID,RULE_ID,STAT_CD,RSP_ID,PRNCPL_ID,ROLE_NM,QUAL_ROLE_NM,QUAL_ROLE_NM_LBL_TXT,RECIP_TYP_CD,PRIO_NBR,RTE_TYP_NM,RTE_LVL_NBR,RTE_NODE_INSTN_ID,ACTN_TKN_ID,DOC_VER_NBR,CRTE_DT,RSP_DESC_TXT,FRC_ACTN,ACTN_RQST_ANNOTN_TXT,DLGN_TYP,APPR_PLCY,CUR_IND,VER_NBR,GRP_ID,RQST_LBL) values ('2255','2254','K','2483',null,'A','0','supervisor','supervisr','supervisr supervisr','supervisr','U',1,null,3,'2641',null,1,to_date('23-OCT-08','DD-MON-RR'),'Supervisor Routing',1,'Action ACKNOWLEDGE generated by Workflow because admin, admin null took action BLANKET APPROVED Responsibility 2026 Rule Id 1050',null,'F',1,0,null,null);
Insert into KREW_ACTN_RQST_T (ACTN_RQST_ID,PARNT_ID,ACTN_RQST_CD,DOC_HDR_ID,RULE_ID,STAT_CD,RSP_ID,PRNCPL_ID,ROLE_NM,QUAL_ROLE_NM,QUAL_ROLE_NM_LBL_TXT,RECIP_TYP_CD,PRIO_NBR,RTE_TYP_NM,RTE_LVL_NBR,RTE_NODE_INSTN_ID,ACTN_TKN_ID,DOC_VER_NBR,CRTE_DT,RSP_DESC_TXT,FRC_ACTN,ACTN_RQST_ANNOTN_TXT,DLGN_TYP,APPR_PLCY,CUR_IND,VER_NBR,GRP_ID,RQST_LBL) values ('2256',null,'A','2484','1046','D','2022','user4',null,null,null,'U',1,null,1,'2646','2204',1,to_date('23-OCT-08','DD-MON-RR'),'Destination Rule',0,null,null,'F',1,0,null,null);
Insert into KREW_ACTN_RQST_T (ACTN_RQST_ID,PARNT_ID,ACTN_RQST_CD,DOC_HDR_ID,RULE_ID,STAT_CD,RSP_ID,PRNCPL_ID,ROLE_NM,QUAL_ROLE_NM,QUAL_ROLE_NM_LBL_TXT,RECIP_TYP_CD,PRIO_NBR,RTE_TYP_NM,RTE_LVL_NBR,RTE_NODE_INSTN_ID,ACTN_TKN_ID,DOC_VER_NBR,CRTE_DT,RSP_DESC_TXT,FRC_ACTN,ACTN_RQST_ANNOTN_TXT,DLGN_TYP,APPR_PLCY,CUR_IND,VER_NBR,GRP_ID,RQST_LBL) values ('2257',null,'K','2484',null,'A','0','user4',null,null,null,'U',1,null,1,'2646',null,1,to_date('23-OCT-08','DD-MON-RR'),'Destination Rule',1,'Action ACKNOWLEDGE generated by Workflow because admin, admin null took action BLANKET APPROVED Responsibility 2022 Rule Id 1046',null,'F',1,0,null,null);
Insert into KREW_ACTN_RQST_T (ACTN_RQST_ID,PARNT_ID,ACTN_RQST_CD,DOC_HDR_ID,RULE_ID,STAT_CD,RSP_ID,PRNCPL_ID,ROLE_NM,QUAL_ROLE_NM,QUAL_ROLE_NM_LBL_TXT,RECIP_TYP_CD,PRIO_NBR,RTE_TYP_NM,RTE_LVL_NBR,RTE_NODE_INSTN_ID,ACTN_TKN_ID,DOC_VER_NBR,CRTE_DT,RSP_DESC_TXT,FRC_ACTN,ACTN_RQST_ANNOTN_TXT,DLGN_TYP,APPR_PLCY,CUR_IND,VER_NBR,GRP_ID,RQST_LBL) values ('2258',null,'A','2484','1049','D','2024',null,'employee','employee employee','employee','R',1,null,2,'2647','2204',1,to_date('23-OCT-08','DD-MON-RR'),'Traveler Routing',0,null,null,'F',1,0,null,null);
Insert into KREW_ACTN_RQST_T (ACTN_RQST_ID,PARNT_ID,ACTN_RQST_CD,DOC_HDR_ID,RULE_ID,STAT_CD,RSP_ID,PRNCPL_ID,ROLE_NM,QUAL_ROLE_NM,QUAL_ROLE_NM_LBL_TXT,RECIP_TYP_CD,PRIO_NBR,RTE_TYP_NM,RTE_LVL_NBR,RTE_NODE_INSTN_ID,ACTN_TKN_ID,DOC_VER_NBR,CRTE_DT,RSP_DESC_TXT,FRC_ACTN,ACTN_RQST_ANNOTN_TXT,DLGN_TYP,APPR_PLCY,CUR_IND,VER_NBR,GRP_ID,RQST_LBL) values ('2259','2258','A','2484','1049','D','2024','employee','employee','employee employee','employee','U',1,null,2,'2647','2204',1,to_date('23-OCT-08','DD-MON-RR'),'Traveler Routing',0,null,null,'F',1,0,null,null);
Insert into KREW_ACTN_RQST_T (ACTN_RQST_ID,PARNT_ID,ACTN_RQST_CD,DOC_HDR_ID,RULE_ID,STAT_CD,RSP_ID,PRNCPL_ID,ROLE_NM,QUAL_ROLE_NM,QUAL_ROLE_NM_LBL_TXT,RECIP_TYP_CD,PRIO_NBR,RTE_TYP_NM,RTE_LVL_NBR,RTE_NODE_INSTN_ID,ACTN_TKN_ID,DOC_VER_NBR,CRTE_DT,RSP_DESC_TXT,FRC_ACTN,ACTN_RQST_ANNOTN_TXT,DLGN_TYP,APPR_PLCY,CUR_IND,VER_NBR,GRP_ID,RQST_LBL) values ('2260',null,'K','2484',null,'A','0',null,'employee','employee employee','employee','R',1,null,2,'2647',null,1,to_date('23-OCT-08','DD-MON-RR'),'Traveler Routing',1,'Action ACKNOWLEDGE generated by Workflow because admin, admin null took action BLANKET APPROVED Responsibility 2024 Rule Id 1049',null,'F',1,0,null,null);
Insert into KREW_ACTN_RQST_T (ACTN_RQST_ID,PARNT_ID,ACTN_RQST_CD,DOC_HDR_ID,RULE_ID,STAT_CD,RSP_ID,PRNCPL_ID,ROLE_NM,QUAL_ROLE_NM,QUAL_ROLE_NM_LBL_TXT,RECIP_TYP_CD,PRIO_NBR,RTE_TYP_NM,RTE_LVL_NBR,RTE_NODE_INSTN_ID,ACTN_TKN_ID,DOC_VER_NBR,CRTE_DT,RSP_DESC_TXT,FRC_ACTN,ACTN_RQST_ANNOTN_TXT,DLGN_TYP,APPR_PLCY,CUR_IND,VER_NBR,GRP_ID,RQST_LBL) values ('2261','2260','K','2484',null,'A','0','employee','employee','employee employee','employee','U',1,null,2,'2647',null,1,to_date('23-OCT-08','DD-MON-RR'),'Traveler Routing',1,'Action ACKNOWLEDGE generated by Workflow because admin, admin null took action BLANKET APPROVED Responsibility 2024 Rule Id 1049',null,'F',1,0,null,null);
Insert into KREW_ACTN_RQST_T (ACTN_RQST_ID,PARNT_ID,ACTN_RQST_CD,DOC_HDR_ID,RULE_ID,STAT_CD,RSP_ID,PRNCPL_ID,ROLE_NM,QUAL_ROLE_NM,QUAL_ROLE_NM_LBL_TXT,RECIP_TYP_CD,PRIO_NBR,RTE_TYP_NM,RTE_LVL_NBR,RTE_NODE_INSTN_ID,ACTN_TKN_ID,DOC_VER_NBR,CRTE_DT,RSP_DESC_TXT,FRC_ACTN,ACTN_RQST_ANNOTN_TXT,DLGN_TYP,APPR_PLCY,CUR_IND,VER_NBR,GRP_ID,RQST_LBL) values ('2262',null,'A','2484','1050','D','2026',null,'supervisr','supervisr supervisr','supervisr','R',1,null,3,'2648','2204',1,to_date('23-OCT-08','DD-MON-RR'),'Supervisor Routing',0,null,null,'F',1,0,null,null);
Insert into KREW_ACTN_RQST_T (ACTN_RQST_ID,PARNT_ID,ACTN_RQST_CD,DOC_HDR_ID,RULE_ID,STAT_CD,RSP_ID,PRNCPL_ID,ROLE_NM,QUAL_ROLE_NM,QUAL_ROLE_NM_LBL_TXT,RECIP_TYP_CD,PRIO_NBR,RTE_TYP_NM,RTE_LVL_NBR,RTE_NODE_INSTN_ID,ACTN_TKN_ID,DOC_VER_NBR,CRTE_DT,RSP_DESC_TXT,FRC_ACTN,ACTN_RQST_ANNOTN_TXT,DLGN_TYP,APPR_PLCY,CUR_IND,VER_NBR,GRP_ID,RQST_LBL) values ('2263','2262','A','2484','1050','D','2026','supervisor','supervisr','supervisr supervisr','supervisr','U',1,null,3,'2648','2204',1,to_date('23-OCT-08','DD-MON-RR'),'Supervisor Routing',0,null,null,'F',1,0,null,null);
Insert into KREW_ACTN_RQST_T (ACTN_RQST_ID,PARNT_ID,ACTN_RQST_CD,DOC_HDR_ID,RULE_ID,STAT_CD,RSP_ID,PRNCPL_ID,ROLE_NM,QUAL_ROLE_NM,QUAL_ROLE_NM_LBL_TXT,RECIP_TYP_CD,PRIO_NBR,RTE_TYP_NM,RTE_LVL_NBR,RTE_NODE_INSTN_ID,ACTN_TKN_ID,DOC_VER_NBR,CRTE_DT,RSP_DESC_TXT,FRC_ACTN,ACTN_RQST_ANNOTN_TXT,DLGN_TYP,APPR_PLCY,CUR_IND,VER_NBR,GRP_ID,RQST_LBL) values ('2264',null,'K','2484','1051','A','2028',null,'director','director director','director','R',1,null,3,'2648',null,1,to_date('23-OCT-08','DD-MON-RR'),'Dean/Director Routing',0,null,null,'F',1,0,null,null);
Insert into KREW_ACTN_RQST_T (ACTN_RQST_ID,PARNT_ID,ACTN_RQST_CD,DOC_HDR_ID,RULE_ID,STAT_CD,RSP_ID,PRNCPL_ID,ROLE_NM,QUAL_ROLE_NM,QUAL_ROLE_NM_LBL_TXT,RECIP_TYP_CD,PRIO_NBR,RTE_TYP_NM,RTE_LVL_NBR,RTE_NODE_INSTN_ID,ACTN_TKN_ID,DOC_VER_NBR,CRTE_DT,RSP_DESC_TXT,FRC_ACTN,ACTN_RQST_ANNOTN_TXT,DLGN_TYP,APPR_PLCY,CUR_IND,VER_NBR,GRP_ID,RQST_LBL) values ('2265','2264','K','2484','1051','A','2028','director','director','director director','director','U',1,null,3,'2648',null,1,to_date('23-OCT-08','DD-MON-RR'),'Dean/Director Routing',0,null,null,'F',1,0,null,null);
Insert into KREW_ACTN_RQST_T (ACTN_RQST_ID,PARNT_ID,ACTN_RQST_CD,DOC_HDR_ID,RULE_ID,STAT_CD,RSP_ID,PRNCPL_ID,ROLE_NM,QUAL_ROLE_NM,QUAL_ROLE_NM_LBL_TXT,RECIP_TYP_CD,PRIO_NBR,RTE_TYP_NM,RTE_LVL_NBR,RTE_NODE_INSTN_ID,ACTN_TKN_ID,DOC_VER_NBR,CRTE_DT,RSP_DESC_TXT,FRC_ACTN,ACTN_RQST_ANNOTN_TXT,DLGN_TYP,APPR_PLCY,CUR_IND,VER_NBR,GRP_ID,RQST_LBL) values ('2266',null,'K','2484',null,'A','0',null,'supervisr','supervisr supervisr','supervisr','R',1,null,3,'2648',null,1,to_date('23-OCT-08','DD-MON-RR'),'Supervisor Routing',1,'Action ACKNOWLEDGE generated by Workflow because admin, admin null took action BLANKET APPROVED Responsibility 2026 Rule Id 1050',null,'F',1,0,null,null);
Insert into KREW_ACTN_RQST_T (ACTN_RQST_ID,PARNT_ID,ACTN_RQST_CD,DOC_HDR_ID,RULE_ID,STAT_CD,RSP_ID,PRNCPL_ID,ROLE_NM,QUAL_ROLE_NM,QUAL_ROLE_NM_LBL_TXT,RECIP_TYP_CD,PRIO_NBR,RTE_TYP_NM,RTE_LVL_NBR,RTE_NODE_INSTN_ID,ACTN_TKN_ID,DOC_VER_NBR,CRTE_DT,RSP_DESC_TXT,FRC_ACTN,ACTN_RQST_ANNOTN_TXT,DLGN_TYP,APPR_PLCY,CUR_IND,VER_NBR,GRP_ID,RQST_LBL) values ('2267','2266','K','2484',null,'A','0','supervisor','supervisr','supervisr supervisr','supervisr','U',1,null,3,'2648',null,1,to_date('23-OCT-08','DD-MON-RR'),'Supervisor Routing',1,'Action ACKNOWLEDGE generated by Workflow because admin, admin null took action BLANKET APPROVED Responsibility 2026 Rule Id 1050',null,'F',1,0,null,null);
Insert into KREW_ACTN_RQST_T (ACTN_RQST_ID,PARNT_ID,ACTN_RQST_CD,DOC_HDR_ID,RULE_ID,STAT_CD,RSP_ID,PRNCPL_ID,ROLE_NM,QUAL_ROLE_NM,QUAL_ROLE_NM_LBL_TXT,RECIP_TYP_CD,PRIO_NBR,RTE_TYP_NM,RTE_LVL_NBR,RTE_NODE_INSTN_ID,ACTN_TKN_ID,DOC_VER_NBR,CRTE_DT,RSP_DESC_TXT,FRC_ACTN,ACTN_RQST_ANNOTN_TXT,DLGN_TYP,APPR_PLCY,CUR_IND,VER_NBR,GRP_ID,RQST_LBL) values ('2274',null,'A','2501','1046','D','2022','user4',null,null,null,'U',1,null,1,'2667','2206',1,to_date('23-OCT-08','DD-MON-RR'),'Destination Rule',0,null,null,'F',1,0,null,null);
Insert into KREW_ACTN_RQST_T (ACTN_RQST_ID,PARNT_ID,ACTN_RQST_CD,DOC_HDR_ID,RULE_ID,STAT_CD,RSP_ID,PRNCPL_ID,ROLE_NM,QUAL_ROLE_NM,QUAL_ROLE_NM_LBL_TXT,RECIP_TYP_CD,PRIO_NBR,RTE_TYP_NM,RTE_LVL_NBR,RTE_NODE_INSTN_ID,ACTN_TKN_ID,DOC_VER_NBR,CRTE_DT,RSP_DESC_TXT,FRC_ACTN,ACTN_RQST_ANNOTN_TXT,DLGN_TYP,APPR_PLCY,CUR_IND,VER_NBR,GRP_ID,RQST_LBL) values ('2275',null,'K','2501',null,'A','0','user4',null,null,null,'U',1,null,1,'2667',null,1,to_date('23-OCT-08','DD-MON-RR'),'Destination Rule',1,'Action ACKNOWLEDGE generated by Workflow because admin, admin null took action BLANKET APPROVED Responsibility 2022 Rule Id 1046',null,'F',1,0,null,null);
Insert into KREW_ACTN_RQST_T (ACTN_RQST_ID,PARNT_ID,ACTN_RQST_CD,DOC_HDR_ID,RULE_ID,STAT_CD,RSP_ID,PRNCPL_ID,ROLE_NM,QUAL_ROLE_NM,QUAL_ROLE_NM_LBL_TXT,RECIP_TYP_CD,PRIO_NBR,RTE_TYP_NM,RTE_LVL_NBR,RTE_NODE_INSTN_ID,ACTN_TKN_ID,DOC_VER_NBR,CRTE_DT,RSP_DESC_TXT,FRC_ACTN,ACTN_RQST_ANNOTN_TXT,DLGN_TYP,APPR_PLCY,CUR_IND,VER_NBR,GRP_ID,RQST_LBL) values ('2276',null,'A','2501','1049','D','2024',null,'employee','employee employee','employee','R',1,null,2,'2668','2206',1,to_date('23-OCT-08','DD-MON-RR'),'Traveler Routing',0,null,null,'F',1,0,null,null);
Insert into KREW_ACTN_RQST_T (ACTN_RQST_ID,PARNT_ID,ACTN_RQST_CD,DOC_HDR_ID,RULE_ID,STAT_CD,RSP_ID,PRNCPL_ID,ROLE_NM,QUAL_ROLE_NM,QUAL_ROLE_NM_LBL_TXT,RECIP_TYP_CD,PRIO_NBR,RTE_TYP_NM,RTE_LVL_NBR,RTE_NODE_INSTN_ID,ACTN_TKN_ID,DOC_VER_NBR,CRTE_DT,RSP_DESC_TXT,FRC_ACTN,ACTN_RQST_ANNOTN_TXT,DLGN_TYP,APPR_PLCY,CUR_IND,VER_NBR,GRP_ID,RQST_LBL) values ('2277','2276','A','2501','1049','D','2024','employee','employee','employee employee','employee','U',1,null,2,'2668','2206',1,to_date('23-OCT-08','DD-MON-RR'),'Traveler Routing',0,null,null,'F',1,0,null,null);
Insert into KREW_ACTN_RQST_T (ACTN_RQST_ID,PARNT_ID,ACTN_RQST_CD,DOC_HDR_ID,RULE_ID,STAT_CD,RSP_ID,PRNCPL_ID,ROLE_NM,QUAL_ROLE_NM,QUAL_ROLE_NM_LBL_TXT,RECIP_TYP_CD,PRIO_NBR,RTE_TYP_NM,RTE_LVL_NBR,RTE_NODE_INSTN_ID,ACTN_TKN_ID,DOC_VER_NBR,CRTE_DT,RSP_DESC_TXT,FRC_ACTN,ACTN_RQST_ANNOTN_TXT,DLGN_TYP,APPR_PLCY,CUR_IND,VER_NBR,GRP_ID,RQST_LBL) values ('2278',null,'K','2501',null,'A','0',null,'employee','employee employee','employee','R',1,null,2,'2668',null,1,to_date('23-OCT-08','DD-MON-RR'),'Traveler Routing',1,'Action ACKNOWLEDGE generated by Workflow because admin, admin null took action BLANKET APPROVED Responsibility 2024 Rule Id 1049',null,'F',1,0,null,null);
Insert into KREW_ACTN_RQST_T (ACTN_RQST_ID,PARNT_ID,ACTN_RQST_CD,DOC_HDR_ID,RULE_ID,STAT_CD,RSP_ID,PRNCPL_ID,ROLE_NM,QUAL_ROLE_NM,QUAL_ROLE_NM_LBL_TXT,RECIP_TYP_CD,PRIO_NBR,RTE_TYP_NM,RTE_LVL_NBR,RTE_NODE_INSTN_ID,ACTN_TKN_ID,DOC_VER_NBR,CRTE_DT,RSP_DESC_TXT,FRC_ACTN,ACTN_RQST_ANNOTN_TXT,DLGN_TYP,APPR_PLCY,CUR_IND,VER_NBR,GRP_ID,RQST_LBL) values ('2279','2278','K','2501',null,'A','0','employee','employee','employee employee','employee','U',1,null,2,'2668',null,1,to_date('23-OCT-08','DD-MON-RR'),'Traveler Routing',1,'Action ACKNOWLEDGE generated by Workflow because admin, admin null took action BLANKET APPROVED Responsibility 2024 Rule Id 1049',null,'F',1,0,null,null);
Insert into KREW_ACTN_RQST_T (ACTN_RQST_ID,PARNT_ID,ACTN_RQST_CD,DOC_HDR_ID,RULE_ID,STAT_CD,RSP_ID,PRNCPL_ID,ROLE_NM,QUAL_ROLE_NM,QUAL_ROLE_NM_LBL_TXT,RECIP_TYP_CD,PRIO_NBR,RTE_TYP_NM,RTE_LVL_NBR,RTE_NODE_INSTN_ID,ACTN_TKN_ID,DOC_VER_NBR,CRTE_DT,RSP_DESC_TXT,FRC_ACTN,ACTN_RQST_ANNOTN_TXT,DLGN_TYP,APPR_PLCY,CUR_IND,VER_NBR,GRP_ID,RQST_LBL) values ('2280',null,'A','2501','1050','D','2026',null,'supervisr','supervisr supervisr','supervisr','R',1,null,3,'2669','2206',1,to_date('23-OCT-08','DD-MON-RR'),'Supervisor Routing',0,null,null,'F',1,0,null,null);
Insert into KREW_ACTN_RQST_T (ACTN_RQST_ID,PARNT_ID,ACTN_RQST_CD,DOC_HDR_ID,RULE_ID,STAT_CD,RSP_ID,PRNCPL_ID,ROLE_NM,QUAL_ROLE_NM,QUAL_ROLE_NM_LBL_TXT,RECIP_TYP_CD,PRIO_NBR,RTE_TYP_NM,RTE_LVL_NBR,RTE_NODE_INSTN_ID,ACTN_TKN_ID,DOC_VER_NBR,CRTE_DT,RSP_DESC_TXT,FRC_ACTN,ACTN_RQST_ANNOTN_TXT,DLGN_TYP,APPR_PLCY,CUR_IND,VER_NBR,GRP_ID,RQST_LBL) values ('2281','2280','A','2501','1050','D','2026','supervisor','supervisr','supervisr supervisr','supervisr','U',1,null,3,'2669','2206',1,to_date('23-OCT-08','DD-MON-RR'),'Supervisor Routing',0,null,null,'F',1,0,null,null);
Insert into KREW_ACTN_RQST_T (ACTN_RQST_ID,PARNT_ID,ACTN_RQST_CD,DOC_HDR_ID,RULE_ID,STAT_CD,RSP_ID,PRNCPL_ID,ROLE_NM,QUAL_ROLE_NM,QUAL_ROLE_NM_LBL_TXT,RECIP_TYP_CD,PRIO_NBR,RTE_TYP_NM,RTE_LVL_NBR,RTE_NODE_INSTN_ID,ACTN_TKN_ID,DOC_VER_NBR,CRTE_DT,RSP_DESC_TXT,FRC_ACTN,ACTN_RQST_ANNOTN_TXT,DLGN_TYP,APPR_PLCY,CUR_IND,VER_NBR,GRP_ID,RQST_LBL) values ('2282',null,'K','2501','1051','A','2028',null,'director','director director','director','R',1,null,3,'2669',null,1,to_date('23-OCT-08','DD-MON-RR'),'Dean/Director Routing',0,null,null,'F',1,0,null,null);
Insert into KREW_ACTN_RQST_T (ACTN_RQST_ID,PARNT_ID,ACTN_RQST_CD,DOC_HDR_ID,RULE_ID,STAT_CD,RSP_ID,PRNCPL_ID,ROLE_NM,QUAL_ROLE_NM,QUAL_ROLE_NM_LBL_TXT,RECIP_TYP_CD,PRIO_NBR,RTE_TYP_NM,RTE_LVL_NBR,RTE_NODE_INSTN_ID,ACTN_TKN_ID,DOC_VER_NBR,CRTE_DT,RSP_DESC_TXT,FRC_ACTN,ACTN_RQST_ANNOTN_TXT,DLGN_TYP,APPR_PLCY,CUR_IND,VER_NBR,GRP_ID,RQST_LBL) values ('2283','2282','K','2501','1051','A','2028','director','director','director director','director','U',1,null,3,'2669',null,1,to_date('23-OCT-08','DD-MON-RR'),'Dean/Director Routing',0,null,null,'F',1,0,null,null);
Insert into KREW_ACTN_RQST_T (ACTN_RQST_ID,PARNT_ID,ACTN_RQST_CD,DOC_HDR_ID,RULE_ID,STAT_CD,RSP_ID,PRNCPL_ID,ROLE_NM,QUAL_ROLE_NM,QUAL_ROLE_NM_LBL_TXT,RECIP_TYP_CD,PRIO_NBR,RTE_TYP_NM,RTE_LVL_NBR,RTE_NODE_INSTN_ID,ACTN_TKN_ID,DOC_VER_NBR,CRTE_DT,RSP_DESC_TXT,FRC_ACTN,ACTN_RQST_ANNOTN_TXT,DLGN_TYP,APPR_PLCY,CUR_IND,VER_NBR,GRP_ID,RQST_LBL) values ('2284',null,'K','2501',null,'A','0',null,'supervisr','supervisr supervisr','supervisr','R',1,null,3,'2669',null,1,to_date('23-OCT-08','DD-MON-RR'),'Supervisor Routing',1,'Action ACKNOWLEDGE generated by Workflow because admin, admin null took action BLANKET APPROVED Responsibility 2026 Rule Id 1050',null,'F',1,0,null,null);
Insert into KREW_ACTN_RQST_T (ACTN_RQST_ID,PARNT_ID,ACTN_RQST_CD,DOC_HDR_ID,RULE_ID,STAT_CD,RSP_ID,PRNCPL_ID,ROLE_NM,QUAL_ROLE_NM,QUAL_ROLE_NM_LBL_TXT,RECIP_TYP_CD,PRIO_NBR,RTE_TYP_NM,RTE_LVL_NBR,RTE_NODE_INSTN_ID,ACTN_TKN_ID,DOC_VER_NBR,CRTE_DT,RSP_DESC_TXT,FRC_ACTN,ACTN_RQST_ANNOTN_TXT,DLGN_TYP,APPR_PLCY,CUR_IND,VER_NBR,GRP_ID,RQST_LBL) values ('2285','2284','K','2501',null,'A','0','supervisor','supervisr','supervisr supervisr','supervisr','U',1,null,3,'2669',null,1,to_date('23-OCT-08','DD-MON-RR'),'Supervisor Routing',1,'Action ACKNOWLEDGE generated by Workflow because admin, admin null took action BLANKET APPROVED Responsibility 2026 Rule Id 1050',null,'F',1,0,null,null);
Insert into KREW_ACTN_RQST_T (ACTN_RQST_ID,PARNT_ID,ACTN_RQST_CD,DOC_HDR_ID,RULE_ID,STAT_CD,RSP_ID,PRNCPL_ID,ROLE_NM,QUAL_ROLE_NM,QUAL_ROLE_NM_LBL_TXT,RECIP_TYP_CD,PRIO_NBR,RTE_TYP_NM,RTE_LVL_NBR,RTE_NODE_INSTN_ID,ACTN_TKN_ID,DOC_VER_NBR,CRTE_DT,RSP_DESC_TXT,FRC_ACTN,ACTN_RQST_ANNOTN_TXT,DLGN_TYP,APPR_PLCY,CUR_IND,VER_NBR,GRP_ID,RQST_LBL) values ('2300',null,'A','2522','1046','D','2022','user4',null,null,null,'U',1,null,1,'2686','2222',1,to_date('24-OCT-08','DD-MON-RR'),'Destination Rule',0,null,null,'F',1,0,null,null);
Insert into KREW_ACTN_RQST_T (ACTN_RQST_ID,PARNT_ID,ACTN_RQST_CD,DOC_HDR_ID,RULE_ID,STAT_CD,RSP_ID,PRNCPL_ID,ROLE_NM,QUAL_ROLE_NM,QUAL_ROLE_NM_LBL_TXT,RECIP_TYP_CD,PRIO_NBR,RTE_TYP_NM,RTE_LVL_NBR,RTE_NODE_INSTN_ID,ACTN_TKN_ID,DOC_VER_NBR,CRTE_DT,RSP_DESC_TXT,FRC_ACTN,ACTN_RQST_ANNOTN_TXT,DLGN_TYP,APPR_PLCY,CUR_IND,VER_NBR,GRP_ID,RQST_LBL) values ('2301',null,'K','2522',null,'A','0','user4',null,null,null,'U',1,null,1,'2686',null,1,to_date('24-OCT-08','DD-MON-RR'),'Destination Rule',1,'Action ACKNOWLEDGE generated by Workflow because admin, admin null took action BLANKET APPROVED Responsibility 2022 Rule Id 1046',null,'F',1,0,null,null);
Insert into KREW_ACTN_RQST_T (ACTN_RQST_ID,PARNT_ID,ACTN_RQST_CD,DOC_HDR_ID,RULE_ID,STAT_CD,RSP_ID,PRNCPL_ID,ROLE_NM,QUAL_ROLE_NM,QUAL_ROLE_NM_LBL_TXT,RECIP_TYP_CD,PRIO_NBR,RTE_TYP_NM,RTE_LVL_NBR,RTE_NODE_INSTN_ID,ACTN_TKN_ID,DOC_VER_NBR,CRTE_DT,RSP_DESC_TXT,FRC_ACTN,ACTN_RQST_ANNOTN_TXT,DLGN_TYP,APPR_PLCY,CUR_IND,VER_NBR,GRP_ID,RQST_LBL) values ('2302',null,'A','2522','1049','D','2024',null,'employee','employee employee','employee','R',1,null,2,'2687','2222',1,to_date('24-OCT-08','DD-MON-RR'),'Traveler Routing',0,null,null,'F',1,0,null,null);
Insert into KREW_ACTN_RQST_T (ACTN_RQST_ID,PARNT_ID,ACTN_RQST_CD,DOC_HDR_ID,RULE_ID,STAT_CD,RSP_ID,PRNCPL_ID,ROLE_NM,QUAL_ROLE_NM,QUAL_ROLE_NM_LBL_TXT,RECIP_TYP_CD,PRIO_NBR,RTE_TYP_NM,RTE_LVL_NBR,RTE_NODE_INSTN_ID,ACTN_TKN_ID,DOC_VER_NBR,CRTE_DT,RSP_DESC_TXT,FRC_ACTN,ACTN_RQST_ANNOTN_TXT,DLGN_TYP,APPR_PLCY,CUR_IND,VER_NBR,GRP_ID,RQST_LBL) values ('2303','2302','A','2522','1049','D','2024','employee','employee','employee employee','employee','U',1,null,2,'2687','2222',1,to_date('24-OCT-08','DD-MON-RR'),'Traveler Routing',0,null,null,'F',1,0,null,null);
Insert into KREW_ACTN_RQST_T (ACTN_RQST_ID,PARNT_ID,ACTN_RQST_CD,DOC_HDR_ID,RULE_ID,STAT_CD,RSP_ID,PRNCPL_ID,ROLE_NM,QUAL_ROLE_NM,QUAL_ROLE_NM_LBL_TXT,RECIP_TYP_CD,PRIO_NBR,RTE_TYP_NM,RTE_LVL_NBR,RTE_NODE_INSTN_ID,ACTN_TKN_ID,DOC_VER_NBR,CRTE_DT,RSP_DESC_TXT,FRC_ACTN,ACTN_RQST_ANNOTN_TXT,DLGN_TYP,APPR_PLCY,CUR_IND,VER_NBR,GRP_ID,RQST_LBL) values ('2304',null,'K','2522',null,'A','0',null,'employee','employee employee','employee','R',1,null,2,'2687',null,1,to_date('24-OCT-08','DD-MON-RR'),'Traveler Routing',1,'Action ACKNOWLEDGE generated by Workflow because admin, admin null took action BLANKET APPROVED Responsibility 2024 Rule Id 1049',null,'F',1,0,null,null);
Insert into KREW_ACTN_RQST_T (ACTN_RQST_ID,PARNT_ID,ACTN_RQST_CD,DOC_HDR_ID,RULE_ID,STAT_CD,RSP_ID,PRNCPL_ID,ROLE_NM,QUAL_ROLE_NM,QUAL_ROLE_NM_LBL_TXT,RECIP_TYP_CD,PRIO_NBR,RTE_TYP_NM,RTE_LVL_NBR,RTE_NODE_INSTN_ID,ACTN_TKN_ID,DOC_VER_NBR,CRTE_DT,RSP_DESC_TXT,FRC_ACTN,ACTN_RQST_ANNOTN_TXT,DLGN_TYP,APPR_PLCY,CUR_IND,VER_NBR,GRP_ID,RQST_LBL) values ('2305','2304','K','2522',null,'A','0','employee','employee','employee employee','employee','U',1,null,2,'2687',null,1,to_date('24-OCT-08','DD-MON-RR'),'Traveler Routing',1,'Action ACKNOWLEDGE generated by Workflow because admin, admin null took action BLANKET APPROVED Responsibility 2024 Rule Id 1049',null,'F',1,0,null,null);
Insert into KREW_ACTN_RQST_T (ACTN_RQST_ID,PARNT_ID,ACTN_RQST_CD,DOC_HDR_ID,RULE_ID,STAT_CD,RSP_ID,PRNCPL_ID,ROLE_NM,QUAL_ROLE_NM,QUAL_ROLE_NM_LBL_TXT,RECIP_TYP_CD,PRIO_NBR,RTE_TYP_NM,RTE_LVL_NBR,RTE_NODE_INSTN_ID,ACTN_TKN_ID,DOC_VER_NBR,CRTE_DT,RSP_DESC_TXT,FRC_ACTN,ACTN_RQST_ANNOTN_TXT,DLGN_TYP,APPR_PLCY,CUR_IND,VER_NBR,GRP_ID,RQST_LBL) values ('2306',null,'A','2522','1050','D','2026',null,'supervisr','supervisr supervisr','supervisr','R',1,null,3,'2688','2222',1,to_date('24-OCT-08','DD-MON-RR'),'Supervisor Routing',0,null,null,'F',1,0,null,null);
Insert into KREW_ACTN_RQST_T (ACTN_RQST_ID,PARNT_ID,ACTN_RQST_CD,DOC_HDR_ID,RULE_ID,STAT_CD,RSP_ID,PRNCPL_ID,ROLE_NM,QUAL_ROLE_NM,QUAL_ROLE_NM_LBL_TXT,RECIP_TYP_CD,PRIO_NBR,RTE_TYP_NM,RTE_LVL_NBR,RTE_NODE_INSTN_ID,ACTN_TKN_ID,DOC_VER_NBR,CRTE_DT,RSP_DESC_TXT,FRC_ACTN,ACTN_RQST_ANNOTN_TXT,DLGN_TYP,APPR_PLCY,CUR_IND,VER_NBR,GRP_ID,RQST_LBL) values ('2307','2306','A','2522','1050','D','2026','supervisor','supervisr','supervisr supervisr','supervisr','U',1,null,3,'2688','2222',1,to_date('24-OCT-08','DD-MON-RR'),'Supervisor Routing',0,null,null,'F',1,0,null,null);
Insert into KREW_ACTN_RQST_T (ACTN_RQST_ID,PARNT_ID,ACTN_RQST_CD,DOC_HDR_ID,RULE_ID,STAT_CD,RSP_ID,PRNCPL_ID,ROLE_NM,QUAL_ROLE_NM,QUAL_ROLE_NM_LBL_TXT,RECIP_TYP_CD,PRIO_NBR,RTE_TYP_NM,RTE_LVL_NBR,RTE_NODE_INSTN_ID,ACTN_TKN_ID,DOC_VER_NBR,CRTE_DT,RSP_DESC_TXT,FRC_ACTN,ACTN_RQST_ANNOTN_TXT,DLGN_TYP,APPR_PLCY,CUR_IND,VER_NBR,GRP_ID,RQST_LBL) values ('2308',null,'K','2522','1051','A','2028',null,'director','director director','director','R',1,null,3,'2688',null,1,to_date('24-OCT-08','DD-MON-RR'),'Dean/Director Routing',0,null,null,'F',1,0,null,null);
Insert into KREW_ACTN_RQST_T (ACTN_RQST_ID,PARNT_ID,ACTN_RQST_CD,DOC_HDR_ID,RULE_ID,STAT_CD,RSP_ID,PRNCPL_ID,ROLE_NM,QUAL_ROLE_NM,QUAL_ROLE_NM_LBL_TXT,RECIP_TYP_CD,PRIO_NBR,RTE_TYP_NM,RTE_LVL_NBR,RTE_NODE_INSTN_ID,ACTN_TKN_ID,DOC_VER_NBR,CRTE_DT,RSP_DESC_TXT,FRC_ACTN,ACTN_RQST_ANNOTN_TXT,DLGN_TYP,APPR_PLCY,CUR_IND,VER_NBR,GRP_ID,RQST_LBL) values ('2309','2308','K','2522','1051','A','2028','director','director','director director','director','U',1,null,3,'2688',null,1,to_date('24-OCT-08','DD-MON-RR'),'Dean/Director Routing',0,null,null,'F',1,0,null,null);
Insert into KREW_ACTN_RQST_T (ACTN_RQST_ID,PARNT_ID,ACTN_RQST_CD,DOC_HDR_ID,RULE_ID,STAT_CD,RSP_ID,PRNCPL_ID,ROLE_NM,QUAL_ROLE_NM,QUAL_ROLE_NM_LBL_TXT,RECIP_TYP_CD,PRIO_NBR,RTE_TYP_NM,RTE_LVL_NBR,RTE_NODE_INSTN_ID,ACTN_TKN_ID,DOC_VER_NBR,CRTE_DT,RSP_DESC_TXT,FRC_ACTN,ACTN_RQST_ANNOTN_TXT,DLGN_TYP,APPR_PLCY,CUR_IND,VER_NBR,GRP_ID,RQST_LBL) values ('2310',null,'K','2522',null,'A','0',null,'supervisr','supervisr supervisr','supervisr','R',1,null,3,'2688',null,1,to_date('24-OCT-08','DD-MON-RR'),'Supervisor Routing',1,'Action ACKNOWLEDGE generated by Workflow because admin, admin null took action BLANKET APPROVED Responsibility 2026 Rule Id 1050',null,'F',1,0,null,null);
Insert into KREW_ACTN_RQST_T (ACTN_RQST_ID,PARNT_ID,ACTN_RQST_CD,DOC_HDR_ID,RULE_ID,STAT_CD,RSP_ID,PRNCPL_ID,ROLE_NM,QUAL_ROLE_NM,QUAL_ROLE_NM_LBL_TXT,RECIP_TYP_CD,PRIO_NBR,RTE_TYP_NM,RTE_LVL_NBR,RTE_NODE_INSTN_ID,ACTN_TKN_ID,DOC_VER_NBR,CRTE_DT,RSP_DESC_TXT,FRC_ACTN,ACTN_RQST_ANNOTN_TXT,DLGN_TYP,APPR_PLCY,CUR_IND,VER_NBR,GRP_ID,RQST_LBL) values ('2311','2310','K','2522',null,'A','0','supervisor','supervisr','supervisr supervisr','supervisr','U',1,null,3,'2688',null,1,to_date('24-OCT-08','DD-MON-RR'),'Supervisor Routing',1,'Action ACKNOWLEDGE generated by Workflow because admin, admin null took action BLANKET APPROVED Responsibility 2026 Rule Id 1050',null,'F',1,0,null,null);
Insert into KREW_ACTN_RQST_T (ACTN_RQST_ID,PARNT_ID,ACTN_RQST_CD,DOC_HDR_ID,RULE_ID,STAT_CD,RSP_ID,PRNCPL_ID,ROLE_NM,QUAL_ROLE_NM,QUAL_ROLE_NM_LBL_TXT,RECIP_TYP_CD,PRIO_NBR,RTE_TYP_NM,RTE_LVL_NBR,RTE_NODE_INSTN_ID,ACTN_TKN_ID,DOC_VER_NBR,CRTE_DT,RSP_DESC_TXT,FRC_ACTN,ACTN_RQST_ANNOTN_TXT,DLGN_TYP,APPR_PLCY,CUR_IND,VER_NBR,GRP_ID,RQST_LBL) values ('2320',null,'C','2601',null,'A','-3','admin',null,null,null,'U',0,null,0,'2763',null,1,to_date('04-NOV-08','DD-MON-RR'),'Initiator needs to complete document.',1,null,null,'F',1,0,null,null);
Insert into KREW_ACTN_RQST_T (ACTN_RQST_ID,PARNT_ID,ACTN_RQST_CD,DOC_HDR_ID,RULE_ID,STAT_CD,RSP_ID,PRNCPL_ID,ROLE_NM,QUAL_ROLE_NM,QUAL_ROLE_NM_LBL_TXT,RECIP_TYP_CD,PRIO_NBR,RTE_TYP_NM,RTE_LVL_NBR,RTE_NODE_INSTN_ID,ACTN_TKN_ID,DOC_VER_NBR,CRTE_DT,RSP_DESC_TXT,FRC_ACTN,ACTN_RQST_ANNOTN_TXT,DLGN_TYP,APPR_PLCY,CUR_IND,VER_NBR,GRP_ID,RQST_LBL) values ('2321',null,'C','2621',null,'A','-3','admin',null,null,null,'U',0,null,0,'2783',null,1,to_date('04-NOV-08','DD-MON-RR'),'Initiator needs to complete document.',1,null,null,'F',1,0,null,null);
Insert into KREW_ACTN_RQST_T (ACTN_RQST_ID,PARNT_ID,ACTN_RQST_CD,DOC_HDR_ID,RULE_ID,STAT_CD,RSP_ID,PRNCPL_ID,ROLE_NM,QUAL_ROLE_NM,QUAL_ROLE_NM_LBL_TXT,RECIP_TYP_CD,PRIO_NBR,RTE_TYP_NM,RTE_LVL_NBR,RTE_NODE_INSTN_ID,ACTN_TKN_ID,DOC_VER_NBR,CRTE_DT,RSP_DESC_TXT,FRC_ACTN,ACTN_RQST_ANNOTN_TXT,DLGN_TYP,APPR_PLCY,CUR_IND,VER_NBR,GRP_ID,RQST_LBL) values ('2322',null,'C','2622',null,'A','-3','admin',null,null,null,'U',0,null,0,'2785',null,1,to_date('04-NOV-08','DD-MON-RR'),'Initiator needs to complete document.',1,null,null,'F',1,0,null,null);
Insert into KREW_ACTN_RQST_T (ACTN_RQST_ID,PARNT_ID,ACTN_RQST_CD,DOC_HDR_ID,RULE_ID,STAT_CD,RSP_ID,PRNCPL_ID,ROLE_NM,QUAL_ROLE_NM,QUAL_ROLE_NM_LBL_TXT,RECIP_TYP_CD,PRIO_NBR,RTE_TYP_NM,RTE_LVL_NBR,RTE_NODE_INSTN_ID,ACTN_TKN_ID,DOC_VER_NBR,CRTE_DT,RSP_DESC_TXT,FRC_ACTN,ACTN_RQST_ANNOTN_TXT,DLGN_TYP,APPR_PLCY,CUR_IND,VER_NBR,GRP_ID,RQST_LBL) values ('2323',null,'C','2623',null,'A','-3','admin',null,null,null,'U',0,null,0,'2787',null,1,to_date('04-NOV-08','DD-MON-RR'),'Initiator needs to complete document.',1,null,null,'F',1,0,null,null);
Insert into KREW_ACTN_RQST_T (ACTN_RQST_ID,PARNT_ID,ACTN_RQST_CD,DOC_HDR_ID,RULE_ID,STAT_CD,RSP_ID,PRNCPL_ID,ROLE_NM,QUAL_ROLE_NM,QUAL_ROLE_NM_LBL_TXT,RECIP_TYP_CD,PRIO_NBR,RTE_TYP_NM,RTE_LVL_NBR,RTE_NODE_INSTN_ID,ACTN_TKN_ID,DOC_VER_NBR,CRTE_DT,RSP_DESC_TXT,FRC_ACTN,ACTN_RQST_ANNOTN_TXT,DLGN_TYP,APPR_PLCY,CUR_IND,VER_NBR,GRP_ID,RQST_LBL) values ('2340',null,'A','2640','1046','D','2022','user4',null,null,null,'U',1,null,1,'2802','2300',1,to_date('05-NOV-08','DD-MON-RR'),'Destination Rule',0,null,null,'F',1,0,null,null);
Insert into KREW_ACTN_RQST_T (ACTN_RQST_ID,PARNT_ID,ACTN_RQST_CD,DOC_HDR_ID,RULE_ID,STAT_CD,RSP_ID,PRNCPL_ID,ROLE_NM,QUAL_ROLE_NM,QUAL_ROLE_NM_LBL_TXT,RECIP_TYP_CD,PRIO_NBR,RTE_TYP_NM,RTE_LVL_NBR,RTE_NODE_INSTN_ID,ACTN_TKN_ID,DOC_VER_NBR,CRTE_DT,RSP_DESC_TXT,FRC_ACTN,ACTN_RQST_ANNOTN_TXT,DLGN_TYP,APPR_PLCY,CUR_IND,VER_NBR,GRP_ID,RQST_LBL) values ('2341',null,'K','2640',null,'A','0','user4',null,null,null,'U',1,null,1,'2802',null,1,to_date('05-NOV-08','DD-MON-RR'),'Destination Rule',1,'Action ACKNOWLEDGE generated by Workflow because admin, admin null took action BLANKET APPROVED Responsibility 2022 Rule Id 1046',null,'F',1,0,null,null);
Insert into KREW_ACTN_RQST_T (ACTN_RQST_ID,PARNT_ID,ACTN_RQST_CD,DOC_HDR_ID,RULE_ID,STAT_CD,RSP_ID,PRNCPL_ID,ROLE_NM,QUAL_ROLE_NM,QUAL_ROLE_NM_LBL_TXT,RECIP_TYP_CD,PRIO_NBR,RTE_TYP_NM,RTE_LVL_NBR,RTE_NODE_INSTN_ID,ACTN_TKN_ID,DOC_VER_NBR,CRTE_DT,RSP_DESC_TXT,FRC_ACTN,ACTN_RQST_ANNOTN_TXT,DLGN_TYP,APPR_PLCY,CUR_IND,VER_NBR,GRP_ID,RQST_LBL) values ('2342',null,'A','2640','1049','D','2024',null,'employee','employee employee','employee','R',1,null,2,'2803','2300',1,to_date('05-NOV-08','DD-MON-RR'),'Traveler Routing',0,null,null,'F',1,0,null,null);
Insert into KREW_ACTN_RQST_T (ACTN_RQST_ID,PARNT_ID,ACTN_RQST_CD,DOC_HDR_ID,RULE_ID,STAT_CD,RSP_ID,PRNCPL_ID,ROLE_NM,QUAL_ROLE_NM,QUAL_ROLE_NM_LBL_TXT,RECIP_TYP_CD,PRIO_NBR,RTE_TYP_NM,RTE_LVL_NBR,RTE_NODE_INSTN_ID,ACTN_TKN_ID,DOC_VER_NBR,CRTE_DT,RSP_DESC_TXT,FRC_ACTN,ACTN_RQST_ANNOTN_TXT,DLGN_TYP,APPR_PLCY,CUR_IND,VER_NBR,GRP_ID,RQST_LBL) values ('2343','2342','A','2640','1049','D','2024','employee','employee','employee employee','employee','U',1,null,2,'2803','2300',1,to_date('05-NOV-08','DD-MON-RR'),'Traveler Routing',0,null,null,'F',1,0,null,null);
Insert into KREW_ACTN_RQST_T (ACTN_RQST_ID,PARNT_ID,ACTN_RQST_CD,DOC_HDR_ID,RULE_ID,STAT_CD,RSP_ID,PRNCPL_ID,ROLE_NM,QUAL_ROLE_NM,QUAL_ROLE_NM_LBL_TXT,RECIP_TYP_CD,PRIO_NBR,RTE_TYP_NM,RTE_LVL_NBR,RTE_NODE_INSTN_ID,ACTN_TKN_ID,DOC_VER_NBR,CRTE_DT,RSP_DESC_TXT,FRC_ACTN,ACTN_RQST_ANNOTN_TXT,DLGN_TYP,APPR_PLCY,CUR_IND,VER_NBR,GRP_ID,RQST_LBL) values ('2344',null,'K','2640',null,'A','0',null,'employee','employee employee','employee','R',1,null,2,'2803',null,1,to_date('05-NOV-08','DD-MON-RR'),'Traveler Routing',1,'Action ACKNOWLEDGE generated by Workflow because admin, admin null took action BLANKET APPROVED Responsibility 2024 Rule Id 1049',null,'F',1,0,null,null);
Insert into KREW_ACTN_RQST_T (ACTN_RQST_ID,PARNT_ID,ACTN_RQST_CD,DOC_HDR_ID,RULE_ID,STAT_CD,RSP_ID,PRNCPL_ID,ROLE_NM,QUAL_ROLE_NM,QUAL_ROLE_NM_LBL_TXT,RECIP_TYP_CD,PRIO_NBR,RTE_TYP_NM,RTE_LVL_NBR,RTE_NODE_INSTN_ID,ACTN_TKN_ID,DOC_VER_NBR,CRTE_DT,RSP_DESC_TXT,FRC_ACTN,ACTN_RQST_ANNOTN_TXT,DLGN_TYP,APPR_PLCY,CUR_IND,VER_NBR,GRP_ID,RQST_LBL) values ('2345','2344','K','2640',null,'A','0','employee','employee','employee employee','employee','U',1,null,2,'2803',null,1,to_date('05-NOV-08','DD-MON-RR'),'Traveler Routing',1,'Action ACKNOWLEDGE generated by Workflow because admin, admin null took action BLANKET APPROVED Responsibility 2024 Rule Id 1049',null,'F',1,0,null,null);
Insert into KREW_ACTN_RQST_T (ACTN_RQST_ID,PARNT_ID,ACTN_RQST_CD,DOC_HDR_ID,RULE_ID,STAT_CD,RSP_ID,PRNCPL_ID,ROLE_NM,QUAL_ROLE_NM,QUAL_ROLE_NM_LBL_TXT,RECIP_TYP_CD,PRIO_NBR,RTE_TYP_NM,RTE_LVL_NBR,RTE_NODE_INSTN_ID,ACTN_TKN_ID,DOC_VER_NBR,CRTE_DT,RSP_DESC_TXT,FRC_ACTN,ACTN_RQST_ANNOTN_TXT,DLGN_TYP,APPR_PLCY,CUR_IND,VER_NBR,GRP_ID,RQST_LBL) values ('2346',null,'A','2640','1050','D','2026',null,'supervisr','supervisr supervisr','supervisr','R',1,null,3,'2804','2300',1,to_date('05-NOV-08','DD-MON-RR'),'Supervisor Routing',0,null,null,'F',1,0,null,null);
Insert into KREW_ACTN_RQST_T (ACTN_RQST_ID,PARNT_ID,ACTN_RQST_CD,DOC_HDR_ID,RULE_ID,STAT_CD,RSP_ID,PRNCPL_ID,ROLE_NM,QUAL_ROLE_NM,QUAL_ROLE_NM_LBL_TXT,RECIP_TYP_CD,PRIO_NBR,RTE_TYP_NM,RTE_LVL_NBR,RTE_NODE_INSTN_ID,ACTN_TKN_ID,DOC_VER_NBR,CRTE_DT,RSP_DESC_TXT,FRC_ACTN,ACTN_RQST_ANNOTN_TXT,DLGN_TYP,APPR_PLCY,CUR_IND,VER_NBR,GRP_ID,RQST_LBL) values ('2347','2346','A','2640','1050','D','2026','supervisor','supervisr','supervisr supervisr','supervisr','U',1,null,3,'2804','2300',1,to_date('05-NOV-08','DD-MON-RR'),'Supervisor Routing',0,null,null,'F',1,0,null,null);
Insert into KREW_ACTN_RQST_T (ACTN_RQST_ID,PARNT_ID,ACTN_RQST_CD,DOC_HDR_ID,RULE_ID,STAT_CD,RSP_ID,PRNCPL_ID,ROLE_NM,QUAL_ROLE_NM,QUAL_ROLE_NM_LBL_TXT,RECIP_TYP_CD,PRIO_NBR,RTE_TYP_NM,RTE_LVL_NBR,RTE_NODE_INSTN_ID,ACTN_TKN_ID,DOC_VER_NBR,CRTE_DT,RSP_DESC_TXT,FRC_ACTN,ACTN_RQST_ANNOTN_TXT,DLGN_TYP,APPR_PLCY,CUR_IND,VER_NBR,GRP_ID,RQST_LBL) values ('2348',null,'K','2640','1051','A','2028',null,'director','director director','director','R',1,null,3,'2804',null,1,to_date('05-NOV-08','DD-MON-RR'),'Dean/Director Routing',0,null,null,'F',1,0,null,null);
Insert into KREW_ACTN_RQST_T (ACTN_RQST_ID,PARNT_ID,ACTN_RQST_CD,DOC_HDR_ID,RULE_ID,STAT_CD,RSP_ID,PRNCPL_ID,ROLE_NM,QUAL_ROLE_NM,QUAL_ROLE_NM_LBL_TXT,RECIP_TYP_CD,PRIO_NBR,RTE_TYP_NM,RTE_LVL_NBR,RTE_NODE_INSTN_ID,ACTN_TKN_ID,DOC_VER_NBR,CRTE_DT,RSP_DESC_TXT,FRC_ACTN,ACTN_RQST_ANNOTN_TXT,DLGN_TYP,APPR_PLCY,CUR_IND,VER_NBR,GRP_ID,RQST_LBL) values ('2349','2348','K','2640','1051','A','2028','director','director','director director','director','U',1,null,3,'2804',null,1,to_date('05-NOV-08','DD-MON-RR'),'Dean/Director Routing',0,null,null,'F',1,0,null,null);
Insert into KREW_ACTN_RQST_T (ACTN_RQST_ID,PARNT_ID,ACTN_RQST_CD,DOC_HDR_ID,RULE_ID,STAT_CD,RSP_ID,PRNCPL_ID,ROLE_NM,QUAL_ROLE_NM,QUAL_ROLE_NM_LBL_TXT,RECIP_TYP_CD,PRIO_NBR,RTE_TYP_NM,RTE_LVL_NBR,RTE_NODE_INSTN_ID,ACTN_TKN_ID,DOC_VER_NBR,CRTE_DT,RSP_DESC_TXT,FRC_ACTN,ACTN_RQST_ANNOTN_TXT,DLGN_TYP,APPR_PLCY,CUR_IND,VER_NBR,GRP_ID,RQST_LBL) values ('2350',null,'K','2640',null,'A','0',null,'supervisr','supervisr supervisr','supervisr','R',1,null,3,'2804',null,1,to_date('05-NOV-08','DD-MON-RR'),'Supervisor Routing',1,'Action ACKNOWLEDGE generated by Workflow because admin, admin null took action BLANKET APPROVED Responsibility 2026 Rule Id 1050',null,'F',1,0,null,null);
Insert into KREW_ACTN_RQST_T (ACTN_RQST_ID,PARNT_ID,ACTN_RQST_CD,DOC_HDR_ID,RULE_ID,STAT_CD,RSP_ID,PRNCPL_ID,ROLE_NM,QUAL_ROLE_NM,QUAL_ROLE_NM_LBL_TXT,RECIP_TYP_CD,PRIO_NBR,RTE_TYP_NM,RTE_LVL_NBR,RTE_NODE_INSTN_ID,ACTN_TKN_ID,DOC_VER_NBR,CRTE_DT,RSP_DESC_TXT,FRC_ACTN,ACTN_RQST_ANNOTN_TXT,DLGN_TYP,APPR_PLCY,CUR_IND,VER_NBR,GRP_ID,RQST_LBL) values ('2351','2350','K','2640',null,'A','0','supervisor','supervisr','supervisr supervisr','supervisr','U',1,null,3,'2804',null,1,to_date('05-NOV-08','DD-MON-RR'),'Supervisor Routing',1,'Action ACKNOWLEDGE generated by Workflow because admin, admin null took action BLANKET APPROVED Responsibility 2026 Rule Id 1050',null,'F',1,0,null,null);
Insert into KREW_ACTN_RQST_T (ACTN_RQST_ID,PARNT_ID,ACTN_RQST_CD,DOC_HDR_ID,RULE_ID,STAT_CD,RSP_ID,PRNCPL_ID,ROLE_NM,QUAL_ROLE_NM,QUAL_ROLE_NM_LBL_TXT,RECIP_TYP_CD,PRIO_NBR,RTE_TYP_NM,RTE_LVL_NBR,RTE_NODE_INSTN_ID,ACTN_TKN_ID,DOC_VER_NBR,CRTE_DT,RSP_DESC_TXT,FRC_ACTN,ACTN_RQST_ANNOTN_TXT,DLGN_TYP,APPR_PLCY,CUR_IND,VER_NBR,GRP_ID,RQST_LBL) values ('2360',null,'A','2695','1046','D','2022','user4',null,null,null,'U',1,null,1,'2876','2324',1,to_date('22-DEC-08','DD-MON-RR'),'Destination Rule',0,null,null,'F',1,0,null,null);
Insert into KREW_ACTN_RQST_T (ACTN_RQST_ID,PARNT_ID,ACTN_RQST_CD,DOC_HDR_ID,RULE_ID,STAT_CD,RSP_ID,PRNCPL_ID,ROLE_NM,QUAL_ROLE_NM,QUAL_ROLE_NM_LBL_TXT,RECIP_TYP_CD,PRIO_NBR,RTE_TYP_NM,RTE_LVL_NBR,RTE_NODE_INSTN_ID,ACTN_TKN_ID,DOC_VER_NBR,CRTE_DT,RSP_DESC_TXT,FRC_ACTN,ACTN_RQST_ANNOTN_TXT,DLGN_TYP,APPR_PLCY,CUR_IND,VER_NBR,GRP_ID,RQST_LBL) values ('2361',null,'A','2695','1049','D','2024',null,'employee','employee employee','employee','R',1,null,2,'2877','2325',1,to_date('22-DEC-08','DD-MON-RR'),'Traveler Routing',0,null,null,'F',1,0,null,null);
Insert into KREW_ACTN_RQST_T (ACTN_RQST_ID,PARNT_ID,ACTN_RQST_CD,DOC_HDR_ID,RULE_ID,STAT_CD,RSP_ID,PRNCPL_ID,ROLE_NM,QUAL_ROLE_NM,QUAL_ROLE_NM_LBL_TXT,RECIP_TYP_CD,PRIO_NBR,RTE_TYP_NM,RTE_LVL_NBR,RTE_NODE_INSTN_ID,ACTN_TKN_ID,DOC_VER_NBR,CRTE_DT,RSP_DESC_TXT,FRC_ACTN,ACTN_RQST_ANNOTN_TXT,DLGN_TYP,APPR_PLCY,CUR_IND,VER_NBR,GRP_ID,RQST_LBL) values ('2362','2361','A','2695','1049','D','2024','employee','employee','employee employee','employee','U',1,null,2,'2877','2325',1,to_date('22-DEC-08','DD-MON-RR'),'Traveler Routing',0,null,null,'F',1,0,null,null);
Insert into KREW_ACTN_RQST_T (ACTN_RQST_ID,PARNT_ID,ACTN_RQST_CD,DOC_HDR_ID,RULE_ID,STAT_CD,RSP_ID,PRNCPL_ID,ROLE_NM,QUAL_ROLE_NM,QUAL_ROLE_NM_LBL_TXT,RECIP_TYP_CD,PRIO_NBR,RTE_TYP_NM,RTE_LVL_NBR,RTE_NODE_INSTN_ID,ACTN_TKN_ID,DOC_VER_NBR,CRTE_DT,RSP_DESC_TXT,FRC_ACTN,ACTN_RQST_ANNOTN_TXT,DLGN_TYP,APPR_PLCY,CUR_IND,VER_NBR,GRP_ID,RQST_LBL) values ('2363',null,'A','2695','1050','D','2026',null,'supervisr','supervisr supervisr','supervisr','R',1,null,3,'2878','2326',1,to_date('22-DEC-08','DD-MON-RR'),'Supervisor Routing',0,null,null,'F',1,0,null,null);
Insert into KREW_ACTN_RQST_T (ACTN_RQST_ID,PARNT_ID,ACTN_RQST_CD,DOC_HDR_ID,RULE_ID,STAT_CD,RSP_ID,PRNCPL_ID,ROLE_NM,QUAL_ROLE_NM,QUAL_ROLE_NM_LBL_TXT,RECIP_TYP_CD,PRIO_NBR,RTE_TYP_NM,RTE_LVL_NBR,RTE_NODE_INSTN_ID,ACTN_TKN_ID,DOC_VER_NBR,CRTE_DT,RSP_DESC_TXT,FRC_ACTN,ACTN_RQST_ANNOTN_TXT,DLGN_TYP,APPR_PLCY,CUR_IND,VER_NBR,GRP_ID,RQST_LBL) values ('2364','2363','A','2695','1050','D','2026','supervisor','supervisr','supervisr supervisr','supervisr','U',1,null,3,'2878','2326',1,to_date('22-DEC-08','DD-MON-RR'),'Supervisor Routing',0,null,null,'F',1,0,null,null);
Insert into KREW_ACTN_RQST_T (ACTN_RQST_ID,PARNT_ID,ACTN_RQST_CD,DOC_HDR_ID,RULE_ID,STAT_CD,RSP_ID,PRNCPL_ID,ROLE_NM,QUAL_ROLE_NM,QUAL_ROLE_NM_LBL_TXT,RECIP_TYP_CD,PRIO_NBR,RTE_TYP_NM,RTE_LVL_NBR,RTE_NODE_INSTN_ID,ACTN_TKN_ID,DOC_VER_NBR,CRTE_DT,RSP_DESC_TXT,FRC_ACTN,ACTN_RQST_ANNOTN_TXT,DLGN_TYP,APPR_PLCY,CUR_IND,VER_NBR,GRP_ID,RQST_LBL) values ('2365',null,'K','2695','1051','A','2028',null,'director','director director','director','R',1,null,3,'2878',null,1,to_date('22-DEC-08','DD-MON-RR'),'Dean/Director Routing',0,null,null,'F',1,0,null,null);
Insert into KREW_ACTN_RQST_T (ACTN_RQST_ID,PARNT_ID,ACTN_RQST_CD,DOC_HDR_ID,RULE_ID,STAT_CD,RSP_ID,PRNCPL_ID,ROLE_NM,QUAL_ROLE_NM,QUAL_ROLE_NM_LBL_TXT,RECIP_TYP_CD,PRIO_NBR,RTE_TYP_NM,RTE_LVL_NBR,RTE_NODE_INSTN_ID,ACTN_TKN_ID,DOC_VER_NBR,CRTE_DT,RSP_DESC_TXT,FRC_ACTN,ACTN_RQST_ANNOTN_TXT,DLGN_TYP,APPR_PLCY,CUR_IND,VER_NBR,GRP_ID,RQST_LBL) values ('2366','2365','K','2695','1051','A','2028','director','director','director director','director','U',1,null,3,'2878',null,1,to_date('22-DEC-08','DD-MON-RR'),'Dean/Director Routing',0,null,null,'F',1,0,null,null);
Insert into KREW_ACTN_RQST_T (ACTN_RQST_ID,PARNT_ID,ACTN_RQST_CD,DOC_HDR_ID,RULE_ID,STAT_CD,RSP_ID,PRNCPL_ID,ROLE_NM,QUAL_ROLE_NM,QUAL_ROLE_NM_LBL_TXT,RECIP_TYP_CD,PRIO_NBR,RTE_TYP_NM,RTE_LVL_NBR,RTE_NODE_INSTN_ID,ACTN_TKN_ID,DOC_VER_NBR,CRTE_DT,RSP_DESC_TXT,FRC_ACTN,ACTN_RQST_ANNOTN_TXT,DLGN_TYP,APPR_PLCY,CUR_IND,VER_NBR,GRP_ID,RQST_LBL) values ('2367',null,'A','2701',null,'A','2022','user4',null,null,null,'U',1,null,1,'2891',null,1,to_date('17-MAR-09','DD-MON-RR'),'Destination Rule',0,null,null,'F',1,0,null,null);
Insert into KREW_ACTN_RQST_T (ACTN_RQST_ID,PARNT_ID,ACTN_RQST_CD,DOC_HDR_ID,RULE_ID,STAT_CD,RSP_ID,PRNCPL_ID,ROLE_NM,QUAL_ROLE_NM,QUAL_ROLE_NM_LBL_TXT,RECIP_TYP_CD,PRIO_NBR,RTE_TYP_NM,RTE_LVL_NBR,RTE_NODE_INSTN_ID,ACTN_TKN_ID,DOC_VER_NBR,CRTE_DT,RSP_DESC_TXT,FRC_ACTN,ACTN_RQST_ANNOTN_TXT,DLGN_TYP,APPR_PLCY,CUR_IND,VER_NBR,GRP_ID,RQST_LBL) values ('2368','2367','A','2701',null,'A','2061','user2',null,null,null,'U',1,null,1,'2891',null,1,to_date('17-MAR-09','DD-MON-RR'),'User4 Destination Routing Secondary Delegation',1,null,'S','F',1,0,null,null);
 --- INSERTING into KREW_ACTN_TKN_T

Insert into KREW_ACTN_TKN_T (ACTN_TKN_ID,DOC_HDR_ID,PRNCPL_ID,DLGTR_PRNCPL_ID,ACTN_CD,ACTN_DT,DOC_VER_NBR,ANNOTN,CUR_IND,VER_NBR,DLGTR_GRP_ID) values ('2000','2036','admin',null,'B',to_date('01-AUG-08','DD-MON-RR'),1,null,1,1,null);
Insert into KREW_ACTN_TKN_T (ACTN_TKN_ID,DOC_HDR_ID,PRNCPL_ID,DLGTR_PRNCPL_ID,ACTN_CD,ACTN_DT,DOC_VER_NBR,ANNOTN,CUR_IND,VER_NBR,DLGTR_GRP_ID) values ('2020','2060','admin',null,'B',to_date('05-AUG-08','DD-MON-RR'),1,null,1,1,null);
Insert into KREW_ACTN_TKN_T (ACTN_TKN_ID,DOC_HDR_ID,PRNCPL_ID,DLGTR_PRNCPL_ID,ACTN_CD,ACTN_DT,DOC_VER_NBR,ANNOTN,CUR_IND,VER_NBR,DLGTR_GRP_ID) values ('2060','2120','admin',null,'B',to_date('11-AUG-08','DD-MON-RR'),1,null,1,1,null);
Insert into KREW_ACTN_TKN_T (ACTN_TKN_ID,DOC_HDR_ID,PRNCPL_ID,DLGTR_PRNCPL_ID,ACTN_CD,ACTN_DT,DOC_VER_NBR,ANNOTN,CUR_IND,VER_NBR,DLGTR_GRP_ID) values ('2061','2121','admin',null,'B',to_date('11-AUG-08','DD-MON-RR'),1,null,1,1,null);
Insert into KREW_ACTN_TKN_T (ACTN_TKN_ID,DOC_HDR_ID,PRNCPL_ID,DLGTR_PRNCPL_ID,ACTN_CD,ACTN_DT,DOC_VER_NBR,ANNOTN,CUR_IND,VER_NBR,DLGTR_GRP_ID) values ('2062','2122','admin',null,'B',to_date('11-AUG-08','DD-MON-RR'),1,null,1,1,null);
Insert into KREW_ACTN_TKN_T (ACTN_TKN_ID,DOC_HDR_ID,PRNCPL_ID,DLGTR_PRNCPL_ID,ACTN_CD,ACTN_DT,DOC_VER_NBR,ANNOTN,CUR_IND,VER_NBR,DLGTR_GRP_ID) values ('2063','2123','admin',null,'B',to_date('11-AUG-08','DD-MON-RR'),1,null,1,1,null);
Insert into KREW_ACTN_TKN_T (ACTN_TKN_ID,DOC_HDR_ID,PRNCPL_ID,DLGTR_PRNCPL_ID,ACTN_CD,ACTN_DT,DOC_VER_NBR,ANNOTN,CUR_IND,VER_NBR,DLGTR_GRP_ID) values ('2064','2124','admin',null,'X',to_date('11-AUG-08','DD-MON-RR'),1,null,1,1,null);
Insert into KREW_ACTN_TKN_T (ACTN_TKN_ID,DOC_HDR_ID,PRNCPL_ID,DLGTR_PRNCPL_ID,ACTN_CD,ACTN_DT,DOC_VER_NBR,ANNOTN,CUR_IND,VER_NBR,DLGTR_GRP_ID) values ('2065','2124','admin',null,'R',to_date('11-AUG-08','DD-MON-RR'),1,'Testing DOCUMENT OEPRATION',0,1,null);
Insert into KREW_ACTN_TKN_T (ACTN_TKN_ID,DOC_HDR_ID,PRNCPL_ID,DLGTR_PRNCPL_ID,ACTN_CD,ACTN_DT,DOC_VER_NBR,ANNOTN,CUR_IND,VER_NBR,DLGTR_GRP_ID) values ('2080','2180','admin',null,'B',to_date('16-SEP-08','DD-MON-RR'),1,null,1,1,null);
Insert into KREW_ACTN_TKN_T (ACTN_TKN_ID,DOC_HDR_ID,PRNCPL_ID,DLGTR_PRNCPL_ID,ACTN_CD,ACTN_DT,DOC_VER_NBR,ANNOTN,CUR_IND,VER_NBR,DLGTR_GRP_ID) values ('2100','2218','admin',null,'C',to_date('16-SEP-08','DD-MON-RR'),1,null,1,1,null);
Insert into KREW_ACTN_TKN_T (ACTN_TKN_ID,DOC_HDR_ID,PRNCPL_ID,DLGTR_PRNCPL_ID,ACTN_CD,ACTN_DT,DOC_VER_NBR,ANNOTN,CUR_IND,VER_NBR,DLGTR_GRP_ID) values ('2101','2218','user1',null,'A',to_date('16-SEP-08','DD-MON-RR'),1,null,1,1,null);
Insert into KREW_ACTN_TKN_T (ACTN_TKN_ID,DOC_HDR_ID,PRNCPL_ID,DLGTR_PRNCPL_ID,ACTN_CD,ACTN_DT,DOC_VER_NBR,ANNOTN,CUR_IND,VER_NBR,DLGTR_GRP_ID) values ('2102','2219','admin',null,'C',to_date('16-SEP-08','DD-MON-RR'),1,null,1,1,null);
Insert into KREW_ACTN_TKN_T (ACTN_TKN_ID,DOC_HDR_ID,PRNCPL_ID,DLGTR_PRNCPL_ID,ACTN_CD,ACTN_DT,DOC_VER_NBR,ANNOTN,CUR_IND,VER_NBR,DLGTR_GRP_ID) values ('2103','2219','user1',null,'A',to_date('16-SEP-08','DD-MON-RR'),1,null,1,1,null);
Insert into KREW_ACTN_TKN_T (ACTN_TKN_ID,DOC_HDR_ID,PRNCPL_ID,DLGTR_PRNCPL_ID,ACTN_CD,ACTN_DT,DOC_VER_NBR,ANNOTN,CUR_IND,VER_NBR,DLGTR_GRP_ID) values ('2120','2260','admin',null,'B',to_date('24-SEP-08','DD-MON-RR'),1,null,1,1,null);
Insert into KREW_ACTN_TKN_T (ACTN_TKN_ID,DOC_HDR_ID,PRNCPL_ID,DLGTR_PRNCPL_ID,ACTN_CD,ACTN_DT,DOC_VER_NBR,ANNOTN,CUR_IND,VER_NBR,DLGTR_GRP_ID) values ('2164','2387','admin',null,'B',to_date('01-OCT-08','DD-MON-RR'),1,null,1,1,null);
Insert into KREW_ACTN_TKN_T (ACTN_TKN_ID,DOC_HDR_ID,PRNCPL_ID,DLGTR_PRNCPL_ID,ACTN_CD,ACTN_DT,DOC_VER_NBR,ANNOTN,CUR_IND,VER_NBR,DLGTR_GRP_ID) values ('2165','2388','admin',null,'B',to_date('01-OCT-08','DD-MON-RR'),1,null,1,1,null);
Insert into KREW_ACTN_TKN_T (ACTN_TKN_ID,DOC_HDR_ID,PRNCPL_ID,DLGTR_PRNCPL_ID,ACTN_CD,ACTN_DT,DOC_VER_NBR,ANNOTN,CUR_IND,VER_NBR,DLGTR_GRP_ID) values ('2166','2389','admin',null,'B',to_date('01-OCT-08','DD-MON-RR'),1,null,1,1,null);
Insert into KREW_ACTN_TKN_T (ACTN_TKN_ID,DOC_HDR_ID,PRNCPL_ID,DLGTR_PRNCPL_ID,ACTN_CD,ACTN_DT,DOC_VER_NBR,ANNOTN,CUR_IND,VER_NBR,DLGTR_GRP_ID) values ('2167','2390','admin',null,'B',to_date('01-OCT-08','DD-MON-RR'),1,null,1,1,null);
Insert into KREW_ACTN_TKN_T (ACTN_TKN_ID,DOC_HDR_ID,PRNCPL_ID,DLGTR_PRNCPL_ID,ACTN_CD,ACTN_DT,DOC_VER_NBR,ANNOTN,CUR_IND,VER_NBR,DLGTR_GRP_ID) values ('2168','2391','admin',null,'C',to_date('01-OCT-08','DD-MON-RR'),1,null,1,1,null);
Insert into KREW_ACTN_TKN_T (ACTN_TKN_ID,DOC_HDR_ID,PRNCPL_ID,DLGTR_PRNCPL_ID,ACTN_CD,ACTN_DT,DOC_VER_NBR,ANNOTN,CUR_IND,VER_NBR,DLGTR_GRP_ID) values ('2169','2391','dev1',null,'A',to_date('01-OCT-08','DD-MON-RR'),1,null,1,1,null);
Insert into KREW_ACTN_TKN_T (ACTN_TKN_ID,DOC_HDR_ID,PRNCPL_ID,DLGTR_PRNCPL_ID,ACTN_CD,ACTN_DT,DOC_VER_NBR,ANNOTN,CUR_IND,VER_NBR,DLGTR_GRP_ID) values ('2171','2393','admin',null,'B',to_date('01-OCT-08','DD-MON-RR'),1,null,1,1,null);
Insert into KREW_ACTN_TKN_T (ACTN_TKN_ID,DOC_HDR_ID,PRNCPL_ID,DLGTR_PRNCPL_ID,ACTN_CD,ACTN_DT,DOC_VER_NBR,ANNOTN,CUR_IND,VER_NBR,DLGTR_GRP_ID) values ('2173','2396','admin',null,'B',to_date('01-OCT-08','DD-MON-RR'),1,null,1,1,null);
Insert into KREW_ACTN_TKN_T (ACTN_TKN_ID,DOC_HDR_ID,PRNCPL_ID,DLGTR_PRNCPL_ID,ACTN_CD,ACTN_DT,DOC_VER_NBR,ANNOTN,CUR_IND,VER_NBR,DLGTR_GRP_ID) values ('2180','2400','admin',null,'B',to_date('01-OCT-08','DD-MON-RR'),1,null,1,1,null);
Insert into KREW_ACTN_TKN_T (ACTN_TKN_ID,DOC_HDR_ID,PRNCPL_ID,DLGTR_PRNCPL_ID,ACTN_CD,ACTN_DT,DOC_VER_NBR,ANNOTN,CUR_IND,VER_NBR,DLGTR_GRP_ID) values ('2181','2401','admin',null,'B',to_date('01-OCT-08','DD-MON-RR'),1,null,1,1,null);
Insert into KREW_ACTN_TKN_T (ACTN_TKN_ID,DOC_HDR_ID,PRNCPL_ID,DLGTR_PRNCPL_ID,ACTN_CD,ACTN_DT,DOC_VER_NBR,ANNOTN,CUR_IND,VER_NBR,DLGTR_GRP_ID) values ('2182','2402','admin',null,'B',to_date('01-OCT-08','DD-MON-RR'),1,null,1,1,null);
Insert into KREW_ACTN_TKN_T (ACTN_TKN_ID,DOC_HDR_ID,PRNCPL_ID,DLGTR_PRNCPL_ID,ACTN_CD,ACTN_DT,DOC_VER_NBR,ANNOTN,CUR_IND,VER_NBR,DLGTR_GRP_ID) values ('2183','2403','admin',null,'B',to_date('01-OCT-08','DD-MON-RR'),1,null,1,1,null);
Insert into KREW_ACTN_TKN_T (ACTN_TKN_ID,DOC_HDR_ID,PRNCPL_ID,DLGTR_PRNCPL_ID,ACTN_CD,ACTN_DT,DOC_VER_NBR,ANNOTN,CUR_IND,VER_NBR,DLGTR_GRP_ID) values ('2184','2404','admin',null,'B',to_date('01-OCT-08','DD-MON-RR'),1,null,1,1,null);
Insert into KREW_ACTN_TKN_T (ACTN_TKN_ID,DOC_HDR_ID,PRNCPL_ID,DLGTR_PRNCPL_ID,ACTN_CD,ACTN_DT,DOC_VER_NBR,ANNOTN,CUR_IND,VER_NBR,DLGTR_GRP_ID) values ('2185','2405','admin',null,'B',to_date('01-OCT-08','DD-MON-RR'),1,null,1,1,null);
Insert into KREW_ACTN_TKN_T (ACTN_TKN_ID,DOC_HDR_ID,PRNCPL_ID,DLGTR_PRNCPL_ID,ACTN_CD,ACTN_DT,DOC_VER_NBR,ANNOTN,CUR_IND,VER_NBR,DLGTR_GRP_ID) values ('2187','2407','admin',null,'B',to_date('01-OCT-08','DD-MON-RR'),1,null,1,1,null);
Insert into KREW_ACTN_TKN_T (ACTN_TKN_ID,DOC_HDR_ID,PRNCPL_ID,DLGTR_PRNCPL_ID,ACTN_CD,ACTN_DT,DOC_VER_NBR,ANNOTN,CUR_IND,VER_NBR,DLGTR_GRP_ID) values ('2200','2480','admin',null,'B',to_date('23-OCT-08','DD-MON-RR'),1,null,1,1,null);
Insert into KREW_ACTN_TKN_T (ACTN_TKN_ID,DOC_HDR_ID,PRNCPL_ID,DLGTR_PRNCPL_ID,ACTN_CD,ACTN_DT,DOC_VER_NBR,ANNOTN,CUR_IND,VER_NBR,DLGTR_GRP_ID) values ('2201','2481','admin',null,'B',to_date('23-OCT-08','DD-MON-RR'),1,null,1,1,null);
Insert into KREW_ACTN_TKN_T (ACTN_TKN_ID,DOC_HDR_ID,PRNCPL_ID,DLGTR_PRNCPL_ID,ACTN_CD,ACTN_DT,DOC_VER_NBR,ANNOTN,CUR_IND,VER_NBR,DLGTR_GRP_ID) values ('2202','2482','admin',null,'B',to_date('23-OCT-08','DD-MON-RR'),1,null,1,1,null);
Insert into KREW_ACTN_TKN_T (ACTN_TKN_ID,DOC_HDR_ID,PRNCPL_ID,DLGTR_PRNCPL_ID,ACTN_CD,ACTN_DT,DOC_VER_NBR,ANNOTN,CUR_IND,VER_NBR,DLGTR_GRP_ID) values ('2203','2483','admin',null,'B',to_date('23-OCT-08','DD-MON-RR'),1,null,1,1,null);
Insert into KREW_ACTN_TKN_T (ACTN_TKN_ID,DOC_HDR_ID,PRNCPL_ID,DLGTR_PRNCPL_ID,ACTN_CD,ACTN_DT,DOC_VER_NBR,ANNOTN,CUR_IND,VER_NBR,DLGTR_GRP_ID) values ('2204','2484','admin',null,'B',to_date('23-OCT-08','DD-MON-RR'),1,null,1,1,null);
Insert into KREW_ACTN_TKN_T (ACTN_TKN_ID,DOC_HDR_ID,PRNCPL_ID,DLGTR_PRNCPL_ID,ACTN_CD,ACTN_DT,DOC_VER_NBR,ANNOTN,CUR_IND,VER_NBR,DLGTR_GRP_ID) values ('2205','2500','admin',null,'B',to_date('23-OCT-08','DD-MON-RR'),1,null,1,1,null);
Insert into KREW_ACTN_TKN_T (ACTN_TKN_ID,DOC_HDR_ID,PRNCPL_ID,DLGTR_PRNCPL_ID,ACTN_CD,ACTN_DT,DOC_VER_NBR,ANNOTN,CUR_IND,VER_NBR,DLGTR_GRP_ID) values ('2206','2501','admin',null,'B',to_date('23-OCT-08','DD-MON-RR'),1,null,1,1,null);
Insert into KREW_ACTN_TKN_T (ACTN_TKN_ID,DOC_HDR_ID,PRNCPL_ID,DLGTR_PRNCPL_ID,ACTN_CD,ACTN_DT,DOC_VER_NBR,ANNOTN,CUR_IND,VER_NBR,DLGTR_GRP_ID) values ('2220','2520','admin',null,'B',to_date('24-OCT-08','DD-MON-RR'),1,null,1,1,null);
Insert into KREW_ACTN_TKN_T (ACTN_TKN_ID,DOC_HDR_ID,PRNCPL_ID,DLGTR_PRNCPL_ID,ACTN_CD,ACTN_DT,DOC_VER_NBR,ANNOTN,CUR_IND,VER_NBR,DLGTR_GRP_ID) values ('2221','2521','admin',null,'B',to_date('24-OCT-08','DD-MON-RR'),1,null,1,1,null);
Insert into KREW_ACTN_TKN_T (ACTN_TKN_ID,DOC_HDR_ID,PRNCPL_ID,DLGTR_PRNCPL_ID,ACTN_CD,ACTN_DT,DOC_VER_NBR,ANNOTN,CUR_IND,VER_NBR,DLGTR_GRP_ID) values ('2222','2522','admin',null,'B',to_date('24-OCT-08','DD-MON-RR'),1,null,1,1,null);
Insert into KREW_ACTN_TKN_T (ACTN_TKN_ID,DOC_HDR_ID,PRNCPL_ID,DLGTR_PRNCPL_ID,ACTN_CD,ACTN_DT,DOC_VER_NBR,ANNOTN,CUR_IND,VER_NBR,DLGTR_GRP_ID) values ('2240','2584','admin',null,'C',to_date('04-NOV-08','DD-MON-RR'),1,null,1,1,null);
Insert into KREW_ACTN_TKN_T (ACTN_TKN_ID,DOC_HDR_ID,PRNCPL_ID,DLGTR_PRNCPL_ID,ACTN_CD,ACTN_DT,DOC_VER_NBR,ANNOTN,CUR_IND,VER_NBR,DLGTR_GRP_ID) values ('2260','2600','admin',null,'C',to_date('04-NOV-08','DD-MON-RR'),1,null,1,1,null);
Insert into KREW_ACTN_TKN_T (ACTN_TKN_ID,DOC_HDR_ID,PRNCPL_ID,DLGTR_PRNCPL_ID,ACTN_CD,ACTN_DT,DOC_VER_NBR,ANNOTN,CUR_IND,VER_NBR,DLGTR_GRP_ID) values ('2261','2601','admin',null,'S',to_date('04-NOV-08','DD-MON-RR'),1,null,1,1,null);
Insert into KREW_ACTN_TKN_T (ACTN_TKN_ID,DOC_HDR_ID,PRNCPL_ID,DLGTR_PRNCPL_ID,ACTN_CD,ACTN_DT,DOC_VER_NBR,ANNOTN,CUR_IND,VER_NBR,DLGTR_GRP_ID) values ('2280','2621','admin',null,'S',to_date('04-NOV-08','DD-MON-RR'),1,null,1,1,null);
Insert into KREW_ACTN_TKN_T (ACTN_TKN_ID,DOC_HDR_ID,PRNCPL_ID,DLGTR_PRNCPL_ID,ACTN_CD,ACTN_DT,DOC_VER_NBR,ANNOTN,CUR_IND,VER_NBR,DLGTR_GRP_ID) values ('2281','2622','admin',null,'S',to_date('04-NOV-08','DD-MON-RR'),1,null,1,1,null);
Insert into KREW_ACTN_TKN_T (ACTN_TKN_ID,DOC_HDR_ID,PRNCPL_ID,DLGTR_PRNCPL_ID,ACTN_CD,ACTN_DT,DOC_VER_NBR,ANNOTN,CUR_IND,VER_NBR,DLGTR_GRP_ID) values ('2282','2623','admin',null,'S',to_date('04-NOV-08','DD-MON-RR'),1,null,1,1,null);
Insert into KREW_ACTN_TKN_T (ACTN_TKN_ID,DOC_HDR_ID,PRNCPL_ID,DLGTR_PRNCPL_ID,ACTN_CD,ACTN_DT,DOC_VER_NBR,ANNOTN,CUR_IND,VER_NBR,DLGTR_GRP_ID) values ('2300','2640','admin',null,'B',to_date('05-NOV-08','DD-MON-RR'),1,null,1,1,null);
Insert into KREW_ACTN_TKN_T (ACTN_TKN_ID,DOC_HDR_ID,PRNCPL_ID,DLGTR_PRNCPL_ID,ACTN_CD,ACTN_DT,DOC_VER_NBR,ANNOTN,CUR_IND,VER_NBR,DLGTR_GRP_ID) values ('2320','2692','admin',null,'C',to_date('22-DEC-08','DD-MON-RR'),1,null,1,1,null);
Insert into KREW_ACTN_TKN_T (ACTN_TKN_ID,DOC_HDR_ID,PRNCPL_ID,DLGTR_PRNCPL_ID,ACTN_CD,ACTN_DT,DOC_VER_NBR,ANNOTN,CUR_IND,VER_NBR,DLGTR_GRP_ID) values ('2321','2693','admin',null,'C',to_date('22-DEC-08','DD-MON-RR'),1,null,1,1,null);
Insert into KREW_ACTN_TKN_T (ACTN_TKN_ID,DOC_HDR_ID,PRNCPL_ID,DLGTR_PRNCPL_ID,ACTN_CD,ACTN_DT,DOC_VER_NBR,ANNOTN,CUR_IND,VER_NBR,DLGTR_GRP_ID) values ('2322','2694','admin',null,'C',to_date('22-DEC-08','DD-MON-RR'),1,null,1,1,null);
Insert into KREW_ACTN_TKN_T (ACTN_TKN_ID,DOC_HDR_ID,PRNCPL_ID,DLGTR_PRNCPL_ID,ACTN_CD,ACTN_DT,DOC_VER_NBR,ANNOTN,CUR_IND,VER_NBR,DLGTR_GRP_ID) values ('2323','2695','admin',null,'C',to_date('22-DEC-08','DD-MON-RR'),1,null,1,1,null);
Insert into KREW_ACTN_TKN_T (ACTN_TKN_ID,DOC_HDR_ID,PRNCPL_ID,DLGTR_PRNCPL_ID,ACTN_CD,ACTN_DT,DOC_VER_NBR,ANNOTN,CUR_IND,VER_NBR,DLGTR_GRP_ID) values ('2324','2695','user4',null,'A',to_date('22-DEC-08','DD-MON-RR'),1,null,1,1,null);
Insert into KREW_ACTN_TKN_T (ACTN_TKN_ID,DOC_HDR_ID,PRNCPL_ID,DLGTR_PRNCPL_ID,ACTN_CD,ACTN_DT,DOC_VER_NBR,ANNOTN,CUR_IND,VER_NBR,DLGTR_GRP_ID) values ('2325','2695','employee',null,'A',to_date('22-DEC-08','DD-MON-RR'),1,null,1,1,null);
Insert into KREW_ACTN_TKN_T (ACTN_TKN_ID,DOC_HDR_ID,PRNCPL_ID,DLGTR_PRNCPL_ID,ACTN_CD,ACTN_DT,DOC_VER_NBR,ANNOTN,CUR_IND,VER_NBR,DLGTR_GRP_ID) values ('2326','2695','supervisor',null,'A',to_date('22-DEC-08','DD-MON-RR'),1,null,1,1,null);
Insert into KREW_ACTN_TKN_T (ACTN_TKN_ID,DOC_HDR_ID,PRNCPL_ID,DLGTR_PRNCPL_ID,ACTN_CD,ACTN_DT,DOC_VER_NBR,ANNOTN,CUR_IND,VER_NBR,DLGTR_GRP_ID) values ('2328','2701','admin',null,'C',to_date('17-MAR-09','DD-MON-RR'),1,null,1,1,null);
 --- INSERTING into KREW_APP_DOC_STAT_TRAN_T

 --- INSERTING into KREW_ATTR_DEFN_T

Insert into KREW_ATTR_DEFN_T (ATTR_DEFN_ID,NM,NMSPC_CD,LBL,ACTV,CMPNT_NM,VER_NBR,DESC_TXT) values ('1','number','KR-SAP','Travel Number','Y','edu.sampleu.travel.bo.TravelAccount',1,null);
Insert into KREW_ATTR_DEFN_T (ATTR_DEFN_ID,NM,NMSPC_CD,LBL,ACTV,CMPNT_NM,VER_NBR,DESC_TXT) values ('2','id','KR-SAP',null,'Y','edu.sampleu.travel.bo.FiscalOfficer',1,null);
 --- INSERTING into KREW_ATT_T

Insert into KREW_ATT_T (ATTACHMENT_ID,NTE_ID,FILE_NM,FILE_LOC,MIME_TYP,VER_NBR) values ('2001','2000','G1.Example1.For.version094.EDL.xml','/opt/ears/wf_att_2213_G1_Example1_For_version094_EDL_xml_204458687.tmp','text/xml',1);
Insert into KREW_ATT_T (ATTACHMENT_ID,NTE_ID,FILE_NM,FILE_LOC,MIME_TYP,VER_NBR) values ('2003','2002','hasActiveNode.class','/opt/ears/wf_att_2219_hasActiveNode_class_204558692.tmp','text/plain',1);
Insert into KREW_ATT_T (ATTACHMENT_ID,NTE_ID,FILE_NM,FILE_LOC,MIME_TYP,VER_NBR) values ('2005','2004','ReadMe.txt','/opt/ears/wf_att_2219_ReadMe_txt_204658693.tmp','text/plain',1);
 --- INSERTING into KREW_DLGN_RSP_T

Insert into KREW_DLGN_RSP_T (DLGN_RULE_ID,RSP_ID,DLGN_RULE_BASE_VAL_ID,DLGN_TYP,VER_NBR,OBJ_ID) values ('1641','2022','1640','S',1,'07B43BF1-B39B-CD35-024D-C05AF402D6A6');
 --- INSERTING into KREW_DOC_HDR_CNTNT_T

Insert into KREW_DOC_HDR_CNTNT_T (DOC_HDR_ID) values ('2036');
Insert into KREW_DOC_HDR_CNTNT_T (DOC_HDR_ID) values ('2037');
Insert into KREW_DOC_HDR_CNTNT_T (DOC_HDR_ID) values ('2038');
Insert into KREW_DOC_HDR_CNTNT_T (DOC_HDR_ID) values ('2039');
Insert into KREW_DOC_HDR_CNTNT_T (DOC_HDR_ID) values ('2040');
Insert into KREW_DOC_HDR_CNTNT_T (DOC_HDR_ID) values ('2041');
Insert into KREW_DOC_HDR_CNTNT_T (DOC_HDR_ID) values ('2042');
Insert into KREW_DOC_HDR_CNTNT_T (DOC_HDR_ID) values ('2060');
Insert into KREW_DOC_HDR_CNTNT_T (DOC_HDR_ID) values ('2080');
Insert into KREW_DOC_HDR_CNTNT_T (DOC_HDR_ID) values ('2081');
Insert into KREW_DOC_HDR_CNTNT_T (DOC_HDR_ID) values ('2100');
Insert into KREW_DOC_HDR_CNTNT_T (DOC_HDR_ID) values ('2101');
Insert into KREW_DOC_HDR_CNTNT_T (DOC_HDR_ID) values ('2102');
Insert into KREW_DOC_HDR_CNTNT_T (DOC_HDR_ID) values ('2120');
Insert into KREW_DOC_HDR_CNTNT_T (DOC_HDR_ID) values ('2121');
Insert into KREW_DOC_HDR_CNTNT_T (DOC_HDR_ID) values ('2122');
Insert into KREW_DOC_HDR_CNTNT_T (DOC_HDR_ID) values ('2123');
Insert into KREW_DOC_HDR_CNTNT_T (DOC_HDR_ID) values ('2124');
Insert into KREW_DOC_HDR_CNTNT_T (DOC_HDR_ID) values ('2140');
Insert into KREW_DOC_HDR_CNTNT_T (DOC_HDR_ID) values ('2160');
Insert into KREW_DOC_HDR_CNTNT_T (DOC_HDR_ID) values ('2161');
Insert into KREW_DOC_HDR_CNTNT_T (DOC_HDR_ID) values ('2180');
Insert into KREW_DOC_HDR_CNTNT_T (DOC_HDR_ID) values ('2207');
Insert into KREW_DOC_HDR_CNTNT_T (DOC_HDR_ID) values ('2208');
Insert into KREW_DOC_HDR_CNTNT_T (DOC_HDR_ID) values ('2209');
Insert into KREW_DOC_HDR_CNTNT_T (DOC_HDR_ID) values ('2210');
Insert into KREW_DOC_HDR_CNTNT_T (DOC_HDR_ID) values ('2211');
Insert into KREW_DOC_HDR_CNTNT_T (DOC_HDR_ID) values ('2212');
Insert into KREW_DOC_HDR_CNTNT_T (DOC_HDR_ID) values ('2213');
Insert into KREW_DOC_HDR_CNTNT_T (DOC_HDR_ID) values ('2214');
Insert into KREW_DOC_HDR_CNTNT_T (DOC_HDR_ID) values ('2218');
Insert into KREW_DOC_HDR_CNTNT_T (DOC_HDR_ID) values ('2219');
Insert into KREW_DOC_HDR_CNTNT_T (DOC_HDR_ID) values ('2220');
Insert into KREW_DOC_HDR_CNTNT_T (DOC_HDR_ID) values ('2221');
Insert into KREW_DOC_HDR_CNTNT_T (DOC_HDR_ID) values ('2222');
Insert into KREW_DOC_HDR_CNTNT_T (DOC_HDR_ID) values ('2223');
Insert into KREW_DOC_HDR_CNTNT_T (DOC_HDR_ID) values ('2224');
Insert into KREW_DOC_HDR_CNTNT_T (DOC_HDR_ID) values ('2240');
Insert into KREW_DOC_HDR_CNTNT_T (DOC_HDR_ID) values ('2241');
Insert into KREW_DOC_HDR_CNTNT_T (DOC_HDR_ID) values ('2242');
Insert into KREW_DOC_HDR_CNTNT_T (DOC_HDR_ID) values ('2260');
Insert into KREW_DOC_HDR_CNTNT_T (DOC_HDR_ID) values ('2281');
Insert into KREW_DOC_HDR_CNTNT_T (DOC_HDR_ID) values ('2300');
Insert into KREW_DOC_HDR_CNTNT_T (DOC_HDR_ID) values ('2340');
Insert into KREW_DOC_HDR_CNTNT_T (DOC_HDR_ID) values ('2380');
Insert into KREW_DOC_HDR_CNTNT_T (DOC_HDR_ID) values ('2385');
Insert into KREW_DOC_HDR_CNTNT_T (DOC_HDR_ID) values ('2386');
Insert into KREW_DOC_HDR_CNTNT_T (DOC_HDR_ID) values ('2387');
Insert into KREW_DOC_HDR_CNTNT_T (DOC_HDR_ID) values ('2388');
Insert into KREW_DOC_HDR_CNTNT_T (DOC_HDR_ID) values ('2389');
Insert into KREW_DOC_HDR_CNTNT_T (DOC_HDR_ID) values ('2390');
Insert into KREW_DOC_HDR_CNTNT_T (DOC_HDR_ID) values ('2391');
Insert into KREW_DOC_HDR_CNTNT_T (DOC_HDR_ID) values ('2393');
Insert into KREW_DOC_HDR_CNTNT_T (DOC_HDR_ID) values ('2395');
Insert into KREW_DOC_HDR_CNTNT_T (DOC_HDR_ID) values ('2396');
Insert into KREW_DOC_HDR_CNTNT_T (DOC_HDR_ID) values ('2400');
Insert into KREW_DOC_HDR_CNTNT_T (DOC_HDR_ID) values ('2401');
Insert into KREW_DOC_HDR_CNTNT_T (DOC_HDR_ID) values ('2402');
Insert into KREW_DOC_HDR_CNTNT_T (DOC_HDR_ID) values ('2403');
Insert into KREW_DOC_HDR_CNTNT_T (DOC_HDR_ID) values ('2404');
Insert into KREW_DOC_HDR_CNTNT_T (DOC_HDR_ID) values ('2405');
Insert into KREW_DOC_HDR_CNTNT_T (DOC_HDR_ID) values ('2407');
Insert into KREW_DOC_HDR_CNTNT_T (DOC_HDR_ID) values ('2408');
Insert into KREW_DOC_HDR_CNTNT_T (DOC_HDR_ID) values ('2409');
Insert into KREW_DOC_HDR_CNTNT_T (DOC_HDR_ID) values ('2420');
Insert into KREW_DOC_HDR_CNTNT_T (DOC_HDR_ID) values ('2460');
Insert into KREW_DOC_HDR_CNTNT_T (DOC_HDR_ID) values ('2480');
Insert into KREW_DOC_HDR_CNTNT_T (DOC_HDR_ID) values ('2481');
Insert into KREW_DOC_HDR_CNTNT_T (DOC_HDR_ID) values ('2482');
Insert into KREW_DOC_HDR_CNTNT_T (DOC_HDR_ID) values ('2483');
Insert into KREW_DOC_HDR_CNTNT_T (DOC_HDR_ID) values ('2484');
Insert into KREW_DOC_HDR_CNTNT_T (DOC_HDR_ID) values ('2500');
Insert into KREW_DOC_HDR_CNTNT_T (DOC_HDR_ID) values ('2501');
Insert into KREW_DOC_HDR_CNTNT_T (DOC_HDR_ID) values ('2502');
Insert into KREW_DOC_HDR_CNTNT_T (DOC_HDR_ID) values ('2520');
Insert into KREW_DOC_HDR_CNTNT_T (DOC_HDR_ID) values ('2521');
Insert into KREW_DOC_HDR_CNTNT_T (DOC_HDR_ID) values ('2522');
Insert into KREW_DOC_HDR_CNTNT_T (DOC_HDR_ID) values ('2540');
Insert into KREW_DOC_HDR_CNTNT_T (DOC_HDR_ID) values ('2541');
Insert into KREW_DOC_HDR_CNTNT_T (DOC_HDR_ID) values ('2545');
Insert into KREW_DOC_HDR_CNTNT_T (DOC_HDR_ID) values ('2546');
Insert into KREW_DOC_HDR_CNTNT_T (DOC_HDR_ID) values ('2560');
Insert into KREW_DOC_HDR_CNTNT_T (DOC_HDR_ID) values ('2561');
Insert into KREW_DOC_HDR_CNTNT_T (DOC_HDR_ID) values ('2580');
Insert into KREW_DOC_HDR_CNTNT_T (DOC_HDR_ID) values ('2581');
Insert into KREW_DOC_HDR_CNTNT_T (DOC_HDR_ID) values ('2582');
Insert into KREW_DOC_HDR_CNTNT_T (DOC_HDR_ID) values ('2583');
Insert into KREW_DOC_HDR_CNTNT_T (DOC_HDR_ID) values ('2584');
Insert into KREW_DOC_HDR_CNTNT_T (DOC_HDR_ID) values ('2600');
Insert into KREW_DOC_HDR_CNTNT_T (DOC_HDR_ID) values ('2601');
Insert into KREW_DOC_HDR_CNTNT_T (DOC_HDR_ID) values ('2620');
Insert into KREW_DOC_HDR_CNTNT_T (DOC_HDR_ID) values ('2621');
Insert into KREW_DOC_HDR_CNTNT_T (DOC_HDR_ID) values ('2622');
Insert into KREW_DOC_HDR_CNTNT_T (DOC_HDR_ID) values ('2623');
Insert into KREW_DOC_HDR_CNTNT_T (DOC_HDR_ID) values ('2640');
Insert into KREW_DOC_HDR_CNTNT_T (DOC_HDR_ID) values ('2660');
Insert into KREW_DOC_HDR_CNTNT_T (DOC_HDR_ID) values ('2684');
Insert into KREW_DOC_HDR_CNTNT_T (DOC_HDR_ID) values ('2685');
Insert into KREW_DOC_HDR_CNTNT_T (DOC_HDR_ID) values ('2686');
Insert into KREW_DOC_HDR_CNTNT_T (DOC_HDR_ID) values ('2687');
Insert into KREW_DOC_HDR_CNTNT_T (DOC_HDR_ID) values ('2688');
Insert into KREW_DOC_HDR_CNTNT_T (DOC_HDR_ID) values ('2689');
Insert into KREW_DOC_HDR_CNTNT_T (DOC_HDR_ID) values ('2690');
Insert into KREW_DOC_HDR_CNTNT_T (DOC_HDR_ID) values ('2691');
Insert into KREW_DOC_HDR_CNTNT_T (DOC_HDR_ID) values ('2692');
Insert into KREW_DOC_HDR_CNTNT_T (DOC_HDR_ID) values ('2693');
Insert into KREW_DOC_HDR_CNTNT_T (DOC_HDR_ID) values ('2694');
Insert into KREW_DOC_HDR_CNTNT_T (DOC_HDR_ID) values ('2695');
Insert into KREW_DOC_HDR_CNTNT_T (DOC_HDR_ID) values ('2696');
Insert into KREW_DOC_HDR_CNTNT_T (DOC_HDR_ID) values ('2698');
Insert into KREW_DOC_HDR_CNTNT_T (DOC_HDR_ID) values ('2701');
 --- INSERTING into KREW_DOC_HDR_EXT_DT_T

 --- INSERTING into KREW_DOC_HDR_EXT_FLT_T

 --- INSERTING into KREW_DOC_HDR_EXT_LONG_T

 --- INSERTING into KREW_DOC_HDR_EXT_T

 --- INSERTING into KREW_DOC_HDR_T

Insert into KREW_DOC_HDR_T (DOC_HDR_ID,DOC_TYP_ID,DOC_HDR_STAT_CD,RTE_LVL,STAT_MDFN_DT,CRTE_DT,APRV_DT,FNL_DT,RTE_STAT_MDFN_DT,TTL,APP_DOC_ID,DOC_VER_NBR,INITR_PRNCPL_ID,VER_NBR,RTE_PRNCPL_ID,DTYPE,OBJ_ID,APP_DOC_STAT,APP_DOC_STAT_MDFN_DT) values ('2036','2013','F',1,to_date('01-AUG-08','DD-MON-RR'),to_date('01-AUG-08','DD-MON-RR'),to_date('01-AUG-08','DD-MON-RR'),to_date('01-AUG-08','DD-MON-RR'),to_date('01-AUG-08','DD-MON-RR'),'Routing workgroup TestRouteAGroup123',null,1,'admin',9,null,'DocumentRouteHeaderValue','6166CBA1B9E6644DE0404F8189D86C09',null,null);
Insert into KREW_DOC_HDR_T (DOC_HDR_ID,DOC_TYP_ID,DOC_HDR_STAT_CD,RTE_LVL,STAT_MDFN_DT,CRTE_DT,APRV_DT,FNL_DT,RTE_STAT_MDFN_DT,TTL,APP_DOC_ID,DOC_VER_NBR,INITR_PRNCPL_ID,VER_NBR,RTE_PRNCPL_ID,DTYPE,OBJ_ID,APP_DOC_STAT,APP_DOC_STAT_MDFN_DT) values ('2037','2016','I',0,to_date('01-AUG-08','DD-MON-RR'),to_date('01-AUG-08','DD-MON-RR'),null,null,null,null,null,1,'admin',2,null,'DocumentRouteHeaderValue','6166CBA1B9E7644DE0404F8189D86C09',null,null);
Insert into KREW_DOC_HDR_T (DOC_HDR_ID,DOC_TYP_ID,DOC_HDR_STAT_CD,RTE_LVL,STAT_MDFN_DT,CRTE_DT,APRV_DT,FNL_DT,RTE_STAT_MDFN_DT,TTL,APP_DOC_ID,DOC_VER_NBR,INITR_PRNCPL_ID,VER_NBR,RTE_PRNCPL_ID,DTYPE,OBJ_ID,APP_DOC_STAT,APP_DOC_STAT_MDFN_DT) values ('2038','2016','I',0,to_date('01-AUG-08','DD-MON-RR'),to_date('01-AUG-08','DD-MON-RR'),null,null,null,null,null,1,'admin',2,null,'DocumentRouteHeaderValue','6166CBA1B9E8644DE0404F8189D86C09',null,null);
Insert into KREW_DOC_HDR_T (DOC_HDR_ID,DOC_TYP_ID,DOC_HDR_STAT_CD,RTE_LVL,STAT_MDFN_DT,CRTE_DT,APRV_DT,FNL_DT,RTE_STAT_MDFN_DT,TTL,APP_DOC_ID,DOC_VER_NBR,INITR_PRNCPL_ID,VER_NBR,RTE_PRNCPL_ID,DTYPE,OBJ_ID,APP_DOC_STAT,APP_DOC_STAT_MDFN_DT) values ('2039','2016','I',0,to_date('01-AUG-08','DD-MON-RR'),to_date('01-AUG-08','DD-MON-RR'),null,null,null,null,null,1,'admin',2,null,'DocumentRouteHeaderValue','6166CBA1B9E9644DE0404F8189D86C09',null,null);
Insert into KREW_DOC_HDR_T (DOC_HDR_ID,DOC_TYP_ID,DOC_HDR_STAT_CD,RTE_LVL,STAT_MDFN_DT,CRTE_DT,APRV_DT,FNL_DT,RTE_STAT_MDFN_DT,TTL,APP_DOC_ID,DOC_VER_NBR,INITR_PRNCPL_ID,VER_NBR,RTE_PRNCPL_ID,DTYPE,OBJ_ID,APP_DOC_STAT,APP_DOC_STAT_MDFN_DT) values ('2040','2016','I',0,to_date('01-AUG-08','DD-MON-RR'),to_date('01-AUG-08','DD-MON-RR'),null,null,null,null,null,1,'admin',2,null,'DocumentRouteHeaderValue','6166CBA1B9EA644DE0404F8189D86C09',null,null);
Insert into KREW_DOC_HDR_T (DOC_HDR_ID,DOC_TYP_ID,DOC_HDR_STAT_CD,RTE_LVL,STAT_MDFN_DT,CRTE_DT,APRV_DT,FNL_DT,RTE_STAT_MDFN_DT,TTL,APP_DOC_ID,DOC_VER_NBR,INITR_PRNCPL_ID,VER_NBR,RTE_PRNCPL_ID,DTYPE,OBJ_ID,APP_DOC_STAT,APP_DOC_STAT_MDFN_DT) values ('2041','2016','I',0,to_date('01-AUG-08','DD-MON-RR'),to_date('01-AUG-08','DD-MON-RR'),null,null,null,null,null,1,'admin',2,null,'DocumentRouteHeaderValue','6166CBA1B9EB644DE0404F8189D86C09',null,null);
Insert into KREW_DOC_HDR_T (DOC_HDR_ID,DOC_TYP_ID,DOC_HDR_STAT_CD,RTE_LVL,STAT_MDFN_DT,CRTE_DT,APRV_DT,FNL_DT,RTE_STAT_MDFN_DT,TTL,APP_DOC_ID,DOC_VER_NBR,INITR_PRNCPL_ID,VER_NBR,RTE_PRNCPL_ID,DTYPE,OBJ_ID,APP_DOC_STAT,APP_DOC_STAT_MDFN_DT) values ('2042','2016','I',0,to_date('01-AUG-08','DD-MON-RR'),to_date('01-AUG-08','DD-MON-RR'),null,null,null,null,null,1,'admin',2,null,'DocumentRouteHeaderValue','6166CBA1B9EC644DE0404F8189D86C09',null,null);
Insert into KREW_DOC_HDR_T (DOC_HDR_ID,DOC_TYP_ID,DOC_HDR_STAT_CD,RTE_LVL,STAT_MDFN_DT,CRTE_DT,APRV_DT,FNL_DT,RTE_STAT_MDFN_DT,TTL,APP_DOC_ID,DOC_VER_NBR,INITR_PRNCPL_ID,VER_NBR,RTE_PRNCPL_ID,DTYPE,OBJ_ID,APP_DOC_STAT,APP_DOC_STAT_MDFN_DT) values ('2060','2013','F',1,to_date('05-AUG-08','DD-MON-RR'),to_date('05-AUG-08','DD-MON-RR'),to_date('05-AUG-08','DD-MON-RR'),to_date('05-AUG-08','DD-MON-RR'),to_date('05-AUG-08','DD-MON-RR'),'Routing workgroup TestAGroupRoutenum1',null,1,'admin',9,null,'DocumentRouteHeaderValue','6166CBA1B9ED644DE0404F8189D86C09',null,null);
Insert into KREW_DOC_HDR_T (DOC_HDR_ID,DOC_TYP_ID,DOC_HDR_STAT_CD,RTE_LVL,STAT_MDFN_DT,CRTE_DT,APRV_DT,FNL_DT,RTE_STAT_MDFN_DT,TTL,APP_DOC_ID,DOC_VER_NBR,INITR_PRNCPL_ID,VER_NBR,RTE_PRNCPL_ID,DTYPE,OBJ_ID,APP_DOC_STAT,APP_DOC_STAT_MDFN_DT) values ('2080','2013','I',0,to_date('07-AUG-08','DD-MON-RR'),to_date('07-AUG-08','DD-MON-RR'),null,null,null,null,null,1,'admin',2,null,'DocumentRouteHeaderValue','6166CBA1B9EE644DE0404F8189D86C09',null,null);
Insert into KREW_DOC_HDR_T (DOC_HDR_ID,DOC_TYP_ID,DOC_HDR_STAT_CD,RTE_LVL,STAT_MDFN_DT,CRTE_DT,APRV_DT,FNL_DT,RTE_STAT_MDFN_DT,TTL,APP_DOC_ID,DOC_VER_NBR,INITR_PRNCPL_ID,VER_NBR,RTE_PRNCPL_ID,DTYPE,OBJ_ID,APP_DOC_STAT,APP_DOC_STAT_MDFN_DT) values ('2081','2013','I',0,to_date('07-AUG-08','DD-MON-RR'),to_date('07-AUG-08','DD-MON-RR'),null,null,null,null,null,1,'admin',2,null,'DocumentRouteHeaderValue','6166CBA1B9EF644DE0404F8189D86C09',null,null);
Insert into KREW_DOC_HDR_T (DOC_HDR_ID,DOC_TYP_ID,DOC_HDR_STAT_CD,RTE_LVL,STAT_MDFN_DT,CRTE_DT,APRV_DT,FNL_DT,RTE_STAT_MDFN_DT,TTL,APP_DOC_ID,DOC_VER_NBR,INITR_PRNCPL_ID,VER_NBR,RTE_PRNCPL_ID,DTYPE,OBJ_ID,APP_DOC_STAT,APP_DOC_STAT_MDFN_DT) values ('2100','2013','I',0,to_date('11-AUG-08','DD-MON-RR'),to_date('11-AUG-08','DD-MON-RR'),null,null,null,null,null,1,'admin',2,null,'DocumentRouteHeaderValue','6166CBA1B9F0644DE0404F8189D86C09',null,null);
Insert into KREW_DOC_HDR_T (DOC_HDR_ID,DOC_TYP_ID,DOC_HDR_STAT_CD,RTE_LVL,STAT_MDFN_DT,CRTE_DT,APRV_DT,FNL_DT,RTE_STAT_MDFN_DT,TTL,APP_DOC_ID,DOC_VER_NBR,INITR_PRNCPL_ID,VER_NBR,RTE_PRNCPL_ID,DTYPE,OBJ_ID,APP_DOC_STAT,APP_DOC_STAT_MDFN_DT) values ('2101','2028','I',0,to_date('11-AUG-08','DD-MON-RR'),to_date('11-AUG-08','DD-MON-RR'),null,null,null,null,null,1,'admin',2,null,'DocumentRouteHeaderValue','6166CBA1B9F1644DE0404F8189D86C09',null,null);
Insert into KREW_DOC_HDR_T (DOC_HDR_ID,DOC_TYP_ID,DOC_HDR_STAT_CD,RTE_LVL,STAT_MDFN_DT,CRTE_DT,APRV_DT,FNL_DT,RTE_STAT_MDFN_DT,TTL,APP_DOC_ID,DOC_VER_NBR,INITR_PRNCPL_ID,VER_NBR,RTE_PRNCPL_ID,DTYPE,OBJ_ID,APP_DOC_STAT,APP_DOC_STAT_MDFN_DT) values ('2102','2028','I',0,to_date('11-AUG-08','DD-MON-RR'),to_date('11-AUG-08','DD-MON-RR'),null,null,null,null,null,1,'admin',2,null,'DocumentRouteHeaderValue','6166CBA1B9F2644DE0404F8189D86C09',null,null);
Insert into KREW_DOC_HDR_T (DOC_HDR_ID,DOC_TYP_ID,DOC_HDR_STAT_CD,RTE_LVL,STAT_MDFN_DT,CRTE_DT,APRV_DT,FNL_DT,RTE_STAT_MDFN_DT,TTL,APP_DOC_ID,DOC_VER_NBR,INITR_PRNCPL_ID,VER_NBR,RTE_PRNCPL_ID,DTYPE,OBJ_ID,APP_DOC_STAT,APP_DOC_STAT_MDFN_DT) values ('2120','2013','R',0,to_date('11-AUG-08','DD-MON-RR'),to_date('11-AUG-08','DD-MON-RR'),null,null,to_date('11-AUG-08','DD-MON-RR'),'Routing workgroup CreatinAGroup123',null,1,'admin',6,null,'DocumentRouteHeaderValue','6166CBA1B9F3644DE0404F8189D86C09',null,null);
Insert into KREW_DOC_HDR_T (DOC_HDR_ID,DOC_TYP_ID,DOC_HDR_STAT_CD,RTE_LVL,STAT_MDFN_DT,CRTE_DT,APRV_DT,FNL_DT,RTE_STAT_MDFN_DT,TTL,APP_DOC_ID,DOC_VER_NBR,INITR_PRNCPL_ID,VER_NBR,RTE_PRNCPL_ID,DTYPE,OBJ_ID,APP_DOC_STAT,APP_DOC_STAT_MDFN_DT) values ('2121','2013','E',0,to_date('11-AUG-08','DD-MON-RR'),to_date('11-AUG-08','DD-MON-RR'),null,null,to_date('11-AUG-08','DD-MON-RR'),'Routing workgroup CreatinAGroup321',null,1,'admin',7,null,'DocumentRouteHeaderValue','6166CBA1B9F4644DE0404F8189D86C09',null,null);
Insert into KREW_DOC_HDR_T (DOC_HDR_ID,DOC_TYP_ID,DOC_HDR_STAT_CD,RTE_LVL,STAT_MDFN_DT,CRTE_DT,APRV_DT,FNL_DT,RTE_STAT_MDFN_DT,TTL,APP_DOC_ID,DOC_VER_NBR,INITR_PRNCPL_ID,VER_NBR,RTE_PRNCPL_ID,DTYPE,OBJ_ID,APP_DOC_STAT,APP_DOC_STAT_MDFN_DT) values ('2122','2013','F',1,to_date('11-AUG-08','DD-MON-RR'),to_date('11-AUG-08','DD-MON-RR'),to_date('11-AUG-08','DD-MON-RR'),to_date('11-AUG-08','DD-MON-RR'),to_date('11-AUG-08','DD-MON-RR'),'Routing workgroup CreatinAGroup4',null,1,'admin',9,null,'DocumentRouteHeaderValue','6166CBA1B9F5644DE0404F8189D86C09',null,null);
Insert into KREW_DOC_HDR_T (DOC_HDR_ID,DOC_TYP_ID,DOC_HDR_STAT_CD,RTE_LVL,STAT_MDFN_DT,CRTE_DT,APRV_DT,FNL_DT,RTE_STAT_MDFN_DT,TTL,APP_DOC_ID,DOC_VER_NBR,INITR_PRNCPL_ID,VER_NBR,RTE_PRNCPL_ID,DTYPE,OBJ_ID,APP_DOC_STAT,APP_DOC_STAT_MDFN_DT) values ('2123','2028','P',4,to_date('11-AUG-08','DD-MON-RR'),to_date('11-AUG-08','DD-MON-RR'),to_date('11-AUG-08','DD-MON-RR'),null,to_date('11-AUG-08','DD-MON-RR'),'Travel Doc 2 - rewer','1',1,'admin',28,null,'DocumentRouteHeaderValue','6166CBA1B9F6644DE0404F8189D86C09',null,null);
Insert into KREW_DOC_HDR_T (DOC_HDR_ID,DOC_TYP_ID,DOC_HDR_STAT_CD,RTE_LVL,STAT_MDFN_DT,CRTE_DT,APRV_DT,FNL_DT,RTE_STAT_MDFN_DT,TTL,APP_DOC_ID,DOC_VER_NBR,INITR_PRNCPL_ID,VER_NBR,RTE_PRNCPL_ID,DTYPE,OBJ_ID,APP_DOC_STAT,APP_DOC_STAT_MDFN_DT) values ('2124','2021','S',0,to_date('11-AUG-08','DD-MON-RR'),to_date('11-AUG-08','DD-MON-RR'),null,null,null,'New Entity - null ',null,1,'admin',7,null,'DocumentRouteHeaderValue','6166CBA1B9F7644DE0404F8189D86C09',null,null);
Insert into KREW_DOC_HDR_T (DOC_HDR_ID,DOC_TYP_ID,DOC_HDR_STAT_CD,RTE_LVL,STAT_MDFN_DT,CRTE_DT,APRV_DT,FNL_DT,RTE_STAT_MDFN_DT,TTL,APP_DOC_ID,DOC_VER_NBR,INITR_PRNCPL_ID,VER_NBR,RTE_PRNCPL_ID,DTYPE,OBJ_ID,APP_DOC_STAT,APP_DOC_STAT_MDFN_DT) values ('2140','2028','I',0,to_date('12-AUG-08','DD-MON-RR'),to_date('12-AUG-08','DD-MON-RR'),null,null,null,null,null,1,'admin',2,null,'DocumentRouteHeaderValue','6166CBA1B9F8644DE0404F8189D86C09',null,null);
Insert into KREW_DOC_HDR_T (DOC_HDR_ID,DOC_TYP_ID,DOC_HDR_STAT_CD,RTE_LVL,STAT_MDFN_DT,CRTE_DT,APRV_DT,FNL_DT,RTE_STAT_MDFN_DT,TTL,APP_DOC_ID,DOC_VER_NBR,INITR_PRNCPL_ID,VER_NBR,RTE_PRNCPL_ID,DTYPE,OBJ_ID,APP_DOC_STAT,APP_DOC_STAT_MDFN_DT) values ('2160','2012','I',0,to_date('28-AUG-08','DD-MON-RR'),to_date('28-AUG-08','DD-MON-RR'),null,null,null,null,null,1,'admin',2,null,'DocumentRouteHeaderValue','6166CBA1B9F9644DE0404F8189D86C09',null,null);
Insert into KREW_DOC_HDR_T (DOC_HDR_ID,DOC_TYP_ID,DOC_HDR_STAT_CD,RTE_LVL,STAT_MDFN_DT,CRTE_DT,APRV_DT,FNL_DT,RTE_STAT_MDFN_DT,TTL,APP_DOC_ID,DOC_VER_NBR,INITR_PRNCPL_ID,VER_NBR,RTE_PRNCPL_ID,DTYPE,OBJ_ID,APP_DOC_STAT,APP_DOC_STAT_MDFN_DT) values ('2161','2012','I',0,to_date('28-AUG-08','DD-MON-RR'),to_date('28-AUG-08','DD-MON-RR'),null,null,null,null,null,1,'admin',2,null,'DocumentRouteHeaderValue','6166CBA1B9FA644DE0404F8189D86C09',null,null);
Insert into KREW_DOC_HDR_T (DOC_HDR_ID,DOC_TYP_ID,DOC_HDR_STAT_CD,RTE_LVL,STAT_MDFN_DT,CRTE_DT,APRV_DT,FNL_DT,RTE_STAT_MDFN_DT,TTL,APP_DOC_ID,DOC_VER_NBR,INITR_PRNCPL_ID,VER_NBR,RTE_PRNCPL_ID,DTYPE,OBJ_ID,APP_DOC_STAT,APP_DOC_STAT_MDFN_DT) values ('2180','2013','F',1,to_date('16-SEP-08','DD-MON-RR'),to_date('16-SEP-08','DD-MON-RR'),to_date('16-SEP-08','DD-MON-RR'),to_date('16-SEP-08','DD-MON-RR'),to_date('16-SEP-08','DD-MON-RR'),'Routing workgroup Testify!',null,1,'admin',9,null,'DocumentRouteHeaderValue','6166CBA1B9FB644DE0404F8189D86C09',null,null);
Insert into KREW_DOC_HDR_T (DOC_HDR_ID,DOC_TYP_ID,DOC_HDR_STAT_CD,RTE_LVL,STAT_MDFN_DT,CRTE_DT,APRV_DT,FNL_DT,RTE_STAT_MDFN_DT,TTL,APP_DOC_ID,DOC_VER_NBR,INITR_PRNCPL_ID,VER_NBR,RTE_PRNCPL_ID,DTYPE,OBJ_ID,APP_DOC_STAT,APP_DOC_STAT_MDFN_DT) values ('2207','2205','I',0,to_date('16-SEP-08','DD-MON-RR'),to_date('16-SEP-08','DD-MON-RR'),null,null,null,'Routing Document Type ''eDoc.Example1Doctype''',null,1,'admin',3,null,'DocumentRouteHeaderValue','6166CBA1B9FC644DE0404F8189D86C09',null,null);
Insert into KREW_DOC_HDR_T (DOC_HDR_ID,DOC_TYP_ID,DOC_HDR_STAT_CD,RTE_LVL,STAT_MDFN_DT,CRTE_DT,APRV_DT,FNL_DT,RTE_STAT_MDFN_DT,TTL,APP_DOC_ID,DOC_VER_NBR,INITR_PRNCPL_ID,VER_NBR,RTE_PRNCPL_ID,DTYPE,OBJ_ID,APP_DOC_STAT,APP_DOC_STAT_MDFN_DT) values ('2208','2205','I',0,to_date('16-SEP-08','DD-MON-RR'),to_date('16-SEP-08','DD-MON-RR'),null,null,null,'Routing Document Type ''eDoc.Example1Doctype''',null,1,'admin',3,null,'DocumentRouteHeaderValue','6166CBA1B9FD644DE0404F8189D86C09',null,null);
Insert into KREW_DOC_HDR_T (DOC_HDR_ID,DOC_TYP_ID,DOC_HDR_STAT_CD,RTE_LVL,STAT_MDFN_DT,CRTE_DT,APRV_DT,FNL_DT,RTE_STAT_MDFN_DT,TTL,APP_DOC_ID,DOC_VER_NBR,INITR_PRNCPL_ID,VER_NBR,RTE_PRNCPL_ID,DTYPE,OBJ_ID,APP_DOC_STAT,APP_DOC_STAT_MDFN_DT) values ('2209','2205','I',0,to_date('16-SEP-08','DD-MON-RR'),to_date('16-SEP-08','DD-MON-RR'),null,null,null,'Routing Document Type ''eDoc.Example1Doctype''',null,1,'admin',3,null,'DocumentRouteHeaderValue','6166CBA1B9FE644DE0404F8189D86C09',null,null);
Insert into KREW_DOC_HDR_T (DOC_HDR_ID,DOC_TYP_ID,DOC_HDR_STAT_CD,RTE_LVL,STAT_MDFN_DT,CRTE_DT,APRV_DT,FNL_DT,RTE_STAT_MDFN_DT,TTL,APP_DOC_ID,DOC_VER_NBR,INITR_PRNCPL_ID,VER_NBR,RTE_PRNCPL_ID,DTYPE,OBJ_ID,APP_DOC_STAT,APP_DOC_STAT_MDFN_DT) values ('2210','2205','I',0,to_date('16-SEP-08','DD-MON-RR'),to_date('16-SEP-08','DD-MON-RR'),null,null,null,'Routing Document Type ''eDoc.Example1Doctype''',null,1,'admin',3,null,'DocumentRouteHeaderValue','6166CBA1B9FF644DE0404F8189D86C09',null,null);
Insert into KREW_DOC_HDR_T (DOC_HDR_ID,DOC_TYP_ID,DOC_HDR_STAT_CD,RTE_LVL,STAT_MDFN_DT,CRTE_DT,APRV_DT,FNL_DT,RTE_STAT_MDFN_DT,TTL,APP_DOC_ID,DOC_VER_NBR,INITR_PRNCPL_ID,VER_NBR,RTE_PRNCPL_ID,DTYPE,OBJ_ID,APP_DOC_STAT,APP_DOC_STAT_MDFN_DT) values ('2211','2205','I',0,to_date('16-SEP-08','DD-MON-RR'),to_date('16-SEP-08','DD-MON-RR'),null,null,null,'Routing Document Type ''eDoc.Example1Doctype''',null,1,'admin',3,null,'DocumentRouteHeaderValue','6166CBA1BA00644DE0404F8189D86C09',null,null);
Insert into KREW_DOC_HDR_T (DOC_HDR_ID,DOC_TYP_ID,DOC_HDR_STAT_CD,RTE_LVL,STAT_MDFN_DT,CRTE_DT,APRV_DT,FNL_DT,RTE_STAT_MDFN_DT,TTL,APP_DOC_ID,DOC_VER_NBR,INITR_PRNCPL_ID,VER_NBR,RTE_PRNCPL_ID,DTYPE,OBJ_ID,APP_DOC_STAT,APP_DOC_STAT_MDFN_DT) values ('2212','2205','I',0,to_date('16-SEP-08','DD-MON-RR'),to_date('16-SEP-08','DD-MON-RR'),null,null,null,'Routing Document Type ''eDoc.Example1Doctype''',null,1,'admin',3,null,'DocumentRouteHeaderValue','6166CBA1BA01644DE0404F8189D86C09',null,null);
Insert into KREW_DOC_HDR_T (DOC_HDR_ID,DOC_TYP_ID,DOC_HDR_STAT_CD,RTE_LVL,STAT_MDFN_DT,CRTE_DT,APRV_DT,FNL_DT,RTE_STAT_MDFN_DT,TTL,APP_DOC_ID,DOC_VER_NBR,INITR_PRNCPL_ID,VER_NBR,RTE_PRNCPL_ID,DTYPE,OBJ_ID,APP_DOC_STAT,APP_DOC_STAT_MDFN_DT) values ('2213','2205','I',0,to_date('16-SEP-08','DD-MON-RR'),to_date('16-SEP-08','DD-MON-RR'),null,null,null,'Routing Document Type ''eDoc.Example1Doctype''',null,1,'admin',4,null,'DocumentRouteHeaderValue','6166CBA1BA02644DE0404F8189D86C09',null,null);
Insert into KREW_DOC_HDR_T (DOC_HDR_ID,DOC_TYP_ID,DOC_HDR_STAT_CD,RTE_LVL,STAT_MDFN_DT,CRTE_DT,APRV_DT,FNL_DT,RTE_STAT_MDFN_DT,TTL,APP_DOC_ID,DOC_VER_NBR,INITR_PRNCPL_ID,VER_NBR,RTE_PRNCPL_ID,DTYPE,OBJ_ID,APP_DOC_STAT,APP_DOC_STAT_MDFN_DT) values ('2214','2205','I',0,to_date('16-SEP-08','DD-MON-RR'),to_date('16-SEP-08','DD-MON-RR'),null,null,null,'Routing Document Type ''eDoc.Example1Doctype''',null,1,'admin',3,null,'DocumentRouteHeaderValue','6166CBA1BA03644DE0404F8189D86C09',null,null);
Insert into KREW_DOC_HDR_T (DOC_HDR_ID,DOC_TYP_ID,DOC_HDR_STAT_CD,RTE_LVL,STAT_MDFN_DT,CRTE_DT,APRV_DT,FNL_DT,RTE_STAT_MDFN_DT,TTL,APP_DOC_ID,DOC_VER_NBR,INITR_PRNCPL_ID,VER_NBR,RTE_PRNCPL_ID,DTYPE,OBJ_ID,APP_DOC_STAT,APP_DOC_STAT_MDFN_DT) values ('2218','2215','F',1,to_date('16-SEP-08','DD-MON-RR'),to_date('16-SEP-08','DD-MON-RR'),to_date('16-SEP-08','DD-MON-RR'),to_date('16-SEP-08','DD-MON-RR'),to_date('16-SEP-08','DD-MON-RR'),'Routing Document Type ''eDoc.Example1Doctype''',null,1,'admin',13,'admin','DocumentRouteHeaderValue','6166CBA1BA04644DE0404F8189D86C09',null,null);
Insert into KREW_DOC_HDR_T (DOC_HDR_ID,DOC_TYP_ID,DOC_HDR_STAT_CD,RTE_LVL,STAT_MDFN_DT,CRTE_DT,APRV_DT,FNL_DT,RTE_STAT_MDFN_DT,TTL,APP_DOC_ID,DOC_VER_NBR,INITR_PRNCPL_ID,VER_NBR,RTE_PRNCPL_ID,DTYPE,OBJ_ID,APP_DOC_STAT,APP_DOC_STAT_MDFN_DT) values ('2219','2215','F',1,to_date('16-SEP-08','DD-MON-RR'),to_date('16-SEP-08','DD-MON-RR'),to_date('16-SEP-08','DD-MON-RR'),to_date('16-SEP-08','DD-MON-RR'),to_date('16-SEP-08','DD-MON-RR'),'Routing Document Type ''eDoc.Example1Doctype''',null,1,'admin',16,'admin','DocumentRouteHeaderValue','6166CBA1BA05644DE0404F8189D86C09',null,null);
Insert into KREW_DOC_HDR_T (DOC_HDR_ID,DOC_TYP_ID,DOC_HDR_STAT_CD,RTE_LVL,STAT_MDFN_DT,CRTE_DT,APRV_DT,FNL_DT,RTE_STAT_MDFN_DT,TTL,APP_DOC_ID,DOC_VER_NBR,INITR_PRNCPL_ID,VER_NBR,RTE_PRNCPL_ID,DTYPE,OBJ_ID,APP_DOC_STAT,APP_DOC_STAT_MDFN_DT) values ('2220','2012','I',0,to_date('19-SEP-08','DD-MON-RR'),to_date('19-SEP-08','DD-MON-RR'),null,null,null,null,null,1,'admin',2,null,'DocumentRouteHeaderValue','6166CBA1BA06644DE0404F8189D86C09',null,null);
Insert into KREW_DOC_HDR_T (DOC_HDR_ID,DOC_TYP_ID,DOC_HDR_STAT_CD,RTE_LVL,STAT_MDFN_DT,CRTE_DT,APRV_DT,FNL_DT,RTE_STAT_MDFN_DT,TTL,APP_DOC_ID,DOC_VER_NBR,INITR_PRNCPL_ID,VER_NBR,RTE_PRNCPL_ID,DTYPE,OBJ_ID,APP_DOC_STAT,APP_DOC_STAT_MDFN_DT) values ('2221','2012','I',0,to_date('19-SEP-08','DD-MON-RR'),to_date('19-SEP-08','DD-MON-RR'),null,null,null,null,null,1,'admin',2,null,'DocumentRouteHeaderValue','6166CBA1BA07644DE0404F8189D86C09',null,null);
Insert into KREW_DOC_HDR_T (DOC_HDR_ID,DOC_TYP_ID,DOC_HDR_STAT_CD,RTE_LVL,STAT_MDFN_DT,CRTE_DT,APRV_DT,FNL_DT,RTE_STAT_MDFN_DT,TTL,APP_DOC_ID,DOC_VER_NBR,INITR_PRNCPL_ID,VER_NBR,RTE_PRNCPL_ID,DTYPE,OBJ_ID,APP_DOC_STAT,APP_DOC_STAT_MDFN_DT) values ('2222','2012','I',0,to_date('19-SEP-08','DD-MON-RR'),to_date('19-SEP-08','DD-MON-RR'),null,null,null,null,null,1,'admin',2,null,'DocumentRouteHeaderValue','6166CBA1BA08644DE0404F8189D86C09',null,null);
Insert into KREW_DOC_HDR_T (DOC_HDR_ID,DOC_TYP_ID,DOC_HDR_STAT_CD,RTE_LVL,STAT_MDFN_DT,CRTE_DT,APRV_DT,FNL_DT,RTE_STAT_MDFN_DT,TTL,APP_DOC_ID,DOC_VER_NBR,INITR_PRNCPL_ID,VER_NBR,RTE_PRNCPL_ID,DTYPE,OBJ_ID,APP_DOC_STAT,APP_DOC_STAT_MDFN_DT) values ('2223','2012','I',0,to_date('19-SEP-08','DD-MON-RR'),to_date('19-SEP-08','DD-MON-RR'),null,null,null,null,null,1,'admin',2,null,'DocumentRouteHeaderValue','6166CBA1BA09644DE0404F8189D86C09',null,null);
Insert into KREW_DOC_HDR_T (DOC_HDR_ID,DOC_TYP_ID,DOC_HDR_STAT_CD,RTE_LVL,STAT_MDFN_DT,CRTE_DT,APRV_DT,FNL_DT,RTE_STAT_MDFN_DT,TTL,APP_DOC_ID,DOC_VER_NBR,INITR_PRNCPL_ID,VER_NBR,RTE_PRNCPL_ID,DTYPE,OBJ_ID,APP_DOC_STAT,APP_DOC_STAT_MDFN_DT) values ('2224','2012','I',0,to_date('19-SEP-08','DD-MON-RR'),to_date('19-SEP-08','DD-MON-RR'),null,null,null,null,null,1,'admin',2,null,'DocumentRouteHeaderValue','6166CBA1BA0A644DE0404F8189D86C09',null,null);
Insert into KREW_DOC_HDR_T (DOC_HDR_ID,DOC_TYP_ID,DOC_HDR_STAT_CD,RTE_LVL,STAT_MDFN_DT,CRTE_DT,APRV_DT,FNL_DT,RTE_STAT_MDFN_DT,TTL,APP_DOC_ID,DOC_VER_NBR,INITR_PRNCPL_ID,VER_NBR,RTE_PRNCPL_ID,DTYPE,OBJ_ID,APP_DOC_STAT,APP_DOC_STAT_MDFN_DT) values ('2240','2215','I',0,to_date('22-SEP-08','DD-MON-RR'),to_date('22-SEP-08','DD-MON-RR'),null,null,null,'Routing Document Type ''eDoc.Example1Doctype''',null,1,'admin',3,null,'DocumentRouteHeaderValue','6166CBA1BA0B644DE0404F8189D86C09',null,null);
Insert into KREW_DOC_HDR_T (DOC_HDR_ID,DOC_TYP_ID,DOC_HDR_STAT_CD,RTE_LVL,STAT_MDFN_DT,CRTE_DT,APRV_DT,FNL_DT,RTE_STAT_MDFN_DT,TTL,APP_DOC_ID,DOC_VER_NBR,INITR_PRNCPL_ID,VER_NBR,RTE_PRNCPL_ID,DTYPE,OBJ_ID,APP_DOC_STAT,APP_DOC_STAT_MDFN_DT) values ('2241','2215','I',0,to_date('22-SEP-08','DD-MON-RR'),to_date('22-SEP-08','DD-MON-RR'),null,null,null,'Routing Document Type ''eDoc.Example1Doctype''',null,1,'admin',3,null,'DocumentRouteHeaderValue','6166CBA1BA0C644DE0404F8189D86C09',null,null);
Insert into KREW_DOC_HDR_T (DOC_HDR_ID,DOC_TYP_ID,DOC_HDR_STAT_CD,RTE_LVL,STAT_MDFN_DT,CRTE_DT,APRV_DT,FNL_DT,RTE_STAT_MDFN_DT,TTL,APP_DOC_ID,DOC_VER_NBR,INITR_PRNCPL_ID,VER_NBR,RTE_PRNCPL_ID,DTYPE,OBJ_ID,APP_DOC_STAT,APP_DOC_STAT_MDFN_DT) values ('2242','2215','I',0,to_date('22-SEP-08','DD-MON-RR'),to_date('22-SEP-08','DD-MON-RR'),null,null,null,'Routing Document Type ''eDoc.Example1Doctype''',null,1,'admin',3,null,'DocumentRouteHeaderValue','6166CBA1BA0D644DE0404F8189D86C09',null,null);
Insert into KREW_DOC_HDR_T (DOC_HDR_ID,DOC_TYP_ID,DOC_HDR_STAT_CD,RTE_LVL,STAT_MDFN_DT,CRTE_DT,APRV_DT,FNL_DT,RTE_STAT_MDFN_DT,TTL,APP_DOC_ID,DOC_VER_NBR,INITR_PRNCPL_ID,VER_NBR,RTE_PRNCPL_ID,DTYPE,OBJ_ID,APP_DOC_STAT,APP_DOC_STAT_MDFN_DT) values ('2260','2013','F',1,to_date('24-SEP-08','DD-MON-RR'),to_date('24-SEP-08','DD-MON-RR'),to_date('24-SEP-08','DD-MON-RR'),to_date('24-SEP-08','DD-MON-RR'),to_date('24-SEP-08','DD-MON-RR'),'Routing workgroup TestAGroup123',null,1,'admin',9,null,'DocumentRouteHeaderValue','6166CBA1BA0E644DE0404F8189D86C09',null,null);
Insert into KREW_DOC_HDR_T (DOC_HDR_ID,DOC_TYP_ID,DOC_HDR_STAT_CD,RTE_LVL,STAT_MDFN_DT,CRTE_DT,APRV_DT,FNL_DT,RTE_STAT_MDFN_DT,TTL,APP_DOC_ID,DOC_VER_NBR,INITR_PRNCPL_ID,VER_NBR,RTE_PRNCPL_ID,DTYPE,OBJ_ID,APP_DOC_STAT,APP_DOC_STAT_MDFN_DT) values ('2281','2280','I',0,to_date('24-SEP-08','DD-MON-RR'),to_date('24-SEP-08','DD-MON-RR'),null,null,null,null,null,1,'admin',3,null,'DocumentRouteHeaderValue','6166CBA1BA0F644DE0404F8189D86C09',null,null);
Insert into KREW_DOC_HDR_T (DOC_HDR_ID,DOC_TYP_ID,DOC_HDR_STAT_CD,RTE_LVL,STAT_MDFN_DT,CRTE_DT,APRV_DT,FNL_DT,RTE_STAT_MDFN_DT,TTL,APP_DOC_ID,DOC_VER_NBR,INITR_PRNCPL_ID,VER_NBR,RTE_PRNCPL_ID,DTYPE,OBJ_ID,APP_DOC_STAT,APP_DOC_STAT_MDFN_DT) values ('2300','2012','I',0,to_date('26-SEP-08','DD-MON-RR'),to_date('26-SEP-08','DD-MON-RR'),null,null,null,null,null,1,'admin',2,null,'DocumentRouteHeaderValue','6166CBA1BA11644DE0404F8189D86C09',null,null);
Insert into KREW_DOC_HDR_T (DOC_HDR_ID,DOC_TYP_ID,DOC_HDR_STAT_CD,RTE_LVL,STAT_MDFN_DT,CRTE_DT,APRV_DT,FNL_DT,RTE_STAT_MDFN_DT,TTL,APP_DOC_ID,DOC_VER_NBR,INITR_PRNCPL_ID,VER_NBR,RTE_PRNCPL_ID,DTYPE,OBJ_ID,APP_DOC_STAT,APP_DOC_STAT_MDFN_DT) values ('2340','2012','I',0,to_date('30-SEP-08','DD-MON-RR'),to_date('30-SEP-08','DD-MON-RR'),null,null,null,null,null,1,'admin',2,null,'DocumentRouteHeaderValue','6166CBA1BA12644DE0404F8189D86C09',null,null);
Insert into KREW_DOC_HDR_T (DOC_HDR_ID,DOC_TYP_ID,DOC_HDR_STAT_CD,RTE_LVL,STAT_MDFN_DT,CRTE_DT,APRV_DT,FNL_DT,RTE_STAT_MDFN_DT,TTL,APP_DOC_ID,DOC_VER_NBR,INITR_PRNCPL_ID,VER_NBR,RTE_PRNCPL_ID,DTYPE,OBJ_ID,APP_DOC_STAT,APP_DOC_STAT_MDFN_DT) values ('2380','2029','I',0,to_date('01-OCT-08','DD-MON-RR'),to_date('01-OCT-08','DD-MON-RR'),null,null,null,null,null,1,'admin',2,null,'DocumentRouteHeaderValue','6166CBA1BA13644DE0404F8189D86C09',null,null);
Insert into KREW_DOC_HDR_T (DOC_HDR_ID,DOC_TYP_ID,DOC_HDR_STAT_CD,RTE_LVL,STAT_MDFN_DT,CRTE_DT,APRV_DT,FNL_DT,RTE_STAT_MDFN_DT,TTL,APP_DOC_ID,DOC_VER_NBR,INITR_PRNCPL_ID,VER_NBR,RTE_PRNCPL_ID,DTYPE,OBJ_ID,APP_DOC_STAT,APP_DOC_STAT_MDFN_DT) values ('2385','2029','I',0,to_date('01-OCT-08','DD-MON-RR'),to_date('01-OCT-08','DD-MON-RR'),null,null,null,null,null,1,'admin',2,null,'DocumentRouteHeaderValue','6166CBA1BA18644DE0404F8189D86C09',null,null);
Insert into KREW_DOC_HDR_T (DOC_HDR_ID,DOC_TYP_ID,DOC_HDR_STAT_CD,RTE_LVL,STAT_MDFN_DT,CRTE_DT,APRV_DT,FNL_DT,RTE_STAT_MDFN_DT,TTL,APP_DOC_ID,DOC_VER_NBR,INITR_PRNCPL_ID,VER_NBR,RTE_PRNCPL_ID,DTYPE,OBJ_ID,APP_DOC_STAT,APP_DOC_STAT_MDFN_DT) values ('2386','2029','I',0,to_date('01-OCT-08','DD-MON-RR'),to_date('01-OCT-08','DD-MON-RR'),null,null,null,null,null,1,'admin',2,null,'DocumentRouteHeaderValue','6166CBA1BA19644DE0404F8189D86C09',null,null);
Insert into KREW_DOC_HDR_T (DOC_HDR_ID,DOC_TYP_ID,DOC_HDR_STAT_CD,RTE_LVL,STAT_MDFN_DT,CRTE_DT,APRV_DT,FNL_DT,RTE_STAT_MDFN_DT,TTL,APP_DOC_ID,DOC_VER_NBR,INITR_PRNCPL_ID,VER_NBR,RTE_PRNCPL_ID,DTYPE,OBJ_ID,APP_DOC_STAT,APP_DOC_STAT_MDFN_DT) values ('2387','2028','R',0,to_date('01-OCT-08','DD-MON-RR'),to_date('01-OCT-08','DD-MON-RR'),null,null,to_date('01-OCT-08','DD-MON-RR'),'Travel Doc 2 - test trans doc',null,1,'admin',6,null,'DocumentRouteHeaderValue','6166CBA1BA1A644DE0404F8189D86C09',null,null);
Insert into KREW_DOC_HDR_T (DOC_HDR_ID,DOC_TYP_ID,DOC_HDR_STAT_CD,RTE_LVL,STAT_MDFN_DT,CRTE_DT,APRV_DT,FNL_DT,RTE_STAT_MDFN_DT,TTL,APP_DOC_ID,DOC_VER_NBR,INITR_PRNCPL_ID,VER_NBR,RTE_PRNCPL_ID,DTYPE,OBJ_ID,APP_DOC_STAT,APP_DOC_STAT_MDFN_DT) values ('2388','2028','R',0,to_date('01-OCT-08','DD-MON-RR'),to_date('01-OCT-08','DD-MON-RR'),null,null,to_date('01-OCT-08','DD-MON-RR'),'Travel Doc 2 - test trans doc 2',null,1,'admin',6,null,'DocumentRouteHeaderValue','6166CBA1BA1B644DE0404F8189D86C09',null,null);
Insert into KREW_DOC_HDR_T (DOC_HDR_ID,DOC_TYP_ID,DOC_HDR_STAT_CD,RTE_LVL,STAT_MDFN_DT,CRTE_DT,APRV_DT,FNL_DT,RTE_STAT_MDFN_DT,TTL,APP_DOC_ID,DOC_VER_NBR,INITR_PRNCPL_ID,VER_NBR,RTE_PRNCPL_ID,DTYPE,OBJ_ID,APP_DOC_STAT,APP_DOC_STAT_MDFN_DT) values ('2389','2028','R',0,to_date('01-OCT-08','DD-MON-RR'),to_date('01-OCT-08','DD-MON-RR'),null,null,to_date('01-OCT-08','DD-MON-RR'),'Travel Doc 2 - test trans doc 3',null,1,'admin',7,null,'DocumentRouteHeaderValue','6166CBA1BA1C644DE0404F8189D86C09',null,null);
Insert into KREW_DOC_HDR_T (DOC_HDR_ID,DOC_TYP_ID,DOC_HDR_STAT_CD,RTE_LVL,STAT_MDFN_DT,CRTE_DT,APRV_DT,FNL_DT,RTE_STAT_MDFN_DT,TTL,APP_DOC_ID,DOC_VER_NBR,INITR_PRNCPL_ID,VER_NBR,RTE_PRNCPL_ID,DTYPE,OBJ_ID,APP_DOC_STAT,APP_DOC_STAT_MDFN_DT) values ('2390','2028','R',0,to_date('01-OCT-08','DD-MON-RR'),to_date('01-OCT-08','DD-MON-RR'),null,null,to_date('01-OCT-08','DD-MON-RR'),'Travel Doc 2 - test trans doc 4',null,1,'admin',6,null,'DocumentRouteHeaderValue','6166CBA1BA1D644DE0404F8189D86C09',null,null);
Insert into KREW_DOC_HDR_T (DOC_HDR_ID,DOC_TYP_ID,DOC_HDR_STAT_CD,RTE_LVL,STAT_MDFN_DT,CRTE_DT,APRV_DT,FNL_DT,RTE_STAT_MDFN_DT,TTL,APP_DOC_ID,DOC_VER_NBR,INITR_PRNCPL_ID,VER_NBR,RTE_PRNCPL_ID,DTYPE,OBJ_ID,APP_DOC_STAT,APP_DOC_STAT_MDFN_DT) values ('2391','2028','R',0,to_date('01-OCT-08','DD-MON-RR'),to_date('01-OCT-08','DD-MON-RR'),null,null,to_date('01-OCT-08','DD-MON-RR'),'Travel Doc 2 - test trans doc 5',null,1,'admin',10,'admin','DocumentRouteHeaderValue','6166CBA1BA1E644DE0404F8189D86C09',null,null);
Insert into KREW_DOC_HDR_T (DOC_HDR_ID,DOC_TYP_ID,DOC_HDR_STAT_CD,RTE_LVL,STAT_MDFN_DT,CRTE_DT,APRV_DT,FNL_DT,RTE_STAT_MDFN_DT,TTL,APP_DOC_ID,DOC_VER_NBR,INITR_PRNCPL_ID,VER_NBR,RTE_PRNCPL_ID,DTYPE,OBJ_ID,APP_DOC_STAT,APP_DOC_STAT_MDFN_DT) values ('2393','2028','R',0,to_date('01-OCT-08','DD-MON-RR'),to_date('01-OCT-08','DD-MON-RR'),null,null,to_date('01-OCT-08','DD-MON-RR'),'Travel Doc 2 - asdf',null,1,'admin',6,null,'DocumentRouteHeaderValue','6166CBA1BA20644DE0404F8189D86C09',null,null);
Insert into KREW_DOC_HDR_T (DOC_HDR_ID,DOC_TYP_ID,DOC_HDR_STAT_CD,RTE_LVL,STAT_MDFN_DT,CRTE_DT,APRV_DT,FNL_DT,RTE_STAT_MDFN_DT,TTL,APP_DOC_ID,DOC_VER_NBR,INITR_PRNCPL_ID,VER_NBR,RTE_PRNCPL_ID,DTYPE,OBJ_ID,APP_DOC_STAT,APP_DOC_STAT_MDFN_DT) values ('2395','2029','I',0,to_date('01-OCT-08','DD-MON-RR'),to_date('01-OCT-08','DD-MON-RR'),null,null,null,null,null,1,'admin',2,null,'DocumentRouteHeaderValue','6166CBA1BA22644DE0404F8189D86C09',null,null);
Insert into KREW_DOC_HDR_T (DOC_HDR_ID,DOC_TYP_ID,DOC_HDR_STAT_CD,RTE_LVL,STAT_MDFN_DT,CRTE_DT,APRV_DT,FNL_DT,RTE_STAT_MDFN_DT,TTL,APP_DOC_ID,DOC_VER_NBR,INITR_PRNCPL_ID,VER_NBR,RTE_PRNCPL_ID,DTYPE,OBJ_ID,APP_DOC_STAT,APP_DOC_STAT_MDFN_DT) values ('2396','2028','R',0,to_date('01-OCT-08','DD-MON-RR'),to_date('01-OCT-08','DD-MON-RR'),null,null,to_date('01-OCT-08','DD-MON-RR'),'Travel Doc 2 - asdf',null,1,'admin',6,null,'DocumentRouteHeaderValue','6166CBA1BA23644DE0404F8189D86C09',null,null);
Insert into KREW_DOC_HDR_T (DOC_HDR_ID,DOC_TYP_ID,DOC_HDR_STAT_CD,RTE_LVL,STAT_MDFN_DT,CRTE_DT,APRV_DT,FNL_DT,RTE_STAT_MDFN_DT,TTL,APP_DOC_ID,DOC_VER_NBR,INITR_PRNCPL_ID,VER_NBR,RTE_PRNCPL_ID,DTYPE,OBJ_ID,APP_DOC_STAT,APP_DOC_STAT_MDFN_DT) values ('2400','2028','R',0,to_date('01-OCT-08','DD-MON-RR'),to_date('01-OCT-08','DD-MON-RR'),null,null,to_date('01-OCT-08','DD-MON-RR'),'Travel Doc 2 - asdf',null,1,'admin',6,null,'DocumentRouteHeaderValue','6166CBA1BA24644DE0404F8189D86C09',null,null);
Insert into KREW_DOC_HDR_T (DOC_HDR_ID,DOC_TYP_ID,DOC_HDR_STAT_CD,RTE_LVL,STAT_MDFN_DT,CRTE_DT,APRV_DT,FNL_DT,RTE_STAT_MDFN_DT,TTL,APP_DOC_ID,DOC_VER_NBR,INITR_PRNCPL_ID,VER_NBR,RTE_PRNCPL_ID,DTYPE,OBJ_ID,APP_DOC_STAT,APP_DOC_STAT_MDFN_DT) values ('2401','2028','R',1,to_date('01-OCT-08','DD-MON-RR'),to_date('01-OCT-08','DD-MON-RR'),null,null,to_date('01-OCT-08','DD-MON-RR'),'Travel Doc 2 - dsaf',null,1,'admin',13,null,'DocumentRouteHeaderValue','6166CBA1BA25644DE0404F8189D86C09',null,null);
Insert into KREW_DOC_HDR_T (DOC_HDR_ID,DOC_TYP_ID,DOC_HDR_STAT_CD,RTE_LVL,STAT_MDFN_DT,CRTE_DT,APRV_DT,FNL_DT,RTE_STAT_MDFN_DT,TTL,APP_DOC_ID,DOC_VER_NBR,INITR_PRNCPL_ID,VER_NBR,RTE_PRNCPL_ID,DTYPE,OBJ_ID,APP_DOC_STAT,APP_DOC_STAT_MDFN_DT) values ('2402','2028','R',0,to_date('01-OCT-08','DD-MON-RR'),to_date('01-OCT-08','DD-MON-RR'),null,null,to_date('01-OCT-08','DD-MON-RR'),'Travel Doc 2 - sdfa',null,1,'admin',6,null,'DocumentRouteHeaderValue','6166CBA1BA26644DE0404F8189D86C09',null,null);
Insert into KREW_DOC_HDR_T (DOC_HDR_ID,DOC_TYP_ID,DOC_HDR_STAT_CD,RTE_LVL,STAT_MDFN_DT,CRTE_DT,APRV_DT,FNL_DT,RTE_STAT_MDFN_DT,TTL,APP_DOC_ID,DOC_VER_NBR,INITR_PRNCPL_ID,VER_NBR,RTE_PRNCPL_ID,DTYPE,OBJ_ID,APP_DOC_STAT,APP_DOC_STAT_MDFN_DT) values ('2403','2028','R',0,to_date('01-OCT-08','DD-MON-RR'),to_date('01-OCT-08','DD-MON-RR'),null,null,to_date('01-OCT-08','DD-MON-RR'),'Travel Doc 2 - sadf',null,1,'admin',6,null,'DocumentRouteHeaderValue','6166CBA1BA27644DE0404F8189D86C09',null,null);
Insert into KREW_DOC_HDR_T (DOC_HDR_ID,DOC_TYP_ID,DOC_HDR_STAT_CD,RTE_LVL,STAT_MDFN_DT,CRTE_DT,APRV_DT,FNL_DT,RTE_STAT_MDFN_DT,TTL,APP_DOC_ID,DOC_VER_NBR,INITR_PRNCPL_ID,VER_NBR,RTE_PRNCPL_ID,DTYPE,OBJ_ID,APP_DOC_STAT,APP_DOC_STAT_MDFN_DT) values ('2404','2028','R',1,to_date('01-OCT-08','DD-MON-RR'),to_date('01-OCT-08','DD-MON-RR'),null,null,to_date('01-OCT-08','DD-MON-RR'),'Travel Doc 2 - ASDf',null,1,'admin',13,null,'DocumentRouteHeaderValue','6166CBA1BA28644DE0404F8189D86C09',null,null);
Insert into KREW_DOC_HDR_T (DOC_HDR_ID,DOC_TYP_ID,DOC_HDR_STAT_CD,RTE_LVL,STAT_MDFN_DT,CRTE_DT,APRV_DT,FNL_DT,RTE_STAT_MDFN_DT,TTL,APP_DOC_ID,DOC_VER_NBR,INITR_PRNCPL_ID,VER_NBR,RTE_PRNCPL_ID,DTYPE,OBJ_ID,APP_DOC_STAT,APP_DOC_STAT_MDFN_DT) values ('2405','2028','P',4,to_date('01-OCT-08','DD-MON-RR'),to_date('01-OCT-08','DD-MON-RR'),to_date('01-OCT-08','DD-MON-RR'),null,to_date('01-OCT-08','DD-MON-RR'),'Travel Doc 2 - sdaf',null,1,'admin',30,null,'DocumentRouteHeaderValue','6166CBA1BA29644DE0404F8189D86C09',null,null);
Insert into KREW_DOC_HDR_T (DOC_HDR_ID,DOC_TYP_ID,DOC_HDR_STAT_CD,RTE_LVL,STAT_MDFN_DT,CRTE_DT,APRV_DT,FNL_DT,RTE_STAT_MDFN_DT,TTL,APP_DOC_ID,DOC_VER_NBR,INITR_PRNCPL_ID,VER_NBR,RTE_PRNCPL_ID,DTYPE,OBJ_ID,APP_DOC_STAT,APP_DOC_STAT_MDFN_DT) values ('2407','2028','P',4,to_date('01-OCT-08','DD-MON-RR'),to_date('01-OCT-08','DD-MON-RR'),to_date('01-OCT-08','DD-MON-RR'),null,to_date('01-OCT-08','DD-MON-RR'),'Travel Doc 2 - dsaf',null,1,'admin',30,null,'DocumentRouteHeaderValue','6166CBA1BA2B644DE0404F8189D86C09',null,null);
Insert into KREW_DOC_HDR_T (DOC_HDR_ID,DOC_TYP_ID,DOC_HDR_STAT_CD,RTE_LVL,STAT_MDFN_DT,CRTE_DT,APRV_DT,FNL_DT,RTE_STAT_MDFN_DT,TTL,APP_DOC_ID,DOC_VER_NBR,INITR_PRNCPL_ID,VER_NBR,RTE_PRNCPL_ID,DTYPE,OBJ_ID,APP_DOC_STAT,APP_DOC_STAT_MDFN_DT) values ('2408','2028','I',0,to_date('01-OCT-08','DD-MON-RR'),to_date('01-OCT-08','DD-MON-RR'),null,null,null,null,null,1,'admin',2,null,'DocumentRouteHeaderValue','6166CBA1BA2C644DE0404F8189D86C09',null,null);
Insert into KREW_DOC_HDR_T (DOC_HDR_ID,DOC_TYP_ID,DOC_HDR_STAT_CD,RTE_LVL,STAT_MDFN_DT,CRTE_DT,APRV_DT,FNL_DT,RTE_STAT_MDFN_DT,TTL,APP_DOC_ID,DOC_VER_NBR,INITR_PRNCPL_ID,VER_NBR,RTE_PRNCPL_ID,DTYPE,OBJ_ID,APP_DOC_STAT,APP_DOC_STAT_MDFN_DT) values ('2409','2034','I',0,to_date('01-OCT-08','DD-MON-RR'),to_date('01-OCT-08','DD-MON-RR'),null,null,null,null,null,1,'admin',2,null,'DocumentRouteHeaderValue','6166CBA1BA2D644DE0404F8189D86C09',null,null);
Insert into KREW_DOC_HDR_T (DOC_HDR_ID,DOC_TYP_ID,DOC_HDR_STAT_CD,RTE_LVL,STAT_MDFN_DT,CRTE_DT,APRV_DT,FNL_DT,RTE_STAT_MDFN_DT,TTL,APP_DOC_ID,DOC_VER_NBR,INITR_PRNCPL_ID,VER_NBR,RTE_PRNCPL_ID,DTYPE,OBJ_ID,APP_DOC_STAT,APP_DOC_STAT_MDFN_DT) values ('2420','2028','I',0,to_date('01-OCT-08','DD-MON-RR'),to_date('01-OCT-08','DD-MON-RR'),null,null,null,null,null,1,'admin',2,null,'DocumentRouteHeaderValue','6166CBA1BA2F644DE0404F8189D86C09',null,null);
Insert into KREW_DOC_HDR_T (DOC_HDR_ID,DOC_TYP_ID,DOC_HDR_STAT_CD,RTE_LVL,STAT_MDFN_DT,CRTE_DT,APRV_DT,FNL_DT,RTE_STAT_MDFN_DT,TTL,APP_DOC_ID,DOC_VER_NBR,INITR_PRNCPL_ID,VER_NBR,RTE_PRNCPL_ID,DTYPE,OBJ_ID,APP_DOC_STAT,APP_DOC_STAT_MDFN_DT) values ('2460','2012','I',0,to_date('22-OCT-08','DD-MON-RR'),to_date('22-OCT-08','DD-MON-RR'),null,null,null,null,null,1,'admin',2,null,null,'6166CBA1BA30644DE0404F8189D86C09',null,null);
Insert into KREW_DOC_HDR_T (DOC_HDR_ID,DOC_TYP_ID,DOC_HDR_STAT_CD,RTE_LVL,STAT_MDFN_DT,CRTE_DT,APRV_DT,FNL_DT,RTE_STAT_MDFN_DT,TTL,APP_DOC_ID,DOC_VER_NBR,INITR_PRNCPL_ID,VER_NBR,RTE_PRNCPL_ID,DTYPE,OBJ_ID,APP_DOC_STAT,APP_DOC_STAT_MDFN_DT) values ('2480','2028','R',0,to_date('23-OCT-08','DD-MON-RR'),to_date('23-OCT-08','DD-MON-RR'),null,null,to_date('23-OCT-08','DD-MON-RR'),'Travel Doc 2 - nate',null,1,'admin',6,null,null,'6166CBA1BA31644DE0404F8189D86C09',null,null);
Insert into KREW_DOC_HDR_T (DOC_HDR_ID,DOC_TYP_ID,DOC_HDR_STAT_CD,RTE_LVL,STAT_MDFN_DT,CRTE_DT,APRV_DT,FNL_DT,RTE_STAT_MDFN_DT,TTL,APP_DOC_ID,DOC_VER_NBR,INITR_PRNCPL_ID,VER_NBR,RTE_PRNCPL_ID,DTYPE,OBJ_ID,APP_DOC_STAT,APP_DOC_STAT_MDFN_DT) values ('2481','2028','R',0,to_date('23-OCT-08','DD-MON-RR'),to_date('23-OCT-08','DD-MON-RR'),null,null,to_date('23-OCT-08','DD-MON-RR'),'Travel Doc 2 - nate2',null,1,'admin',6,null,null,'6166CBA1BA32644DE0404F8189D86C09',null,null);
Insert into KREW_DOC_HDR_T (DOC_HDR_ID,DOC_TYP_ID,DOC_HDR_STAT_CD,RTE_LVL,STAT_MDFN_DT,CRTE_DT,APRV_DT,FNL_DT,RTE_STAT_MDFN_DT,TTL,APP_DOC_ID,DOC_VER_NBR,INITR_PRNCPL_ID,VER_NBR,RTE_PRNCPL_ID,DTYPE,OBJ_ID,APP_DOC_STAT,APP_DOC_STAT_MDFN_DT) values ('2482','2028','P',4,to_date('23-OCT-08','DD-MON-RR'),to_date('23-OCT-08','DD-MON-RR'),to_date('23-OCT-08','DD-MON-RR'),null,to_date('23-OCT-08','DD-MON-RR'),'Travel Doc 2 - nate3',null,1,'admin',28,null,null,'6166CBA1BA33644DE0404F8189D86C09',null,null);
Insert into KREW_DOC_HDR_T (DOC_HDR_ID,DOC_TYP_ID,DOC_HDR_STAT_CD,RTE_LVL,STAT_MDFN_DT,CRTE_DT,APRV_DT,FNL_DT,RTE_STAT_MDFN_DT,TTL,APP_DOC_ID,DOC_VER_NBR,INITR_PRNCPL_ID,VER_NBR,RTE_PRNCPL_ID,DTYPE,OBJ_ID,APP_DOC_STAT,APP_DOC_STAT_MDFN_DT) values ('2483','2028','P',4,to_date('23-OCT-08','DD-MON-RR'),to_date('23-OCT-08','DD-MON-RR'),to_date('23-OCT-08','DD-MON-RR'),null,to_date('23-OCT-08','DD-MON-RR'),'Travel Doc 2 - nate after convertions',null,1,'admin',28,null,null,'6166CBA1BA34644DE0404F8189D86C09',null,null);
Insert into KREW_DOC_HDR_T (DOC_HDR_ID,DOC_TYP_ID,DOC_HDR_STAT_CD,RTE_LVL,STAT_MDFN_DT,CRTE_DT,APRV_DT,FNL_DT,RTE_STAT_MDFN_DT,TTL,APP_DOC_ID,DOC_VER_NBR,INITR_PRNCPL_ID,VER_NBR,RTE_PRNCPL_ID,DTYPE,OBJ_ID,APP_DOC_STAT,APP_DOC_STAT_MDFN_DT) values ('2484','2028','P',4,to_date('23-OCT-08','DD-MON-RR'),to_date('23-OCT-08','DD-MON-RR'),to_date('23-OCT-08','DD-MON-RR'),null,to_date('23-OCT-08','DD-MON-RR'),'Travel Doc 2 - one more',null,1,'admin',28,null,null,'6166CBA1BA35644DE0404F8189D86C09',null,null);
Insert into KREW_DOC_HDR_T (DOC_HDR_ID,DOC_TYP_ID,DOC_HDR_STAT_CD,RTE_LVL,STAT_MDFN_DT,CRTE_DT,APRV_DT,FNL_DT,RTE_STAT_MDFN_DT,TTL,APP_DOC_ID,DOC_VER_NBR,INITR_PRNCPL_ID,VER_NBR,RTE_PRNCPL_ID,DTYPE,OBJ_ID,APP_DOC_STAT,APP_DOC_STAT_MDFN_DT) values ('2500','2028','R',0,to_date('23-OCT-08','DD-MON-RR'),to_date('23-OCT-08','DD-MON-RR'),null,null,to_date('23-OCT-08','DD-MON-RR'),'Travel Doc 2 - testing patch',null,1,'admin',6,null,null,'6166CBA1BA36644DE0404F8189D86C09',null,null);
Insert into KREW_DOC_HDR_T (DOC_HDR_ID,DOC_TYP_ID,DOC_HDR_STAT_CD,RTE_LVL,STAT_MDFN_DT,CRTE_DT,APRV_DT,FNL_DT,RTE_STAT_MDFN_DT,TTL,APP_DOC_ID,DOC_VER_NBR,INITR_PRNCPL_ID,VER_NBR,RTE_PRNCPL_ID,DTYPE,OBJ_ID,APP_DOC_STAT,APP_DOC_STAT_MDFN_DT) values ('2501','2028','P',4,to_date('23-OCT-08','DD-MON-RR'),to_date('23-OCT-08','DD-MON-RR'),to_date('23-OCT-08','DD-MON-RR'),null,to_date('23-OCT-08','DD-MON-RR'),'Travel Doc 2 - testing patch 2',null,1,'admin',28,null,null,'6166CBA1BA37644DE0404F8189D86C09',null,null);
Insert into KREW_DOC_HDR_T (DOC_HDR_ID,DOC_TYP_ID,DOC_HDR_STAT_CD,RTE_LVL,STAT_MDFN_DT,CRTE_DT,APRV_DT,FNL_DT,RTE_STAT_MDFN_DT,TTL,APP_DOC_ID,DOC_VER_NBR,INITR_PRNCPL_ID,VER_NBR,RTE_PRNCPL_ID,DTYPE,OBJ_ID,APP_DOC_STAT,APP_DOC_STAT_MDFN_DT) values ('2502','2028','I',0,to_date('23-OCT-08','DD-MON-RR'),to_date('23-OCT-08','DD-MON-RR'),null,null,null,null,null,1,'admin',2,null,null,'6166CBA1BA38644DE0404F8189D86C09',null,null);
Insert into KREW_DOC_HDR_T (DOC_HDR_ID,DOC_TYP_ID,DOC_HDR_STAT_CD,RTE_LVL,STAT_MDFN_DT,CRTE_DT,APRV_DT,FNL_DT,RTE_STAT_MDFN_DT,TTL,APP_DOC_ID,DOC_VER_NBR,INITR_PRNCPL_ID,VER_NBR,RTE_PRNCPL_ID,DTYPE,OBJ_ID,APP_DOC_STAT,APP_DOC_STAT_MDFN_DT) values ('2520','2028','R',0,to_date('24-OCT-08','DD-MON-RR'),to_date('24-OCT-08','DD-MON-RR'),null,null,to_date('24-OCT-08','DD-MON-RR'),'Travel Doc 2 - 2234',null,1,'admin',6,null,null,'6166CBA1BA39644DE0404F8189D86C09',null,null);
Insert into KREW_DOC_HDR_T (DOC_HDR_ID,DOC_TYP_ID,DOC_HDR_STAT_CD,RTE_LVL,STAT_MDFN_DT,CRTE_DT,APRV_DT,FNL_DT,RTE_STAT_MDFN_DT,TTL,APP_DOC_ID,DOC_VER_NBR,INITR_PRNCPL_ID,VER_NBR,RTE_PRNCPL_ID,DTYPE,OBJ_ID,APP_DOC_STAT,APP_DOC_STAT_MDFN_DT) values ('2521','2028','R',0,to_date('24-OCT-08','DD-MON-RR'),to_date('24-OCT-08','DD-MON-RR'),null,null,to_date('24-OCT-08','DD-MON-RR'),'Travel Doc 2 - asdfsd',null,1,'admin',6,null,null,'6166CBA1BA3A644DE0404F8189D86C09',null,null);
Insert into KREW_DOC_HDR_T (DOC_HDR_ID,DOC_TYP_ID,DOC_HDR_STAT_CD,RTE_LVL,STAT_MDFN_DT,CRTE_DT,APRV_DT,FNL_DT,RTE_STAT_MDFN_DT,TTL,APP_DOC_ID,DOC_VER_NBR,INITR_PRNCPL_ID,VER_NBR,RTE_PRNCPL_ID,DTYPE,OBJ_ID,APP_DOC_STAT,APP_DOC_STAT_MDFN_DT) values ('2522','2028','P',4,to_date('24-OCT-08','DD-MON-RR'),to_date('24-OCT-08','DD-MON-RR'),to_date('24-OCT-08','DD-MON-RR'),null,to_date('24-OCT-08','DD-MON-RR'),'Travel Doc 2 - sadf',null,1,'admin',28,null,null,'6166CBA1BA3B644DE0404F8189D86C09',null,null);
Insert into KREW_DOC_HDR_T (DOC_HDR_ID,DOC_TYP_ID,DOC_HDR_STAT_CD,RTE_LVL,STAT_MDFN_DT,CRTE_DT,APRV_DT,FNL_DT,RTE_STAT_MDFN_DT,TTL,APP_DOC_ID,DOC_VER_NBR,INITR_PRNCPL_ID,VER_NBR,RTE_PRNCPL_ID,DTYPE,OBJ_ID,APP_DOC_STAT,APP_DOC_STAT_MDFN_DT) values ('2540','2029','I',0,to_date('03-NOV-08','DD-MON-RR'),to_date('03-NOV-08','DD-MON-RR'),null,null,null,null,null,1,'admin',2,null,null,'6166CBA1BA3C644DE0404F8189D86C09',null,null);
Insert into KREW_DOC_HDR_T (DOC_HDR_ID,DOC_TYP_ID,DOC_HDR_STAT_CD,RTE_LVL,STAT_MDFN_DT,CRTE_DT,APRV_DT,FNL_DT,RTE_STAT_MDFN_DT,TTL,APP_DOC_ID,DOC_VER_NBR,INITR_PRNCPL_ID,VER_NBR,RTE_PRNCPL_ID,DTYPE,OBJ_ID,APP_DOC_STAT,APP_DOC_STAT_MDFN_DT) values ('2541','2029','I',0,to_date('03-NOV-08','DD-MON-RR'),to_date('03-NOV-08','DD-MON-RR'),null,null,null,null,null,1,'admin',2,null,null,'6166CBA1BA3D644DE0404F8189D86C09',null,null);
Insert into KREW_DOC_HDR_T (DOC_HDR_ID,DOC_TYP_ID,DOC_HDR_STAT_CD,RTE_LVL,STAT_MDFN_DT,CRTE_DT,APRV_DT,FNL_DT,RTE_STAT_MDFN_DT,TTL,APP_DOC_ID,DOC_VER_NBR,INITR_PRNCPL_ID,VER_NBR,RTE_PRNCPL_ID,DTYPE,OBJ_ID,APP_DOC_STAT,APP_DOC_STAT_MDFN_DT) values ('2545','2029','I',0,to_date('03-NOV-08','DD-MON-RR'),to_date('03-NOV-08','DD-MON-RR'),null,null,null,null,null,1,'admin',2,null,null,'6166CBA1BA3E644DE0404F8189D86C09',null,null);
Insert into KREW_DOC_HDR_T (DOC_HDR_ID,DOC_TYP_ID,DOC_HDR_STAT_CD,RTE_LVL,STAT_MDFN_DT,CRTE_DT,APRV_DT,FNL_DT,RTE_STAT_MDFN_DT,TTL,APP_DOC_ID,DOC_VER_NBR,INITR_PRNCPL_ID,VER_NBR,RTE_PRNCPL_ID,DTYPE,OBJ_ID,APP_DOC_STAT,APP_DOC_STAT_MDFN_DT) values ('2546','2029','I',0,to_date('03-NOV-08','DD-MON-RR'),to_date('03-NOV-08','DD-MON-RR'),null,null,null,null,null,1,'admin',2,null,null,'6166CBA1BA3F644DE0404F8189D86C09',null,null);
Insert into KREW_DOC_HDR_T (DOC_HDR_ID,DOC_TYP_ID,DOC_HDR_STAT_CD,RTE_LVL,STAT_MDFN_DT,CRTE_DT,APRV_DT,FNL_DT,RTE_STAT_MDFN_DT,TTL,APP_DOC_ID,DOC_VER_NBR,INITR_PRNCPL_ID,VER_NBR,RTE_PRNCPL_ID,DTYPE,OBJ_ID,APP_DOC_STAT,APP_DOC_STAT_MDFN_DT) values ('2560','2029','I',0,to_date('03-NOV-08','DD-MON-RR'),to_date('03-NOV-08','DD-MON-RR'),null,null,null,null,null,1,'admin',2,null,null,'6166CBA1BA40644DE0404F8189D86C09',null,null);
Insert into KREW_DOC_HDR_T (DOC_HDR_ID,DOC_TYP_ID,DOC_HDR_STAT_CD,RTE_LVL,STAT_MDFN_DT,CRTE_DT,APRV_DT,FNL_DT,RTE_STAT_MDFN_DT,TTL,APP_DOC_ID,DOC_VER_NBR,INITR_PRNCPL_ID,VER_NBR,RTE_PRNCPL_ID,DTYPE,OBJ_ID,APP_DOC_STAT,APP_DOC_STAT_MDFN_DT) values ('2561','2029','I',0,to_date('03-NOV-08','DD-MON-RR'),to_date('03-NOV-08','DD-MON-RR'),null,null,null,null,null,1,'admin',2,null,null,'6166CBA1BA41644DE0404F8189D86C09',null,null);
Insert into KREW_DOC_HDR_T (DOC_HDR_ID,DOC_TYP_ID,DOC_HDR_STAT_CD,RTE_LVL,STAT_MDFN_DT,CRTE_DT,APRV_DT,FNL_DT,RTE_STAT_MDFN_DT,TTL,APP_DOC_ID,DOC_VER_NBR,INITR_PRNCPL_ID,VER_NBR,RTE_PRNCPL_ID,DTYPE,OBJ_ID,APP_DOC_STAT,APP_DOC_STAT_MDFN_DT) values ('2580','2028','I',0,to_date('04-NOV-08','DD-MON-RR'),to_date('04-NOV-08','DD-MON-RR'),null,null,null,null,null,1,'admin',2,null,null,'6166CBA1BA42644DE0404F8189D86C09',null,null);
Insert into KREW_DOC_HDR_T (DOC_HDR_ID,DOC_TYP_ID,DOC_HDR_STAT_CD,RTE_LVL,STAT_MDFN_DT,CRTE_DT,APRV_DT,FNL_DT,RTE_STAT_MDFN_DT,TTL,APP_DOC_ID,DOC_VER_NBR,INITR_PRNCPL_ID,VER_NBR,RTE_PRNCPL_ID,DTYPE,OBJ_ID,APP_DOC_STAT,APP_DOC_STAT_MDFN_DT) values ('2581','2028','I',0,to_date('04-NOV-08','DD-MON-RR'),to_date('04-NOV-08','DD-MON-RR'),null,null,null,null,null,1,'admin',2,null,null,'6166CBA1BA43644DE0404F8189D86C09',null,null);
Insert into KREW_DOC_HDR_T (DOC_HDR_ID,DOC_TYP_ID,DOC_HDR_STAT_CD,RTE_LVL,STAT_MDFN_DT,CRTE_DT,APRV_DT,FNL_DT,RTE_STAT_MDFN_DT,TTL,APP_DOC_ID,DOC_VER_NBR,INITR_PRNCPL_ID,VER_NBR,RTE_PRNCPL_ID,DTYPE,OBJ_ID,APP_DOC_STAT,APP_DOC_STAT_MDFN_DT) values ('2582','2028','I',0,to_date('04-NOV-08','DD-MON-RR'),to_date('04-NOV-08','DD-MON-RR'),null,null,null,null,null,1,'admin',2,null,null,'6166CBA1BA44644DE0404F8189D86C09',null,null);
Insert into KREW_DOC_HDR_T (DOC_HDR_ID,DOC_TYP_ID,DOC_HDR_STAT_CD,RTE_LVL,STAT_MDFN_DT,CRTE_DT,APRV_DT,FNL_DT,RTE_STAT_MDFN_DT,TTL,APP_DOC_ID,DOC_VER_NBR,INITR_PRNCPL_ID,VER_NBR,RTE_PRNCPL_ID,DTYPE,OBJ_ID,APP_DOC_STAT,APP_DOC_STAT_MDFN_DT) values ('2583','2028','I',0,to_date('04-NOV-08','DD-MON-RR'),to_date('04-NOV-08','DD-MON-RR'),null,null,null,null,null,1,'admin',2,null,null,'6166CBA1BA45644DE0404F8189D86C09',null,null);
Insert into KREW_DOC_HDR_T (DOC_HDR_ID,DOC_TYP_ID,DOC_HDR_STAT_CD,RTE_LVL,STAT_MDFN_DT,CRTE_DT,APRV_DT,FNL_DT,RTE_STAT_MDFN_DT,TTL,APP_DOC_ID,DOC_VER_NBR,INITR_PRNCPL_ID,VER_NBR,RTE_PRNCPL_ID,DTYPE,OBJ_ID,APP_DOC_STAT,APP_DOC_STAT_MDFN_DT) values ('2584','2028','R',0,to_date('04-NOV-08','DD-MON-RR'),to_date('04-NOV-08','DD-MON-RR'),null,null,to_date('04-NOV-08','DD-MON-RR'),'Travel Doc 2 - sadsadsadas',null,1,'admin',5,'admin',null,'6166CBA1BA46644DE0404F8189D86C09',null,null);
Insert into KREW_DOC_HDR_T (DOC_HDR_ID,DOC_TYP_ID,DOC_HDR_STAT_CD,RTE_LVL,STAT_MDFN_DT,CRTE_DT,APRV_DT,FNL_DT,RTE_STAT_MDFN_DT,TTL,APP_DOC_ID,DOC_VER_NBR,INITR_PRNCPL_ID,VER_NBR,RTE_PRNCPL_ID,DTYPE,OBJ_ID,APP_DOC_STAT,APP_DOC_STAT_MDFN_DT) values ('2600','2028','R',0,to_date('04-NOV-08','DD-MON-RR'),to_date('04-NOV-08','DD-MON-RR'),null,null,to_date('04-NOV-08','DD-MON-RR'),'Travel Doc 2 - asdsadsadsad',null,1,'admin',5,'admin',null,'6166CBA1BA47644DE0404F8189D86C09',null,null);
Insert into KREW_DOC_HDR_T (DOC_HDR_ID,DOC_TYP_ID,DOC_HDR_STAT_CD,RTE_LVL,STAT_MDFN_DT,CRTE_DT,APRV_DT,FNL_DT,RTE_STAT_MDFN_DT,TTL,APP_DOC_ID,DOC_VER_NBR,INITR_PRNCPL_ID,VER_NBR,RTE_PRNCPL_ID,DTYPE,OBJ_ID,APP_DOC_STAT,APP_DOC_STAT_MDFN_DT) values ('2601','2028','S',0,to_date('04-NOV-08','DD-MON-RR'),to_date('04-NOV-08','DD-MON-RR'),null,null,to_date('04-NOV-08','DD-MON-RR'),'Travel Doc 2 - asdsadsadasd',null,1,'admin',5,null,null,'6166CBA1BA48644DE0404F8189D86C09',null,null);
Insert into KREW_DOC_HDR_T (DOC_HDR_ID,DOC_TYP_ID,DOC_HDR_STAT_CD,RTE_LVL,STAT_MDFN_DT,CRTE_DT,APRV_DT,FNL_DT,RTE_STAT_MDFN_DT,TTL,APP_DOC_ID,DOC_VER_NBR,INITR_PRNCPL_ID,VER_NBR,RTE_PRNCPL_ID,DTYPE,OBJ_ID,APP_DOC_STAT,APP_DOC_STAT_MDFN_DT) values ('2620','2028','I',0,to_date('04-NOV-08','DD-MON-RR'),to_date('04-NOV-08','DD-MON-RR'),null,null,null,null,null,1,'admin',2,null,null,'6166CBA1BA49644DE0404F8189D86C09',null,null);
Insert into KREW_DOC_HDR_T (DOC_HDR_ID,DOC_TYP_ID,DOC_HDR_STAT_CD,RTE_LVL,STAT_MDFN_DT,CRTE_DT,APRV_DT,FNL_DT,RTE_STAT_MDFN_DT,TTL,APP_DOC_ID,DOC_VER_NBR,INITR_PRNCPL_ID,VER_NBR,RTE_PRNCPL_ID,DTYPE,OBJ_ID,APP_DOC_STAT,APP_DOC_STAT_MDFN_DT) values ('2621','2028','S',0,to_date('04-NOV-08','DD-MON-RR'),to_date('04-NOV-08','DD-MON-RR'),null,null,to_date('04-NOV-08','DD-MON-RR'),'Travel Doc 2 - asdsadsadasd',null,1,'admin',5,null,null,'6166CBA1BA4A644DE0404F8189D86C09',null,null);
Insert into KREW_DOC_HDR_T (DOC_HDR_ID,DOC_TYP_ID,DOC_HDR_STAT_CD,RTE_LVL,STAT_MDFN_DT,CRTE_DT,APRV_DT,FNL_DT,RTE_STAT_MDFN_DT,TTL,APP_DOC_ID,DOC_VER_NBR,INITR_PRNCPL_ID,VER_NBR,RTE_PRNCPL_ID,DTYPE,OBJ_ID,APP_DOC_STAT,APP_DOC_STAT_MDFN_DT) values ('2622','2028','S',0,to_date('04-NOV-08','DD-MON-RR'),to_date('04-NOV-08','DD-MON-RR'),null,null,to_date('04-NOV-08','DD-MON-RR'),'Travel Doc 2 - asdsadsadasd',null,1,'admin',5,null,null,'6166CBA1BA4B644DE0404F8189D86C09',null,null);
Insert into KREW_DOC_HDR_T (DOC_HDR_ID,DOC_TYP_ID,DOC_HDR_STAT_CD,RTE_LVL,STAT_MDFN_DT,CRTE_DT,APRV_DT,FNL_DT,RTE_STAT_MDFN_DT,TTL,APP_DOC_ID,DOC_VER_NBR,INITR_PRNCPL_ID,VER_NBR,RTE_PRNCPL_ID,DTYPE,OBJ_ID,APP_DOC_STAT,APP_DOC_STAT_MDFN_DT) values ('2623','2028','S',0,to_date('04-NOV-08','DD-MON-RR'),to_date('04-NOV-08','DD-MON-RR'),null,null,to_date('04-NOV-08','DD-MON-RR'),'Travel Doc 2 - asdsadsadasd',null,1,'admin',5,null,null,'6166CBA1BA4C644DE0404F8189D86C09',null,null);
Insert into KREW_DOC_HDR_T (DOC_HDR_ID,DOC_TYP_ID,DOC_HDR_STAT_CD,RTE_LVL,STAT_MDFN_DT,CRTE_DT,APRV_DT,FNL_DT,RTE_STAT_MDFN_DT,TTL,APP_DOC_ID,DOC_VER_NBR,INITR_PRNCPL_ID,VER_NBR,RTE_PRNCPL_ID,DTYPE,OBJ_ID,APP_DOC_STAT,APP_DOC_STAT_MDFN_DT) values ('2640','2028','P',4,to_date('05-NOV-08','DD-MON-RR'),to_date('05-NOV-08','DD-MON-RR'),to_date('05-NOV-08','DD-MON-RR'),null,to_date('05-NOV-08','DD-MON-RR'),'Travel Doc 2 - test','123',1,'admin',28,null,null,'6166CBA1BA4D644DE0404F8189D86C09',null,null);
Insert into KREW_DOC_HDR_T (DOC_HDR_ID,DOC_TYP_ID,DOC_HDR_STAT_CD,RTE_LVL,STAT_MDFN_DT,CRTE_DT,APRV_DT,FNL_DT,RTE_STAT_MDFN_DT,TTL,APP_DOC_ID,DOC_VER_NBR,INITR_PRNCPL_ID,VER_NBR,RTE_PRNCPL_ID,DTYPE,OBJ_ID,APP_DOC_STAT,APP_DOC_STAT_MDFN_DT) values ('2660','2028','I',0,to_date('05-NOV-08','DD-MON-RR'),to_date('05-NOV-08','DD-MON-RR'),null,null,null,null,null,1,'admin',2,null,null,'6166CBA1BA4E644DE0404F8189D86C09',null,null);
Insert into KREW_DOC_HDR_T (DOC_HDR_ID,DOC_TYP_ID,DOC_HDR_STAT_CD,RTE_LVL,STAT_MDFN_DT,CRTE_DT,APRV_DT,FNL_DT,RTE_STAT_MDFN_DT,TTL,APP_DOC_ID,DOC_VER_NBR,INITR_PRNCPL_ID,VER_NBR,RTE_PRNCPL_ID,DTYPE,OBJ_ID,APP_DOC_STAT,APP_DOC_STAT_MDFN_DT) values ('2684','2683','I',0,to_date('22-DEC-08','DD-MON-RR'),to_date('22-DEC-08','DD-MON-RR'),null,null,null,null,null,1,'admin',2,null,null,'6166CBA1BA4F644DE0404F8189D86C09',null,null);
Insert into KREW_DOC_HDR_T (DOC_HDR_ID,DOC_TYP_ID,DOC_HDR_STAT_CD,RTE_LVL,STAT_MDFN_DT,CRTE_DT,APRV_DT,FNL_DT,RTE_STAT_MDFN_DT,TTL,APP_DOC_ID,DOC_VER_NBR,INITR_PRNCPL_ID,VER_NBR,RTE_PRNCPL_ID,DTYPE,OBJ_ID,APP_DOC_STAT,APP_DOC_STAT_MDFN_DT) values ('2685','2683','I',0,to_date('22-DEC-08','DD-MON-RR'),to_date('22-DEC-08','DD-MON-RR'),null,null,null,null,null,1,'admin',2,null,null,'6166CBA1BA50644DE0404F8189D86C09',null,null);
Insert into KREW_DOC_HDR_T (DOC_HDR_ID,DOC_TYP_ID,DOC_HDR_STAT_CD,RTE_LVL,STAT_MDFN_DT,CRTE_DT,APRV_DT,FNL_DT,RTE_STAT_MDFN_DT,TTL,APP_DOC_ID,DOC_VER_NBR,INITR_PRNCPL_ID,VER_NBR,RTE_PRNCPL_ID,DTYPE,OBJ_ID,APP_DOC_STAT,APP_DOC_STAT_MDFN_DT) values ('2686','2683','I',0,to_date('22-DEC-08','DD-MON-RR'),to_date('22-DEC-08','DD-MON-RR'),null,null,null,null,null,1,'admin',2,null,null,'6166CBA1BA51644DE0404F8189D86C09',null,null);
Insert into KREW_DOC_HDR_T (DOC_HDR_ID,DOC_TYP_ID,DOC_HDR_STAT_CD,RTE_LVL,STAT_MDFN_DT,CRTE_DT,APRV_DT,FNL_DT,RTE_STAT_MDFN_DT,TTL,APP_DOC_ID,DOC_VER_NBR,INITR_PRNCPL_ID,VER_NBR,RTE_PRNCPL_ID,DTYPE,OBJ_ID,APP_DOC_STAT,APP_DOC_STAT_MDFN_DT) values ('2687','2683','I',0,to_date('22-DEC-08','DD-MON-RR'),to_date('22-DEC-08','DD-MON-RR'),null,null,null,null,null,1,'admin',2,null,null,'6166CBA1BA52644DE0404F8189D86C09',null,null);
Insert into KREW_DOC_HDR_T (DOC_HDR_ID,DOC_TYP_ID,DOC_HDR_STAT_CD,RTE_LVL,STAT_MDFN_DT,CRTE_DT,APRV_DT,FNL_DT,RTE_STAT_MDFN_DT,TTL,APP_DOC_ID,DOC_VER_NBR,INITR_PRNCPL_ID,VER_NBR,RTE_PRNCPL_ID,DTYPE,OBJ_ID,APP_DOC_STAT,APP_DOC_STAT_MDFN_DT) values ('2688','2683','I',0,to_date('22-DEC-08','DD-MON-RR'),to_date('22-DEC-08','DD-MON-RR'),null,null,null,null,null,1,'admin',2,null,null,'6166CBA1BA53644DE0404F8189D86C09',null,null);
Insert into KREW_DOC_HDR_T (DOC_HDR_ID,DOC_TYP_ID,DOC_HDR_STAT_CD,RTE_LVL,STAT_MDFN_DT,CRTE_DT,APRV_DT,FNL_DT,RTE_STAT_MDFN_DT,TTL,APP_DOC_ID,DOC_VER_NBR,INITR_PRNCPL_ID,VER_NBR,RTE_PRNCPL_ID,DTYPE,OBJ_ID,APP_DOC_STAT,APP_DOC_STAT_MDFN_DT) values ('2689','2683','I',0,to_date('22-DEC-08','DD-MON-RR'),to_date('22-DEC-08','DD-MON-RR'),null,null,null,null,null,1,'admin',2,null,null,'6166CBA1BA54644DE0404F8189D86C09',null,null);
Insert into KREW_DOC_HDR_T (DOC_HDR_ID,DOC_TYP_ID,DOC_HDR_STAT_CD,RTE_LVL,STAT_MDFN_DT,CRTE_DT,APRV_DT,FNL_DT,RTE_STAT_MDFN_DT,TTL,APP_DOC_ID,DOC_VER_NBR,INITR_PRNCPL_ID,VER_NBR,RTE_PRNCPL_ID,DTYPE,OBJ_ID,APP_DOC_STAT,APP_DOC_STAT_MDFN_DT) values ('2690','2683','I',0,to_date('22-DEC-08','DD-MON-RR'),to_date('22-DEC-08','DD-MON-RR'),null,null,null,null,null,1,'admin',2,null,null,'6166CBA1BA55644DE0404F8189D86C09',null,null);
Insert into KREW_DOC_HDR_T (DOC_HDR_ID,DOC_TYP_ID,DOC_HDR_STAT_CD,RTE_LVL,STAT_MDFN_DT,CRTE_DT,APRV_DT,FNL_DT,RTE_STAT_MDFN_DT,TTL,APP_DOC_ID,DOC_VER_NBR,INITR_PRNCPL_ID,VER_NBR,RTE_PRNCPL_ID,DTYPE,OBJ_ID,APP_DOC_STAT,APP_DOC_STAT_MDFN_DT) values ('2691','2683','I',0,to_date('22-DEC-08','DD-MON-RR'),to_date('22-DEC-08','DD-MON-RR'),null,null,null,null,null,1,'admin',2,null,null,'6166CBA1BA56644DE0404F8189D86C09',null,null);
Insert into KREW_DOC_HDR_T (DOC_HDR_ID,DOC_TYP_ID,DOC_HDR_STAT_CD,RTE_LVL,STAT_MDFN_DT,CRTE_DT,APRV_DT,FNL_DT,RTE_STAT_MDFN_DT,TTL,APP_DOC_ID,DOC_VER_NBR,INITR_PRNCPL_ID,VER_NBR,RTE_PRNCPL_ID,DTYPE,OBJ_ID,APP_DOC_STAT,APP_DOC_STAT_MDFN_DT) values ('2692','2683','R',0,to_date('22-DEC-08','DD-MON-RR'),to_date('22-DEC-08','DD-MON-RR'),null,null,to_date('22-DEC-08','DD-MON-RR'),'Travel Doc 2 - test','1',1,'admin',5,'admin',null,'6166CBA1BA57644DE0404F8189D86C09',null,null);
Insert into KREW_DOC_HDR_T (DOC_HDR_ID,DOC_TYP_ID,DOC_HDR_STAT_CD,RTE_LVL,STAT_MDFN_DT,CRTE_DT,APRV_DT,FNL_DT,RTE_STAT_MDFN_DT,TTL,APP_DOC_ID,DOC_VER_NBR,INITR_PRNCPL_ID,VER_NBR,RTE_PRNCPL_ID,DTYPE,OBJ_ID,APP_DOC_STAT,APP_DOC_STAT_MDFN_DT) values ('2693','2683','R',0,to_date('22-DEC-08','DD-MON-RR'),to_date('22-DEC-08','DD-MON-RR'),null,null,to_date('22-DEC-08','DD-MON-RR'),'Travel Doc 2 - test',null,1,'admin',5,'admin',null,'6166CBA1BA58644DE0404F8189D86C09',null,null);
Insert into KREW_DOC_HDR_T (DOC_HDR_ID,DOC_TYP_ID,DOC_HDR_STAT_CD,RTE_LVL,STAT_MDFN_DT,CRTE_DT,APRV_DT,FNL_DT,RTE_STAT_MDFN_DT,TTL,APP_DOC_ID,DOC_VER_NBR,INITR_PRNCPL_ID,VER_NBR,RTE_PRNCPL_ID,DTYPE,OBJ_ID,APP_DOC_STAT,APP_DOC_STAT_MDFN_DT) values ('2694','2683','R',0,to_date('22-DEC-08','DD-MON-RR'),to_date('22-DEC-08','DD-MON-RR'),null,null,to_date('22-DEC-08','DD-MON-RR'),'Travel Doc 2 - esdf',null,1,'admin',5,'admin',null,'6166CBA1BA59644DE0404F8189D86C09',null,null);
Insert into KREW_DOC_HDR_T (DOC_HDR_ID,DOC_TYP_ID,DOC_HDR_STAT_CD,RTE_LVL,STAT_MDFN_DT,CRTE_DT,APRV_DT,FNL_DT,RTE_STAT_MDFN_DT,TTL,APP_DOC_ID,DOC_VER_NBR,INITR_PRNCPL_ID,VER_NBR,RTE_PRNCPL_ID,DTYPE,OBJ_ID,APP_DOC_STAT,APP_DOC_STAT_MDFN_DT) values ('2695','2683','P',4,to_date('22-DEC-08','DD-MON-RR'),to_date('22-DEC-08','DD-MON-RR'),to_date('22-DEC-08','DD-MON-RR'),null,to_date('22-DEC-08','DD-MON-RR'),'Travel Doc 2 - dfads',null,1,'admin',35,'admin',null,'6166CBA1BA5A644DE0404F8189D86C09',null,null);
Insert into KREW_DOC_HDR_T (DOC_HDR_ID,DOC_TYP_ID,DOC_HDR_STAT_CD,RTE_LVL,STAT_MDFN_DT,CRTE_DT,APRV_DT,FNL_DT,RTE_STAT_MDFN_DT,TTL,APP_DOC_ID,DOC_VER_NBR,INITR_PRNCPL_ID,VER_NBR,RTE_PRNCPL_ID,DTYPE,OBJ_ID,APP_DOC_STAT,APP_DOC_STAT_MDFN_DT) values ('2696','2683','I',0,to_date('22-DEC-08','DD-MON-RR'),to_date('22-DEC-08','DD-MON-RR'),null,null,null,null,null,1,'admin',2,null,null,'6166CBA1BA5B644DE0404F8189D86C09',null,null);
Insert into KREW_DOC_HDR_T (DOC_HDR_ID,DOC_TYP_ID,DOC_HDR_STAT_CD,RTE_LVL,STAT_MDFN_DT,CRTE_DT,APRV_DT,FNL_DT,RTE_STAT_MDFN_DT,TTL,APP_DOC_ID,DOC_VER_NBR,INITR_PRNCPL_ID,VER_NBR,RTE_PRNCPL_ID,DTYPE,OBJ_ID,APP_DOC_STAT,APP_DOC_STAT_MDFN_DT) values ('2698','2683','I',0,to_date('17-MAR-09','DD-MON-RR'),to_date('17-MAR-09','DD-MON-RR'),null,null,null,null,null,1,'admin',2,null,null,'E91F79DD-2DCD-C59F-6083-D9ABAE729C87',null,null);
Insert into KREW_DOC_HDR_T (DOC_HDR_ID,DOC_TYP_ID,DOC_HDR_STAT_CD,RTE_LVL,STAT_MDFN_DT,CRTE_DT,APRV_DT,FNL_DT,RTE_STAT_MDFN_DT,TTL,APP_DOC_ID,DOC_VER_NBR,INITR_PRNCPL_ID,VER_NBR,RTE_PRNCPL_ID,DTYPE,OBJ_ID,APP_DOC_STAT,APP_DOC_STAT_MDFN_DT) values ('2701','2683','R',1,to_date('17-MAR-09','DD-MON-RR'),to_date('17-MAR-09','DD-MON-RR'),null,null,to_date('17-MAR-09','DD-MON-RR'),'Travel Request - test',null,1,'admin',11,'admin',null,'0E6639DF-0DC4-24C1-2D48-21014B7A22BB',null,null);
 --- INSERTING into KREW_DOC_LNK_T

 --- INSERTING into KREW_DOC_NTE_T

Insert into KREW_DOC_NTE_T (DOC_NTE_ID,DOC_HDR_ID,AUTH_PRNCPL_ID,CRT_DT,TXT,VER_NBR) values ('2000','2213','admin',to_date('16-SEP-08','DD-MON-RR'),'Added this test note.',1);
Insert into KREW_DOC_NTE_T (DOC_NTE_ID,DOC_HDR_ID,AUTH_PRNCPL_ID,CRT_DT,TXT,VER_NBR) values ('2002','2219','admin',to_date('16-SEP-08','DD-MON-RR'),'This is a test note.',3);
Insert into KREW_DOC_NTE_T (DOC_NTE_ID,DOC_HDR_ID,AUTH_PRNCPL_ID,CRT_DT,TXT,VER_NBR) values ('2004','2219','user1',to_date('16-SEP-08','DD-MON-RR'),'Added a note at second node.',2);
 --- INSERTING into KREW_DOC_TYP_APP_DOC_STAT_T

 --- INSERTING into KREW_DOC_TYP_APP_STAT_CAT_T

 --- INSERTING into KREW_DOC_TYP_ATTR_T

Insert into KREW_DOC_TYP_ATTR_T (DOC_TYP_ATTRIB_ID,DOC_TYP_ID,RULE_ATTR_ID,ORD_INDX) values ('2000','2023','1003',1);
Insert into KREW_DOC_TYP_ATTR_T (DOC_TYP_ATTRIB_ID,DOC_TYP_ID,RULE_ATTR_ID,ORD_INDX) values ('2001','2023','1006',2);
Insert into KREW_DOC_TYP_ATTR_T (DOC_TYP_ATTRIB_ID,DOC_TYP_ID,RULE_ATTR_ID,ORD_INDX) values ('2002','2023','1004',3);
Insert into KREW_DOC_TYP_ATTR_T (DOC_TYP_ATTRIB_ID,DOC_TYP_ID,RULE_ATTR_ID,ORD_INDX) values ('2003','2023','1007',4);
Insert into KREW_DOC_TYP_ATTR_T (DOC_TYP_ATTRIB_ID,DOC_TYP_ID,RULE_ATTR_ID,ORD_INDX) values ('2004','2023','1005',5);
Insert into KREW_DOC_TYP_ATTR_T (DOC_TYP_ATTRIB_ID,DOC_TYP_ID,RULE_ATTR_ID,ORD_INDX) values ('2005','2023','1008',6);
Insert into KREW_DOC_TYP_ATTR_T (DOC_TYP_ATTRIB_ID,DOC_TYP_ID,RULE_ATTR_ID,ORD_INDX) values ('2006','2023','1009',7);
Insert into KREW_DOC_TYP_ATTR_T (DOC_TYP_ATTRIB_ID,DOC_TYP_ID,RULE_ATTR_ID,ORD_INDX) values ('2007','2024','1003',1);
Insert into KREW_DOC_TYP_ATTR_T (DOC_TYP_ATTRIB_ID,DOC_TYP_ID,RULE_ATTR_ID,ORD_INDX) values ('2008','2029','1014',1);
Insert into KREW_DOC_TYP_ATTR_T (DOC_TYP_ATTRIB_ID,DOC_TYP_ID,RULE_ATTR_ID,ORD_INDX) values ('2009','3006','1014',1);
 --- INSERTING into KREW_DOC_TYP_PLCY_RELN_T

Insert into KREW_DOC_TYP_PLCY_RELN_T (DOC_TYP_ID,DOC_PLCY_NM,PLCY_NM,VER_NBR,OBJ_ID,PLCY_VAL) values ('2024','DEFAULT_APPROVE',1,1,'61BA2DCF3BE658EEE0404F8189D80CAE',null);
Insert into KREW_DOC_TYP_PLCY_RELN_T (DOC_TYP_ID,DOC_PLCY_NM,PLCY_NM,VER_NBR,OBJ_ID,PLCY_VAL) values ('2680','DEFAULT_APPROVE',1,2,'61BA2DCF3BE858EEE0404F8189D80CAE',null);
Insert into KREW_DOC_TYP_PLCY_RELN_T (DOC_TYP_ID,DOC_PLCY_NM,PLCY_NM,VER_NBR,OBJ_ID,PLCY_VAL) values ('2024','LOOK_FUTURE',1,1,'61BA2DCF3BE758EEE0404F8189D80CAE',null);
Insert into KREW_DOC_TYP_PLCY_RELN_T (DOC_TYP_ID,DOC_PLCY_NM,PLCY_NM,VER_NBR,OBJ_ID,PLCY_VAL) values ('2680','LOOK_FUTURE',1,2,'61BA2DCF3BE958EEE0404F8189D80CAE',null);
 --- INSERTING into KREW_DOC_TYP_PROC_T

Insert into KREW_DOC_TYP_PROC_T (DOC_TYP_PROC_ID,DOC_TYP_ID,INIT_RTE_NODE_ID,NM,INIT_IND,VER_NBR) values ('2005','2011','2004','PRIMARY',1,2);
Insert into KREW_DOC_TYP_PROC_T (DOC_TYP_PROC_ID,DOC_TYP_ID,INIT_RTE_NODE_ID,NM,INIT_IND,VER_NBR) values ('2007','2012','2006','PRIMARY',1,2);
Insert into KREW_DOC_TYP_PROC_T (DOC_TYP_PROC_ID,DOC_TYP_ID,INIT_RTE_NODE_ID,NM,INIT_IND,VER_NBR) values ('2040','2023','2039','PRIMARY',1,1);
Insert into KREW_DOC_TYP_PROC_T (DOC_TYP_PROC_ID,DOC_TYP_ID,INIT_RTE_NODE_ID,NM,INIT_IND,VER_NBR) values ('2044','2024','2041','PRIMARY',1,1);
Insert into KREW_DOC_TYP_PROC_T (DOC_TYP_PROC_ID,DOC_TYP_ID,INIT_RTE_NODE_ID,NM,INIT_IND,VER_NBR) values ('2058','2029','2057','PRIMARY',1,2);
Insert into KREW_DOC_TYP_PROC_T (DOC_TYP_PROC_ID,DOC_TYP_ID,INIT_RTE_NODE_ID,NM,INIT_IND,VER_NBR) values ('2060','2030','2059','PRIMARY',1,1);
Insert into KREW_DOC_TYP_PROC_T (DOC_TYP_PROC_ID,DOC_TYP_ID,INIT_RTE_NODE_ID,NM,INIT_IND,VER_NBR) values ('2062','2031','2061','PRIMARY',1,1);
Insert into KREW_DOC_TYP_PROC_T (DOC_TYP_PROC_ID,DOC_TYP_ID,INIT_RTE_NODE_ID,NM,INIT_IND,VER_NBR) values ('2064','2032','2063','PRIMARY',1,1);
Insert into KREW_DOC_TYP_PROC_T (DOC_TYP_PROC_ID,DOC_TYP_ID,INIT_RTE_NODE_ID,NM,INIT_IND,VER_NBR) values ('2066','2033','2065','PRIMARY',1,1);
Insert into KREW_DOC_TYP_PROC_T (DOC_TYP_PROC_ID,DOC_TYP_ID,INIT_RTE_NODE_ID,NM,INIT_IND,VER_NBR) values ('2068','2034','2067','PRIMARY',1,1);
Insert into KREW_DOC_TYP_PROC_T (DOC_TYP_PROC_ID,DOC_TYP_ID,INIT_RTE_NODE_ID,NM,INIT_IND,VER_NBR) values ('2345','2282','2344','PRIMARY',1,1);
Insert into KREW_DOC_TYP_PROC_T (DOC_TYP_PROC_ID,DOC_TYP_ID,INIT_RTE_NODE_ID,NM,INIT_IND,VER_NBR) values ('2582','2440','2580','PRIMARY',1,1);
Insert into KREW_DOC_TYP_PROC_T (DOC_TYP_PROC_ID,DOC_TYP_ID,INIT_RTE_NODE_ID,NM,INIT_IND,VER_NBR) values ('2841','2680','2840','PRIMARY',1,2);
Insert into KREW_DOC_TYP_PROC_T (DOC_TYP_PROC_ID,DOC_TYP_ID,INIT_RTE_NODE_ID,NM,INIT_IND,VER_NBR) values ('2851','2683','2846','PRIMARY',1,1);
Insert into KREW_DOC_TYP_PROC_T (DOC_TYP_PROC_ID,DOC_TYP_ID,INIT_RTE_NODE_ID,NM,INIT_IND,VER_NBR) values ('2894','2704','2892','PRIMARY',1,4);
Insert into KREW_DOC_TYP_PROC_T (DOC_TYP_PROC_ID,DOC_TYP_ID,INIT_RTE_NODE_ID,NM,INIT_IND,VER_NBR) values ('2897','2707','2895','PRIMARY',1,1);
Insert into KREW_DOC_TYP_PROC_T (DOC_TYP_PROC_ID,DOC_TYP_ID,INIT_RTE_NODE_ID,NM,INIT_IND,VER_NBR) values ('2900','2995','2898','PRIMARY',1,1);
Insert into KREW_DOC_TYP_PROC_T (DOC_TYP_PROC_ID,DOC_TYP_ID,INIT_RTE_NODE_ID,NM,INIT_IND,VER_NBR) values ('2903','2996','2901','PRIMARY',1,1);
Insert into KREW_DOC_TYP_PROC_T (DOC_TYP_PROC_ID,DOC_TYP_ID,INIT_RTE_NODE_ID,NM,INIT_IND,VER_NBR) values ('2907','2997','2904','PRIMARY',1,1);
Insert into KREW_DOC_TYP_PROC_T (DOC_TYP_PROC_ID,DOC_TYP_ID,INIT_RTE_NODE_ID,NM,INIT_IND,VER_NBR) values ('2909','2998','2908','PRIMARY',1,1);
Insert into KREW_DOC_TYP_PROC_T (DOC_TYP_PROC_ID,DOC_TYP_ID,INIT_RTE_NODE_ID,NM,INIT_IND,VER_NBR) values ('2911','2999','2910','PRIMARY',1,1);
Insert into KREW_DOC_TYP_PROC_T (DOC_TYP_PROC_ID,DOC_TYP_ID,INIT_RTE_NODE_ID,NM,INIT_IND,VER_NBR) values ('2916','3006','2914','PRIMARY',1,1);
Insert into KREW_DOC_TYP_PROC_T (DOC_TYP_PROC_ID,DOC_TYP_ID,INIT_RTE_NODE_ID,NM,INIT_IND,VER_NBR) values ('2918','3007','2917','PRIMARY',1,1);
Insert into KREW_DOC_TYP_PROC_T (DOC_TYP_PROC_ID,DOC_TYP_ID,INIT_RTE_NODE_ID,NM,INIT_IND,VER_NBR) values ('2920','3008','2919','PRIMARY',1,1);
Insert into KREW_DOC_TYP_PROC_T (DOC_TYP_PROC_ID,DOC_TYP_ID,INIT_RTE_NODE_ID,NM,INIT_IND,VER_NBR) values ('2922','3009','2921','PRIMARY',1,1);
 --- INSERTING into KREW_DOC_TYP_T

Insert into KREW_DOC_TYP_T (DOC_TYP_ID,PARNT_ID,DOC_TYP_NM,DOC_TYP_VER_NBR,ACTV_IND,CUR_IND,LBL,PREV_DOC_TYP_VER_NBR,DOC_TYP_DESC,DOC_HDLR_URL,POST_PRCSR,JNDI_URL,BLNKT_APPR_PLCY,ADV_DOC_SRCH_URL,RTE_VER_NBR,NOTIFY_ADDR,APPL_ID,EMAIL_XSL,VER_NBR,BLNKT_APPR_GRP_ID,RPT_GRP_ID,GRP_ID,HELP_DEF_URL,OBJ_ID,DOC_SEARCH_HELP_URL,DOC_HDR_ID,AUTHORIZER) values ('2011','2681','DocumentTypeDocument',0,1,1,'Workflow Maintenance Document Type Document',null,'Workflow Maintenance Document Type Document','${kr.url}/maintenance.do?methodToCall=docHandler','org.kuali.rice.krad.workflow.postprocessor.KualiPostProcessor',null,null,null,'2',null,null,null,0,'1',null,'1','default.htm?turl=WordDocuments%2Fdocumenttype.htm','6166CBA1BA5D644DE0404F8189D86C09',null,null,null);
Insert into KREW_DOC_TYP_T (DOC_TYP_ID,PARNT_ID,DOC_TYP_NM,DOC_TYP_VER_NBR,ACTV_IND,CUR_IND,LBL,PREV_DOC_TYP_VER_NBR,DOC_TYP_DESC,DOC_HDLR_URL,POST_PRCSR,JNDI_URL,BLNKT_APPR_PLCY,ADV_DOC_SRCH_URL,RTE_VER_NBR,NOTIFY_ADDR,APPL_ID,EMAIL_XSL,VER_NBR,BLNKT_APPR_GRP_ID,RPT_GRP_ID,GRP_ID,HELP_DEF_URL,OBJ_ID,DOC_SEARCH_HELP_URL,DOC_HDR_ID,AUTHORIZER) values ('2012','2681','RoutingRuleDocument',0,1,1,'Rule Maintenance Document Type Document',null,'Rule Maintenance Document Type Document','${kr.url}/maintenance.do?methodToCall=docHandler','org.kuali.rice.krad.workflow.postprocessor.KualiPostProcessor',null,null,null,'2',null,null,null,0,'1',null,'1',null,'6166CBA1BA5E644DE0404F8189D86C09',null,null,null);
Insert into KREW_DOC_TYP_T (DOC_TYP_ID,PARNT_ID,DOC_TYP_NM,DOC_TYP_VER_NBR,ACTV_IND,CUR_IND,LBL,PREV_DOC_TYP_VER_NBR,DOC_TYP_DESC,DOC_HDLR_URL,POST_PRCSR,JNDI_URL,BLNKT_APPR_PLCY,ADV_DOC_SRCH_URL,RTE_VER_NBR,NOTIFY_ADDR,APPL_ID,EMAIL_XSL,VER_NBR,BLNKT_APPR_GRP_ID,RPT_GRP_ID,GRP_ID,HELP_DEF_URL,OBJ_ID,DOC_SEARCH_HELP_URL,DOC_HDR_ID,AUTHORIZER) values ('2023',null,'KualiNotification',0,1,1,'Notification',null,'This is the re-usable notification document type that will be used for delivering all notifications with KEW.','${ken.url}/DetailView.form','org.kuali.rice.ken.postprocessor.kew.NotificationPostProcessor',null,null,null,'1',null,null,null,0,'1',null,'2000',null,'6166CBA1BA69644DE0404F8189D86C09',null,null,null);
Insert into KREW_DOC_TYP_T (DOC_TYP_ID,PARNT_ID,DOC_TYP_NM,DOC_TYP_VER_NBR,ACTV_IND,CUR_IND,LBL,PREV_DOC_TYP_VER_NBR,DOC_TYP_DESC,DOC_HDLR_URL,POST_PRCSR,JNDI_URL,BLNKT_APPR_PLCY,ADV_DOC_SRCH_URL,RTE_VER_NBR,NOTIFY_ADDR,APPL_ID,EMAIL_XSL,VER_NBR,BLNKT_APPR_GRP_ID,RPT_GRP_ID,GRP_ID,HELP_DEF_URL,OBJ_ID,DOC_SEARCH_HELP_URL,DOC_HDR_ID,AUTHORIZER) values ('2024',null,'SendNotificationRequest',0,1,1,'Send Notification Request',null,'Create a New Notification Request','${ken.url}/AdministerNotificationRequest.form','org.kuali.rice.ken.postprocessor.kew.NotificationSenderFormPostProcessor',null,null,null,'2',null,null,null,0,'1',null,'1',null,'6166CBA1BA6A644DE0404F8189D86C09',null,null,null);
Insert into KREW_DOC_TYP_T (DOC_TYP_ID,PARNT_ID,DOC_TYP_NM,DOC_TYP_VER_NBR,ACTV_IND,CUR_IND,LBL,PREV_DOC_TYP_VER_NBR,DOC_TYP_DESC,DOC_HDLR_URL,POST_PRCSR,JNDI_URL,BLNKT_APPR_PLCY,ADV_DOC_SRCH_URL,RTE_VER_NBR,NOTIFY_ADDR,APPL_ID,EMAIL_XSL,VER_NBR,BLNKT_APPR_GRP_ID,RPT_GRP_ID,GRP_ID,HELP_DEF_URL,OBJ_ID,DOC_SEARCH_HELP_URL,DOC_HDR_ID,AUTHORIZER) values ('2029','2681','TravelAccountMaintenanceDocument',0,1,0,'Travel Account Maintenance Document',null,'Create a New Travel Account Maintenance Document','${kr.url}/maintenance.do?methodToCall=docHandler','org.kuali.rice.krad.workflow.postprocessor.KualiPostProcessor',null,null,null,'2',null,null,null,1,'1',null,'1',null,'6166CBA1BA6F644DE0404F8189D86C09',null,null,null);
Insert into KREW_DOC_TYP_T (DOC_TYP_ID,PARNT_ID,DOC_TYP_NM,DOC_TYP_VER_NBR,ACTV_IND,CUR_IND,LBL,PREV_DOC_TYP_VER_NBR,DOC_TYP_DESC,DOC_HDLR_URL,POST_PRCSR,JNDI_URL,BLNKT_APPR_PLCY,ADV_DOC_SRCH_URL,RTE_VER_NBR,NOTIFY_ADDR,APPL_ID,EMAIL_XSL,VER_NBR,BLNKT_APPR_GRP_ID,RPT_GRP_ID,GRP_ID,HELP_DEF_URL,OBJ_ID,DOC_SEARCH_HELP_URL,DOC_HDR_ID,AUTHORIZER) values ('2030','2681','FiscalOfficerMaintenanceDocument',0,1,1,'Travel Fiscal Officer',null,'Create a New Travel Fiscal Officer','${kr.url}/maintenance.do?methodToCall=docHandler','org.kuali.rice.krad.workflow.postprocessor.KualiPostProcessor',null,null,null,'2',null,null,null,0,'1',null,'1',null,'6166CBA1BA70644DE0404F8189D86C09',null,null,null);
Insert into KREW_DOC_TYP_T (DOC_TYP_ID,PARNT_ID,DOC_TYP_NM,DOC_TYP_VER_NBR,ACTV_IND,CUR_IND,LBL,PREV_DOC_TYP_VER_NBR,DOC_TYP_DESC,DOC_HDLR_URL,POST_PRCSR,JNDI_URL,BLNKT_APPR_PLCY,ADV_DOC_SRCH_URL,RTE_VER_NBR,NOTIFY_ADDR,APPL_ID,EMAIL_XSL,VER_NBR,BLNKT_APPR_GRP_ID,RPT_GRP_ID,GRP_ID,HELP_DEF_URL,OBJ_ID,DOC_SEARCH_HELP_URL,DOC_HDR_ID,AUTHORIZER) values ('2031','2681','NamespaceMaintenanceDocument',0,1,1,'Namespace',null,'Create/edit parameter namespaces','${kr.url}/maintenance.do?methodToCall=docHandler','org.kuali.rice.krad.workflow.postprocessor.KualiPostProcessor',null,null,null,'2',null,null,null,0,'1',null,'1','default.htm?turl=WordDocuments%2Fnamespace.htm','6166CBA1BA71644DE0404F8189D86C09',null,null,null);
Insert into KREW_DOC_TYP_T (DOC_TYP_ID,PARNT_ID,DOC_TYP_NM,DOC_TYP_VER_NBR,ACTV_IND,CUR_IND,LBL,PREV_DOC_TYP_VER_NBR,DOC_TYP_DESC,DOC_HDLR_URL,POST_PRCSR,JNDI_URL,BLNKT_APPR_PLCY,ADV_DOC_SRCH_URL,RTE_VER_NBR,NOTIFY_ADDR,APPL_ID,EMAIL_XSL,VER_NBR,BLNKT_APPR_GRP_ID,RPT_GRP_ID,GRP_ID,HELP_DEF_URL,OBJ_ID,DOC_SEARCH_HELP_URL,DOC_HDR_ID,AUTHORIZER) values ('2032','2681','ParameterTypeMaintenanceDocument',0,1,1,'Parameter Type Maintenance Document',null,'Create/edit a parameter type','${kr.url}/maintenance.do?methodToCall=docHandler','org.kuali.rice.krad.workflow.postprocessor.KualiPostProcessor',null,null,null,'2',null,null,null,0,'1',null,'1','default.htm?turl=WordDocuments%2Fparametertype.htm','6166CBA1BA72644DE0404F8189D86C09',null,null,null);
Insert into KREW_DOC_TYP_T (DOC_TYP_ID,PARNT_ID,DOC_TYP_NM,DOC_TYP_VER_NBR,ACTV_IND,CUR_IND,LBL,PREV_DOC_TYP_VER_NBR,DOC_TYP_DESC,DOC_HDLR_URL,POST_PRCSR,JNDI_URL,BLNKT_APPR_PLCY,ADV_DOC_SRCH_URL,RTE_VER_NBR,NOTIFY_ADDR,APPL_ID,EMAIL_XSL,VER_NBR,BLNKT_APPR_GRP_ID,RPT_GRP_ID,GRP_ID,HELP_DEF_URL,OBJ_ID,DOC_SEARCH_HELP_URL,DOC_HDR_ID,AUTHORIZER) values ('2033','2681','ParameterDetailTypeMaintenanceDocument',0,1,1,'Parameter Detail Type Maintenance Document',null,'Create/edit a parameter detail type','${kr.url}/maintenance.do?methodToCall=docHandler','org.kuali.rice.krad.workflow.postprocessor.KualiPostProcessor',null,null,null,'2',null,null,null,0,'1',null,'1','default.htm?turl=WordDocuments%2Fparametercomponent.htm','6166CBA1BA73644DE0404F8189D86C09',null,null,null);
Insert into KREW_DOC_TYP_T (DOC_TYP_ID,PARNT_ID,DOC_TYP_NM,DOC_TYP_VER_NBR,ACTV_IND,CUR_IND,LBL,PREV_DOC_TYP_VER_NBR,DOC_TYP_DESC,DOC_HDLR_URL,POST_PRCSR,JNDI_URL,BLNKT_APPR_PLCY,ADV_DOC_SRCH_URL,RTE_VER_NBR,NOTIFY_ADDR,APPL_ID,EMAIL_XSL,VER_NBR,BLNKT_APPR_GRP_ID,RPT_GRP_ID,GRP_ID,HELP_DEF_URL,OBJ_ID,DOC_SEARCH_HELP_URL,DOC_HDR_ID,AUTHORIZER) values ('2034','2681','ParameterMaintenanceDocument',0,1,1,'Parameter Maintenance Document',null,'Create/edit a parameter','${kr.url}/maintenance.do?methodToCall=docHandler','org.kuali.rice.krad.workflow.postprocessor.KualiPostProcessor',null,null,null,'2',null,null,null,0,'1',null,'1','default.htm?turl=WordDocuments%2Fparameter.htm','6166CBA1BA74644DE0404F8189D86C09',null,null,null);
Insert into KREW_DOC_TYP_T (DOC_TYP_ID,PARNT_ID,DOC_TYP_NM,DOC_TYP_VER_NBR,ACTV_IND,CUR_IND,LBL,PREV_DOC_TYP_VER_NBR,DOC_TYP_DESC,DOC_HDLR_URL,POST_PRCSR,JNDI_URL,BLNKT_APPR_PLCY,ADV_DOC_SRCH_URL,RTE_VER_NBR,NOTIFY_ADDR,APPL_ID,EMAIL_XSL,VER_NBR,BLNKT_APPR_GRP_ID,RPT_GRP_ID,GRP_ID,HELP_DEF_URL,OBJ_ID,DOC_SEARCH_HELP_URL,DOC_HDR_ID,AUTHORIZER) values ('2217',null,'eDoc.Example1.ParentDoctype',0,1,1,'eDoc.Example1 Parent Document',null,'eDoc.Example1 Parent Doctype','${workflow.url}/EDocLite','org.kuali.rice.edl.framework.workflow.EDocLitePostProcessor',null,'NONE',null,'2',null,null,null,0,null,null,'2200',null,'6166CBA1BA7B644DE0404F8189D86C09',null,null,null);
Insert into KREW_DOC_TYP_T (DOC_TYP_ID,PARNT_ID,DOC_TYP_NM,DOC_TYP_VER_NBR,ACTV_IND,CUR_IND,LBL,PREV_DOC_TYP_VER_NBR,DOC_TYP_DESC,DOC_HDLR_URL,POST_PRCSR,JNDI_URL,BLNKT_APPR_PLCY,ADV_DOC_SRCH_URL,RTE_VER_NBR,NOTIFY_ADDR,APPL_ID,EMAIL_XSL,VER_NBR,BLNKT_APPR_GRP_ID,RPT_GRP_ID,GRP_ID,HELP_DEF_URL,OBJ_ID,DOC_SEARCH_HELP_URL,DOC_HDR_ID,AUTHORIZER) values ('2282',null,'SampleThinClientDocument',0,1,1,'SampleThinClientDocument',null,'SampleThinClientDocument','none','org.kuali.rice.kew.postprocessor.DefaultPostProcessor',null,null,null,'2',null,null,null,0,'1',null,'1',null,'6166CBA1BA7D644DE0404F8189D86C09',null,null,null);
Insert into KREW_DOC_TYP_T (DOC_TYP_ID,PARNT_ID,DOC_TYP_NM,DOC_TYP_VER_NBR,ACTV_IND,CUR_IND,LBL,PREV_DOC_TYP_VER_NBR,DOC_TYP_DESC,DOC_HDLR_URL,POST_PRCSR,JNDI_URL,BLNKT_APPR_PLCY,ADV_DOC_SRCH_URL,RTE_VER_NBR,NOTIFY_ADDR,APPL_ID,EMAIL_XSL,VER_NBR,BLNKT_APPR_GRP_ID,RPT_GRP_ID,GRP_ID,HELP_DEF_URL,OBJ_ID,DOC_SEARCH_HELP_URL,DOC_HDR_ID,AUTHORIZER) values ('2440','2217','eDoc.Example1Doctype',0,1,1,'eDoc.Example1 Request DocumentType',null,'eDoc.Example1 Request DocumentType','${workflow.url}/EDocLite','org.kuali.rice.edl.framework.workflow.EDocLitePostProcessor',null,'NONE',null,'2',null,null,null,0,null,null,'2200',null,'6166CBA1BA80644DE0404F8189D86C09',null,null,null);
Insert into KREW_DOC_TYP_T (DOC_TYP_ID,PARNT_ID,DOC_TYP_NM,DOC_TYP_VER_NBR,ACTV_IND,CUR_IND,LBL,PREV_DOC_TYP_VER_NBR,DOC_TYP_DESC,DOC_HDLR_URL,POST_PRCSR,JNDI_URL,BLNKT_APPR_PLCY,ADV_DOC_SRCH_URL,RTE_VER_NBR,NOTIFY_ADDR,APPL_ID,EMAIL_XSL,VER_NBR,BLNKT_APPR_GRP_ID,RPT_GRP_ID,GRP_ID,HELP_DEF_URL,OBJ_ID,DOC_SEARCH_HELP_URL,DOC_HDR_ID,AUTHORIZER) values ('2680',null,'KualiDocument',0,1,1,'KualiDocument',null,'KualiDocument',null,'org.kuali.rice.krad.workflow.postprocessor.KualiPostProcessor',null,null,null,'2',null,null,null,0,null,null,null,null,'6166CBA1BA81644DE0404F8189D86C09',null,null,null);
Insert into KREW_DOC_TYP_T (DOC_TYP_ID,PARNT_ID,DOC_TYP_NM,DOC_TYP_VER_NBR,ACTV_IND,CUR_IND,LBL,PREV_DOC_TYP_VER_NBR,DOC_TYP_DESC,DOC_HDLR_URL,POST_PRCSR,JNDI_URL,BLNKT_APPR_PLCY,ADV_DOC_SRCH_URL,RTE_VER_NBR,NOTIFY_ADDR,APPL_ID,EMAIL_XSL,VER_NBR,BLNKT_APPR_GRP_ID,RPT_GRP_ID,GRP_ID,HELP_DEF_URL,OBJ_ID,DOC_SEARCH_HELP_URL,DOC_HDR_ID,AUTHORIZER) values ('2681','2680','RiceDocument',0,1,1,'Rice Document',null,'Parent Document Type for all Rice Documents',null,null,null,null,null,'2',null,null,null,11,null,null,null,null,'6166CBA1BA82644DE0404F8189D86C09',null,null,null);
Insert into KREW_DOC_TYP_T (DOC_TYP_ID,PARNT_ID,DOC_TYP_NM,DOC_TYP_VER_NBR,ACTV_IND,CUR_IND,LBL,PREV_DOC_TYP_VER_NBR,DOC_TYP_DESC,DOC_HDLR_URL,POST_PRCSR,JNDI_URL,BLNKT_APPR_PLCY,ADV_DOC_SRCH_URL,RTE_VER_NBR,NOTIFY_ADDR,APPL_ID,EMAIL_XSL,VER_NBR,BLNKT_APPR_GRP_ID,RPT_GRP_ID,GRP_ID,HELP_DEF_URL,OBJ_ID,DOC_SEARCH_HELP_URL,DOC_HDR_ID,AUTHORIZER) values ('2683','2681','TravelRequest',0,1,1,'Travel Request',null,'Create a New Travel Request','${application.url}/travelDocument2.do?methodToCall=docHandler','org.kuali.rice.krad.workflow.postprocessor.KualiPostProcessor',null,null,null,'2',null,null,null,0,'1',null,'1',null,'6166CBA1BA84644DE0404F8189D86C09',null,null,null);
Insert into KREW_DOC_TYP_T (DOC_TYP_ID,PARNT_ID,DOC_TYP_NM,DOC_TYP_VER_NBR,ACTV_IND,CUR_IND,LBL,PREV_DOC_TYP_VER_NBR,DOC_TYP_DESC,DOC_HDLR_URL,POST_PRCSR,JNDI_URL,BLNKT_APPR_PLCY,ADV_DOC_SRCH_URL,RTE_VER_NBR,NOTIFY_ADDR,APPL_ID,EMAIL_XSL,VER_NBR,BLNKT_APPR_GRP_ID,RPT_GRP_ID,GRP_ID,HELP_DEF_URL,OBJ_ID,DOC_SEARCH_HELP_URL,DOC_HDR_ID,AUTHORIZER) values ('2697','2681','IdentityManagementPersonDocument',0,1,0,'Person Document',null,null,'${application.url}/kim/identityManagementPersonDocument.do?methodToCall=docHandler',null,null,null,null,'2',null,null,null,1,null,null,null,null,'6166CBA1BA85644DE0404F8189D86C09',null,null,null);
Insert into KREW_DOC_TYP_T (DOC_TYP_ID,PARNT_ID,DOC_TYP_NM,DOC_TYP_VER_NBR,ACTV_IND,CUR_IND,LBL,PREV_DOC_TYP_VER_NBR,DOC_TYP_DESC,DOC_HDLR_URL,POST_PRCSR,JNDI_URL,BLNKT_APPR_PLCY,ADV_DOC_SRCH_URL,RTE_VER_NBR,NOTIFY_ADDR,APPL_ID,EMAIL_XSL,VER_NBR,BLNKT_APPR_GRP_ID,RPT_GRP_ID,GRP_ID,HELP_DEF_URL,OBJ_ID,DOC_SEARCH_HELP_URL,DOC_HDR_ID,AUTHORIZER) values ('2699','2681','RoutingRuleDelegationMaintenanceDocument',0,1,1,'Routing Rule Delegation',null,'Routing Rule Delegation','${kr.url}/maintenance.do?methodToCall=docHandler','org.kuali.rice.krad.workflow.postprocessor.KualiPostProcessor',null,null,null,'2',null,null,null,0,null,null,null,null,'A6DC8753-AF90-7A01-0EF7-E6D446529668',null,null,null);
Insert into KREW_DOC_TYP_T (DOC_TYP_ID,PARNT_ID,DOC_TYP_NM,DOC_TYP_VER_NBR,ACTV_IND,CUR_IND,LBL,PREV_DOC_TYP_VER_NBR,DOC_TYP_DESC,DOC_HDLR_URL,POST_PRCSR,JNDI_URL,BLNKT_APPR_PLCY,ADV_DOC_SRCH_URL,RTE_VER_NBR,NOTIFY_ADDR,APPL_ID,EMAIL_XSL,VER_NBR,BLNKT_APPR_GRP_ID,RPT_GRP_ID,GRP_ID,HELP_DEF_URL,OBJ_ID,DOC_SEARCH_HELP_URL,DOC_HDR_ID,AUTHORIZER) values ('2702','2681','IdentityManagementGroupDocument',0,1,0,'Group',null,null,'${application.url}/kim/identityManagementGroupDocument.do?methodToCall=docHandler',null,null,null,null,'2',null,null,null,1,null,null,null,null,'6BE7733A-643E-666C-CD18-E7439476C12E',null,null,null);
Insert into KREW_DOC_TYP_T (DOC_TYP_ID,PARNT_ID,DOC_TYP_NM,DOC_TYP_VER_NBR,ACTV_IND,CUR_IND,LBL,PREV_DOC_TYP_VER_NBR,DOC_TYP_DESC,DOC_HDLR_URL,POST_PRCSR,JNDI_URL,BLNKT_APPR_PLCY,ADV_DOC_SRCH_URL,RTE_VER_NBR,NOTIFY_ADDR,APPL_ID,EMAIL_XSL,VER_NBR,BLNKT_APPR_GRP_ID,RPT_GRP_ID,GRP_ID,HELP_DEF_URL,OBJ_ID,DOC_SEARCH_HELP_URL,DOC_HDR_ID,AUTHORIZER) values ('2703','2681','IdentityManagementRoleDocument',0,1,0,'Role',null,null,'${application.url}/kim/identityManagementRoleDocument.do?methodToCall=docHandler',null,null,null,null,'2',null,null,null,1,null,null,null,null,'EAF58989-D602-4CB1-961D-E31E0383B2D6',null,null,null);
Insert into KREW_DOC_TYP_T (DOC_TYP_ID,PARNT_ID,DOC_TYP_NM,DOC_TYP_VER_NBR,ACTV_IND,CUR_IND,LBL,PREV_DOC_TYP_VER_NBR,DOC_TYP_DESC,DOC_HDLR_URL,POST_PRCSR,JNDI_URL,BLNKT_APPR_PLCY,ADV_DOC_SRCH_URL,RTE_VER_NBR,NOTIFY_ADDR,APPL_ID,EMAIL_XSL,VER_NBR,BLNKT_APPR_GRP_ID,RPT_GRP_ID,GRP_ID,HELP_DEF_URL,OBJ_ID,DOC_SEARCH_HELP_URL,DOC_HDR_ID,AUTHORIZER) values ('2704','2681','RecipeParentMaintenanceDocument',0,1,1,'Recipe Maintenance Document Parent',null,'Parent Document for Recipe Maintenance Documents','${application.url}/kr/maintenance.do?methodToCall=docHandler','org.kuali.rice.krad.workflow.postprocessor.KualiPostProcessor',null,null,null,'2',null,'RECIPE',null,0,'1',null,'1',null,'327B8EEB-BC71-4701-A9E8-B4FC878FFCA6',null,null,null);
Insert into KREW_DOC_TYP_T (DOC_TYP_ID,PARNT_ID,DOC_TYP_NM,DOC_TYP_VER_NBR,ACTV_IND,CUR_IND,LBL,PREV_DOC_TYP_VER_NBR,DOC_TYP_DESC,DOC_HDLR_URL,POST_PRCSR,JNDI_URL,BLNKT_APPR_PLCY,ADV_DOC_SRCH_URL,RTE_VER_NBR,NOTIFY_ADDR,APPL_ID,EMAIL_XSL,VER_NBR,BLNKT_APPR_GRP_ID,RPT_GRP_ID,GRP_ID,HELP_DEF_URL,OBJ_ID,DOC_SEARCH_HELP_URL,DOC_HDR_ID,AUTHORIZER) values ('2705','2704','RecipeCategoryMaintenanceDocument',0,1,1,'Recipe Category Maintenance',null,'Create or Update a Recipe Category','${application.url}/kr/maintenance.do?methodToCall=docHandler','org.kuali.rice.krad.workflow.postprocessor.KualiPostProcessor',null,null,null,'2',null,'RECIPE',null,0,'1',null,'1',null,'E9CB1AAD-0015-16D5-9149-EC2A4AEDE932',null,null,null);
Insert into KREW_DOC_TYP_T (DOC_TYP_ID,PARNT_ID,DOC_TYP_NM,DOC_TYP_VER_NBR,ACTV_IND,CUR_IND,LBL,PREV_DOC_TYP_VER_NBR,DOC_TYP_DESC,DOC_HDLR_URL,POST_PRCSR,JNDI_URL,BLNKT_APPR_PLCY,ADV_DOC_SRCH_URL,RTE_VER_NBR,NOTIFY_ADDR,APPL_ID,EMAIL_XSL,VER_NBR,BLNKT_APPR_GRP_ID,RPT_GRP_ID,GRP_ID,HELP_DEF_URL,OBJ_ID,DOC_SEARCH_HELP_URL,DOC_HDR_ID,AUTHORIZER) values ('2706','2704','RecipeIngredientMaintenanceDocument',0,1,1,'Recipe Ingredient Maintenance',null,'Create or Update a Recipe Ingredient','${application.url}/kr/maintenance.do?methodToCall=docHandler','org.kuali.rice.krad.workflow.postprocessor.KualiPostProcessor',null,null,null,'2',null,'RECIPE',null,0,'1',null,'1',null,'41800805-9154-D43E-785F-3E76255F7F97',null,null,null);
Insert into KREW_DOC_TYP_T (DOC_TYP_ID,PARNT_ID,DOC_TYP_NM,DOC_TYP_VER_NBR,ACTV_IND,CUR_IND,LBL,PREV_DOC_TYP_VER_NBR,DOC_TYP_DESC,DOC_HDLR_URL,POST_PRCSR,JNDI_URL,BLNKT_APPR_PLCY,ADV_DOC_SRCH_URL,RTE_VER_NBR,NOTIFY_ADDR,APPL_ID,EMAIL_XSL,VER_NBR,BLNKT_APPR_GRP_ID,RPT_GRP_ID,GRP_ID,HELP_DEF_URL,OBJ_ID,DOC_SEARCH_HELP_URL,DOC_HDR_ID,AUTHORIZER) values ('2707','2704','RecipeMaintenanceDocument',0,1,1,'Recipe Maintenance',null,'Create or Update a Recipe','${application.url}/kr/maintenance.do?methodToCall=docHandler','edu.sampleu.recipe.kew.RecipesPostProcessor',null,null,null,'2',null,'RECIPE',null,0,'1',null,'1',null,'C1CED233-6389-D07B-8ADD-B8043E50B599',null,null,null);
Insert into KREW_DOC_TYP_T (DOC_TYP_ID,PARNT_ID,DOC_TYP_NM,DOC_TYP_VER_NBR,ACTV_IND,CUR_IND,LBL,PREV_DOC_TYP_VER_NBR,DOC_TYP_DESC,DOC_HDLR_URL,POST_PRCSR,JNDI_URL,BLNKT_APPR_PLCY,ADV_DOC_SRCH_URL,RTE_VER_NBR,NOTIFY_ADDR,APPL_ID,EMAIL_XSL,VER_NBR,BLNKT_APPR_GRP_ID,RPT_GRP_ID,GRP_ID,HELP_DEF_URL,OBJ_ID,DOC_SEARCH_HELP_URL,DOC_HDR_ID,AUTHORIZER) values ('2708','2681','CampusMaintenanceDocument',0,1,1,'CampusMaintenanceDocument',null,null,'${kr.url}/maintenance.do?methodToCall=docHandler',null,null,null,null,'2',null,null,null,0,null,null,null,'default.htm?turl=WordDocuments%2Fcampus.htm','616D94CA-D08D-D036-E77D-4B53DB34CD95',null,null,null);
Insert into KREW_DOC_TYP_T (DOC_TYP_ID,PARNT_ID,DOC_TYP_NM,DOC_TYP_VER_NBR,ACTV_IND,CUR_IND,LBL,PREV_DOC_TYP_VER_NBR,DOC_TYP_DESC,DOC_HDLR_URL,POST_PRCSR,JNDI_URL,BLNKT_APPR_PLCY,ADV_DOC_SRCH_URL,RTE_VER_NBR,NOTIFY_ADDR,APPL_ID,EMAIL_XSL,VER_NBR,BLNKT_APPR_GRP_ID,RPT_GRP_ID,GRP_ID,HELP_DEF_URL,OBJ_ID,DOC_SEARCH_HELP_URL,DOC_HDR_ID,AUTHORIZER) values ('2709','2681','CampusTypeMaintenanceDocument',0,1,1,'CampusTypeMaintenanceDocument',null,null,'${kr.url}/maintenance.do?methodToCall=docHandler',null,null,null,null,'2',null,null,null,0,null,null,null,'default.htm?turl=WordDocuments%2Fcampustype.htm','DE0B8588-E459-C07A-87B8-6ACD693AE70C',null,null,null);
Insert into KREW_DOC_TYP_T (DOC_TYP_ID,PARNT_ID,DOC_TYP_NM,DOC_TYP_VER_NBR,ACTV_IND,CUR_IND,LBL,PREV_DOC_TYP_VER_NBR,DOC_TYP_DESC,DOC_HDLR_URL,POST_PRCSR,JNDI_URL,BLNKT_APPR_PLCY,ADV_DOC_SRCH_URL,RTE_VER_NBR,NOTIFY_ADDR,APPL_ID,EMAIL_XSL,VER_NBR,BLNKT_APPR_GRP_ID,RPT_GRP_ID,GRP_ID,HELP_DEF_URL,OBJ_ID,DOC_SEARCH_HELP_URL,DOC_HDR_ID,AUTHORIZER) values ('2710','2681','CountryMaintenanceDocument',0,1,1,'CountryMaintenanceDocument',null,null,'${kr.url}/maintenance.do?methodToCall=docHandler',null,null,null,null,'2',null,null,null,0,null,null,null,'default.htm?turl=WordDocuments%2Fcountry.htm','82EDB593-97BA-428E-C6E7-A7F3031CFAEB',null,null,null);
Insert into KREW_DOC_TYP_T (DOC_TYP_ID,PARNT_ID,DOC_TYP_NM,DOC_TYP_VER_NBR,ACTV_IND,CUR_IND,LBL,PREV_DOC_TYP_VER_NBR,DOC_TYP_DESC,DOC_HDLR_URL,POST_PRCSR,JNDI_URL,BLNKT_APPR_PLCY,ADV_DOC_SRCH_URL,RTE_VER_NBR,NOTIFY_ADDR,APPL_ID,EMAIL_XSL,VER_NBR,BLNKT_APPR_GRP_ID,RPT_GRP_ID,GRP_ID,HELP_DEF_URL,OBJ_ID,DOC_SEARCH_HELP_URL,DOC_HDR_ID,AUTHORIZER) values ('2711','2681','CountyMaintenanceDocument',0,1,1,'CountyMaintenanceDocument',null,null,'${kr.url}/maintenance.do?methodToCall=docHandler',null,null,null,null,'2',null,null,null,0,null,null,null,'default.htm?turl=WordDocuments%2Fcounty.htm','C972E260-5552-BB63-72E6-A514301B0326',null,null,null);
Insert into KREW_DOC_TYP_T (DOC_TYP_ID,PARNT_ID,DOC_TYP_NM,DOC_TYP_VER_NBR,ACTV_IND,CUR_IND,LBL,PREV_DOC_TYP_VER_NBR,DOC_TYP_DESC,DOC_HDLR_URL,POST_PRCSR,JNDI_URL,BLNKT_APPR_PLCY,ADV_DOC_SRCH_URL,RTE_VER_NBR,NOTIFY_ADDR,APPL_ID,EMAIL_XSL,VER_NBR,BLNKT_APPR_GRP_ID,RPT_GRP_ID,GRP_ID,HELP_DEF_URL,OBJ_ID,DOC_SEARCH_HELP_URL,DOC_HDR_ID,AUTHORIZER) values ('2712','2681','PostalCodeMaintenanceDocument',0,1,1,'PostalCodeMaintenanceDocument',null,null,'${kr.url}/maintenance.do?methodToCall=docHandler',null,null,null,null,'2',null,null,null,0,null,null,null,'default.htm?turl=WordDocuments%2Fpostalcode.htm','B79D1104-BC48-1597-AFBE-773EED31A110',null,null,null);
Insert into KREW_DOC_TYP_T (DOC_TYP_ID,PARNT_ID,DOC_TYP_NM,DOC_TYP_VER_NBR,ACTV_IND,CUR_IND,LBL,PREV_DOC_TYP_VER_NBR,DOC_TYP_DESC,DOC_HDLR_URL,POST_PRCSR,JNDI_URL,BLNKT_APPR_PLCY,ADV_DOC_SRCH_URL,RTE_VER_NBR,NOTIFY_ADDR,APPL_ID,EMAIL_XSL,VER_NBR,BLNKT_APPR_GRP_ID,RPT_GRP_ID,GRP_ID,HELP_DEF_URL,OBJ_ID,DOC_SEARCH_HELP_URL,DOC_HDR_ID,AUTHORIZER) values ('2713','2681','StateMaintenanceDocument',0,1,1,'StateMaintenanceDocument',null,null,'${kr.url}/maintenance.do?methodToCall=docHandler',null,null,null,null,'2',null,null,null,0,null,null,null,'default.htm?turl=WordDocuments%2Fstate.htm','EF2378F6-E770-D7BF-B7F1-C18881E3AFF0',null,null,null);
Insert into KREW_DOC_TYP_T (DOC_TYP_ID,PARNT_ID,DOC_TYP_NM,DOC_TYP_VER_NBR,ACTV_IND,CUR_IND,LBL,PREV_DOC_TYP_VER_NBR,DOC_TYP_DESC,DOC_HDLR_URL,POST_PRCSR,JNDI_URL,BLNKT_APPR_PLCY,ADV_DOC_SRCH_URL,RTE_VER_NBR,NOTIFY_ADDR,APPL_ID,EMAIL_XSL,VER_NBR,BLNKT_APPR_GRP_ID,RPT_GRP_ID,GRP_ID,HELP_DEF_URL,OBJ_ID,DOC_SEARCH_HELP_URL,DOC_HDR_ID,AUTHORIZER) values ('2994','2681','IdentityManagementDocument',0,1,1,'Identity Management Document',null,null,null,null,null,null,null,'2',null,null,null,6,null,null,null,null,'944596CD-A7FC-0DEE-EDE1-52A52BED85CC',null,null,null);
Insert into KREW_DOC_TYP_T (DOC_TYP_ID,PARNT_ID,DOC_TYP_NM,DOC_TYP_VER_NBR,ACTV_IND,CUR_IND,LBL,PREV_DOC_TYP_VER_NBR,DOC_TYP_DESC,DOC_HDLR_URL,POST_PRCSR,JNDI_URL,BLNKT_APPR_PLCY,ADV_DOC_SRCH_URL,RTE_VER_NBR,NOTIFY_ADDR,APPL_ID,EMAIL_XSL,VER_NBR,BLNKT_APPR_GRP_ID,RPT_GRP_ID,GRP_ID,HELP_DEF_URL,OBJ_ID,DOC_SEARCH_HELP_URL,DOC_HDR_ID,AUTHORIZER) values ('2995','2994','IdentityManagementRoleDocument',1,1,1,'Role','2703',null,'${kim.url}/identityManagementRoleDocument.do?methodToCall=docHandler',null,null,null,null,'2',null,null,null,1,null,null,null,'default.htm?turl=WordDocuments%2Frole.htm','FEA8D9DD-0592-0525-B2BD-2F4BA811CF30',null,null,null);
Insert into KREW_DOC_TYP_T (DOC_TYP_ID,PARNT_ID,DOC_TYP_NM,DOC_TYP_VER_NBR,ACTV_IND,CUR_IND,LBL,PREV_DOC_TYP_VER_NBR,DOC_TYP_DESC,DOC_HDLR_URL,POST_PRCSR,JNDI_URL,BLNKT_APPR_PLCY,ADV_DOC_SRCH_URL,RTE_VER_NBR,NOTIFY_ADDR,APPL_ID,EMAIL_XSL,VER_NBR,BLNKT_APPR_GRP_ID,RPT_GRP_ID,GRP_ID,HELP_DEF_URL,OBJ_ID,DOC_SEARCH_HELP_URL,DOC_HDR_ID,AUTHORIZER) values ('2996','2994','IdentityManagementGroupDocument',1,1,1,'Group','2702',null,'${kim.url}/identityManagementGroupDocument.do?methodToCall=docHandler',null,null,null,null,'2',null,null,null,1,null,null,null,'default.htm?turl=WordDocuments%2Fgroup.htm','D9636763-7749-8F3F-4570-21181E977AE3',null,null,null);
Insert into KREW_DOC_TYP_T (DOC_TYP_ID,PARNT_ID,DOC_TYP_NM,DOC_TYP_VER_NBR,ACTV_IND,CUR_IND,LBL,PREV_DOC_TYP_VER_NBR,DOC_TYP_DESC,DOC_HDLR_URL,POST_PRCSR,JNDI_URL,BLNKT_APPR_PLCY,ADV_DOC_SRCH_URL,RTE_VER_NBR,NOTIFY_ADDR,APPL_ID,EMAIL_XSL,VER_NBR,BLNKT_APPR_GRP_ID,RPT_GRP_ID,GRP_ID,HELP_DEF_URL,OBJ_ID,DOC_SEARCH_HELP_URL,DOC_HDR_ID,AUTHORIZER) values ('2997','2994','IdentityManagementPersonDocument',1,1,1,'Person','2697',null,'${kim.url}/identityManagementPersonDocument.do?methodToCall=docHandler',null,null,null,null,'2',null,null,null,1,null,null,null,'default.htm?turl=WordDocuments%2Fperson.htm','14C95FE4-1497-82C6-CBBD-BF16AD81B845',null,null,null);
Insert into KREW_DOC_TYP_T (DOC_TYP_ID,PARNT_ID,DOC_TYP_NM,DOC_TYP_VER_NBR,ACTV_IND,CUR_IND,LBL,PREV_DOC_TYP_VER_NBR,DOC_TYP_DESC,DOC_HDLR_URL,POST_PRCSR,JNDI_URL,BLNKT_APPR_PLCY,ADV_DOC_SRCH_URL,RTE_VER_NBR,NOTIFY_ADDR,APPL_ID,EMAIL_XSL,VER_NBR,BLNKT_APPR_GRP_ID,RPT_GRP_ID,GRP_ID,HELP_DEF_URL,OBJ_ID,DOC_SEARCH_HELP_URL,DOC_HDR_ID,AUTHORIZER) values ('2998','2994','IdentityManagementReviewResponsibilityMaintenanceDocument',0,1,1,'Review Responsibility',null,null,'${kr.url}/maintenance.do?methodToCall=docHandler',null,null,null,null,'2',null,null,null,1,null,null,null,'default.htm?turl=WordDocuments%2Fresponsibility.htm','66413887-3C82-B12D-9563-0A893E8D1910',null,null,null);
Insert into KREW_DOC_TYP_T (DOC_TYP_ID,PARNT_ID,DOC_TYP_NM,DOC_TYP_VER_NBR,ACTV_IND,CUR_IND,LBL,PREV_DOC_TYP_VER_NBR,DOC_TYP_DESC,DOC_HDLR_URL,POST_PRCSR,JNDI_URL,BLNKT_APPR_PLCY,ADV_DOC_SRCH_URL,RTE_VER_NBR,NOTIFY_ADDR,APPL_ID,EMAIL_XSL,VER_NBR,BLNKT_APPR_GRP_ID,RPT_GRP_ID,GRP_ID,HELP_DEF_URL,OBJ_ID,DOC_SEARCH_HELP_URL,DOC_HDR_ID,AUTHORIZER) values ('2999','2994','IdentityManagementGenericPermissionMaintenanceDocument',0,1,1,'Permission',null,null,'${kr.url}/maintenance.do?methodToCall=docHandler',null,null,null,null,'2',null,null,null,1,null,null,null,'default.htm?turl=WordDocuments%2Fpermission.htm','A3AE4787-018E-1F17-6EB6-F2F0F366774F',null,null,null);
Insert into KREW_DOC_TYP_T (DOC_TYP_ID,PARNT_ID,DOC_TYP_NM,DOC_TYP_VER_NBR,ACTV_IND,CUR_IND,LBL,PREV_DOC_TYP_VER_NBR,DOC_TYP_DESC,DOC_HDLR_URL,POST_PRCSR,JNDI_URL,BLNKT_APPR_PLCY,ADV_DOC_SRCH_URL,RTE_VER_NBR,NOTIFY_ADDR,APPL_ID,EMAIL_XSL,VER_NBR,BLNKT_APPR_GRP_ID,RPT_GRP_ID,GRP_ID,HELP_DEF_URL,OBJ_ID,DOC_SEARCH_HELP_URL,DOC_HDR_ID,AUTHORIZER) values ('3000','2681','AgendaEditorMaintenanceDocument',0,1,1,'KRMS Agenda Editor Maintenance Document',null,'Create a KRMS Agenda','${kr.krad.url}/krmsAgendaEditor?methodToCall=docHandler','org.kuali.rice.krad.workflow.postprocessor.KualiPostProcessor',null,null,null,'2',null,null,null,1,'1',null,'1',null,'ebd70731-4d33-4c0b-a958-2b9ca047ae07',null,null,null);
Insert into KREW_DOC_TYP_T (DOC_TYP_ID,PARNT_ID,DOC_TYP_NM,DOC_TYP_VER_NBR,ACTV_IND,CUR_IND,LBL,PREV_DOC_TYP_VER_NBR,DOC_TYP_DESC,DOC_HDLR_URL,POST_PRCSR,JNDI_URL,BLNKT_APPR_PLCY,ADV_DOC_SRCH_URL,RTE_VER_NBR,NOTIFY_ADDR,APPL_ID,EMAIL_XSL,VER_NBR,BLNKT_APPR_GRP_ID,RPT_GRP_ID,GRP_ID,HELP_DEF_URL,OBJ_ID,DOC_SEARCH_HELP_URL,DOC_HDR_ID,AUTHORIZER) values ('3001','2681','AgendaMaintenanceDocument',0,1,1,'Agenda Maintenance Document',null,'Create a New Agenda','${kr.krad.url}/maintenance?methodToCall=docHandler','org.kuali.rice.krad.workflow.postprocessor.KualiPostProcessor',null,null,null,'2',null,null,null,1,'1',null,'1',null,'3198b708-6e29-4b19-bf35-51473cf8a3d1',null,null,null);
Insert into KREW_DOC_TYP_T (DOC_TYP_ID,PARNT_ID,DOC_TYP_NM,DOC_TYP_VER_NBR,ACTV_IND,CUR_IND,LBL,PREV_DOC_TYP_VER_NBR,DOC_TYP_DESC,DOC_HDLR_URL,POST_PRCSR,JNDI_URL,BLNKT_APPR_PLCY,ADV_DOC_SRCH_URL,RTE_VER_NBR,NOTIFY_ADDR,APPL_ID,EMAIL_XSL,VER_NBR,BLNKT_APPR_GRP_ID,RPT_GRP_ID,GRP_ID,HELP_DEF_URL,OBJ_ID,DOC_SEARCH_HELP_URL,DOC_HDR_ID,AUTHORIZER) values ('3002','2681','PeopleFlowMaintenanceDocument',0,1,1,'PeopleFlowMaintenanceDocument',null,null,'${kr.krad.url}/peopleFlowMaintenance?methodToCall=docHandler',null,null,null,null,'2',null,null,null,1,null,null,null,null,'2c0a1333-f60b-47c4-a9b0-76f32f1ed97d',null,null,null);
Insert into KREW_DOC_TYP_T (DOC_TYP_ID,PARNT_ID,DOC_TYP_NM,DOC_TYP_VER_NBR,ACTV_IND,CUR_IND,LBL,PREV_DOC_TYP_VER_NBR,DOC_TYP_DESC,DOC_HDLR_URL,POST_PRCSR,JNDI_URL,BLNKT_APPR_PLCY,ADV_DOC_SRCH_URL,RTE_VER_NBR,NOTIFY_ADDR,APPL_ID,EMAIL_XSL,VER_NBR,BLNKT_APPR_GRP_ID,RPT_GRP_ID,GRP_ID,HELP_DEF_URL,OBJ_ID,DOC_SEARCH_HELP_URL,DOC_HDR_ID,AUTHORIZER) values ('3003','2681','ContextMaintenanceDocument',0,1,1,'KRMS Context Maintenance Document',null,'Create a KRMS Context','${kr.krad.url}/maintenance?methodToCall=docHandler','org.kuali.rice.krad.workflow.postprocessor.KualiPostProcessor',null,null,null,'2',null,null,null,1,'1',null,'1',null,'87413487-8306-4130-b2df-a5d0e42243f9',null,null,null);
Insert into KREW_DOC_TYP_T (DOC_TYP_ID,PARNT_ID,DOC_TYP_NM,DOC_TYP_VER_NBR,ACTV_IND,CUR_IND,LBL,PREV_DOC_TYP_VER_NBR,DOC_TYP_DESC,DOC_HDLR_URL,POST_PRCSR,JNDI_URL,BLNKT_APPR_PLCY,ADV_DOC_SRCH_URL,RTE_VER_NBR,NOTIFY_ADDR,APPL_ID,EMAIL_XSL,VER_NBR,BLNKT_APPR_GRP_ID,RPT_GRP_ID,GRP_ID,HELP_DEF_URL,OBJ_ID,DOC_SEARCH_HELP_URL,DOC_HDR_ID,AUTHORIZER) values ('3004','2681','TermMaintenanceDocument',0,1,1,'KRMS Term Maintenance Document',null,'Create a KRMS Term','${kr.krad.url}/maintenance?methodToCall=docHandler','org.kuali.rice.krad.workflow.postprocessor.KualiPostProcessor',null,null,null,'2',null,null,null,1,'1',null,'1',null,'bc83f80b-85c4-40fd-998c-ef53fdd97e3f',null,null,null);
Insert into KREW_DOC_TYP_T (DOC_TYP_ID,PARNT_ID,DOC_TYP_NM,DOC_TYP_VER_NBR,ACTV_IND,CUR_IND,LBL,PREV_DOC_TYP_VER_NBR,DOC_TYP_DESC,DOC_HDLR_URL,POST_PRCSR,JNDI_URL,BLNKT_APPR_PLCY,ADV_DOC_SRCH_URL,RTE_VER_NBR,NOTIFY_ADDR,APPL_ID,EMAIL_XSL,VER_NBR,BLNKT_APPR_GRP_ID,RPT_GRP_ID,GRP_ID,HELP_DEF_URL,OBJ_ID,DOC_SEARCH_HELP_URL,DOC_HDR_ID,AUTHORIZER) values ('3005','2681','TermSpecificationMaintenanceDocument',0,1,1,'KRMS Term Specification Maintenance Document',null,'Create a KRMS Term Specification','${kr.krad.url}/maintenance?methodToCall=docHandler','org.kuali.rice.krad.workflow.postprocessor.KualiPostProcessor',null,null,null,'2',null,null,null,1,'1',null,'1',null,'57e7ee1d-e44a-4154-9ba4-ee562c434c98',null,null,null);
Insert into KREW_DOC_TYP_T (DOC_TYP_ID,PARNT_ID,DOC_TYP_NM,DOC_TYP_VER_NBR,ACTV_IND,CUR_IND,LBL,PREV_DOC_TYP_VER_NBR,DOC_TYP_DESC,DOC_HDLR_URL,POST_PRCSR,JNDI_URL,BLNKT_APPR_PLCY,ADV_DOC_SRCH_URL,RTE_VER_NBR,NOTIFY_ADDR,APPL_ID,EMAIL_XSL,VER_NBR,BLNKT_APPR_GRP_ID,RPT_GRP_ID,GRP_ID,HELP_DEF_URL,OBJ_ID,DOC_SEARCH_HELP_URL,DOC_HDR_ID,AUTHORIZER) values ('3006','2681','TravelAccountMaintenanceDocument',1,1,1,'Travel Account Maintenance Document','2029','Create a New Travel Account Maintenance Document','${kr.krad.url}/maintenance?methodToCall=docHandler','org.kuali.rice.krad.workflow.postprocessor.KualiPostProcessor',null,null,null,'2',null,null,null,1,'1',null,'1',null,'0b89a795-8079-460a-b456-39c5c477938b',null,null,null);
Insert into KREW_DOC_TYP_T (DOC_TYP_ID,PARNT_ID,DOC_TYP_NM,DOC_TYP_VER_NBR,ACTV_IND,CUR_IND,LBL,PREV_DOC_TYP_VER_NBR,DOC_TYP_DESC,DOC_HDLR_URL,POST_PRCSR,JNDI_URL,BLNKT_APPR_PLCY,ADV_DOC_SRCH_URL,RTE_VER_NBR,NOTIFY_ADDR,APPL_ID,EMAIL_XSL,VER_NBR,BLNKT_APPR_GRP_ID,RPT_GRP_ID,GRP_ID,HELP_DEF_URL,OBJ_ID,DOC_SEARCH_HELP_URL,DOC_HDR_ID,AUTHORIZER) values ('3007','2681','ComponentMaintenanceDocument',0,1,1,'Component Maintenance Document',null,'Create/edit a component','${kr.url}/maintenance.do?methodToCall=docHandler','org.kuali.rice.krad.workflow.postprocessor.KualiPostProcessor',null,null,null,'2',null,null,null,1,'1',null,'1','default.htm?turl=WordDocuments%2Fparametertype.htm','e9e0086b-30ce-4a9b-a2d6-564772076a1e',null,null,null);
Insert into KREW_DOC_TYP_T (DOC_TYP_ID,PARNT_ID,DOC_TYP_NM,DOC_TYP_VER_NBR,ACTV_IND,CUR_IND,LBL,PREV_DOC_TYP_VER_NBR,DOC_TYP_DESC,DOC_HDLR_URL,POST_PRCSR,JNDI_URL,BLNKT_APPR_PLCY,ADV_DOC_SRCH_URL,RTE_VER_NBR,NOTIFY_ADDR,APPL_ID,EMAIL_XSL,VER_NBR,BLNKT_APPR_GRP_ID,RPT_GRP_ID,GRP_ID,HELP_DEF_URL,OBJ_ID,DOC_SEARCH_HELP_URL,DOC_HDR_ID,AUTHORIZER) values ('3008','2681','TravelAuthorization',0,1,1,'Travel Authorization Document',null,'Create a New Travel Authorization Document','${application.url}/kr-krad/approval?methodToCall=docHandler','org.kuali.rice.krad.workflow.postprocessor.KualiPostProcessor',null,null,null,'1',null,null,null,1,'1',null,'1',null,'b9110d38-8fe0-4123-a65a-5df2336795fa',null,null,null);
Insert into KREW_DOC_TYP_T (DOC_TYP_ID,PARNT_ID,DOC_TYP_NM,DOC_TYP_VER_NBR,ACTV_IND,CUR_IND,LBL,PREV_DOC_TYP_VER_NBR,DOC_TYP_DESC,DOC_HDLR_URL,POST_PRCSR,JNDI_URL,BLNKT_APPR_PLCY,ADV_DOC_SRCH_URL,RTE_VER_NBR,NOTIFY_ADDR,APPL_ID,EMAIL_XSL,VER_NBR,BLNKT_APPR_GRP_ID,RPT_GRP_ID,GRP_ID,HELP_DEF_URL,OBJ_ID,DOC_SEARCH_HELP_URL,DOC_HDR_ID,AUTHORIZER) values ('3009','2681','FiscalOfficerInfoMaintenanceDocument',0,1,1,'Fiscal Officer Info Maintenance Document',null,'Create a New Fiscal Officer Maintenance Document','${application.url}/krad/maintenance?methodToCall=docHandler&dataObjectClassName=edu.sampleu.travel.dto.FiscalOfficerInfo','org.kuali.rice.krad.workflow.postprocessor.KualiPostProcessor',null,null,null,'2',null,null,null,1,'1',null,'1',null,'a4ecd35b-f35a-40ac-a9e1-ed47201281ec',null,null,null);
 --- INSERTING into KREW_EDL_ASSCTN_T

Insert into KREW_EDL_ASSCTN_T (EDOCLT_ASSOC_ID,DOC_TYP_NM,EDL_DEF_NM,STYLE_NM,ACTV_IND,VER_NBR,OBJ_ID) values (2010,'eDoc.Example1Doctype','eDoc.Example1.Form','eDoc.Example1.Style',1,1,'6166CBA1BC0E644DE0404F8189D86C09');
 --- INSERTING into KREW_EDL_DEF_T

Insert into KREW_EDL_DEF_T (EDOCLT_DEF_ID,NM,ACTV_IND,VER_NBR,OBJ_ID) values (2008,'eDoc.Example1.Form',1,1,'6166CBA1BC0B644DE0404F8189D86C09');
 --- INSERTING into KREW_EDL_DMP_T

 --- INSERTING into KREW_EDL_FLD_DMP_T

 --- INSERTING into KREW_HLP_T

 --- INSERTING into KREW_INIT_RTE_NODE_INSTN_T

Insert into KREW_INIT_RTE_NODE_INSTN_T (DOC_HDR_ID,RTE_NODE_INSTN_ID) values ('2036','2072');
Insert into KREW_INIT_RTE_NODE_INSTN_T (DOC_HDR_ID,RTE_NODE_INSTN_ID) values ('2037','2077');
Insert into KREW_INIT_RTE_NODE_INSTN_T (DOC_HDR_ID,RTE_NODE_INSTN_ID) values ('2038','2079');
Insert into KREW_INIT_RTE_NODE_INSTN_T (DOC_HDR_ID,RTE_NODE_INSTN_ID) values ('2039','2081');
Insert into KREW_INIT_RTE_NODE_INSTN_T (DOC_HDR_ID,RTE_NODE_INSTN_ID) values ('2040','2083');
Insert into KREW_INIT_RTE_NODE_INSTN_T (DOC_HDR_ID,RTE_NODE_INSTN_ID) values ('2041','2085');
Insert into KREW_INIT_RTE_NODE_INSTN_T (DOC_HDR_ID,RTE_NODE_INSTN_ID) values ('2042','2087');
Insert into KREW_INIT_RTE_NODE_INSTN_T (DOC_HDR_ID,RTE_NODE_INSTN_ID) values ('2060','2101');
Insert into KREW_INIT_RTE_NODE_INSTN_T (DOC_HDR_ID,RTE_NODE_INSTN_ID) values ('2080','2121');
Insert into KREW_INIT_RTE_NODE_INSTN_T (DOC_HDR_ID,RTE_NODE_INSTN_ID) values ('2081','2123');
Insert into KREW_INIT_RTE_NODE_INSTN_T (DOC_HDR_ID,RTE_NODE_INSTN_ID) values ('2100','2141');
Insert into KREW_INIT_RTE_NODE_INSTN_T (DOC_HDR_ID,RTE_NODE_INSTN_ID) values ('2101','2143');
Insert into KREW_INIT_RTE_NODE_INSTN_T (DOC_HDR_ID,RTE_NODE_INSTN_ID) values ('2102','2145');
Insert into KREW_INIT_RTE_NODE_INSTN_T (DOC_HDR_ID,RTE_NODE_INSTN_ID) values ('2120','2161');
Insert into KREW_INIT_RTE_NODE_INSTN_T (DOC_HDR_ID,RTE_NODE_INSTN_ID) values ('2121','2163');
Insert into KREW_INIT_RTE_NODE_INSTN_T (DOC_HDR_ID,RTE_NODE_INSTN_ID) values ('2122','2165');
Insert into KREW_INIT_RTE_NODE_INSTN_T (DOC_HDR_ID,RTE_NODE_INSTN_ID) values ('2123','2170');
Insert into KREW_INIT_RTE_NODE_INSTN_T (DOC_HDR_ID,RTE_NODE_INSTN_ID) values ('2124','2177');
Insert into KREW_INIT_RTE_NODE_INSTN_T (DOC_HDR_ID,RTE_NODE_INSTN_ID) values ('2140','2181');
Insert into KREW_INIT_RTE_NODE_INSTN_T (DOC_HDR_ID,RTE_NODE_INSTN_ID) values ('2160','2201');
Insert into KREW_INIT_RTE_NODE_INSTN_T (DOC_HDR_ID,RTE_NODE_INSTN_ID) values ('2161','2203');
Insert into KREW_INIT_RTE_NODE_INSTN_T (DOC_HDR_ID,RTE_NODE_INSTN_ID) values ('2180','2221');
Insert into KREW_INIT_RTE_NODE_INSTN_T (DOC_HDR_ID,RTE_NODE_INSTN_ID) values ('2207','2244');
Insert into KREW_INIT_RTE_NODE_INSTN_T (DOC_HDR_ID,RTE_NODE_INSTN_ID) values ('2208','2246');
Insert into KREW_INIT_RTE_NODE_INSTN_T (DOC_HDR_ID,RTE_NODE_INSTN_ID) values ('2209','2248');
Insert into KREW_INIT_RTE_NODE_INSTN_T (DOC_HDR_ID,RTE_NODE_INSTN_ID) values ('2210','2250');
Insert into KREW_INIT_RTE_NODE_INSTN_T (DOC_HDR_ID,RTE_NODE_INSTN_ID) values ('2211','2252');
Insert into KREW_INIT_RTE_NODE_INSTN_T (DOC_HDR_ID,RTE_NODE_INSTN_ID) values ('2212','2254');
Insert into KREW_INIT_RTE_NODE_INSTN_T (DOC_HDR_ID,RTE_NODE_INSTN_ID) values ('2213','2256');
Insert into KREW_INIT_RTE_NODE_INSTN_T (DOC_HDR_ID,RTE_NODE_INSTN_ID) values ('2214','2258');
Insert into KREW_INIT_RTE_NODE_INSTN_T (DOC_HDR_ID,RTE_NODE_INSTN_ID) values ('2218','2263');
Insert into KREW_INIT_RTE_NODE_INSTN_T (DOC_HDR_ID,RTE_NODE_INSTN_ID) values ('2219','2268');
Insert into KREW_INIT_RTE_NODE_INSTN_T (DOC_HDR_ID,RTE_NODE_INSTN_ID) values ('2220','2281');
Insert into KREW_INIT_RTE_NODE_INSTN_T (DOC_HDR_ID,RTE_NODE_INSTN_ID) values ('2221','2283');
Insert into KREW_INIT_RTE_NODE_INSTN_T (DOC_HDR_ID,RTE_NODE_INSTN_ID) values ('2222','2285');
Insert into KREW_INIT_RTE_NODE_INSTN_T (DOC_HDR_ID,RTE_NODE_INSTN_ID) values ('2223','2287');
Insert into KREW_INIT_RTE_NODE_INSTN_T (DOC_HDR_ID,RTE_NODE_INSTN_ID) values ('2224','2289');
Insert into KREW_INIT_RTE_NODE_INSTN_T (DOC_HDR_ID,RTE_NODE_INSTN_ID) values ('2240','2301');
Insert into KREW_INIT_RTE_NODE_INSTN_T (DOC_HDR_ID,RTE_NODE_INSTN_ID) values ('2241','2303');
Insert into KREW_INIT_RTE_NODE_INSTN_T (DOC_HDR_ID,RTE_NODE_INSTN_ID) values ('2242','2305');
Insert into KREW_INIT_RTE_NODE_INSTN_T (DOC_HDR_ID,RTE_NODE_INSTN_ID) values ('2260','2321');
Insert into KREW_INIT_RTE_NODE_INSTN_T (DOC_HDR_ID,RTE_NODE_INSTN_ID) values ('2281','2343');
Insert into KREW_INIT_RTE_NODE_INSTN_T (DOC_HDR_ID,RTE_NODE_INSTN_ID) values ('2300','2361');
Insert into KREW_INIT_RTE_NODE_INSTN_T (DOC_HDR_ID,RTE_NODE_INSTN_ID) values ('2340','2401');
Insert into KREW_INIT_RTE_NODE_INSTN_T (DOC_HDR_ID,RTE_NODE_INSTN_ID) values ('2380','2441');
Insert into KREW_INIT_RTE_NODE_INSTN_T (DOC_HDR_ID,RTE_NODE_INSTN_ID) values ('2385','2453');
Insert into KREW_INIT_RTE_NODE_INSTN_T (DOC_HDR_ID,RTE_NODE_INSTN_ID) values ('2386','2455');
Insert into KREW_INIT_RTE_NODE_INSTN_T (DOC_HDR_ID,RTE_NODE_INSTN_ID) values ('2387','2457');
Insert into KREW_INIT_RTE_NODE_INSTN_T (DOC_HDR_ID,RTE_NODE_INSTN_ID) values ('2388','2460');
Insert into KREW_INIT_RTE_NODE_INSTN_T (DOC_HDR_ID,RTE_NODE_INSTN_ID) values ('2389','2463');
Insert into KREW_INIT_RTE_NODE_INSTN_T (DOC_HDR_ID,RTE_NODE_INSTN_ID) values ('2390','2467');
Insert into KREW_INIT_RTE_NODE_INSTN_T (DOC_HDR_ID,RTE_NODE_INSTN_ID) values ('2391','2470');
Insert into KREW_INIT_RTE_NODE_INSTN_T (DOC_HDR_ID,RTE_NODE_INSTN_ID) values ('2393','2477');
Insert into KREW_INIT_RTE_NODE_INSTN_T (DOC_HDR_ID,RTE_NODE_INSTN_ID) values ('2395','2484');
Insert into KREW_INIT_RTE_NODE_INSTN_T (DOC_HDR_ID,RTE_NODE_INSTN_ID) values ('2396','2486');
Insert into KREW_INIT_RTE_NODE_INSTN_T (DOC_HDR_ID,RTE_NODE_INSTN_ID) values ('2400','2501');
Insert into KREW_INIT_RTE_NODE_INSTN_T (DOC_HDR_ID,RTE_NODE_INSTN_ID) values ('2401','2504');
Insert into KREW_INIT_RTE_NODE_INSTN_T (DOC_HDR_ID,RTE_NODE_INSTN_ID) values ('2402','2509');
Insert into KREW_INIT_RTE_NODE_INSTN_T (DOC_HDR_ID,RTE_NODE_INSTN_ID) values ('2403','2514');
Insert into KREW_INIT_RTE_NODE_INSTN_T (DOC_HDR_ID,RTE_NODE_INSTN_ID) values ('2404','2519');
Insert into KREW_INIT_RTE_NODE_INSTN_T (DOC_HDR_ID,RTE_NODE_INSTN_ID) values ('2405','2525');
Insert into KREW_INIT_RTE_NODE_INSTN_T (DOC_HDR_ID,RTE_NODE_INSTN_ID) values ('2407','2536');
Insert into KREW_INIT_RTE_NODE_INSTN_T (DOC_HDR_ID,RTE_NODE_INSTN_ID) values ('2408','2538');
Insert into KREW_INIT_RTE_NODE_INSTN_T (DOC_HDR_ID,RTE_NODE_INSTN_ID) values ('2409','2545');
Insert into KREW_INIT_RTE_NODE_INSTN_T (DOC_HDR_ID,RTE_NODE_INSTN_ID) values ('2420','2561');
Insert into KREW_INIT_RTE_NODE_INSTN_T (DOC_HDR_ID,RTE_NODE_INSTN_ID) values ('2460','2601');
Insert into KREW_INIT_RTE_NODE_INSTN_T (DOC_HDR_ID,RTE_NODE_INSTN_ID) values ('2480','2621');
Insert into KREW_INIT_RTE_NODE_INSTN_T (DOC_HDR_ID,RTE_NODE_INSTN_ID) values ('2481','2626');
Insert into KREW_INIT_RTE_NODE_INSTN_T (DOC_HDR_ID,RTE_NODE_INSTN_ID) values ('2482','2631');
Insert into KREW_INIT_RTE_NODE_INSTN_T (DOC_HDR_ID,RTE_NODE_INSTN_ID) values ('2483','2638');
Insert into KREW_INIT_RTE_NODE_INSTN_T (DOC_HDR_ID,RTE_NODE_INSTN_ID) values ('2484','2645');
Insert into KREW_INIT_RTE_NODE_INSTN_T (DOC_HDR_ID,RTE_NODE_INSTN_ID) values ('2500','2661');
Insert into KREW_INIT_RTE_NODE_INSTN_T (DOC_HDR_ID,RTE_NODE_INSTN_ID) values ('2501','2666');
Insert into KREW_INIT_RTE_NODE_INSTN_T (DOC_HDR_ID,RTE_NODE_INSTN_ID) values ('2502','2673');
Insert into KREW_INIT_RTE_NODE_INSTN_T (DOC_HDR_ID,RTE_NODE_INSTN_ID) values ('2520','2681');
Insert into KREW_INIT_RTE_NODE_INSTN_T (DOC_HDR_ID,RTE_NODE_INSTN_ID) values ('2521','2683');
Insert into KREW_INIT_RTE_NODE_INSTN_T (DOC_HDR_ID,RTE_NODE_INSTN_ID) values ('2522','2685');
Insert into KREW_INIT_RTE_NODE_INSTN_T (DOC_HDR_ID,RTE_NODE_INSTN_ID) values ('2540','2701');
Insert into KREW_INIT_RTE_NODE_INSTN_T (DOC_HDR_ID,RTE_NODE_INSTN_ID) values ('2541','2703');
Insert into KREW_INIT_RTE_NODE_INSTN_T (DOC_HDR_ID,RTE_NODE_INSTN_ID) values ('2545','2711');
Insert into KREW_INIT_RTE_NODE_INSTN_T (DOC_HDR_ID,RTE_NODE_INSTN_ID) values ('2546','2713');
Insert into KREW_INIT_RTE_NODE_INSTN_T (DOC_HDR_ID,RTE_NODE_INSTN_ID) values ('2560','2721');
Insert into KREW_INIT_RTE_NODE_INSTN_T (DOC_HDR_ID,RTE_NODE_INSTN_ID) values ('2561','2723');
Insert into KREW_INIT_RTE_NODE_INSTN_T (DOC_HDR_ID,RTE_NODE_INSTN_ID) values ('2580','2741');
Insert into KREW_INIT_RTE_NODE_INSTN_T (DOC_HDR_ID,RTE_NODE_INSTN_ID) values ('2581','2743');
Insert into KREW_INIT_RTE_NODE_INSTN_T (DOC_HDR_ID,RTE_NODE_INSTN_ID) values ('2582','2745');
Insert into KREW_INIT_RTE_NODE_INSTN_T (DOC_HDR_ID,RTE_NODE_INSTN_ID) values ('2583','2747');
Insert into KREW_INIT_RTE_NODE_INSTN_T (DOC_HDR_ID,RTE_NODE_INSTN_ID) values ('2584','2749');
Insert into KREW_INIT_RTE_NODE_INSTN_T (DOC_HDR_ID,RTE_NODE_INSTN_ID) values ('2600','2761');
Insert into KREW_INIT_RTE_NODE_INSTN_T (DOC_HDR_ID,RTE_NODE_INSTN_ID) values ('2601','2763');
Insert into KREW_INIT_RTE_NODE_INSTN_T (DOC_HDR_ID,RTE_NODE_INSTN_ID) values ('2620','2781');
Insert into KREW_INIT_RTE_NODE_INSTN_T (DOC_HDR_ID,RTE_NODE_INSTN_ID) values ('2621','2783');
Insert into KREW_INIT_RTE_NODE_INSTN_T (DOC_HDR_ID,RTE_NODE_INSTN_ID) values ('2622','2785');
Insert into KREW_INIT_RTE_NODE_INSTN_T (DOC_HDR_ID,RTE_NODE_INSTN_ID) values ('2623','2787');
Insert into KREW_INIT_RTE_NODE_INSTN_T (DOC_HDR_ID,RTE_NODE_INSTN_ID) values ('2640','2801');
Insert into KREW_INIT_RTE_NODE_INSTN_T (DOC_HDR_ID,RTE_NODE_INSTN_ID) values ('2660','2821');
Insert into KREW_INIT_RTE_NODE_INSTN_T (DOC_HDR_ID,RTE_NODE_INSTN_ID) values ('2684','2853');
Insert into KREW_INIT_RTE_NODE_INSTN_T (DOC_HDR_ID,RTE_NODE_INSTN_ID) values ('2685','2855');
Insert into KREW_INIT_RTE_NODE_INSTN_T (DOC_HDR_ID,RTE_NODE_INSTN_ID) values ('2686','2857');
Insert into KREW_INIT_RTE_NODE_INSTN_T (DOC_HDR_ID,RTE_NODE_INSTN_ID) values ('2687','2859');
Insert into KREW_INIT_RTE_NODE_INSTN_T (DOC_HDR_ID,RTE_NODE_INSTN_ID) values ('2688','2861');
Insert into KREW_INIT_RTE_NODE_INSTN_T (DOC_HDR_ID,RTE_NODE_INSTN_ID) values ('2689','2863');
Insert into KREW_INIT_RTE_NODE_INSTN_T (DOC_HDR_ID,RTE_NODE_INSTN_ID) values ('2690','2865');
Insert into KREW_INIT_RTE_NODE_INSTN_T (DOC_HDR_ID,RTE_NODE_INSTN_ID) values ('2691','2867');
Insert into KREW_INIT_RTE_NODE_INSTN_T (DOC_HDR_ID,RTE_NODE_INSTN_ID) values ('2692','2869');
Insert into KREW_INIT_RTE_NODE_INSTN_T (DOC_HDR_ID,RTE_NODE_INSTN_ID) values ('2693','2871');
Insert into KREW_INIT_RTE_NODE_INSTN_T (DOC_HDR_ID,RTE_NODE_INSTN_ID) values ('2694','2873');
Insert into KREW_INIT_RTE_NODE_INSTN_T (DOC_HDR_ID,RTE_NODE_INSTN_ID) values ('2695','2875');
Insert into KREW_INIT_RTE_NODE_INSTN_T (DOC_HDR_ID,RTE_NODE_INSTN_ID) values ('2696','2882');
Insert into KREW_INIT_RTE_NODE_INSTN_T (DOC_HDR_ID,RTE_NODE_INSTN_ID) values ('2698','2884');
Insert into KREW_INIT_RTE_NODE_INSTN_T (DOC_HDR_ID,RTE_NODE_INSTN_ID) values ('2701','2890');
 --- INSERTING into KREW_OUT_BOX_ITM_T

Insert into KREW_OUT_BOX_ITM_T (ACTN_ITM_ID,PRNCPL_ID,ASND_DT,RQST_CD,ACTN_RQST_ID,DOC_HDR_ID,ROLE_NM,DLGN_PRNCPL_ID,DOC_HDR_TTL,DOC_TYP_LBL,DOC_HDLR_URL,DOC_TYP_NM,RSP_ID,DLGN_TYP,VER_NBR,GRP_ID,DLGN_GRP_ID,RQST_LBL) values ('10000','user1',to_date('16-SEP-08','DD-MON-RR'),'A','2080','2218',null,null,'Routing Document Type ''eDoc.Example1Doctype''','eDoc.Example1 Request DocumentType','http://localhost:8080/kr-dev/en/EDocLite','eDoc.Example1Doctype','2040',null,1,'2202',null,null);
Insert into KREW_OUT_BOX_ITM_T (ACTN_ITM_ID,PRNCPL_ID,ASND_DT,RQST_CD,ACTN_RQST_ID,DOC_HDR_ID,ROLE_NM,DLGN_PRNCPL_ID,DOC_HDR_TTL,DOC_TYP_LBL,DOC_HDLR_URL,DOC_TYP_NM,RSP_ID,DLGN_TYP,VER_NBR,GRP_ID,DLGN_GRP_ID,RQST_LBL) values ('10001','user1',to_date('16-SEP-08','DD-MON-RR'),'A','2081','2219',null,null,'Routing Document Type ''eDoc.Example1Doctype''','eDoc.Example1 Request DocumentType','http://localhost:8080/kr-dev/en/EDocLite','eDoc.Example1Doctype','2040',null,1,'2202',null,null);
Insert into KREW_OUT_BOX_ITM_T (ACTN_ITM_ID,PRNCPL_ID,ASND_DT,RQST_CD,ACTN_RQST_ID,DOC_HDR_ID,ROLE_NM,DLGN_PRNCPL_ID,DOC_HDR_TTL,DOC_TYP_LBL,DOC_HDLR_URL,DOC_TYP_NM,RSP_ID,DLGN_TYP,VER_NBR,GRP_ID,DLGN_GRP_ID,RQST_LBL) values ('10020','dev1',to_date('01-OCT-08','DD-MON-RR'),'A','2141','2391',null,null,'Travel Doc 2 - test trans doc 5','Travel Request','http://localhost:8080/kr-dev/travelDocument2.do?methodToCall=docHandler','TravelRequest','-1',null,1,null,null,null);
Insert into KREW_OUT_BOX_ITM_T (ACTN_ITM_ID,PRNCPL_ID,ASND_DT,RQST_CD,ACTN_RQST_ID,DOC_HDR_ID,ROLE_NM,DLGN_PRNCPL_ID,DOC_HDR_TTL,DOC_TYP_LBL,DOC_HDLR_URL,DOC_TYP_NM,RSP_ID,DLGN_TYP,VER_NBR,GRP_ID,DLGN_GRP_ID,RQST_LBL) values ('10040','user4',to_date('22-DEC-08','DD-MON-RR'),'A','2360','2695',null,null,'Travel Doc 2 - dfads','Travel Request','http://localhost:8080/kr-dev/travelDocument2.do?methodToCall=docHandler','TravelRequest','2022',null,1,null,null,null);
Insert into KREW_OUT_BOX_ITM_T (ACTN_ITM_ID,PRNCPL_ID,ASND_DT,RQST_CD,ACTN_RQST_ID,DOC_HDR_ID,ROLE_NM,DLGN_PRNCPL_ID,DOC_HDR_TTL,DOC_TYP_LBL,DOC_HDLR_URL,DOC_TYP_NM,RSP_ID,DLGN_TYP,VER_NBR,GRP_ID,DLGN_GRP_ID,RQST_LBL) values ('10041','employee',to_date('22-DEC-08','DD-MON-RR'),'A','2362','2695','employee employee',null,'Travel Doc 2 - dfads','Travel Request','http://localhost:8080/kr-dev/travelDocument2.do?methodToCall=docHandler','TravelRequest','2024',null,1,null,null,null);
Insert into KREW_OUT_BOX_ITM_T (ACTN_ITM_ID,PRNCPL_ID,ASND_DT,RQST_CD,ACTN_RQST_ID,DOC_HDR_ID,ROLE_NM,DLGN_PRNCPL_ID,DOC_HDR_TTL,DOC_TYP_LBL,DOC_HDLR_URL,DOC_TYP_NM,RSP_ID,DLGN_TYP,VER_NBR,GRP_ID,DLGN_GRP_ID,RQST_LBL) values ('10042','supervisor',to_date('22-DEC-08','DD-MON-RR'),'A','2364','2695','supervisr supervisr',null,'Travel Doc 2 - dfads','Travel Request','http://localhost:8080/kr-dev/travelDocument2.do?methodToCall=docHandler','TravelRequest','2026',null,1,null,null,null);
 --- INSERTING into KREW_PPL_FLW_ATTR_T

 --- INSERTING into KREW_PPL_FLW_DLGT_T

 --- INSERTING into KREW_PPL_FLW_MBR_T

 --- INSERTING into KREW_PPL_FLW_T

 --- INSERTING into KREW_RTE_BRCH_PROTO_T

Insert into KREW_RTE_BRCH_PROTO_T (RTE_BRCH_PROTO_ID,BRCH_NM,VER_NBR) values ('2422','ApprovalBranch',130);
 --- INSERTING into KREW_RTE_BRCH_ST_T

Insert into KREW_RTE_BRCH_ST_T (RTE_BRCH_ST_ID,RTE_BRCH_ID,KEY_CD,VAL,VER_NBR) values ('2074','2071','System.PostProcessorProcessed','true',2);
Insert into KREW_RTE_BRCH_ST_T (RTE_BRCH_ST_ID,RTE_BRCH_ID,KEY_CD,VAL,VER_NBR) values ('2075','2071','System.PostProcessorFinal','true',1);
Insert into KREW_RTE_BRCH_ST_T (RTE_BRCH_ST_ID,RTE_BRCH_ID,KEY_CD,VAL,VER_NBR) values ('2103','2100','System.PostProcessorProcessed','true',2);
Insert into KREW_RTE_BRCH_ST_T (RTE_BRCH_ST_ID,RTE_BRCH_ID,KEY_CD,VAL,VER_NBR) values ('2104','2100','System.PostProcessorFinal','true',1);
Insert into KREW_RTE_BRCH_ST_T (RTE_BRCH_ST_ID,RTE_BRCH_ID,KEY_CD,VAL,VER_NBR) values ('2167','2164','System.PostProcessorProcessed','true',2);
Insert into KREW_RTE_BRCH_ST_T (RTE_BRCH_ST_ID,RTE_BRCH_ID,KEY_CD,VAL,VER_NBR) values ('2168','2164','System.PostProcessorFinal','true',1);
Insert into KREW_RTE_BRCH_ST_T (RTE_BRCH_ST_ID,RTE_BRCH_ID,KEY_CD,VAL,VER_NBR) values ('2175','2169','System.PostProcessorProcessed','true',1);
Insert into KREW_RTE_BRCH_ST_T (RTE_BRCH_ST_ID,RTE_BRCH_ID,KEY_CD,VAL,VER_NBR) values ('2223','2220','System.PostProcessorProcessed','true',2);
Insert into KREW_RTE_BRCH_ST_T (RTE_BRCH_ST_ID,RTE_BRCH_ID,KEY_CD,VAL,VER_NBR) values ('2224','2220','System.PostProcessorFinal','true',1);
Insert into KREW_RTE_BRCH_ST_T (RTE_BRCH_ST_ID,RTE_BRCH_ID,KEY_CD,VAL,VER_NBR) values ('2265','2262','System.PostProcessorProcessed','true',2);
Insert into KREW_RTE_BRCH_ST_T (RTE_BRCH_ST_ID,RTE_BRCH_ID,KEY_CD,VAL,VER_NBR) values ('2266','2262','System.PostProcessorFinal','true',1);
Insert into KREW_RTE_BRCH_ST_T (RTE_BRCH_ST_ID,RTE_BRCH_ID,KEY_CD,VAL,VER_NBR) values ('2270','2267','System.PostProcessorProcessed','true',2);
Insert into KREW_RTE_BRCH_ST_T (RTE_BRCH_ST_ID,RTE_BRCH_ID,KEY_CD,VAL,VER_NBR) values ('2271','2267','System.PostProcessorFinal','true',1);
Insert into KREW_RTE_BRCH_ST_T (RTE_BRCH_ST_ID,RTE_BRCH_ID,KEY_CD,VAL,VER_NBR) values ('2323','2320','System.PostProcessorProcessed','true',2);
Insert into KREW_RTE_BRCH_ST_T (RTE_BRCH_ST_ID,RTE_BRCH_ID,KEY_CD,VAL,VER_NBR) values ('2324','2320','System.PostProcessorFinal','true',1);
Insert into KREW_RTE_BRCH_ST_T (RTE_BRCH_ST_ID,RTE_BRCH_ID,KEY_CD,VAL,VER_NBR) values ('2450','2448','System.PostProcessorProcessed','true',2);
Insert into KREW_RTE_BRCH_ST_T (RTE_BRCH_ST_ID,RTE_BRCH_ID,KEY_CD,VAL,VER_NBR) values ('2451','2448','System.PostProcessorFinal','true',1);
Insert into KREW_RTE_BRCH_ST_T (RTE_BRCH_ST_ID,RTE_BRCH_ID,KEY_CD,VAL,VER_NBR) values ('2474','2472','System.PostProcessorProcessed','true',2);
Insert into KREW_RTE_BRCH_ST_T (RTE_BRCH_ST_ID,RTE_BRCH_ID,KEY_CD,VAL,VER_NBR) values ('2475','2472','System.PostProcessorFinal','true',1);
Insert into KREW_RTE_BRCH_ST_T (RTE_BRCH_ST_ID,RTE_BRCH_ID,KEY_CD,VAL,VER_NBR) values ('2481','2479','System.PostProcessorProcessed','true',2);
Insert into KREW_RTE_BRCH_ST_T (RTE_BRCH_ST_ID,RTE_BRCH_ID,KEY_CD,VAL,VER_NBR) values ('2482','2479','System.PostProcessorFinal','true',1);
Insert into KREW_RTE_BRCH_ST_T (RTE_BRCH_ST_ID,RTE_BRCH_ID,KEY_CD,VAL,VER_NBR) values ('2530','2524','System.PostProcessorProcessed','true',1);
Insert into KREW_RTE_BRCH_ST_T (RTE_BRCH_ST_ID,RTE_BRCH_ID,KEY_CD,VAL,VER_NBR) values ('2533','2531','System.PostProcessorProcessed','true',2);
Insert into KREW_RTE_BRCH_ST_T (RTE_BRCH_ST_ID,RTE_BRCH_ID,KEY_CD,VAL,VER_NBR) values ('2534','2531','System.PostProcessorFinal','true',1);
Insert into KREW_RTE_BRCH_ST_T (RTE_BRCH_ST_ID,RTE_BRCH_ID,KEY_CD,VAL,VER_NBR) values ('2543','2535','System.PostProcessorProcessed','true',1);
Insert into KREW_RTE_BRCH_ST_T (RTE_BRCH_ST_ID,RTE_BRCH_ID,KEY_CD,VAL,VER_NBR) values ('2548','2546','System.PostProcessorProcessed','true',2);
Insert into KREW_RTE_BRCH_ST_T (RTE_BRCH_ST_ID,RTE_BRCH_ID,KEY_CD,VAL,VER_NBR) values ('2549','2546','System.PostProcessorFinal','true',1);
Insert into KREW_RTE_BRCH_ST_T (RTE_BRCH_ST_ID,RTE_BRCH_ID,KEY_CD,VAL,VER_NBR) values ('2636','2630','System.PostProcessorProcessed','true',1);
Insert into KREW_RTE_BRCH_ST_T (RTE_BRCH_ST_ID,RTE_BRCH_ID,KEY_CD,VAL,VER_NBR) values ('2643','2637','System.PostProcessorProcessed','true',1);
Insert into KREW_RTE_BRCH_ST_T (RTE_BRCH_ST_ID,RTE_BRCH_ID,KEY_CD,VAL,VER_NBR) values ('2650','2644','System.PostProcessorProcessed','true',1);
Insert into KREW_RTE_BRCH_ST_T (RTE_BRCH_ST_ID,RTE_BRCH_ID,KEY_CD,VAL,VER_NBR) values ('2671','2665','System.PostProcessorProcessed','true',1);
Insert into KREW_RTE_BRCH_ST_T (RTE_BRCH_ST_ID,RTE_BRCH_ID,KEY_CD,VAL,VER_NBR) values ('2690','2684','System.PostProcessorProcessed','true',1);
Insert into KREW_RTE_BRCH_ST_T (RTE_BRCH_ST_ID,RTE_BRCH_ID,KEY_CD,VAL,VER_NBR) values ('2806','2800','System.PostProcessorProcessed','true',1);
Insert into KREW_RTE_BRCH_ST_T (RTE_BRCH_ST_ID,RTE_BRCH_ID,KEY_CD,VAL,VER_NBR) values ('2880','2874','System.PostProcessorProcessed','true',1);
Insert into KREW_RTE_BRCH_ST_T (RTE_BRCH_ST_ID,RTE_BRCH_ID,KEY_CD,VAL,VER_NBR) values ('2887','2885','System.PostProcessorProcessed','true',2);
Insert into KREW_RTE_BRCH_ST_T (RTE_BRCH_ST_ID,RTE_BRCH_ID,KEY_CD,VAL,VER_NBR) values ('2888','2885','System.PostProcessorFinal','true',1);
 --- INSERTING into KREW_RTE_BRCH_T

Insert into KREW_RTE_BRCH_T (RTE_BRCH_ID,NM,PARNT_ID,INIT_RTE_NODE_INSTN_ID,SPLT_RTE_NODE_INSTN_ID,JOIN_RTE_NODE_INSTN_ID,VER_NBR) values ('2071','PRIMARY',null,null,null,null,9);
Insert into KREW_RTE_BRCH_T (RTE_BRCH_ID,NM,PARNT_ID,INIT_RTE_NODE_INSTN_ID,SPLT_RTE_NODE_INSTN_ID,JOIN_RTE_NODE_INSTN_ID,VER_NBR) values ('2076','PRIMARY',null,null,null,null,2);
Insert into KREW_RTE_BRCH_T (RTE_BRCH_ID,NM,PARNT_ID,INIT_RTE_NODE_INSTN_ID,SPLT_RTE_NODE_INSTN_ID,JOIN_RTE_NODE_INSTN_ID,VER_NBR) values ('2078','PRIMARY',null,null,null,null,2);
Insert into KREW_RTE_BRCH_T (RTE_BRCH_ID,NM,PARNT_ID,INIT_RTE_NODE_INSTN_ID,SPLT_RTE_NODE_INSTN_ID,JOIN_RTE_NODE_INSTN_ID,VER_NBR) values ('2080','PRIMARY',null,null,null,null,2);
Insert into KREW_RTE_BRCH_T (RTE_BRCH_ID,NM,PARNT_ID,INIT_RTE_NODE_INSTN_ID,SPLT_RTE_NODE_INSTN_ID,JOIN_RTE_NODE_INSTN_ID,VER_NBR) values ('2082','PRIMARY',null,null,null,null,2);
Insert into KREW_RTE_BRCH_T (RTE_BRCH_ID,NM,PARNT_ID,INIT_RTE_NODE_INSTN_ID,SPLT_RTE_NODE_INSTN_ID,JOIN_RTE_NODE_INSTN_ID,VER_NBR) values ('2084','PRIMARY',null,null,null,null,2);
Insert into KREW_RTE_BRCH_T (RTE_BRCH_ID,NM,PARNT_ID,INIT_RTE_NODE_INSTN_ID,SPLT_RTE_NODE_INSTN_ID,JOIN_RTE_NODE_INSTN_ID,VER_NBR) values ('2086','PRIMARY',null,null,null,null,2);
Insert into KREW_RTE_BRCH_T (RTE_BRCH_ID,NM,PARNT_ID,INIT_RTE_NODE_INSTN_ID,SPLT_RTE_NODE_INSTN_ID,JOIN_RTE_NODE_INSTN_ID,VER_NBR) values ('2100','PRIMARY',null,null,null,null,9);
Insert into KREW_RTE_BRCH_T (RTE_BRCH_ID,NM,PARNT_ID,INIT_RTE_NODE_INSTN_ID,SPLT_RTE_NODE_INSTN_ID,JOIN_RTE_NODE_INSTN_ID,VER_NBR) values ('2120','PRIMARY',null,null,null,null,2);
Insert into KREW_RTE_BRCH_T (RTE_BRCH_ID,NM,PARNT_ID,INIT_RTE_NODE_INSTN_ID,SPLT_RTE_NODE_INSTN_ID,JOIN_RTE_NODE_INSTN_ID,VER_NBR) values ('2122','PRIMARY',null,null,null,null,2);
Insert into KREW_RTE_BRCH_T (RTE_BRCH_ID,NM,PARNT_ID,INIT_RTE_NODE_INSTN_ID,SPLT_RTE_NODE_INSTN_ID,JOIN_RTE_NODE_INSTN_ID,VER_NBR) values ('2140','PRIMARY',null,null,null,null,2);
Insert into KREW_RTE_BRCH_T (RTE_BRCH_ID,NM,PARNT_ID,INIT_RTE_NODE_INSTN_ID,SPLT_RTE_NODE_INSTN_ID,JOIN_RTE_NODE_INSTN_ID,VER_NBR) values ('2142','PRIMARY',null,null,null,null,2);
Insert into KREW_RTE_BRCH_T (RTE_BRCH_ID,NM,PARNT_ID,INIT_RTE_NODE_INSTN_ID,SPLT_RTE_NODE_INSTN_ID,JOIN_RTE_NODE_INSTN_ID,VER_NBR) values ('2144','PRIMARY',null,null,null,null,2);
Insert into KREW_RTE_BRCH_T (RTE_BRCH_ID,NM,PARNT_ID,INIT_RTE_NODE_INSTN_ID,SPLT_RTE_NODE_INSTN_ID,JOIN_RTE_NODE_INSTN_ID,VER_NBR) values ('2160','PRIMARY',null,null,null,null,2);
Insert into KREW_RTE_BRCH_T (RTE_BRCH_ID,NM,PARNT_ID,INIT_RTE_NODE_INSTN_ID,SPLT_RTE_NODE_INSTN_ID,JOIN_RTE_NODE_INSTN_ID,VER_NBR) values ('2162','PRIMARY',null,null,null,null,2);
Insert into KREW_RTE_BRCH_T (RTE_BRCH_ID,NM,PARNT_ID,INIT_RTE_NODE_INSTN_ID,SPLT_RTE_NODE_INSTN_ID,JOIN_RTE_NODE_INSTN_ID,VER_NBR) values ('2164','PRIMARY',null,null,null,null,9);
Insert into KREW_RTE_BRCH_T (RTE_BRCH_ID,NM,PARNT_ID,INIT_RTE_NODE_INSTN_ID,SPLT_RTE_NODE_INSTN_ID,JOIN_RTE_NODE_INSTN_ID,VER_NBR) values ('2169','PRIMARY',null,null,null,null,21);
Insert into KREW_RTE_BRCH_T (RTE_BRCH_ID,NM,PARNT_ID,INIT_RTE_NODE_INSTN_ID,SPLT_RTE_NODE_INSTN_ID,JOIN_RTE_NODE_INSTN_ID,VER_NBR) values ('2176','PRIMARY',null,null,null,null,2);
Insert into KREW_RTE_BRCH_T (RTE_BRCH_ID,NM,PARNT_ID,INIT_RTE_NODE_INSTN_ID,SPLT_RTE_NODE_INSTN_ID,JOIN_RTE_NODE_INSTN_ID,VER_NBR) values ('2180','PRIMARY',null,null,null,null,2);
Insert into KREW_RTE_BRCH_T (RTE_BRCH_ID,NM,PARNT_ID,INIT_RTE_NODE_INSTN_ID,SPLT_RTE_NODE_INSTN_ID,JOIN_RTE_NODE_INSTN_ID,VER_NBR) values ('2200','PRIMARY',null,null,null,null,2);
Insert into KREW_RTE_BRCH_T (RTE_BRCH_ID,NM,PARNT_ID,INIT_RTE_NODE_INSTN_ID,SPLT_RTE_NODE_INSTN_ID,JOIN_RTE_NODE_INSTN_ID,VER_NBR) values ('2202','PRIMARY',null,null,null,null,2);
Insert into KREW_RTE_BRCH_T (RTE_BRCH_ID,NM,PARNT_ID,INIT_RTE_NODE_INSTN_ID,SPLT_RTE_NODE_INSTN_ID,JOIN_RTE_NODE_INSTN_ID,VER_NBR) values ('2220','PRIMARY',null,null,null,null,9);
Insert into KREW_RTE_BRCH_T (RTE_BRCH_ID,NM,PARNT_ID,INIT_RTE_NODE_INSTN_ID,SPLT_RTE_NODE_INSTN_ID,JOIN_RTE_NODE_INSTN_ID,VER_NBR) values ('2243','PRIMARY',null,null,null,null,2);
Insert into KREW_RTE_BRCH_T (RTE_BRCH_ID,NM,PARNT_ID,INIT_RTE_NODE_INSTN_ID,SPLT_RTE_NODE_INSTN_ID,JOIN_RTE_NODE_INSTN_ID,VER_NBR) values ('2245','PRIMARY',null,null,null,null,2);
Insert into KREW_RTE_BRCH_T (RTE_BRCH_ID,NM,PARNT_ID,INIT_RTE_NODE_INSTN_ID,SPLT_RTE_NODE_INSTN_ID,JOIN_RTE_NODE_INSTN_ID,VER_NBR) values ('2247','PRIMARY',null,null,null,null,2);
Insert into KREW_RTE_BRCH_T (RTE_BRCH_ID,NM,PARNT_ID,INIT_RTE_NODE_INSTN_ID,SPLT_RTE_NODE_INSTN_ID,JOIN_RTE_NODE_INSTN_ID,VER_NBR) values ('2249','PRIMARY',null,null,null,null,2);
Insert into KREW_RTE_BRCH_T (RTE_BRCH_ID,NM,PARNT_ID,INIT_RTE_NODE_INSTN_ID,SPLT_RTE_NODE_INSTN_ID,JOIN_RTE_NODE_INSTN_ID,VER_NBR) values ('2251','PRIMARY',null,null,null,null,2);
Insert into KREW_RTE_BRCH_T (RTE_BRCH_ID,NM,PARNT_ID,INIT_RTE_NODE_INSTN_ID,SPLT_RTE_NODE_INSTN_ID,JOIN_RTE_NODE_INSTN_ID,VER_NBR) values ('2253','PRIMARY',null,null,null,null,2);
Insert into KREW_RTE_BRCH_T (RTE_BRCH_ID,NM,PARNT_ID,INIT_RTE_NODE_INSTN_ID,SPLT_RTE_NODE_INSTN_ID,JOIN_RTE_NODE_INSTN_ID,VER_NBR) values ('2255','PRIMARY',null,null,null,null,2);
Insert into KREW_RTE_BRCH_T (RTE_BRCH_ID,NM,PARNT_ID,INIT_RTE_NODE_INSTN_ID,SPLT_RTE_NODE_INSTN_ID,JOIN_RTE_NODE_INSTN_ID,VER_NBR) values ('2257','PRIMARY',null,null,null,null,2);
Insert into KREW_RTE_BRCH_T (RTE_BRCH_ID,NM,PARNT_ID,INIT_RTE_NODE_INSTN_ID,SPLT_RTE_NODE_INSTN_ID,JOIN_RTE_NODE_INSTN_ID,VER_NBR) values ('2262','PRIMARY',null,null,null,null,11);
Insert into KREW_RTE_BRCH_T (RTE_BRCH_ID,NM,PARNT_ID,INIT_RTE_NODE_INSTN_ID,SPLT_RTE_NODE_INSTN_ID,JOIN_RTE_NODE_INSTN_ID,VER_NBR) values ('2267','PRIMARY',null,null,null,null,11);
Insert into KREW_RTE_BRCH_T (RTE_BRCH_ID,NM,PARNT_ID,INIT_RTE_NODE_INSTN_ID,SPLT_RTE_NODE_INSTN_ID,JOIN_RTE_NODE_INSTN_ID,VER_NBR) values ('2280','PRIMARY',null,null,null,null,2);
Insert into KREW_RTE_BRCH_T (RTE_BRCH_ID,NM,PARNT_ID,INIT_RTE_NODE_INSTN_ID,SPLT_RTE_NODE_INSTN_ID,JOIN_RTE_NODE_INSTN_ID,VER_NBR) values ('2282','PRIMARY',null,null,null,null,2);
Insert into KREW_RTE_BRCH_T (RTE_BRCH_ID,NM,PARNT_ID,INIT_RTE_NODE_INSTN_ID,SPLT_RTE_NODE_INSTN_ID,JOIN_RTE_NODE_INSTN_ID,VER_NBR) values ('2284','PRIMARY',null,null,null,null,2);
Insert into KREW_RTE_BRCH_T (RTE_BRCH_ID,NM,PARNT_ID,INIT_RTE_NODE_INSTN_ID,SPLT_RTE_NODE_INSTN_ID,JOIN_RTE_NODE_INSTN_ID,VER_NBR) values ('2286','PRIMARY',null,null,null,null,2);
Insert into KREW_RTE_BRCH_T (RTE_BRCH_ID,NM,PARNT_ID,INIT_RTE_NODE_INSTN_ID,SPLT_RTE_NODE_INSTN_ID,JOIN_RTE_NODE_INSTN_ID,VER_NBR) values ('2288','PRIMARY',null,null,null,null,2);
Insert into KREW_RTE_BRCH_T (RTE_BRCH_ID,NM,PARNT_ID,INIT_RTE_NODE_INSTN_ID,SPLT_RTE_NODE_INSTN_ID,JOIN_RTE_NODE_INSTN_ID,VER_NBR) values ('2300','PRIMARY',null,null,null,null,2);
Insert into KREW_RTE_BRCH_T (RTE_BRCH_ID,NM,PARNT_ID,INIT_RTE_NODE_INSTN_ID,SPLT_RTE_NODE_INSTN_ID,JOIN_RTE_NODE_INSTN_ID,VER_NBR) values ('2302','PRIMARY',null,null,null,null,2);
Insert into KREW_RTE_BRCH_T (RTE_BRCH_ID,NM,PARNT_ID,INIT_RTE_NODE_INSTN_ID,SPLT_RTE_NODE_INSTN_ID,JOIN_RTE_NODE_INSTN_ID,VER_NBR) values ('2304','PRIMARY',null,null,null,null,2);
Insert into KREW_RTE_BRCH_T (RTE_BRCH_ID,NM,PARNT_ID,INIT_RTE_NODE_INSTN_ID,SPLT_RTE_NODE_INSTN_ID,JOIN_RTE_NODE_INSTN_ID,VER_NBR) values ('2320','PRIMARY',null,null,null,null,9);
Insert into KREW_RTE_BRCH_T (RTE_BRCH_ID,NM,PARNT_ID,INIT_RTE_NODE_INSTN_ID,SPLT_RTE_NODE_INSTN_ID,JOIN_RTE_NODE_INSTN_ID,VER_NBR) values ('2342','PRIMARY',null,null,null,null,2);
Insert into KREW_RTE_BRCH_T (RTE_BRCH_ID,NM,PARNT_ID,INIT_RTE_NODE_INSTN_ID,SPLT_RTE_NODE_INSTN_ID,JOIN_RTE_NODE_INSTN_ID,VER_NBR) values ('2346','PRIMARY',null,null,null,null,4);
Insert into KREW_RTE_BRCH_T (RTE_BRCH_ID,NM,PARNT_ID,INIT_RTE_NODE_INSTN_ID,SPLT_RTE_NODE_INSTN_ID,JOIN_RTE_NODE_INSTN_ID,VER_NBR) values ('2360','PRIMARY',null,null,null,null,2);
Insert into KREW_RTE_BRCH_T (RTE_BRCH_ID,NM,PARNT_ID,INIT_RTE_NODE_INSTN_ID,SPLT_RTE_NODE_INSTN_ID,JOIN_RTE_NODE_INSTN_ID,VER_NBR) values ('2400','PRIMARY',null,null,null,null,2);
Insert into KREW_RTE_BRCH_T (RTE_BRCH_ID,NM,PARNT_ID,INIT_RTE_NODE_INSTN_ID,SPLT_RTE_NODE_INSTN_ID,JOIN_RTE_NODE_INSTN_ID,VER_NBR) values ('2440','PRIMARY',null,null,null,null,2);
Insert into KREW_RTE_BRCH_T (RTE_BRCH_ID,NM,PARNT_ID,INIT_RTE_NODE_INSTN_ID,SPLT_RTE_NODE_INSTN_ID,JOIN_RTE_NODE_INSTN_ID,VER_NBR) values ('2442','PRIMARY',null,null,null,null,2);
Insert into KREW_RTE_BRCH_T (RTE_BRCH_ID,NM,PARNT_ID,INIT_RTE_NODE_INSTN_ID,SPLT_RTE_NODE_INSTN_ID,JOIN_RTE_NODE_INSTN_ID,VER_NBR) values ('2444','PRIMARY',null,null,null,null,2);
Insert into KREW_RTE_BRCH_T (RTE_BRCH_ID,NM,PARNT_ID,INIT_RTE_NODE_INSTN_ID,SPLT_RTE_NODE_INSTN_ID,JOIN_RTE_NODE_INSTN_ID,VER_NBR) values ('2446','PRIMARY',null,null,null,null,2);
Insert into KREW_RTE_BRCH_T (RTE_BRCH_ID,NM,PARNT_ID,INIT_RTE_NODE_INSTN_ID,SPLT_RTE_NODE_INSTN_ID,JOIN_RTE_NODE_INSTN_ID,VER_NBR) values ('2448','PRIMARY',null,null,null,null,6);
Insert into KREW_RTE_BRCH_T (RTE_BRCH_ID,NM,PARNT_ID,INIT_RTE_NODE_INSTN_ID,SPLT_RTE_NODE_INSTN_ID,JOIN_RTE_NODE_INSTN_ID,VER_NBR) values ('2452','PRIMARY',null,null,null,null,2);
Insert into KREW_RTE_BRCH_T (RTE_BRCH_ID,NM,PARNT_ID,INIT_RTE_NODE_INSTN_ID,SPLT_RTE_NODE_INSTN_ID,JOIN_RTE_NODE_INSTN_ID,VER_NBR) values ('2454','PRIMARY',null,null,null,null,2);
Insert into KREW_RTE_BRCH_T (RTE_BRCH_ID,NM,PARNT_ID,INIT_RTE_NODE_INSTN_ID,SPLT_RTE_NODE_INSTN_ID,JOIN_RTE_NODE_INSTN_ID,VER_NBR) values ('2456','PRIMARY',null,null,null,null,2);
Insert into KREW_RTE_BRCH_T (RTE_BRCH_ID,NM,PARNT_ID,INIT_RTE_NODE_INSTN_ID,SPLT_RTE_NODE_INSTN_ID,JOIN_RTE_NODE_INSTN_ID,VER_NBR) values ('2459','PRIMARY',null,null,null,null,2);
Insert into KREW_RTE_BRCH_T (RTE_BRCH_ID,NM,PARNT_ID,INIT_RTE_NODE_INSTN_ID,SPLT_RTE_NODE_INSTN_ID,JOIN_RTE_NODE_INSTN_ID,VER_NBR) values ('2462','PRIMARY',null,null,null,null,2);
Insert into KREW_RTE_BRCH_T (RTE_BRCH_ID,NM,PARNT_ID,INIT_RTE_NODE_INSTN_ID,SPLT_RTE_NODE_INSTN_ID,JOIN_RTE_NODE_INSTN_ID,VER_NBR) values ('2466','PRIMARY',null,null,null,null,2);
Insert into KREW_RTE_BRCH_T (RTE_BRCH_ID,NM,PARNT_ID,INIT_RTE_NODE_INSTN_ID,SPLT_RTE_NODE_INSTN_ID,JOIN_RTE_NODE_INSTN_ID,VER_NBR) values ('2469','PRIMARY',null,null,null,null,6);
Insert into KREW_RTE_BRCH_T (RTE_BRCH_ID,NM,PARNT_ID,INIT_RTE_NODE_INSTN_ID,SPLT_RTE_NODE_INSTN_ID,JOIN_RTE_NODE_INSTN_ID,VER_NBR) values ('2472','PRIMARY',null,null,null,null,6);
Insert into KREW_RTE_BRCH_T (RTE_BRCH_ID,NM,PARNT_ID,INIT_RTE_NODE_INSTN_ID,SPLT_RTE_NODE_INSTN_ID,JOIN_RTE_NODE_INSTN_ID,VER_NBR) values ('2476','PRIMARY',null,null,null,null,2);
Insert into KREW_RTE_BRCH_T (RTE_BRCH_ID,NM,PARNT_ID,INIT_RTE_NODE_INSTN_ID,SPLT_RTE_NODE_INSTN_ID,JOIN_RTE_NODE_INSTN_ID,VER_NBR) values ('2479','PRIMARY',null,null,null,null,6);
Insert into KREW_RTE_BRCH_T (RTE_BRCH_ID,NM,PARNT_ID,INIT_RTE_NODE_INSTN_ID,SPLT_RTE_NODE_INSTN_ID,JOIN_RTE_NODE_INSTN_ID,VER_NBR) values ('2483','PRIMARY',null,null,null,null,2);
Insert into KREW_RTE_BRCH_T (RTE_BRCH_ID,NM,PARNT_ID,INIT_RTE_NODE_INSTN_ID,SPLT_RTE_NODE_INSTN_ID,JOIN_RTE_NODE_INSTN_ID,VER_NBR) values ('2485','PRIMARY',null,null,null,null,2);
Insert into KREW_RTE_BRCH_T (RTE_BRCH_ID,NM,PARNT_ID,INIT_RTE_NODE_INSTN_ID,SPLT_RTE_NODE_INSTN_ID,JOIN_RTE_NODE_INSTN_ID,VER_NBR) values ('2500','PRIMARY',null,null,null,null,2);
Insert into KREW_RTE_BRCH_T (RTE_BRCH_ID,NM,PARNT_ID,INIT_RTE_NODE_INSTN_ID,SPLT_RTE_NODE_INSTN_ID,JOIN_RTE_NODE_INSTN_ID,VER_NBR) values ('2503','PRIMARY',null,null,null,null,7);
Insert into KREW_RTE_BRCH_T (RTE_BRCH_ID,NM,PARNT_ID,INIT_RTE_NODE_INSTN_ID,SPLT_RTE_NODE_INSTN_ID,JOIN_RTE_NODE_INSTN_ID,VER_NBR) values ('2508','PRIMARY',null,null,null,null,2);
Insert into KREW_RTE_BRCH_T (RTE_BRCH_ID,NM,PARNT_ID,INIT_RTE_NODE_INSTN_ID,SPLT_RTE_NODE_INSTN_ID,JOIN_RTE_NODE_INSTN_ID,VER_NBR) values ('2513','PRIMARY',null,null,null,null,2);
Insert into KREW_RTE_BRCH_T (RTE_BRCH_ID,NM,PARNT_ID,INIT_RTE_NODE_INSTN_ID,SPLT_RTE_NODE_INSTN_ID,JOIN_RTE_NODE_INSTN_ID,VER_NBR) values ('2518','PRIMARY',null,null,null,null,7);
Insert into KREW_RTE_BRCH_T (RTE_BRCH_ID,NM,PARNT_ID,INIT_RTE_NODE_INSTN_ID,SPLT_RTE_NODE_INSTN_ID,JOIN_RTE_NODE_INSTN_ID,VER_NBR) values ('2524','PRIMARY',null,null,null,null,25);
Insert into KREW_RTE_BRCH_T (RTE_BRCH_ID,NM,PARNT_ID,INIT_RTE_NODE_INSTN_ID,SPLT_RTE_NODE_INSTN_ID,JOIN_RTE_NODE_INSTN_ID,VER_NBR) values ('2531','PRIMARY',null,null,null,null,6);
Insert into KREW_RTE_BRCH_T (RTE_BRCH_ID,NM,PARNT_ID,INIT_RTE_NODE_INSTN_ID,SPLT_RTE_NODE_INSTN_ID,JOIN_RTE_NODE_INSTN_ID,VER_NBR) values ('2535','PRIMARY',null,null,null,null,25);
Insert into KREW_RTE_BRCH_T (RTE_BRCH_ID,NM,PARNT_ID,INIT_RTE_NODE_INSTN_ID,SPLT_RTE_NODE_INSTN_ID,JOIN_RTE_NODE_INSTN_ID,VER_NBR) values ('2537','PRIMARY',null,null,null,null,2);
Insert into KREW_RTE_BRCH_T (RTE_BRCH_ID,NM,PARNT_ID,INIT_RTE_NODE_INSTN_ID,SPLT_RTE_NODE_INSTN_ID,JOIN_RTE_NODE_INSTN_ID,VER_NBR) values ('2544','PRIMARY',null,null,null,null,2);
Insert into KREW_RTE_BRCH_T (RTE_BRCH_ID,NM,PARNT_ID,INIT_RTE_NODE_INSTN_ID,SPLT_RTE_NODE_INSTN_ID,JOIN_RTE_NODE_INSTN_ID,VER_NBR) values ('2546','PRIMARY',null,null,null,null,6);
Insert into KREW_RTE_BRCH_T (RTE_BRCH_ID,NM,PARNT_ID,INIT_RTE_NODE_INSTN_ID,SPLT_RTE_NODE_INSTN_ID,JOIN_RTE_NODE_INSTN_ID,VER_NBR) values ('2560','PRIMARY',null,null,null,null,2);
Insert into KREW_RTE_BRCH_T (RTE_BRCH_ID,NM,PARNT_ID,INIT_RTE_NODE_INSTN_ID,SPLT_RTE_NODE_INSTN_ID,JOIN_RTE_NODE_INSTN_ID,VER_NBR) values ('2600','PRIMARY',null,null,null,null,2);
Insert into KREW_RTE_BRCH_T (RTE_BRCH_ID,NM,PARNT_ID,INIT_RTE_NODE_INSTN_ID,SPLT_RTE_NODE_INSTN_ID,JOIN_RTE_NODE_INSTN_ID,VER_NBR) values ('2620','PRIMARY',null,null,null,null,2);
Insert into KREW_RTE_BRCH_T (RTE_BRCH_ID,NM,PARNT_ID,INIT_RTE_NODE_INSTN_ID,SPLT_RTE_NODE_INSTN_ID,JOIN_RTE_NODE_INSTN_ID,VER_NBR) values ('2625','PRIMARY',null,null,null,null,2);
Insert into KREW_RTE_BRCH_T (RTE_BRCH_ID,NM,PARNT_ID,INIT_RTE_NODE_INSTN_ID,SPLT_RTE_NODE_INSTN_ID,JOIN_RTE_NODE_INSTN_ID,VER_NBR) values ('2630','PRIMARY',null,null,null,null,23);
Insert into KREW_RTE_BRCH_T (RTE_BRCH_ID,NM,PARNT_ID,INIT_RTE_NODE_INSTN_ID,SPLT_RTE_NODE_INSTN_ID,JOIN_RTE_NODE_INSTN_ID,VER_NBR) values ('2637','PRIMARY',null,null,null,null,23);
Insert into KREW_RTE_BRCH_T (RTE_BRCH_ID,NM,PARNT_ID,INIT_RTE_NODE_INSTN_ID,SPLT_RTE_NODE_INSTN_ID,JOIN_RTE_NODE_INSTN_ID,VER_NBR) values ('2644','PRIMARY',null,null,null,null,23);
Insert into KREW_RTE_BRCH_T (RTE_BRCH_ID,NM,PARNT_ID,INIT_RTE_NODE_INSTN_ID,SPLT_RTE_NODE_INSTN_ID,JOIN_RTE_NODE_INSTN_ID,VER_NBR) values ('2660','PRIMARY',null,null,null,null,2);
Insert into KREW_RTE_BRCH_T (RTE_BRCH_ID,NM,PARNT_ID,INIT_RTE_NODE_INSTN_ID,SPLT_RTE_NODE_INSTN_ID,JOIN_RTE_NODE_INSTN_ID,VER_NBR) values ('2665','PRIMARY',null,null,null,null,23);
Insert into KREW_RTE_BRCH_T (RTE_BRCH_ID,NM,PARNT_ID,INIT_RTE_NODE_INSTN_ID,SPLT_RTE_NODE_INSTN_ID,JOIN_RTE_NODE_INSTN_ID,VER_NBR) values ('2672','PRIMARY',null,null,null,null,2);
Insert into KREW_RTE_BRCH_T (RTE_BRCH_ID,NM,PARNT_ID,INIT_RTE_NODE_INSTN_ID,SPLT_RTE_NODE_INSTN_ID,JOIN_RTE_NODE_INSTN_ID,VER_NBR) values ('2680','PRIMARY',null,null,null,null,2);
Insert into KREW_RTE_BRCH_T (RTE_BRCH_ID,NM,PARNT_ID,INIT_RTE_NODE_INSTN_ID,SPLT_RTE_NODE_INSTN_ID,JOIN_RTE_NODE_INSTN_ID,VER_NBR) values ('2682','PRIMARY',null,null,null,null,2);
Insert into KREW_RTE_BRCH_T (RTE_BRCH_ID,NM,PARNT_ID,INIT_RTE_NODE_INSTN_ID,SPLT_RTE_NODE_INSTN_ID,JOIN_RTE_NODE_INSTN_ID,VER_NBR) values ('2684','PRIMARY',null,null,null,null,23);
Insert into KREW_RTE_BRCH_T (RTE_BRCH_ID,NM,PARNT_ID,INIT_RTE_NODE_INSTN_ID,SPLT_RTE_NODE_INSTN_ID,JOIN_RTE_NODE_INSTN_ID,VER_NBR) values ('2700','PRIMARY',null,null,null,null,2);
Insert into KREW_RTE_BRCH_T (RTE_BRCH_ID,NM,PARNT_ID,INIT_RTE_NODE_INSTN_ID,SPLT_RTE_NODE_INSTN_ID,JOIN_RTE_NODE_INSTN_ID,VER_NBR) values ('2702','PRIMARY',null,null,null,null,2);
Insert into KREW_RTE_BRCH_T (RTE_BRCH_ID,NM,PARNT_ID,INIT_RTE_NODE_INSTN_ID,SPLT_RTE_NODE_INSTN_ID,JOIN_RTE_NODE_INSTN_ID,VER_NBR) values ('2710','PRIMARY',null,null,null,null,2);
Insert into KREW_RTE_BRCH_T (RTE_BRCH_ID,NM,PARNT_ID,INIT_RTE_NODE_INSTN_ID,SPLT_RTE_NODE_INSTN_ID,JOIN_RTE_NODE_INSTN_ID,VER_NBR) values ('2712','PRIMARY',null,null,null,null,2);
Insert into KREW_RTE_BRCH_T (RTE_BRCH_ID,NM,PARNT_ID,INIT_RTE_NODE_INSTN_ID,SPLT_RTE_NODE_INSTN_ID,JOIN_RTE_NODE_INSTN_ID,VER_NBR) values ('2720','PRIMARY',null,null,null,null,2);
Insert into KREW_RTE_BRCH_T (RTE_BRCH_ID,NM,PARNT_ID,INIT_RTE_NODE_INSTN_ID,SPLT_RTE_NODE_INSTN_ID,JOIN_RTE_NODE_INSTN_ID,VER_NBR) values ('2722','PRIMARY',null,null,null,null,2);
Insert into KREW_RTE_BRCH_T (RTE_BRCH_ID,NM,PARNT_ID,INIT_RTE_NODE_INSTN_ID,SPLT_RTE_NODE_INSTN_ID,JOIN_RTE_NODE_INSTN_ID,VER_NBR) values ('2740','PRIMARY',null,null,null,null,2);
Insert into KREW_RTE_BRCH_T (RTE_BRCH_ID,NM,PARNT_ID,INIT_RTE_NODE_INSTN_ID,SPLT_RTE_NODE_INSTN_ID,JOIN_RTE_NODE_INSTN_ID,VER_NBR) values ('2742','PRIMARY',null,null,null,null,2);
Insert into KREW_RTE_BRCH_T (RTE_BRCH_ID,NM,PARNT_ID,INIT_RTE_NODE_INSTN_ID,SPLT_RTE_NODE_INSTN_ID,JOIN_RTE_NODE_INSTN_ID,VER_NBR) values ('2744','PRIMARY',null,null,null,null,2);
Insert into KREW_RTE_BRCH_T (RTE_BRCH_ID,NM,PARNT_ID,INIT_RTE_NODE_INSTN_ID,SPLT_RTE_NODE_INSTN_ID,JOIN_RTE_NODE_INSTN_ID,VER_NBR) values ('2746','PRIMARY',null,null,null,null,2);
Insert into KREW_RTE_BRCH_T (RTE_BRCH_ID,NM,PARNT_ID,INIT_RTE_NODE_INSTN_ID,SPLT_RTE_NODE_INSTN_ID,JOIN_RTE_NODE_INSTN_ID,VER_NBR) values ('2748','PRIMARY',null,null,null,null,2);
Insert into KREW_RTE_BRCH_T (RTE_BRCH_ID,NM,PARNT_ID,INIT_RTE_NODE_INSTN_ID,SPLT_RTE_NODE_INSTN_ID,JOIN_RTE_NODE_INSTN_ID,VER_NBR) values ('2760','PRIMARY',null,null,null,null,2);
Insert into KREW_RTE_BRCH_T (RTE_BRCH_ID,NM,PARNT_ID,INIT_RTE_NODE_INSTN_ID,SPLT_RTE_NODE_INSTN_ID,JOIN_RTE_NODE_INSTN_ID,VER_NBR) values ('2762','PRIMARY',null,null,null,null,2);
Insert into KREW_RTE_BRCH_T (RTE_BRCH_ID,NM,PARNT_ID,INIT_RTE_NODE_INSTN_ID,SPLT_RTE_NODE_INSTN_ID,JOIN_RTE_NODE_INSTN_ID,VER_NBR) values ('2780','PRIMARY',null,null,null,null,2);
Insert into KREW_RTE_BRCH_T (RTE_BRCH_ID,NM,PARNT_ID,INIT_RTE_NODE_INSTN_ID,SPLT_RTE_NODE_INSTN_ID,JOIN_RTE_NODE_INSTN_ID,VER_NBR) values ('2782','PRIMARY',null,null,null,null,2);
Insert into KREW_RTE_BRCH_T (RTE_BRCH_ID,NM,PARNT_ID,INIT_RTE_NODE_INSTN_ID,SPLT_RTE_NODE_INSTN_ID,JOIN_RTE_NODE_INSTN_ID,VER_NBR) values ('2784','PRIMARY',null,null,null,null,2);
Insert into KREW_RTE_BRCH_T (RTE_BRCH_ID,NM,PARNT_ID,INIT_RTE_NODE_INSTN_ID,SPLT_RTE_NODE_INSTN_ID,JOIN_RTE_NODE_INSTN_ID,VER_NBR) values ('2786','PRIMARY',null,null,null,null,2);
Insert into KREW_RTE_BRCH_T (RTE_BRCH_ID,NM,PARNT_ID,INIT_RTE_NODE_INSTN_ID,SPLT_RTE_NODE_INSTN_ID,JOIN_RTE_NODE_INSTN_ID,VER_NBR) values ('2800','PRIMARY',null,null,null,null,23);
Insert into KREW_RTE_BRCH_T (RTE_BRCH_ID,NM,PARNT_ID,INIT_RTE_NODE_INSTN_ID,SPLT_RTE_NODE_INSTN_ID,JOIN_RTE_NODE_INSTN_ID,VER_NBR) values ('2820','PRIMARY',null,null,null,null,2);
Insert into KREW_RTE_BRCH_T (RTE_BRCH_ID,NM,PARNT_ID,INIT_RTE_NODE_INSTN_ID,SPLT_RTE_NODE_INSTN_ID,JOIN_RTE_NODE_INSTN_ID,VER_NBR) values ('2852','PRIMARY',null,null,null,null,2);
Insert into KREW_RTE_BRCH_T (RTE_BRCH_ID,NM,PARNT_ID,INIT_RTE_NODE_INSTN_ID,SPLT_RTE_NODE_INSTN_ID,JOIN_RTE_NODE_INSTN_ID,VER_NBR) values ('2854','PRIMARY',null,null,null,null,2);
Insert into KREW_RTE_BRCH_T (RTE_BRCH_ID,NM,PARNT_ID,INIT_RTE_NODE_INSTN_ID,SPLT_RTE_NODE_INSTN_ID,JOIN_RTE_NODE_INSTN_ID,VER_NBR) values ('2856','PRIMARY',null,null,null,null,2);
Insert into KREW_RTE_BRCH_T (RTE_BRCH_ID,NM,PARNT_ID,INIT_RTE_NODE_INSTN_ID,SPLT_RTE_NODE_INSTN_ID,JOIN_RTE_NODE_INSTN_ID,VER_NBR) values ('2858','PRIMARY',null,null,null,null,2);
Insert into KREW_RTE_BRCH_T (RTE_BRCH_ID,NM,PARNT_ID,INIT_RTE_NODE_INSTN_ID,SPLT_RTE_NODE_INSTN_ID,JOIN_RTE_NODE_INSTN_ID,VER_NBR) values ('2860','PRIMARY',null,null,null,null,2);
Insert into KREW_RTE_BRCH_T (RTE_BRCH_ID,NM,PARNT_ID,INIT_RTE_NODE_INSTN_ID,SPLT_RTE_NODE_INSTN_ID,JOIN_RTE_NODE_INSTN_ID,VER_NBR) values ('2862','PRIMARY',null,null,null,null,2);
Insert into KREW_RTE_BRCH_T (RTE_BRCH_ID,NM,PARNT_ID,INIT_RTE_NODE_INSTN_ID,SPLT_RTE_NODE_INSTN_ID,JOIN_RTE_NODE_INSTN_ID,VER_NBR) values ('2864','PRIMARY',null,null,null,null,2);
Insert into KREW_RTE_BRCH_T (RTE_BRCH_ID,NM,PARNT_ID,INIT_RTE_NODE_INSTN_ID,SPLT_RTE_NODE_INSTN_ID,JOIN_RTE_NODE_INSTN_ID,VER_NBR) values ('2866','PRIMARY',null,null,null,null,2);
Insert into KREW_RTE_BRCH_T (RTE_BRCH_ID,NM,PARNT_ID,INIT_RTE_NODE_INSTN_ID,SPLT_RTE_NODE_INSTN_ID,JOIN_RTE_NODE_INSTN_ID,VER_NBR) values ('2868','PRIMARY',null,null,null,null,2);
Insert into KREW_RTE_BRCH_T (RTE_BRCH_ID,NM,PARNT_ID,INIT_RTE_NODE_INSTN_ID,SPLT_RTE_NODE_INSTN_ID,JOIN_RTE_NODE_INSTN_ID,VER_NBR) values ('2870','PRIMARY',null,null,null,null,2);
Insert into KREW_RTE_BRCH_T (RTE_BRCH_ID,NM,PARNT_ID,INIT_RTE_NODE_INSTN_ID,SPLT_RTE_NODE_INSTN_ID,JOIN_RTE_NODE_INSTN_ID,VER_NBR) values ('2872','PRIMARY',null,null,null,null,2);
Insert into KREW_RTE_BRCH_T (RTE_BRCH_ID,NM,PARNT_ID,INIT_RTE_NODE_INSTN_ID,SPLT_RTE_NODE_INSTN_ID,JOIN_RTE_NODE_INSTN_ID,VER_NBR) values ('2874','PRIMARY',null,null,null,null,23);
Insert into KREW_RTE_BRCH_T (RTE_BRCH_ID,NM,PARNT_ID,INIT_RTE_NODE_INSTN_ID,SPLT_RTE_NODE_INSTN_ID,JOIN_RTE_NODE_INSTN_ID,VER_NBR) values ('2881','PRIMARY',null,null,null,null,2);
Insert into KREW_RTE_BRCH_T (RTE_BRCH_ID,NM,PARNT_ID,INIT_RTE_NODE_INSTN_ID,SPLT_RTE_NODE_INSTN_ID,JOIN_RTE_NODE_INSTN_ID,VER_NBR) values ('2883','PRIMARY',null,null,null,null,2);
Insert into KREW_RTE_BRCH_T (RTE_BRCH_ID,NM,PARNT_ID,INIT_RTE_NODE_INSTN_ID,SPLT_RTE_NODE_INSTN_ID,JOIN_RTE_NODE_INSTN_ID,VER_NBR) values ('2885','PRIMARY',null,null,null,null,6);
Insert into KREW_RTE_BRCH_T (RTE_BRCH_ID,NM,PARNT_ID,INIT_RTE_NODE_INSTN_ID,SPLT_RTE_NODE_INSTN_ID,JOIN_RTE_NODE_INSTN_ID,VER_NBR) values ('2889','PRIMARY',null,null,null,null,7);
 --- INSERTING into KREW_RTE_NODE_CFG_PARM_T

Insert into KREW_RTE_NODE_CFG_PARM_T (RTE_NODE_CFG_PARM_ID,RTE_NODE_ID,KEY_CD,VAL) values ('2012','2004','contentFragment','<start name="placeholder"><activationType>S</activationType></start>');
Insert into KREW_RTE_NODE_CFG_PARM_T (RTE_NODE_CFG_PARM_ID,RTE_NODE_ID,KEY_CD,VAL) values ('2013','2004','activationType','S');
Insert into KREW_RTE_NODE_CFG_PARM_T (RTE_NODE_CFG_PARM_ID,RTE_NODE_ID,KEY_CD,VAL) values ('2014','2004','ruleSelector','Template');
Insert into KREW_RTE_NODE_CFG_PARM_T (RTE_NODE_CFG_PARM_ID,RTE_NODE_ID,KEY_CD,VAL) values ('2015','2006','contentFragment','<start name="placeholder"><activationType>S</activationType></start>');
Insert into KREW_RTE_NODE_CFG_PARM_T (RTE_NODE_CFG_PARM_ID,RTE_NODE_ID,KEY_CD,VAL) values ('2016','2006','activationType','S');
Insert into KREW_RTE_NODE_CFG_PARM_T (RTE_NODE_CFG_PARM_ID,RTE_NODE_ID,KEY_CD,VAL) values ('2017','2006','ruleSelector','Template');
Insert into KREW_RTE_NODE_CFG_PARM_T (RTE_NODE_CFG_PARM_ID,RTE_NODE_ID,KEY_CD,VAL) values ('2118','2039','contentFragment','<start name="Adhoc Routing"><activationType>S</activationType><mandatoryRoute>false</mandatoryRoute><finalApproval>true</finalApproval></start>');
Insert into KREW_RTE_NODE_CFG_PARM_T (RTE_NODE_CFG_PARM_ID,RTE_NODE_ID,KEY_CD,VAL) values ('2119','2039','activationType','S');
Insert into KREW_RTE_NODE_CFG_PARM_T (RTE_NODE_CFG_PARM_ID,RTE_NODE_ID,KEY_CD,VAL) values ('2120','2039','mandatoryRoute','false');
Insert into KREW_RTE_NODE_CFG_PARM_T (RTE_NODE_CFG_PARM_ID,RTE_NODE_ID,KEY_CD,VAL) values ('2121','2039','finalApproval','true');
Insert into KREW_RTE_NODE_CFG_PARM_T (RTE_NODE_CFG_PARM_ID,RTE_NODE_ID,KEY_CD,VAL) values ('2122','2039','ruleSelector','Template');
Insert into KREW_RTE_NODE_CFG_PARM_T (RTE_NODE_CFG_PARM_ID,RTE_NODE_ID,KEY_CD,VAL) values ('2123','2041','contentFragment','<start name="Initiated"><activationType>S</activationType></start>');
Insert into KREW_RTE_NODE_CFG_PARM_T (RTE_NODE_CFG_PARM_ID,RTE_NODE_ID,KEY_CD,VAL) values ('2124','2041','activationType','S');
Insert into KREW_RTE_NODE_CFG_PARM_T (RTE_NODE_CFG_PARM_ID,RTE_NODE_ID,KEY_CD,VAL) values ('2125','2041','ruleSelector','Template');
Insert into KREW_RTE_NODE_CFG_PARM_T (RTE_NODE_CFG_PARM_ID,RTE_NODE_ID,KEY_CD,VAL) values ('2126','2042','contentFragment','<requests name="ReviewersNode"><ruleTemplate>ReviewersRouting</ruleTemplate></requests>');
Insert into KREW_RTE_NODE_CFG_PARM_T (RTE_NODE_CFG_PARM_ID,RTE_NODE_ID,KEY_CD,VAL) values ('2127','2042','ruleTemplate','ReviewersRouting');
Insert into KREW_RTE_NODE_CFG_PARM_T (RTE_NODE_CFG_PARM_ID,RTE_NODE_ID,KEY_CD,VAL) values ('2128','2042','ruleSelector','Template');
Insert into KREW_RTE_NODE_CFG_PARM_T (RTE_NODE_CFG_PARM_ID,RTE_NODE_ID,KEY_CD,VAL) values ('2129','2043','contentFragment','<requests name="RequestsNode"><ruleTemplate>NotificationRouting</ruleTemplate></requests>');
Insert into KREW_RTE_NODE_CFG_PARM_T (RTE_NODE_CFG_PARM_ID,RTE_NODE_ID,KEY_CD,VAL) values ('2130','2043','ruleTemplate','NotificationRouting');
Insert into KREW_RTE_NODE_CFG_PARM_T (RTE_NODE_CFG_PARM_ID,RTE_NODE_ID,KEY_CD,VAL) values ('2131','2043','ruleSelector','Template');
Insert into KREW_RTE_NODE_CFG_PARM_T (RTE_NODE_CFG_PARM_ID,RTE_NODE_ID,KEY_CD,VAL) values ('2162','2057','contentFragment','<start name="Initiated"><activationType>P</activationType><mandatoryRoute>false</mandatoryRoute><finalApproval>false</finalApproval></start>');
Insert into KREW_RTE_NODE_CFG_PARM_T (RTE_NODE_CFG_PARM_ID,RTE_NODE_ID,KEY_CD,VAL) values ('2163','2057','activationType','P');
Insert into KREW_RTE_NODE_CFG_PARM_T (RTE_NODE_CFG_PARM_ID,RTE_NODE_ID,KEY_CD,VAL) values ('2164','2057','mandatoryRoute','false');
Insert into KREW_RTE_NODE_CFG_PARM_T (RTE_NODE_CFG_PARM_ID,RTE_NODE_ID,KEY_CD,VAL) values ('2165','2057','finalApproval','false');
Insert into KREW_RTE_NODE_CFG_PARM_T (RTE_NODE_CFG_PARM_ID,RTE_NODE_ID,KEY_CD,VAL) values ('2166','2057','ruleSelector','Template');
Insert into KREW_RTE_NODE_CFG_PARM_T (RTE_NODE_CFG_PARM_ID,RTE_NODE_ID,KEY_CD,VAL) values ('2167','2059','contentFragment','<start name="Initiated"><activationType>P</activationType></start>');
Insert into KREW_RTE_NODE_CFG_PARM_T (RTE_NODE_CFG_PARM_ID,RTE_NODE_ID,KEY_CD,VAL) values ('2168','2059','activationType','P');
Insert into KREW_RTE_NODE_CFG_PARM_T (RTE_NODE_CFG_PARM_ID,RTE_NODE_ID,KEY_CD,VAL) values ('2169','2059','ruleSelector','Template');
Insert into KREW_RTE_NODE_CFG_PARM_T (RTE_NODE_CFG_PARM_ID,RTE_NODE_ID,KEY_CD,VAL) values ('2170','2061','contentFragment','<start name="Initiated"><activationType>P</activationType><mandatoryRoute>false</mandatoryRoute><finalApproval>false</finalApproval></start>');
Insert into KREW_RTE_NODE_CFG_PARM_T (RTE_NODE_CFG_PARM_ID,RTE_NODE_ID,KEY_CD,VAL) values ('2171','2061','activationType','P');
Insert into KREW_RTE_NODE_CFG_PARM_T (RTE_NODE_CFG_PARM_ID,RTE_NODE_ID,KEY_CD,VAL) values ('2172','2061','mandatoryRoute','false');
Insert into KREW_RTE_NODE_CFG_PARM_T (RTE_NODE_CFG_PARM_ID,RTE_NODE_ID,KEY_CD,VAL) values ('2173','2061','finalApproval','false');
Insert into KREW_RTE_NODE_CFG_PARM_T (RTE_NODE_CFG_PARM_ID,RTE_NODE_ID,KEY_CD,VAL) values ('2174','2061','ruleSelector','Template');
Insert into KREW_RTE_NODE_CFG_PARM_T (RTE_NODE_CFG_PARM_ID,RTE_NODE_ID,KEY_CD,VAL) values ('2175','2063','contentFragment','<start name="Initiated"><activationType>P</activationType><mandatoryRoute>false</mandatoryRoute><finalApproval>false</finalApproval></start>');
Insert into KREW_RTE_NODE_CFG_PARM_T (RTE_NODE_CFG_PARM_ID,RTE_NODE_ID,KEY_CD,VAL) values ('2176','2063','activationType','P');
Insert into KREW_RTE_NODE_CFG_PARM_T (RTE_NODE_CFG_PARM_ID,RTE_NODE_ID,KEY_CD,VAL) values ('2177','2063','mandatoryRoute','false');
Insert into KREW_RTE_NODE_CFG_PARM_T (RTE_NODE_CFG_PARM_ID,RTE_NODE_ID,KEY_CD,VAL) values ('2178','2063','finalApproval','false');
Insert into KREW_RTE_NODE_CFG_PARM_T (RTE_NODE_CFG_PARM_ID,RTE_NODE_ID,KEY_CD,VAL) values ('2179','2063','ruleSelector','Template');
Insert into KREW_RTE_NODE_CFG_PARM_T (RTE_NODE_CFG_PARM_ID,RTE_NODE_ID,KEY_CD,VAL) values ('2180','2065','contentFragment','<start name="Initiated"><activationType>P</activationType><mandatoryRoute>false</mandatoryRoute><finalApproval>false</finalApproval></start>');
Insert into KREW_RTE_NODE_CFG_PARM_T (RTE_NODE_CFG_PARM_ID,RTE_NODE_ID,KEY_CD,VAL) values ('2181','2065','activationType','P');
Insert into KREW_RTE_NODE_CFG_PARM_T (RTE_NODE_CFG_PARM_ID,RTE_NODE_ID,KEY_CD,VAL) values ('2182','2065','mandatoryRoute','false');
Insert into KREW_RTE_NODE_CFG_PARM_T (RTE_NODE_CFG_PARM_ID,RTE_NODE_ID,KEY_CD,VAL) values ('2183','2065','finalApproval','false');
Insert into KREW_RTE_NODE_CFG_PARM_T (RTE_NODE_CFG_PARM_ID,RTE_NODE_ID,KEY_CD,VAL) values ('2184','2065','ruleSelector','Template');
Insert into KREW_RTE_NODE_CFG_PARM_T (RTE_NODE_CFG_PARM_ID,RTE_NODE_ID,KEY_CD,VAL) values ('2185','2067','contentFragment','<start name="Initiated"><activationType>P</activationType><mandatoryRoute>false</mandatoryRoute><finalApproval>false</finalApproval></start>');
Insert into KREW_RTE_NODE_CFG_PARM_T (RTE_NODE_CFG_PARM_ID,RTE_NODE_ID,KEY_CD,VAL) values ('2186','2067','activationType','P');
Insert into KREW_RTE_NODE_CFG_PARM_T (RTE_NODE_CFG_PARM_ID,RTE_NODE_ID,KEY_CD,VAL) values ('2187','2067','mandatoryRoute','false');
Insert into KREW_RTE_NODE_CFG_PARM_T (RTE_NODE_CFG_PARM_ID,RTE_NODE_ID,KEY_CD,VAL) values ('2188','2067','finalApproval','false');
Insert into KREW_RTE_NODE_CFG_PARM_T (RTE_NODE_CFG_PARM_ID,RTE_NODE_ID,KEY_CD,VAL) values ('2189','2067','ruleSelector','Template');
Insert into KREW_RTE_NODE_CFG_PARM_T (RTE_NODE_CFG_PARM_ID,RTE_NODE_ID,KEY_CD,VAL) values ('2243','2344','contentFragment','<start name="AdHoc"><activationType>P</activationType></start>');
Insert into KREW_RTE_NODE_CFG_PARM_T (RTE_NODE_CFG_PARM_ID,RTE_NODE_ID,KEY_CD,VAL) values ('2244','2344','activationType','P');
Insert into KREW_RTE_NODE_CFG_PARM_T (RTE_NODE_CFG_PARM_ID,RTE_NODE_ID,KEY_CD,VAL) values ('2245','2344','ruleSelector','Template');
Insert into KREW_RTE_NODE_CFG_PARM_T (RTE_NODE_CFG_PARM_ID,RTE_NODE_ID,KEY_CD,VAL) values ('2360','2580','contentFragment','<start name="Initiated"><activationType>P</activationType><mandatoryRoute>false</mandatoryRoute><finalApproval>false</finalApproval></start>');
Insert into KREW_RTE_NODE_CFG_PARM_T (RTE_NODE_CFG_PARM_ID,RTE_NODE_ID,KEY_CD,VAL) values ('2361','2580','activationType','P');
Insert into KREW_RTE_NODE_CFG_PARM_T (RTE_NODE_CFG_PARM_ID,RTE_NODE_ID,KEY_CD,VAL) values ('2362','2580','mandatoryRoute','false');
Insert into KREW_RTE_NODE_CFG_PARM_T (RTE_NODE_CFG_PARM_ID,RTE_NODE_ID,KEY_CD,VAL) values ('2363','2580','finalApproval','false');
Insert into KREW_RTE_NODE_CFG_PARM_T (RTE_NODE_CFG_PARM_ID,RTE_NODE_ID,KEY_CD,VAL) values ('2364','2580','ruleSelector','Template');
Insert into KREW_RTE_NODE_CFG_PARM_T (RTE_NODE_CFG_PARM_ID,RTE_NODE_ID,KEY_CD,VAL) values ('2365','2581','contentFragment','<requests name="eDoc.Example1.Node1"><activationType>P</activationType><ruleTemplate>eDoc.Example1.Node1</ruleTemplate><mandatoryRoute>false</mandatoryRoute><finalApproval>false</finalApproval></requests>');
Insert into KREW_RTE_NODE_CFG_PARM_T (RTE_NODE_CFG_PARM_ID,RTE_NODE_ID,KEY_CD,VAL) values ('2366','2581','activationType','P');
Insert into KREW_RTE_NODE_CFG_PARM_T (RTE_NODE_CFG_PARM_ID,RTE_NODE_ID,KEY_CD,VAL) values ('2367','2581','ruleTemplate','eDoc.Example1.Node1');
Insert into KREW_RTE_NODE_CFG_PARM_T (RTE_NODE_CFG_PARM_ID,RTE_NODE_ID,KEY_CD,VAL) values ('2368','2581','mandatoryRoute','false');
Insert into KREW_RTE_NODE_CFG_PARM_T (RTE_NODE_CFG_PARM_ID,RTE_NODE_ID,KEY_CD,VAL) values ('2369','2581','finalApproval','false');
Insert into KREW_RTE_NODE_CFG_PARM_T (RTE_NODE_CFG_PARM_ID,RTE_NODE_ID,KEY_CD,VAL) values ('2370','2581','ruleSelector','Template');
Insert into KREW_RTE_NODE_CFG_PARM_T (RTE_NODE_CFG_PARM_ID,RTE_NODE_ID,KEY_CD,VAL) values ('2380','2840','contentFragment','<start name="PreRoute"><activationType>S</activationType><mandatoryRoute>false</mandatoryRoute><finalApproval>false</finalApproval></start>');
Insert into KREW_RTE_NODE_CFG_PARM_T (RTE_NODE_CFG_PARM_ID,RTE_NODE_ID,KEY_CD,VAL) values ('2381','2840','activationType','S');
Insert into KREW_RTE_NODE_CFG_PARM_T (RTE_NODE_CFG_PARM_ID,RTE_NODE_ID,KEY_CD,VAL) values ('2382','2840','mandatoryRoute','false');
Insert into KREW_RTE_NODE_CFG_PARM_T (RTE_NODE_CFG_PARM_ID,RTE_NODE_ID,KEY_CD,VAL) values ('2383','2840','finalApproval','false');
Insert into KREW_RTE_NODE_CFG_PARM_T (RTE_NODE_CFG_PARM_ID,RTE_NODE_ID,KEY_CD,VAL) values ('2384','2840','ruleSelector','Template');
Insert into KREW_RTE_NODE_CFG_PARM_T (RTE_NODE_CFG_PARM_ID,RTE_NODE_ID,KEY_CD,VAL) values ('2397','2846','contentFragment','<start name="PreRoute"><activationType>P</activationType></start>');
Insert into KREW_RTE_NODE_CFG_PARM_T (RTE_NODE_CFG_PARM_ID,RTE_NODE_ID,KEY_CD,VAL) values ('2398','2846','activationType','P');
Insert into KREW_RTE_NODE_CFG_PARM_T (RTE_NODE_CFG_PARM_ID,RTE_NODE_ID,KEY_CD,VAL) values ('2399','2846','ruleSelector','Template');
Insert into KREW_RTE_NODE_CFG_PARM_T (RTE_NODE_CFG_PARM_ID,RTE_NODE_ID,KEY_CD,VAL) values ('2400','2847','contentFragment','<requests name="DestinationApproval"><ruleTemplate>TravelRequest-DestinationRouting</ruleTemplate></requests>');
Insert into KREW_RTE_NODE_CFG_PARM_T (RTE_NODE_CFG_PARM_ID,RTE_NODE_ID,KEY_CD,VAL) values ('2401','2847','ruleTemplate','TravelRequest-DestinationRouting');
Insert into KREW_RTE_NODE_CFG_PARM_T (RTE_NODE_CFG_PARM_ID,RTE_NODE_ID,KEY_CD,VAL) values ('2402','2847','ruleSelector','Template');
Insert into KREW_RTE_NODE_CFG_PARM_T (RTE_NODE_CFG_PARM_ID,RTE_NODE_ID,KEY_CD,VAL) values ('2403','2848','contentFragment','<requests name="TravelerApproval"><ruleTemplate>TravelRequest-TravelerRouting</ruleTemplate></requests>');
Insert into KREW_RTE_NODE_CFG_PARM_T (RTE_NODE_CFG_PARM_ID,RTE_NODE_ID,KEY_CD,VAL) values ('2404','2848','ruleTemplate','TravelRequest-TravelerRouting');
Insert into KREW_RTE_NODE_CFG_PARM_T (RTE_NODE_CFG_PARM_ID,RTE_NODE_ID,KEY_CD,VAL) values ('2405','2848','ruleSelector','Template');
Insert into KREW_RTE_NODE_CFG_PARM_T (RTE_NODE_CFG_PARM_ID,RTE_NODE_ID,KEY_CD,VAL) values ('2406','2849','contentFragment','<requests name="SupervisorApproval"><ruleTemplate>TravelRequest-SupervisorRouting</ruleTemplate></requests>');
Insert into KREW_RTE_NODE_CFG_PARM_T (RTE_NODE_CFG_PARM_ID,RTE_NODE_ID,KEY_CD,VAL) values ('2407','2849','ruleTemplate','TravelRequest-SupervisorRouting');
Insert into KREW_RTE_NODE_CFG_PARM_T (RTE_NODE_CFG_PARM_ID,RTE_NODE_ID,KEY_CD,VAL) values ('2408','2849','ruleSelector','Template');
Insert into KREW_RTE_NODE_CFG_PARM_T (RTE_NODE_CFG_PARM_ID,RTE_NODE_ID,KEY_CD,VAL) values ('2409','2850','contentFragment','<requests name="AccountApproval"><ruleTemplate>TravelRequest-AccountRouting</ruleTemplate></requests>');
Insert into KREW_RTE_NODE_CFG_PARM_T (RTE_NODE_CFG_PARM_ID,RTE_NODE_ID,KEY_CD,VAL) values ('2410','2850','ruleTemplate','TravelRequest-AccountRouting');
Insert into KREW_RTE_NODE_CFG_PARM_T (RTE_NODE_CFG_PARM_ID,RTE_NODE_ID,KEY_CD,VAL) values ('2411','2850','ruleSelector','Template');
Insert into KREW_RTE_NODE_CFG_PARM_T (RTE_NODE_CFG_PARM_ID,RTE_NODE_ID,KEY_CD,VAL) values ('2412','2892','contentFragment','<start name="Adhoc Routing"><activationType>P</activationType><mandatoryRoute>false</mandatoryRoute><finalApproval>false</finalApproval></start>');
Insert into KREW_RTE_NODE_CFG_PARM_T (RTE_NODE_CFG_PARM_ID,RTE_NODE_ID,KEY_CD,VAL) values ('2413','2892','activationType','P');
Insert into KREW_RTE_NODE_CFG_PARM_T (RTE_NODE_CFG_PARM_ID,RTE_NODE_ID,KEY_CD,VAL) values ('2414','2892','mandatoryRoute','false');
Insert into KREW_RTE_NODE_CFG_PARM_T (RTE_NODE_CFG_PARM_ID,RTE_NODE_ID,KEY_CD,VAL) values ('2415','2892','finalApproval','false');
Insert into KREW_RTE_NODE_CFG_PARM_T (RTE_NODE_CFG_PARM_ID,RTE_NODE_ID,KEY_CD,VAL) values ('2416','2892','ruleSelector','Template');
Insert into KREW_RTE_NODE_CFG_PARM_T (RTE_NODE_CFG_PARM_ID,RTE_NODE_ID,KEY_CD,VAL) values ('2417','2893','contentFragment','<requests name="Recipe Masters Group Approval"><activationType>S</activationType><ruleSelector>Named</ruleSelector><ruleName>RecipeMastersGroupApproval</ruleName></requests>');
Insert into KREW_RTE_NODE_CFG_PARM_T (RTE_NODE_CFG_PARM_ID,RTE_NODE_ID,KEY_CD,VAL) values ('2418','2893','activationType','S');
Insert into KREW_RTE_NODE_CFG_PARM_T (RTE_NODE_CFG_PARM_ID,RTE_NODE_ID,KEY_CD,VAL) values ('2419','2893','ruleSelector','Named');
Insert into KREW_RTE_NODE_CFG_PARM_T (RTE_NODE_CFG_PARM_ID,RTE_NODE_ID,KEY_CD,VAL) values ('2420','2893','ruleName','RecipeMastersGroupApproval');
Insert into KREW_RTE_NODE_CFG_PARM_T (RTE_NODE_CFG_PARM_ID,RTE_NODE_ID,KEY_CD,VAL) values ('2421','2895','contentFragment','<start name="Adhoc Routing"><activationType>P</activationType><mandatoryRoute>false</mandatoryRoute><finalApproval>false</finalApproval></start>');
Insert into KREW_RTE_NODE_CFG_PARM_T (RTE_NODE_CFG_PARM_ID,RTE_NODE_ID,KEY_CD,VAL) values ('2422','2895','activationType','P');
Insert into KREW_RTE_NODE_CFG_PARM_T (RTE_NODE_CFG_PARM_ID,RTE_NODE_ID,KEY_CD,VAL) values ('2423','2895','mandatoryRoute','false');
Insert into KREW_RTE_NODE_CFG_PARM_T (RTE_NODE_CFG_PARM_ID,RTE_NODE_ID,KEY_CD,VAL) values ('2424','2895','finalApproval','false');
Insert into KREW_RTE_NODE_CFG_PARM_T (RTE_NODE_CFG_PARM_ID,RTE_NODE_ID,KEY_CD,VAL) values ('2425','2895','ruleSelector','Template');
Insert into KREW_RTE_NODE_CFG_PARM_T (RTE_NODE_CFG_PARM_ID,RTE_NODE_ID,KEY_CD,VAL) values ('2426','2896','contentFragment','<requests name="Chicken Recipe Masters Group Approval"><activationType>S</activationType><ruleSelector>Named</ruleSelector><ruleName>ChickenRecipeMastersGroupApproval</ruleName></requests>');
Insert into KREW_RTE_NODE_CFG_PARM_T (RTE_NODE_CFG_PARM_ID,RTE_NODE_ID,KEY_CD,VAL) values ('2427','2896','activationType','S');
Insert into KREW_RTE_NODE_CFG_PARM_T (RTE_NODE_CFG_PARM_ID,RTE_NODE_ID,KEY_CD,VAL) values ('2428','2896','ruleSelector','Named');
Insert into KREW_RTE_NODE_CFG_PARM_T (RTE_NODE_CFG_PARM_ID,RTE_NODE_ID,KEY_CD,VAL) values ('2429','2896','ruleName','ChickenRecipeMastersGroupApproval');
Insert into KREW_RTE_NODE_CFG_PARM_T (RTE_NODE_CFG_PARM_ID,RTE_NODE_ID,KEY_CD,VAL) values ('2430','2898','contentFragment','<start name="AdHoc"/>');
Insert into KREW_RTE_NODE_CFG_PARM_T (RTE_NODE_CFG_PARM_ID,RTE_NODE_ID,KEY_CD,VAL) values ('2431','2898','ruleSelector','Template');
Insert into KREW_RTE_NODE_CFG_PARM_T (RTE_NODE_CFG_PARM_ID,RTE_NODE_ID,KEY_CD,VAL) values ('2432','2899','contentFragment','<role name="RoleType"><qualifierResolverClass>org.kuali.rice.kim.impl.type.KimTypeQualifierResolver</qualifierResolverClass><activationType>P</activationType></role>');
Insert into KREW_RTE_NODE_CFG_PARM_T (RTE_NODE_CFG_PARM_ID,RTE_NODE_ID,KEY_CD,VAL) values ('2433','2899','qualifierResolverClass','org.kuali.rice.kim.impl.type.KimTypeQualifierResolver');
Insert into KREW_RTE_NODE_CFG_PARM_T (RTE_NODE_CFG_PARM_ID,RTE_NODE_ID,KEY_CD,VAL) values ('2434','2899','activationType','P');
Insert into KREW_RTE_NODE_CFG_PARM_T (RTE_NODE_CFG_PARM_ID,RTE_NODE_ID,KEY_CD,VAL) values ('2435','2899','ruleSelector','Template');
Insert into KREW_RTE_NODE_CFG_PARM_T (RTE_NODE_CFG_PARM_ID,RTE_NODE_ID,KEY_CD,VAL) values ('2436','2901','contentFragment','<start name="AdHoc"/>');
Insert into KREW_RTE_NODE_CFG_PARM_T (RTE_NODE_CFG_PARM_ID,RTE_NODE_ID,KEY_CD,VAL) values ('2437','2901','ruleSelector','Template');
Insert into KREW_RTE_NODE_CFG_PARM_T (RTE_NODE_CFG_PARM_ID,RTE_NODE_ID,KEY_CD,VAL) values ('2438','2902','contentFragment','<role name="GroupType"><qualifierResolverClass>org.kuali.rice.kim.impl.type.KimTypeQualifierResolver</qualifierResolverClass><activationType>P</activationType></role>');
Insert into KREW_RTE_NODE_CFG_PARM_T (RTE_NODE_CFG_PARM_ID,RTE_NODE_ID,KEY_CD,VAL) values ('2439','2902','qualifierResolverClass','org.kuali.rice.kim.impl.type.KimTypeQualifierResolver');
Insert into KREW_RTE_NODE_CFG_PARM_T (RTE_NODE_CFG_PARM_ID,RTE_NODE_ID,KEY_CD,VAL) values ('2440','2902','activationType','P');
Insert into KREW_RTE_NODE_CFG_PARM_T (RTE_NODE_CFG_PARM_ID,RTE_NODE_ID,KEY_CD,VAL) values ('2441','2902','ruleSelector','Template');
Insert into KREW_RTE_NODE_CFG_PARM_T (RTE_NODE_CFG_PARM_ID,RTE_NODE_ID,KEY_CD,VAL) values ('2442','2904','contentFragment','<start name="AdHoc"/>');
Insert into KREW_RTE_NODE_CFG_PARM_T (RTE_NODE_CFG_PARM_ID,RTE_NODE_ID,KEY_CD,VAL) values ('2443','2904','ruleSelector','Template');
Insert into KREW_RTE_NODE_CFG_PARM_T (RTE_NODE_CFG_PARM_ID,RTE_NODE_ID,KEY_CD,VAL) values ('2444','2905','contentFragment','<role name="GroupType"><qualifierResolverClass>org.kuali.rice.kim.impl.type.KimTypeQualifierResolver</qualifierResolverClass><activationType>P</activationType></role>');
Insert into KREW_RTE_NODE_CFG_PARM_T (RTE_NODE_CFG_PARM_ID,RTE_NODE_ID,KEY_CD,VAL) values ('2445','2905','qualifierResolverClass','org.kuali.rice.kim.impl.type.KimTypeQualifierResolver');
Insert into KREW_RTE_NODE_CFG_PARM_T (RTE_NODE_CFG_PARM_ID,RTE_NODE_ID,KEY_CD,VAL) values ('2446','2905','activationType','P');
Insert into KREW_RTE_NODE_CFG_PARM_T (RTE_NODE_CFG_PARM_ID,RTE_NODE_ID,KEY_CD,VAL) values ('2447','2905','ruleSelector','Template');
Insert into KREW_RTE_NODE_CFG_PARM_T (RTE_NODE_CFG_PARM_ID,RTE_NODE_ID,KEY_CD,VAL) values ('2448','2906','contentFragment','<role name="RoleType"><qualifierResolverClass>org.kuali.rice.kim.impl.type.KimTypeQualifierResolver</qualifierResolverClass><activationType>P</activationType></role>');
Insert into KREW_RTE_NODE_CFG_PARM_T (RTE_NODE_CFG_PARM_ID,RTE_NODE_ID,KEY_CD,VAL) values ('2449','2906','qualifierResolverClass','org.kuali.rice.kim.impl.type.KimTypeQualifierResolver');
Insert into KREW_RTE_NODE_CFG_PARM_T (RTE_NODE_CFG_PARM_ID,RTE_NODE_ID,KEY_CD,VAL) values ('2450','2906','activationType','P');
Insert into KREW_RTE_NODE_CFG_PARM_T (RTE_NODE_CFG_PARM_ID,RTE_NODE_ID,KEY_CD,VAL) values ('2451','2906','ruleSelector','Template');
Insert into KREW_RTE_NODE_CFG_PARM_T (RTE_NODE_CFG_PARM_ID,RTE_NODE_ID,KEY_CD,VAL) values ('2452','2908','contentFragment','<start name="AdHoc"/>');
Insert into KREW_RTE_NODE_CFG_PARM_T (RTE_NODE_CFG_PARM_ID,RTE_NODE_ID,KEY_CD,VAL) values ('2453','2908','ruleSelector','Template');
Insert into KREW_RTE_NODE_CFG_PARM_T (RTE_NODE_CFG_PARM_ID,RTE_NODE_ID,KEY_CD,VAL) values ('2454','2910','contentFragment','<start name="AdHoc"/>');
Insert into KREW_RTE_NODE_CFG_PARM_T (RTE_NODE_CFG_PARM_ID,RTE_NODE_ID,KEY_CD,VAL) values ('2455','2910','ruleSelector','Template');
Insert into KREW_RTE_NODE_CFG_PARM_T (RTE_NODE_CFG_PARM_ID,RTE_NODE_ID,KEY_CD,VAL) values ('2461','2914','contentFragment','<start name="Initiated">
<activationType>P</activationType>
<mandatoryRoute>false</mandatoryRoute>
<finalApproval>false</finalApproval>
</start>
');
Insert into KREW_RTE_NODE_CFG_PARM_T (RTE_NODE_CFG_PARM_ID,RTE_NODE_ID,KEY_CD,VAL) values ('2462','2914','activationType','P');
Insert into KREW_RTE_NODE_CFG_PARM_T (RTE_NODE_CFG_PARM_ID,RTE_NODE_ID,KEY_CD,VAL) values ('2463','2914','mandatoryRoute','false');
Insert into KREW_RTE_NODE_CFG_PARM_T (RTE_NODE_CFG_PARM_ID,RTE_NODE_ID,KEY_CD,VAL) values ('2464','2914','finalApproval','false');
Insert into KREW_RTE_NODE_CFG_PARM_T (RTE_NODE_CFG_PARM_ID,RTE_NODE_ID,KEY_CD,VAL) values ('2465','2914','ruleSelector','Template');
Insert into KREW_RTE_NODE_CFG_PARM_T (RTE_NODE_CFG_PARM_ID,RTE_NODE_ID,KEY_CD,VAL) values ('2466','2915','contentFragment','<requests name="PeopleFlows">
<activationType>R</activationType>
<rulesEngine executorClass="edu.sampleu.travel.workflow.TravelAccountRulesEngineExecutor"/>
</requests>
');
Insert into KREW_RTE_NODE_CFG_PARM_T (RTE_NODE_CFG_PARM_ID,RTE_NODE_ID,KEY_CD,VAL) values ('2467','2915','activationType','R');
Insert into KREW_RTE_NODE_CFG_PARM_T (RTE_NODE_CFG_PARM_ID,RTE_NODE_ID,KEY_CD,VAL) values ('2468','2915','rulesEngine',null);
Insert into KREW_RTE_NODE_CFG_PARM_T (RTE_NODE_CFG_PARM_ID,RTE_NODE_ID,KEY_CD,VAL) values ('2469','2915','ruleSelector','Template');
Insert into KREW_RTE_NODE_CFG_PARM_T (RTE_NODE_CFG_PARM_ID,RTE_NODE_ID,KEY_CD,VAL) values ('2470','2917','contentFragment','<start name="Initiated">
<activationType>P</activationType>
<mandatoryRoute>false</mandatoryRoute>
<finalApproval>false</finalApproval>
</start>
');
Insert into KREW_RTE_NODE_CFG_PARM_T (RTE_NODE_CFG_PARM_ID,RTE_NODE_ID,KEY_CD,VAL) values ('2471','2917','activationType','P');
Insert into KREW_RTE_NODE_CFG_PARM_T (RTE_NODE_CFG_PARM_ID,RTE_NODE_ID,KEY_CD,VAL) values ('2472','2917','mandatoryRoute','false');
Insert into KREW_RTE_NODE_CFG_PARM_T (RTE_NODE_CFG_PARM_ID,RTE_NODE_ID,KEY_CD,VAL) values ('2473','2917','finalApproval','false');
Insert into KREW_RTE_NODE_CFG_PARM_T (RTE_NODE_CFG_PARM_ID,RTE_NODE_ID,KEY_CD,VAL) values ('2474','2917','ruleSelector','Template');
Insert into KREW_RTE_NODE_CFG_PARM_T (RTE_NODE_CFG_PARM_ID,RTE_NODE_ID,KEY_CD,VAL) values ('2475','2919','contentFragment','<start name="Initiated">
<activationType>P</activationType>
<mandatoryRoute>false</mandatoryRoute>
<finalApproval>false</finalApproval>
</start>
');
Insert into KREW_RTE_NODE_CFG_PARM_T (RTE_NODE_CFG_PARM_ID,RTE_NODE_ID,KEY_CD,VAL) values ('2476','2919','activationType','P');
Insert into KREW_RTE_NODE_CFG_PARM_T (RTE_NODE_CFG_PARM_ID,RTE_NODE_ID,KEY_CD,VAL) values ('2477','2919','mandatoryRoute','false');
Insert into KREW_RTE_NODE_CFG_PARM_T (RTE_NODE_CFG_PARM_ID,RTE_NODE_ID,KEY_CD,VAL) values ('2478','2919','finalApproval','false');
Insert into KREW_RTE_NODE_CFG_PARM_T (RTE_NODE_CFG_PARM_ID,RTE_NODE_ID,KEY_CD,VAL) values ('2479','2919','ruleSelector','Template');
Insert into KREW_RTE_NODE_CFG_PARM_T (RTE_NODE_CFG_PARM_ID,RTE_NODE_ID,KEY_CD,VAL) values ('2480','2921','contentFragment','<start name="Initiated">
<activationType>P</activationType>
<mandatoryRoute>false</mandatoryRoute>
<finalApproval>false</finalApproval>
</start>
');
Insert into KREW_RTE_NODE_CFG_PARM_T (RTE_NODE_CFG_PARM_ID,RTE_NODE_ID,KEY_CD,VAL) values ('2481','2921','activationType','P');
Insert into KREW_RTE_NODE_CFG_PARM_T (RTE_NODE_CFG_PARM_ID,RTE_NODE_ID,KEY_CD,VAL) values ('2482','2921','mandatoryRoute','false');
Insert into KREW_RTE_NODE_CFG_PARM_T (RTE_NODE_CFG_PARM_ID,RTE_NODE_ID,KEY_CD,VAL) values ('2483','2921','finalApproval','false');
Insert into KREW_RTE_NODE_CFG_PARM_T (RTE_NODE_CFG_PARM_ID,RTE_NODE_ID,KEY_CD,VAL) values ('2484','2921','ruleSelector','Template');
 --- INSERTING into KREW_RTE_NODE_INSTN_LNK_T

Insert into KREW_RTE_NODE_INSTN_LNK_T (FROM_RTE_NODE_INSTN_ID,TO_RTE_NODE_INSTN_ID) values ('2072','2073');
Insert into KREW_RTE_NODE_INSTN_LNK_T (FROM_RTE_NODE_INSTN_ID,TO_RTE_NODE_INSTN_ID) values ('2101','2102');
Insert into KREW_RTE_NODE_INSTN_LNK_T (FROM_RTE_NODE_INSTN_ID,TO_RTE_NODE_INSTN_ID) values ('2165','2166');
Insert into KREW_RTE_NODE_INSTN_LNK_T (FROM_RTE_NODE_INSTN_ID,TO_RTE_NODE_INSTN_ID) values ('2170','2171');
Insert into KREW_RTE_NODE_INSTN_LNK_T (FROM_RTE_NODE_INSTN_ID,TO_RTE_NODE_INSTN_ID) values ('2171','2172');
Insert into KREW_RTE_NODE_INSTN_LNK_T (FROM_RTE_NODE_INSTN_ID,TO_RTE_NODE_INSTN_ID) values ('2172','2173');
Insert into KREW_RTE_NODE_INSTN_LNK_T (FROM_RTE_NODE_INSTN_ID,TO_RTE_NODE_INSTN_ID) values ('2173','2174');
Insert into KREW_RTE_NODE_INSTN_LNK_T (FROM_RTE_NODE_INSTN_ID,TO_RTE_NODE_INSTN_ID) values ('2221','2222');
Insert into KREW_RTE_NODE_INSTN_LNK_T (FROM_RTE_NODE_INSTN_ID,TO_RTE_NODE_INSTN_ID) values ('2263','2264');
Insert into KREW_RTE_NODE_INSTN_LNK_T (FROM_RTE_NODE_INSTN_ID,TO_RTE_NODE_INSTN_ID) values ('2268','2269');
Insert into KREW_RTE_NODE_INSTN_LNK_T (FROM_RTE_NODE_INSTN_ID,TO_RTE_NODE_INSTN_ID) values ('2321','2322');
Insert into KREW_RTE_NODE_INSTN_LNK_T (FROM_RTE_NODE_INSTN_ID,TO_RTE_NODE_INSTN_ID) values ('2504','2505');
Insert into KREW_RTE_NODE_INSTN_LNK_T (FROM_RTE_NODE_INSTN_ID,TO_RTE_NODE_INSTN_ID) values ('2519','2520');
Insert into KREW_RTE_NODE_INSTN_LNK_T (FROM_RTE_NODE_INSTN_ID,TO_RTE_NODE_INSTN_ID) values ('2525','2526');
Insert into KREW_RTE_NODE_INSTN_LNK_T (FROM_RTE_NODE_INSTN_ID,TO_RTE_NODE_INSTN_ID) values ('2526','2527');
Insert into KREW_RTE_NODE_INSTN_LNK_T (FROM_RTE_NODE_INSTN_ID,TO_RTE_NODE_INSTN_ID) values ('2527','2528');
Insert into KREW_RTE_NODE_INSTN_LNK_T (FROM_RTE_NODE_INSTN_ID,TO_RTE_NODE_INSTN_ID) values ('2528','2529');
Insert into KREW_RTE_NODE_INSTN_LNK_T (FROM_RTE_NODE_INSTN_ID,TO_RTE_NODE_INSTN_ID) values ('2536','2539');
Insert into KREW_RTE_NODE_INSTN_LNK_T (FROM_RTE_NODE_INSTN_ID,TO_RTE_NODE_INSTN_ID) values ('2539','2540');
Insert into KREW_RTE_NODE_INSTN_LNK_T (FROM_RTE_NODE_INSTN_ID,TO_RTE_NODE_INSTN_ID) values ('2540','2541');
Insert into KREW_RTE_NODE_INSTN_LNK_T (FROM_RTE_NODE_INSTN_ID,TO_RTE_NODE_INSTN_ID) values ('2541','2542');
Insert into KREW_RTE_NODE_INSTN_LNK_T (FROM_RTE_NODE_INSTN_ID,TO_RTE_NODE_INSTN_ID) values ('2631','2632');
Insert into KREW_RTE_NODE_INSTN_LNK_T (FROM_RTE_NODE_INSTN_ID,TO_RTE_NODE_INSTN_ID) values ('2632','2633');
Insert into KREW_RTE_NODE_INSTN_LNK_T (FROM_RTE_NODE_INSTN_ID,TO_RTE_NODE_INSTN_ID) values ('2633','2634');
Insert into KREW_RTE_NODE_INSTN_LNK_T (FROM_RTE_NODE_INSTN_ID,TO_RTE_NODE_INSTN_ID) values ('2634','2635');
Insert into KREW_RTE_NODE_INSTN_LNK_T (FROM_RTE_NODE_INSTN_ID,TO_RTE_NODE_INSTN_ID) values ('2638','2639');
Insert into KREW_RTE_NODE_INSTN_LNK_T (FROM_RTE_NODE_INSTN_ID,TO_RTE_NODE_INSTN_ID) values ('2639','2640');
Insert into KREW_RTE_NODE_INSTN_LNK_T (FROM_RTE_NODE_INSTN_ID,TO_RTE_NODE_INSTN_ID) values ('2640','2641');
Insert into KREW_RTE_NODE_INSTN_LNK_T (FROM_RTE_NODE_INSTN_ID,TO_RTE_NODE_INSTN_ID) values ('2641','2642');
Insert into KREW_RTE_NODE_INSTN_LNK_T (FROM_RTE_NODE_INSTN_ID,TO_RTE_NODE_INSTN_ID) values ('2645','2646');
Insert into KREW_RTE_NODE_INSTN_LNK_T (FROM_RTE_NODE_INSTN_ID,TO_RTE_NODE_INSTN_ID) values ('2646','2647');
Insert into KREW_RTE_NODE_INSTN_LNK_T (FROM_RTE_NODE_INSTN_ID,TO_RTE_NODE_INSTN_ID) values ('2647','2648');
Insert into KREW_RTE_NODE_INSTN_LNK_T (FROM_RTE_NODE_INSTN_ID,TO_RTE_NODE_INSTN_ID) values ('2648','2649');
Insert into KREW_RTE_NODE_INSTN_LNK_T (FROM_RTE_NODE_INSTN_ID,TO_RTE_NODE_INSTN_ID) values ('2666','2667');
Insert into KREW_RTE_NODE_INSTN_LNK_T (FROM_RTE_NODE_INSTN_ID,TO_RTE_NODE_INSTN_ID) values ('2667','2668');
Insert into KREW_RTE_NODE_INSTN_LNK_T (FROM_RTE_NODE_INSTN_ID,TO_RTE_NODE_INSTN_ID) values ('2668','2669');
Insert into KREW_RTE_NODE_INSTN_LNK_T (FROM_RTE_NODE_INSTN_ID,TO_RTE_NODE_INSTN_ID) values ('2669','2670');
Insert into KREW_RTE_NODE_INSTN_LNK_T (FROM_RTE_NODE_INSTN_ID,TO_RTE_NODE_INSTN_ID) values ('2685','2686');
Insert into KREW_RTE_NODE_INSTN_LNK_T (FROM_RTE_NODE_INSTN_ID,TO_RTE_NODE_INSTN_ID) values ('2686','2687');
Insert into KREW_RTE_NODE_INSTN_LNK_T (FROM_RTE_NODE_INSTN_ID,TO_RTE_NODE_INSTN_ID) values ('2687','2688');
Insert into KREW_RTE_NODE_INSTN_LNK_T (FROM_RTE_NODE_INSTN_ID,TO_RTE_NODE_INSTN_ID) values ('2688','2689');
Insert into KREW_RTE_NODE_INSTN_LNK_T (FROM_RTE_NODE_INSTN_ID,TO_RTE_NODE_INSTN_ID) values ('2801','2802');
Insert into KREW_RTE_NODE_INSTN_LNK_T (FROM_RTE_NODE_INSTN_ID,TO_RTE_NODE_INSTN_ID) values ('2802','2803');
Insert into KREW_RTE_NODE_INSTN_LNK_T (FROM_RTE_NODE_INSTN_ID,TO_RTE_NODE_INSTN_ID) values ('2803','2804');
Insert into KREW_RTE_NODE_INSTN_LNK_T (FROM_RTE_NODE_INSTN_ID,TO_RTE_NODE_INSTN_ID) values ('2804','2805');
Insert into KREW_RTE_NODE_INSTN_LNK_T (FROM_RTE_NODE_INSTN_ID,TO_RTE_NODE_INSTN_ID) values ('2875','2876');
Insert into KREW_RTE_NODE_INSTN_LNK_T (FROM_RTE_NODE_INSTN_ID,TO_RTE_NODE_INSTN_ID) values ('2876','2877');
Insert into KREW_RTE_NODE_INSTN_LNK_T (FROM_RTE_NODE_INSTN_ID,TO_RTE_NODE_INSTN_ID) values ('2877','2878');
Insert into KREW_RTE_NODE_INSTN_LNK_T (FROM_RTE_NODE_INSTN_ID,TO_RTE_NODE_INSTN_ID) values ('2878','2879');
Insert into KREW_RTE_NODE_INSTN_LNK_T (FROM_RTE_NODE_INSTN_ID,TO_RTE_NODE_INSTN_ID) values ('2890','2891');
 --- INSERTING into KREW_RTE_NODE_INSTN_ST_T

 --- INSERTING into KREW_RTE_NODE_INSTN_T

Insert into KREW_RTE_NODE_INSTN_T (RTE_NODE_INSTN_ID,DOC_HDR_ID,RTE_NODE_ID,BRCH_ID,PROC_RTE_NODE_INSTN_ID,ACTV_IND,CMPLT_IND,INIT_IND,VER_NBR) values ('2072','2036','2008','2071',null,0,1,0,2);
Insert into KREW_RTE_NODE_INSTN_T (RTE_NODE_INSTN_ID,DOC_HDR_ID,RTE_NODE_ID,BRCH_ID,PROC_RTE_NODE_INSTN_ID,ACTV_IND,CMPLT_IND,INIT_IND,VER_NBR) values ('2073','2036','2009','2071',null,0,1,0,2);
Insert into KREW_RTE_NODE_INSTN_T (RTE_NODE_INSTN_ID,DOC_HDR_ID,RTE_NODE_ID,BRCH_ID,PROC_RTE_NODE_INSTN_ID,ACTV_IND,CMPLT_IND,INIT_IND,VER_NBR) values ('2077','2037','2018','2076',null,1,0,1,1);
Insert into KREW_RTE_NODE_INSTN_T (RTE_NODE_INSTN_ID,DOC_HDR_ID,RTE_NODE_ID,BRCH_ID,PROC_RTE_NODE_INSTN_ID,ACTV_IND,CMPLT_IND,INIT_IND,VER_NBR) values ('2079','2038','2018','2078',null,1,0,1,1);
Insert into KREW_RTE_NODE_INSTN_T (RTE_NODE_INSTN_ID,DOC_HDR_ID,RTE_NODE_ID,BRCH_ID,PROC_RTE_NODE_INSTN_ID,ACTV_IND,CMPLT_IND,INIT_IND,VER_NBR) values ('2081','2039','2018','2080',null,1,0,1,1);
Insert into KREW_RTE_NODE_INSTN_T (RTE_NODE_INSTN_ID,DOC_HDR_ID,RTE_NODE_ID,BRCH_ID,PROC_RTE_NODE_INSTN_ID,ACTV_IND,CMPLT_IND,INIT_IND,VER_NBR) values ('2083','2040','2018','2082',null,1,0,1,1);
Insert into KREW_RTE_NODE_INSTN_T (RTE_NODE_INSTN_ID,DOC_HDR_ID,RTE_NODE_ID,BRCH_ID,PROC_RTE_NODE_INSTN_ID,ACTV_IND,CMPLT_IND,INIT_IND,VER_NBR) values ('2085','2041','2018','2084',null,1,0,1,1);
Insert into KREW_RTE_NODE_INSTN_T (RTE_NODE_INSTN_ID,DOC_HDR_ID,RTE_NODE_ID,BRCH_ID,PROC_RTE_NODE_INSTN_ID,ACTV_IND,CMPLT_IND,INIT_IND,VER_NBR) values ('2087','2042','2018','2086',null,1,0,1,1);
Insert into KREW_RTE_NODE_INSTN_T (RTE_NODE_INSTN_ID,DOC_HDR_ID,RTE_NODE_ID,BRCH_ID,PROC_RTE_NODE_INSTN_ID,ACTV_IND,CMPLT_IND,INIT_IND,VER_NBR) values ('2101','2060','2008','2100',null,0,1,0,2);
Insert into KREW_RTE_NODE_INSTN_T (RTE_NODE_INSTN_ID,DOC_HDR_ID,RTE_NODE_ID,BRCH_ID,PROC_RTE_NODE_INSTN_ID,ACTV_IND,CMPLT_IND,INIT_IND,VER_NBR) values ('2102','2060','2009','2100',null,0,1,0,2);
Insert into KREW_RTE_NODE_INSTN_T (RTE_NODE_INSTN_ID,DOC_HDR_ID,RTE_NODE_ID,BRCH_ID,PROC_RTE_NODE_INSTN_ID,ACTV_IND,CMPLT_IND,INIT_IND,VER_NBR) values ('2121','2080','2008','2120',null,1,0,1,1);
Insert into KREW_RTE_NODE_INSTN_T (RTE_NODE_INSTN_ID,DOC_HDR_ID,RTE_NODE_ID,BRCH_ID,PROC_RTE_NODE_INSTN_ID,ACTV_IND,CMPLT_IND,INIT_IND,VER_NBR) values ('2123','2081','2008','2122',null,1,0,1,1);
Insert into KREW_RTE_NODE_INSTN_T (RTE_NODE_INSTN_ID,DOC_HDR_ID,RTE_NODE_ID,BRCH_ID,PROC_RTE_NODE_INSTN_ID,ACTV_IND,CMPLT_IND,INIT_IND,VER_NBR) values ('2141','2100','2008','2140',null,1,0,1,1);
Insert into KREW_RTE_NODE_INSTN_T (RTE_NODE_INSTN_ID,DOC_HDR_ID,RTE_NODE_ID,BRCH_ID,PROC_RTE_NODE_INSTN_ID,ACTV_IND,CMPLT_IND,INIT_IND,VER_NBR) values ('2143','2101','2051','2142',null,1,0,1,1);
Insert into KREW_RTE_NODE_INSTN_T (RTE_NODE_INSTN_ID,DOC_HDR_ID,RTE_NODE_ID,BRCH_ID,PROC_RTE_NODE_INSTN_ID,ACTV_IND,CMPLT_IND,INIT_IND,VER_NBR) values ('2145','2102','2051','2144',null,1,0,1,1);
Insert into KREW_RTE_NODE_INSTN_T (RTE_NODE_INSTN_ID,DOC_HDR_ID,RTE_NODE_ID,BRCH_ID,PROC_RTE_NODE_INSTN_ID,ACTV_IND,CMPLT_IND,INIT_IND,VER_NBR) values ('2161','2120','2008','2160',null,1,0,1,1);
Insert into KREW_RTE_NODE_INSTN_T (RTE_NODE_INSTN_ID,DOC_HDR_ID,RTE_NODE_ID,BRCH_ID,PROC_RTE_NODE_INSTN_ID,ACTV_IND,CMPLT_IND,INIT_IND,VER_NBR) values ('2163','2121','2008','2162',null,1,0,1,1);
Insert into KREW_RTE_NODE_INSTN_T (RTE_NODE_INSTN_ID,DOC_HDR_ID,RTE_NODE_ID,BRCH_ID,PROC_RTE_NODE_INSTN_ID,ACTV_IND,CMPLT_IND,INIT_IND,VER_NBR) values ('2165','2122','2008','2164',null,0,1,0,2);
Insert into KREW_RTE_NODE_INSTN_T (RTE_NODE_INSTN_ID,DOC_HDR_ID,RTE_NODE_ID,BRCH_ID,PROC_RTE_NODE_INSTN_ID,ACTV_IND,CMPLT_IND,INIT_IND,VER_NBR) values ('2166','2122','2009','2164',null,0,1,0,2);
Insert into KREW_RTE_NODE_INSTN_T (RTE_NODE_INSTN_ID,DOC_HDR_ID,RTE_NODE_ID,BRCH_ID,PROC_RTE_NODE_INSTN_ID,ACTV_IND,CMPLT_IND,INIT_IND,VER_NBR) values ('2170','2123','2051','2169',null,0,1,0,2);
Insert into KREW_RTE_NODE_INSTN_T (RTE_NODE_INSTN_ID,DOC_HDR_ID,RTE_NODE_ID,BRCH_ID,PROC_RTE_NODE_INSTN_ID,ACTV_IND,CMPLT_IND,INIT_IND,VER_NBR) values ('2171','2123','2052','2169',null,0,1,0,2);
Insert into KREW_RTE_NODE_INSTN_T (RTE_NODE_INSTN_ID,DOC_HDR_ID,RTE_NODE_ID,BRCH_ID,PROC_RTE_NODE_INSTN_ID,ACTV_IND,CMPLT_IND,INIT_IND,VER_NBR) values ('2172','2123','2053','2169',null,0,1,0,3);
Insert into KREW_RTE_NODE_INSTN_T (RTE_NODE_INSTN_ID,DOC_HDR_ID,RTE_NODE_ID,BRCH_ID,PROC_RTE_NODE_INSTN_ID,ACTV_IND,CMPLT_IND,INIT_IND,VER_NBR) values ('2173','2123','2054','2169',null,0,1,0,3);
Insert into KREW_RTE_NODE_INSTN_T (RTE_NODE_INSTN_ID,DOC_HDR_ID,RTE_NODE_ID,BRCH_ID,PROC_RTE_NODE_INSTN_ID,ACTV_IND,CMPLT_IND,INIT_IND,VER_NBR) values ('2174','2123','2055','2169',null,0,1,0,2);
Insert into KREW_RTE_NODE_INSTN_T (RTE_NODE_INSTN_ID,DOC_HDR_ID,RTE_NODE_ID,BRCH_ID,PROC_RTE_NODE_INSTN_ID,ACTV_IND,CMPLT_IND,INIT_IND,VER_NBR) values ('2177','2124','2033','2176',null,1,0,1,1);
Insert into KREW_RTE_NODE_INSTN_T (RTE_NODE_INSTN_ID,DOC_HDR_ID,RTE_NODE_ID,BRCH_ID,PROC_RTE_NODE_INSTN_ID,ACTV_IND,CMPLT_IND,INIT_IND,VER_NBR) values ('2181','2140','2051','2180',null,1,0,1,1);
Insert into KREW_RTE_NODE_INSTN_T (RTE_NODE_INSTN_ID,DOC_HDR_ID,RTE_NODE_ID,BRCH_ID,PROC_RTE_NODE_INSTN_ID,ACTV_IND,CMPLT_IND,INIT_IND,VER_NBR) values ('2201','2160','2006','2200',null,1,0,1,1);
Insert into KREW_RTE_NODE_INSTN_T (RTE_NODE_INSTN_ID,DOC_HDR_ID,RTE_NODE_ID,BRCH_ID,PROC_RTE_NODE_INSTN_ID,ACTV_IND,CMPLT_IND,INIT_IND,VER_NBR) values ('2203','2161','2006','2202',null,1,0,1,1);
Insert into KREW_RTE_NODE_INSTN_T (RTE_NODE_INSTN_ID,DOC_HDR_ID,RTE_NODE_ID,BRCH_ID,PROC_RTE_NODE_INSTN_ID,ACTV_IND,CMPLT_IND,INIT_IND,VER_NBR) values ('2221','2180','2008','2220',null,0,1,0,2);
Insert into KREW_RTE_NODE_INSTN_T (RTE_NODE_INSTN_ID,DOC_HDR_ID,RTE_NODE_ID,BRCH_ID,PROC_RTE_NODE_INSTN_ID,ACTV_IND,CMPLT_IND,INIT_IND,VER_NBR) values ('2222','2180','2009','2220',null,0,1,0,2);
Insert into KREW_RTE_NODE_INSTN_T (RTE_NODE_INSTN_ID,DOC_HDR_ID,RTE_NODE_ID,BRCH_ID,PROC_RTE_NODE_INSTN_ID,ACTV_IND,CMPLT_IND,INIT_IND,VER_NBR) values ('2244','2207','2240','2243',null,1,0,1,1);
Insert into KREW_RTE_NODE_INSTN_T (RTE_NODE_INSTN_ID,DOC_HDR_ID,RTE_NODE_ID,BRCH_ID,PROC_RTE_NODE_INSTN_ID,ACTV_IND,CMPLT_IND,INIT_IND,VER_NBR) values ('2246','2208','2240','2245',null,1,0,1,1);
Insert into KREW_RTE_NODE_INSTN_T (RTE_NODE_INSTN_ID,DOC_HDR_ID,RTE_NODE_ID,BRCH_ID,PROC_RTE_NODE_INSTN_ID,ACTV_IND,CMPLT_IND,INIT_IND,VER_NBR) values ('2248','2209','2240','2247',null,1,0,1,1);
Insert into KREW_RTE_NODE_INSTN_T (RTE_NODE_INSTN_ID,DOC_HDR_ID,RTE_NODE_ID,BRCH_ID,PROC_RTE_NODE_INSTN_ID,ACTV_IND,CMPLT_IND,INIT_IND,VER_NBR) values ('2250','2210','2240','2249',null,1,0,1,1);
Insert into KREW_RTE_NODE_INSTN_T (RTE_NODE_INSTN_ID,DOC_HDR_ID,RTE_NODE_ID,BRCH_ID,PROC_RTE_NODE_INSTN_ID,ACTV_IND,CMPLT_IND,INIT_IND,VER_NBR) values ('2252','2211','2240','2251',null,1,0,1,1);
Insert into KREW_RTE_NODE_INSTN_T (RTE_NODE_INSTN_ID,DOC_HDR_ID,RTE_NODE_ID,BRCH_ID,PROC_RTE_NODE_INSTN_ID,ACTV_IND,CMPLT_IND,INIT_IND,VER_NBR) values ('2254','2212','2240','2253',null,1,0,1,1);
Insert into KREW_RTE_NODE_INSTN_T (RTE_NODE_INSTN_ID,DOC_HDR_ID,RTE_NODE_ID,BRCH_ID,PROC_RTE_NODE_INSTN_ID,ACTV_IND,CMPLT_IND,INIT_IND,VER_NBR) values ('2256','2213','2240','2255',null,1,0,1,1);
Insert into KREW_RTE_NODE_INSTN_T (RTE_NODE_INSTN_ID,DOC_HDR_ID,RTE_NODE_ID,BRCH_ID,PROC_RTE_NODE_INSTN_ID,ACTV_IND,CMPLT_IND,INIT_IND,VER_NBR) values ('2258','2214','2240','2257',null,1,0,1,1);
Insert into KREW_RTE_NODE_INSTN_T (RTE_NODE_INSTN_ID,DOC_HDR_ID,RTE_NODE_ID,BRCH_ID,PROC_RTE_NODE_INSTN_ID,ACTV_IND,CMPLT_IND,INIT_IND,VER_NBR) values ('2263','2218','2259','2262',null,0,1,0,2);
Insert into KREW_RTE_NODE_INSTN_T (RTE_NODE_INSTN_ID,DOC_HDR_ID,RTE_NODE_ID,BRCH_ID,PROC_RTE_NODE_INSTN_ID,ACTV_IND,CMPLT_IND,INIT_IND,VER_NBR) values ('2264','2218','2260','2262',null,0,1,0,3);
Insert into KREW_RTE_NODE_INSTN_T (RTE_NODE_INSTN_ID,DOC_HDR_ID,RTE_NODE_ID,BRCH_ID,PROC_RTE_NODE_INSTN_ID,ACTV_IND,CMPLT_IND,INIT_IND,VER_NBR) values ('2268','2219','2259','2267',null,0,1,0,2);
Insert into KREW_RTE_NODE_INSTN_T (RTE_NODE_INSTN_ID,DOC_HDR_ID,RTE_NODE_ID,BRCH_ID,PROC_RTE_NODE_INSTN_ID,ACTV_IND,CMPLT_IND,INIT_IND,VER_NBR) values ('2269','2219','2260','2267',null,0,1,0,3);
Insert into KREW_RTE_NODE_INSTN_T (RTE_NODE_INSTN_ID,DOC_HDR_ID,RTE_NODE_ID,BRCH_ID,PROC_RTE_NODE_INSTN_ID,ACTV_IND,CMPLT_IND,INIT_IND,VER_NBR) values ('2281','2220','2006','2280',null,1,0,1,1);
Insert into KREW_RTE_NODE_INSTN_T (RTE_NODE_INSTN_ID,DOC_HDR_ID,RTE_NODE_ID,BRCH_ID,PROC_RTE_NODE_INSTN_ID,ACTV_IND,CMPLT_IND,INIT_IND,VER_NBR) values ('2283','2221','2006','2282',null,1,0,1,1);
Insert into KREW_RTE_NODE_INSTN_T (RTE_NODE_INSTN_ID,DOC_HDR_ID,RTE_NODE_ID,BRCH_ID,PROC_RTE_NODE_INSTN_ID,ACTV_IND,CMPLT_IND,INIT_IND,VER_NBR) values ('2285','2222','2006','2284',null,1,0,1,1);
Insert into KREW_RTE_NODE_INSTN_T (RTE_NODE_INSTN_ID,DOC_HDR_ID,RTE_NODE_ID,BRCH_ID,PROC_RTE_NODE_INSTN_ID,ACTV_IND,CMPLT_IND,INIT_IND,VER_NBR) values ('2287','2223','2006','2286',null,1,0,1,1);
Insert into KREW_RTE_NODE_INSTN_T (RTE_NODE_INSTN_ID,DOC_HDR_ID,RTE_NODE_ID,BRCH_ID,PROC_RTE_NODE_INSTN_ID,ACTV_IND,CMPLT_IND,INIT_IND,VER_NBR) values ('2289','2224','2006','2288',null,1,0,1,1);
Insert into KREW_RTE_NODE_INSTN_T (RTE_NODE_INSTN_ID,DOC_HDR_ID,RTE_NODE_ID,BRCH_ID,PROC_RTE_NODE_INSTN_ID,ACTV_IND,CMPLT_IND,INIT_IND,VER_NBR) values ('2301','2240','2259','2300',null,1,0,1,1);
Insert into KREW_RTE_NODE_INSTN_T (RTE_NODE_INSTN_ID,DOC_HDR_ID,RTE_NODE_ID,BRCH_ID,PROC_RTE_NODE_INSTN_ID,ACTV_IND,CMPLT_IND,INIT_IND,VER_NBR) values ('2303','2241','2259','2302',null,1,0,1,1);
Insert into KREW_RTE_NODE_INSTN_T (RTE_NODE_INSTN_ID,DOC_HDR_ID,RTE_NODE_ID,BRCH_ID,PROC_RTE_NODE_INSTN_ID,ACTV_IND,CMPLT_IND,INIT_IND,VER_NBR) values ('2305','2242','2259','2304',null,1,0,1,1);
Insert into KREW_RTE_NODE_INSTN_T (RTE_NODE_INSTN_ID,DOC_HDR_ID,RTE_NODE_ID,BRCH_ID,PROC_RTE_NODE_INSTN_ID,ACTV_IND,CMPLT_IND,INIT_IND,VER_NBR) values ('2321','2260','2008','2320',null,0,1,0,2);
Insert into KREW_RTE_NODE_INSTN_T (RTE_NODE_INSTN_ID,DOC_HDR_ID,RTE_NODE_ID,BRCH_ID,PROC_RTE_NODE_INSTN_ID,ACTV_IND,CMPLT_IND,INIT_IND,VER_NBR) values ('2322','2260','2009','2320',null,0,1,0,2);
Insert into KREW_RTE_NODE_INSTN_T (RTE_NODE_INSTN_ID,DOC_HDR_ID,RTE_NODE_ID,BRCH_ID,PROC_RTE_NODE_INSTN_ID,ACTV_IND,CMPLT_IND,INIT_IND,VER_NBR) values ('2343','2281','2340','2342',null,1,0,1,1);
Insert into KREW_RTE_NODE_INSTN_T (RTE_NODE_INSTN_ID,DOC_HDR_ID,RTE_NODE_ID,BRCH_ID,PROC_RTE_NODE_INSTN_ID,ACTV_IND,CMPLT_IND,INIT_IND,VER_NBR) values ('2361','2300','2006','2360',null,1,0,1,1);
Insert into KREW_RTE_NODE_INSTN_T (RTE_NODE_INSTN_ID,DOC_HDR_ID,RTE_NODE_ID,BRCH_ID,PROC_RTE_NODE_INSTN_ID,ACTV_IND,CMPLT_IND,INIT_IND,VER_NBR) values ('2401','2340','2006','2400',null,1,0,1,1);
Insert into KREW_RTE_NODE_INSTN_T (RTE_NODE_INSTN_ID,DOC_HDR_ID,RTE_NODE_ID,BRCH_ID,PROC_RTE_NODE_INSTN_ID,ACTV_IND,CMPLT_IND,INIT_IND,VER_NBR) values ('2441','2380','2057','2440',null,1,0,1,1);
Insert into KREW_RTE_NODE_INSTN_T (RTE_NODE_INSTN_ID,DOC_HDR_ID,RTE_NODE_ID,BRCH_ID,PROC_RTE_NODE_INSTN_ID,ACTV_IND,CMPLT_IND,INIT_IND,VER_NBR) values ('2453','2385','2057','2452',null,1,0,1,1);
Insert into KREW_RTE_NODE_INSTN_T (RTE_NODE_INSTN_ID,DOC_HDR_ID,RTE_NODE_ID,BRCH_ID,PROC_RTE_NODE_INSTN_ID,ACTV_IND,CMPLT_IND,INIT_IND,VER_NBR) values ('2455','2386','2057','2454',null,1,0,1,1);
Insert into KREW_RTE_NODE_INSTN_T (RTE_NODE_INSTN_ID,DOC_HDR_ID,RTE_NODE_ID,BRCH_ID,PROC_RTE_NODE_INSTN_ID,ACTV_IND,CMPLT_IND,INIT_IND,VER_NBR) values ('2457','2387','2051','2456',null,1,0,1,1);
Insert into KREW_RTE_NODE_INSTN_T (RTE_NODE_INSTN_ID,DOC_HDR_ID,RTE_NODE_ID,BRCH_ID,PROC_RTE_NODE_INSTN_ID,ACTV_IND,CMPLT_IND,INIT_IND,VER_NBR) values ('2460','2388','2051','2459',null,1,0,1,1);
Insert into KREW_RTE_NODE_INSTN_T (RTE_NODE_INSTN_ID,DOC_HDR_ID,RTE_NODE_ID,BRCH_ID,PROC_RTE_NODE_INSTN_ID,ACTV_IND,CMPLT_IND,INIT_IND,VER_NBR) values ('2463','2389','2051','2462',null,1,0,1,1);
Insert into KREW_RTE_NODE_INSTN_T (RTE_NODE_INSTN_ID,DOC_HDR_ID,RTE_NODE_ID,BRCH_ID,PROC_RTE_NODE_INSTN_ID,ACTV_IND,CMPLT_IND,INIT_IND,VER_NBR) values ('2467','2390','2051','2466',null,1,0,1,1);
Insert into KREW_RTE_NODE_INSTN_T (RTE_NODE_INSTN_ID,DOC_HDR_ID,RTE_NODE_ID,BRCH_ID,PROC_RTE_NODE_INSTN_ID,ACTV_IND,CMPLT_IND,INIT_IND,VER_NBR) values ('2470','2391','2051','2469',null,1,0,0,3);
Insert into KREW_RTE_NODE_INSTN_T (RTE_NODE_INSTN_ID,DOC_HDR_ID,RTE_NODE_ID,BRCH_ID,PROC_RTE_NODE_INSTN_ID,ACTV_IND,CMPLT_IND,INIT_IND,VER_NBR) values ('2477','2393','2051','2476',null,1,0,1,1);
Insert into KREW_RTE_NODE_INSTN_T (RTE_NODE_INSTN_ID,DOC_HDR_ID,RTE_NODE_ID,BRCH_ID,PROC_RTE_NODE_INSTN_ID,ACTV_IND,CMPLT_IND,INIT_IND,VER_NBR) values ('2484','2395','2057','2483',null,1,0,1,1);
Insert into KREW_RTE_NODE_INSTN_T (RTE_NODE_INSTN_ID,DOC_HDR_ID,RTE_NODE_ID,BRCH_ID,PROC_RTE_NODE_INSTN_ID,ACTV_IND,CMPLT_IND,INIT_IND,VER_NBR) values ('2486','2396','2051','2485',null,1,0,1,1);
Insert into KREW_RTE_NODE_INSTN_T (RTE_NODE_INSTN_ID,DOC_HDR_ID,RTE_NODE_ID,BRCH_ID,PROC_RTE_NODE_INSTN_ID,ACTV_IND,CMPLT_IND,INIT_IND,VER_NBR) values ('2501','2400','2051','2500',null,1,0,1,1);
Insert into KREW_RTE_NODE_INSTN_T (RTE_NODE_INSTN_ID,DOC_HDR_ID,RTE_NODE_ID,BRCH_ID,PROC_RTE_NODE_INSTN_ID,ACTV_IND,CMPLT_IND,INIT_IND,VER_NBR) values ('2504','2401','2051','2503',null,0,1,0,2);
Insert into KREW_RTE_NODE_INSTN_T (RTE_NODE_INSTN_ID,DOC_HDR_ID,RTE_NODE_ID,BRCH_ID,PROC_RTE_NODE_INSTN_ID,ACTV_IND,CMPLT_IND,INIT_IND,VER_NBR) values ('2505','2401','2052','2503',null,1,0,0,2);
Insert into KREW_RTE_NODE_INSTN_T (RTE_NODE_INSTN_ID,DOC_HDR_ID,RTE_NODE_ID,BRCH_ID,PROC_RTE_NODE_INSTN_ID,ACTV_IND,CMPLT_IND,INIT_IND,VER_NBR) values ('2509','2402','2051','2508',null,1,0,1,1);
Insert into KREW_RTE_NODE_INSTN_T (RTE_NODE_INSTN_ID,DOC_HDR_ID,RTE_NODE_ID,BRCH_ID,PROC_RTE_NODE_INSTN_ID,ACTV_IND,CMPLT_IND,INIT_IND,VER_NBR) values ('2514','2403','2051','2513',null,1,0,1,1);
Insert into KREW_RTE_NODE_INSTN_T (RTE_NODE_INSTN_ID,DOC_HDR_ID,RTE_NODE_ID,BRCH_ID,PROC_RTE_NODE_INSTN_ID,ACTV_IND,CMPLT_IND,INIT_IND,VER_NBR) values ('2519','2404','2051','2518',null,0,1,0,2);
Insert into KREW_RTE_NODE_INSTN_T (RTE_NODE_INSTN_ID,DOC_HDR_ID,RTE_NODE_ID,BRCH_ID,PROC_RTE_NODE_INSTN_ID,ACTV_IND,CMPLT_IND,INIT_IND,VER_NBR) values ('2520','2404','2052','2518',null,1,0,0,2);
Insert into KREW_RTE_NODE_INSTN_T (RTE_NODE_INSTN_ID,DOC_HDR_ID,RTE_NODE_ID,BRCH_ID,PROC_RTE_NODE_INSTN_ID,ACTV_IND,CMPLT_IND,INIT_IND,VER_NBR) values ('2525','2405','2051','2524',null,0,1,0,2);
Insert into KREW_RTE_NODE_INSTN_T (RTE_NODE_INSTN_ID,DOC_HDR_ID,RTE_NODE_ID,BRCH_ID,PROC_RTE_NODE_INSTN_ID,ACTV_IND,CMPLT_IND,INIT_IND,VER_NBR) values ('2526','2405','2052','2524',null,0,1,0,4);
Insert into KREW_RTE_NODE_INSTN_T (RTE_NODE_INSTN_ID,DOC_HDR_ID,RTE_NODE_ID,BRCH_ID,PROC_RTE_NODE_INSTN_ID,ACTV_IND,CMPLT_IND,INIT_IND,VER_NBR) values ('2527','2405','2053','2524',null,0,1,0,3);
Insert into KREW_RTE_NODE_INSTN_T (RTE_NODE_INSTN_ID,DOC_HDR_ID,RTE_NODE_ID,BRCH_ID,PROC_RTE_NODE_INSTN_ID,ACTV_IND,CMPLT_IND,INIT_IND,VER_NBR) values ('2528','2405','2054','2524',null,0,1,0,3);
Insert into KREW_RTE_NODE_INSTN_T (RTE_NODE_INSTN_ID,DOC_HDR_ID,RTE_NODE_ID,BRCH_ID,PROC_RTE_NODE_INSTN_ID,ACTV_IND,CMPLT_IND,INIT_IND,VER_NBR) values ('2529','2405','2055','2524',null,0,1,0,2);
Insert into KREW_RTE_NODE_INSTN_T (RTE_NODE_INSTN_ID,DOC_HDR_ID,RTE_NODE_ID,BRCH_ID,PROC_RTE_NODE_INSTN_ID,ACTV_IND,CMPLT_IND,INIT_IND,VER_NBR) values ('2536','2407','2051','2535',null,0,1,0,2);
Insert into KREW_RTE_NODE_INSTN_T (RTE_NODE_INSTN_ID,DOC_HDR_ID,RTE_NODE_ID,BRCH_ID,PROC_RTE_NODE_INSTN_ID,ACTV_IND,CMPLT_IND,INIT_IND,VER_NBR) values ('2538','2408','2051','2537',null,1,0,1,1);
Insert into KREW_RTE_NODE_INSTN_T (RTE_NODE_INSTN_ID,DOC_HDR_ID,RTE_NODE_ID,BRCH_ID,PROC_RTE_NODE_INSTN_ID,ACTV_IND,CMPLT_IND,INIT_IND,VER_NBR) values ('2539','2407','2052','2535',null,0,1,0,4);
Insert into KREW_RTE_NODE_INSTN_T (RTE_NODE_INSTN_ID,DOC_HDR_ID,RTE_NODE_ID,BRCH_ID,PROC_RTE_NODE_INSTN_ID,ACTV_IND,CMPLT_IND,INIT_IND,VER_NBR) values ('2540','2407','2053','2535',null,0,1,0,3);
Insert into KREW_RTE_NODE_INSTN_T (RTE_NODE_INSTN_ID,DOC_HDR_ID,RTE_NODE_ID,BRCH_ID,PROC_RTE_NODE_INSTN_ID,ACTV_IND,CMPLT_IND,INIT_IND,VER_NBR) values ('2541','2407','2054','2535',null,0,1,0,3);
Insert into KREW_RTE_NODE_INSTN_T (RTE_NODE_INSTN_ID,DOC_HDR_ID,RTE_NODE_ID,BRCH_ID,PROC_RTE_NODE_INSTN_ID,ACTV_IND,CMPLT_IND,INIT_IND,VER_NBR) values ('2542','2407','2055','2535',null,0,1,0,2);
Insert into KREW_RTE_NODE_INSTN_T (RTE_NODE_INSTN_ID,DOC_HDR_ID,RTE_NODE_ID,BRCH_ID,PROC_RTE_NODE_INSTN_ID,ACTV_IND,CMPLT_IND,INIT_IND,VER_NBR) values ('2545','2409','2067','2544',null,1,0,1,1);
Insert into KREW_RTE_NODE_INSTN_T (RTE_NODE_INSTN_ID,DOC_HDR_ID,RTE_NODE_ID,BRCH_ID,PROC_RTE_NODE_INSTN_ID,ACTV_IND,CMPLT_IND,INIT_IND,VER_NBR) values ('2561','2420','2051','2560',null,1,0,1,1);
Insert into KREW_RTE_NODE_INSTN_T (RTE_NODE_INSTN_ID,DOC_HDR_ID,RTE_NODE_ID,BRCH_ID,PROC_RTE_NODE_INSTN_ID,ACTV_IND,CMPLT_IND,INIT_IND,VER_NBR) values ('2601','2460','2006','2600',null,1,0,1,1);
Insert into KREW_RTE_NODE_INSTN_T (RTE_NODE_INSTN_ID,DOC_HDR_ID,RTE_NODE_ID,BRCH_ID,PROC_RTE_NODE_INSTN_ID,ACTV_IND,CMPLT_IND,INIT_IND,VER_NBR) values ('2621','2480','2051','2620',null,1,0,1,1);
Insert into KREW_RTE_NODE_INSTN_T (RTE_NODE_INSTN_ID,DOC_HDR_ID,RTE_NODE_ID,BRCH_ID,PROC_RTE_NODE_INSTN_ID,ACTV_IND,CMPLT_IND,INIT_IND,VER_NBR) values ('2626','2481','2051','2625',null,1,0,1,1);
Insert into KREW_RTE_NODE_INSTN_T (RTE_NODE_INSTN_ID,DOC_HDR_ID,RTE_NODE_ID,BRCH_ID,PROC_RTE_NODE_INSTN_ID,ACTV_IND,CMPLT_IND,INIT_IND,VER_NBR) values ('2631','2482','2051','2630',null,0,1,0,2);
Insert into KREW_RTE_NODE_INSTN_T (RTE_NODE_INSTN_ID,DOC_HDR_ID,RTE_NODE_ID,BRCH_ID,PROC_RTE_NODE_INSTN_ID,ACTV_IND,CMPLT_IND,INIT_IND,VER_NBR) values ('2632','2482','2052','2630',null,0,1,0,3);
Insert into KREW_RTE_NODE_INSTN_T (RTE_NODE_INSTN_ID,DOC_HDR_ID,RTE_NODE_ID,BRCH_ID,PROC_RTE_NODE_INSTN_ID,ACTV_IND,CMPLT_IND,INIT_IND,VER_NBR) values ('2633','2482','2053','2630',null,0,1,0,3);
Insert into KREW_RTE_NODE_INSTN_T (RTE_NODE_INSTN_ID,DOC_HDR_ID,RTE_NODE_ID,BRCH_ID,PROC_RTE_NODE_INSTN_ID,ACTV_IND,CMPLT_IND,INIT_IND,VER_NBR) values ('2634','2482','2054','2630',null,0,1,0,3);
Insert into KREW_RTE_NODE_INSTN_T (RTE_NODE_INSTN_ID,DOC_HDR_ID,RTE_NODE_ID,BRCH_ID,PROC_RTE_NODE_INSTN_ID,ACTV_IND,CMPLT_IND,INIT_IND,VER_NBR) values ('2635','2482','2055','2630',null,0,1,0,2);
Insert into KREW_RTE_NODE_INSTN_T (RTE_NODE_INSTN_ID,DOC_HDR_ID,RTE_NODE_ID,BRCH_ID,PROC_RTE_NODE_INSTN_ID,ACTV_IND,CMPLT_IND,INIT_IND,VER_NBR) values ('2638','2483','2051','2637',null,0,1,0,2);
Insert into KREW_RTE_NODE_INSTN_T (RTE_NODE_INSTN_ID,DOC_HDR_ID,RTE_NODE_ID,BRCH_ID,PROC_RTE_NODE_INSTN_ID,ACTV_IND,CMPLT_IND,INIT_IND,VER_NBR) values ('2639','2483','2052','2637',null,0,1,0,3);
Insert into KREW_RTE_NODE_INSTN_T (RTE_NODE_INSTN_ID,DOC_HDR_ID,RTE_NODE_ID,BRCH_ID,PROC_RTE_NODE_INSTN_ID,ACTV_IND,CMPLT_IND,INIT_IND,VER_NBR) values ('2640','2483','2053','2637',null,0,1,0,3);
Insert into KREW_RTE_NODE_INSTN_T (RTE_NODE_INSTN_ID,DOC_HDR_ID,RTE_NODE_ID,BRCH_ID,PROC_RTE_NODE_INSTN_ID,ACTV_IND,CMPLT_IND,INIT_IND,VER_NBR) values ('2641','2483','2054','2637',null,0,1,0,3);
Insert into KREW_RTE_NODE_INSTN_T (RTE_NODE_INSTN_ID,DOC_HDR_ID,RTE_NODE_ID,BRCH_ID,PROC_RTE_NODE_INSTN_ID,ACTV_IND,CMPLT_IND,INIT_IND,VER_NBR) values ('2642','2483','2055','2637',null,0,1,0,2);
Insert into KREW_RTE_NODE_INSTN_T (RTE_NODE_INSTN_ID,DOC_HDR_ID,RTE_NODE_ID,BRCH_ID,PROC_RTE_NODE_INSTN_ID,ACTV_IND,CMPLT_IND,INIT_IND,VER_NBR) values ('2645','2484','2051','2644',null,0,1,0,2);
Insert into KREW_RTE_NODE_INSTN_T (RTE_NODE_INSTN_ID,DOC_HDR_ID,RTE_NODE_ID,BRCH_ID,PROC_RTE_NODE_INSTN_ID,ACTV_IND,CMPLT_IND,INIT_IND,VER_NBR) values ('2646','2484','2052','2644',null,0,1,0,3);
Insert into KREW_RTE_NODE_INSTN_T (RTE_NODE_INSTN_ID,DOC_HDR_ID,RTE_NODE_ID,BRCH_ID,PROC_RTE_NODE_INSTN_ID,ACTV_IND,CMPLT_IND,INIT_IND,VER_NBR) values ('2647','2484','2053','2644',null,0,1,0,3);
Insert into KREW_RTE_NODE_INSTN_T (RTE_NODE_INSTN_ID,DOC_HDR_ID,RTE_NODE_ID,BRCH_ID,PROC_RTE_NODE_INSTN_ID,ACTV_IND,CMPLT_IND,INIT_IND,VER_NBR) values ('2648','2484','2054','2644',null,0,1,0,3);
Insert into KREW_RTE_NODE_INSTN_T (RTE_NODE_INSTN_ID,DOC_HDR_ID,RTE_NODE_ID,BRCH_ID,PROC_RTE_NODE_INSTN_ID,ACTV_IND,CMPLT_IND,INIT_IND,VER_NBR) values ('2649','2484','2055','2644',null,0,1,0,2);
Insert into KREW_RTE_NODE_INSTN_T (RTE_NODE_INSTN_ID,DOC_HDR_ID,RTE_NODE_ID,BRCH_ID,PROC_RTE_NODE_INSTN_ID,ACTV_IND,CMPLT_IND,INIT_IND,VER_NBR) values ('2661','2500','2051','2660',null,1,0,1,1);
Insert into KREW_RTE_NODE_INSTN_T (RTE_NODE_INSTN_ID,DOC_HDR_ID,RTE_NODE_ID,BRCH_ID,PROC_RTE_NODE_INSTN_ID,ACTV_IND,CMPLT_IND,INIT_IND,VER_NBR) values ('2666','2501','2051','2665',null,0,1,0,2);
Insert into KREW_RTE_NODE_INSTN_T (RTE_NODE_INSTN_ID,DOC_HDR_ID,RTE_NODE_ID,BRCH_ID,PROC_RTE_NODE_INSTN_ID,ACTV_IND,CMPLT_IND,INIT_IND,VER_NBR) values ('2667','2501','2052','2665',null,0,1,0,3);
Insert into KREW_RTE_NODE_INSTN_T (RTE_NODE_INSTN_ID,DOC_HDR_ID,RTE_NODE_ID,BRCH_ID,PROC_RTE_NODE_INSTN_ID,ACTV_IND,CMPLT_IND,INIT_IND,VER_NBR) values ('2668','2501','2053','2665',null,0,1,0,3);
Insert into KREW_RTE_NODE_INSTN_T (RTE_NODE_INSTN_ID,DOC_HDR_ID,RTE_NODE_ID,BRCH_ID,PROC_RTE_NODE_INSTN_ID,ACTV_IND,CMPLT_IND,INIT_IND,VER_NBR) values ('2669','2501','2054','2665',null,0,1,0,3);
Insert into KREW_RTE_NODE_INSTN_T (RTE_NODE_INSTN_ID,DOC_HDR_ID,RTE_NODE_ID,BRCH_ID,PROC_RTE_NODE_INSTN_ID,ACTV_IND,CMPLT_IND,INIT_IND,VER_NBR) values ('2670','2501','2055','2665',null,0,1,0,2);
Insert into KREW_RTE_NODE_INSTN_T (RTE_NODE_INSTN_ID,DOC_HDR_ID,RTE_NODE_ID,BRCH_ID,PROC_RTE_NODE_INSTN_ID,ACTV_IND,CMPLT_IND,INIT_IND,VER_NBR) values ('2673','2502','2051','2672',null,1,0,1,1);
Insert into KREW_RTE_NODE_INSTN_T (RTE_NODE_INSTN_ID,DOC_HDR_ID,RTE_NODE_ID,BRCH_ID,PROC_RTE_NODE_INSTN_ID,ACTV_IND,CMPLT_IND,INIT_IND,VER_NBR) values ('2681','2520','2051','2680',null,1,0,1,1);
Insert into KREW_RTE_NODE_INSTN_T (RTE_NODE_INSTN_ID,DOC_HDR_ID,RTE_NODE_ID,BRCH_ID,PROC_RTE_NODE_INSTN_ID,ACTV_IND,CMPLT_IND,INIT_IND,VER_NBR) values ('2683','2521','2051','2682',null,1,0,1,1);
Insert into KREW_RTE_NODE_INSTN_T (RTE_NODE_INSTN_ID,DOC_HDR_ID,RTE_NODE_ID,BRCH_ID,PROC_RTE_NODE_INSTN_ID,ACTV_IND,CMPLT_IND,INIT_IND,VER_NBR) values ('2685','2522','2051','2684',null,0,1,0,2);
Insert into KREW_RTE_NODE_INSTN_T (RTE_NODE_INSTN_ID,DOC_HDR_ID,RTE_NODE_ID,BRCH_ID,PROC_RTE_NODE_INSTN_ID,ACTV_IND,CMPLT_IND,INIT_IND,VER_NBR) values ('2686','2522','2052','2684',null,0,1,0,3);
Insert into KREW_RTE_NODE_INSTN_T (RTE_NODE_INSTN_ID,DOC_HDR_ID,RTE_NODE_ID,BRCH_ID,PROC_RTE_NODE_INSTN_ID,ACTV_IND,CMPLT_IND,INIT_IND,VER_NBR) values ('2687','2522','2053','2684',null,0,1,0,3);
Insert into KREW_RTE_NODE_INSTN_T (RTE_NODE_INSTN_ID,DOC_HDR_ID,RTE_NODE_ID,BRCH_ID,PROC_RTE_NODE_INSTN_ID,ACTV_IND,CMPLT_IND,INIT_IND,VER_NBR) values ('2688','2522','2054','2684',null,0,1,0,3);
Insert into KREW_RTE_NODE_INSTN_T (RTE_NODE_INSTN_ID,DOC_HDR_ID,RTE_NODE_ID,BRCH_ID,PROC_RTE_NODE_INSTN_ID,ACTV_IND,CMPLT_IND,INIT_IND,VER_NBR) values ('2689','2522','2055','2684',null,0,1,0,2);
Insert into KREW_RTE_NODE_INSTN_T (RTE_NODE_INSTN_ID,DOC_HDR_ID,RTE_NODE_ID,BRCH_ID,PROC_RTE_NODE_INSTN_ID,ACTV_IND,CMPLT_IND,INIT_IND,VER_NBR) values ('2701','2540','2057','2700',null,1,0,1,1);
Insert into KREW_RTE_NODE_INSTN_T (RTE_NODE_INSTN_ID,DOC_HDR_ID,RTE_NODE_ID,BRCH_ID,PROC_RTE_NODE_INSTN_ID,ACTV_IND,CMPLT_IND,INIT_IND,VER_NBR) values ('2703','2541','2057','2702',null,1,0,1,1);
Insert into KREW_RTE_NODE_INSTN_T (RTE_NODE_INSTN_ID,DOC_HDR_ID,RTE_NODE_ID,BRCH_ID,PROC_RTE_NODE_INSTN_ID,ACTV_IND,CMPLT_IND,INIT_IND,VER_NBR) values ('2711','2545','2057','2710',null,1,0,1,1);
Insert into KREW_RTE_NODE_INSTN_T (RTE_NODE_INSTN_ID,DOC_HDR_ID,RTE_NODE_ID,BRCH_ID,PROC_RTE_NODE_INSTN_ID,ACTV_IND,CMPLT_IND,INIT_IND,VER_NBR) values ('2713','2546','2057','2712',null,1,0,1,1);
Insert into KREW_RTE_NODE_INSTN_T (RTE_NODE_INSTN_ID,DOC_HDR_ID,RTE_NODE_ID,BRCH_ID,PROC_RTE_NODE_INSTN_ID,ACTV_IND,CMPLT_IND,INIT_IND,VER_NBR) values ('2721','2560','2057','2720',null,1,0,1,1);
Insert into KREW_RTE_NODE_INSTN_T (RTE_NODE_INSTN_ID,DOC_HDR_ID,RTE_NODE_ID,BRCH_ID,PROC_RTE_NODE_INSTN_ID,ACTV_IND,CMPLT_IND,INIT_IND,VER_NBR) values ('2723','2561','2057','2722',null,1,0,1,1);
Insert into KREW_RTE_NODE_INSTN_T (RTE_NODE_INSTN_ID,DOC_HDR_ID,RTE_NODE_ID,BRCH_ID,PROC_RTE_NODE_INSTN_ID,ACTV_IND,CMPLT_IND,INIT_IND,VER_NBR) values ('2741','2580','2051','2740',null,1,0,1,1);
Insert into KREW_RTE_NODE_INSTN_T (RTE_NODE_INSTN_ID,DOC_HDR_ID,RTE_NODE_ID,BRCH_ID,PROC_RTE_NODE_INSTN_ID,ACTV_IND,CMPLT_IND,INIT_IND,VER_NBR) values ('2743','2581','2051','2742',null,1,0,1,1);
Insert into KREW_RTE_NODE_INSTN_T (RTE_NODE_INSTN_ID,DOC_HDR_ID,RTE_NODE_ID,BRCH_ID,PROC_RTE_NODE_INSTN_ID,ACTV_IND,CMPLT_IND,INIT_IND,VER_NBR) values ('2745','2582','2051','2744',null,1,0,1,1);
Insert into KREW_RTE_NODE_INSTN_T (RTE_NODE_INSTN_ID,DOC_HDR_ID,RTE_NODE_ID,BRCH_ID,PROC_RTE_NODE_INSTN_ID,ACTV_IND,CMPLT_IND,INIT_IND,VER_NBR) values ('2747','2583','2051','2746',null,1,0,1,1);
Insert into KREW_RTE_NODE_INSTN_T (RTE_NODE_INSTN_ID,DOC_HDR_ID,RTE_NODE_ID,BRCH_ID,PROC_RTE_NODE_INSTN_ID,ACTV_IND,CMPLT_IND,INIT_IND,VER_NBR) values ('2749','2584','2051','2748',null,1,0,1,1);
Insert into KREW_RTE_NODE_INSTN_T (RTE_NODE_INSTN_ID,DOC_HDR_ID,RTE_NODE_ID,BRCH_ID,PROC_RTE_NODE_INSTN_ID,ACTV_IND,CMPLT_IND,INIT_IND,VER_NBR) values ('2761','2600','2051','2760',null,1,0,1,1);
Insert into KREW_RTE_NODE_INSTN_T (RTE_NODE_INSTN_ID,DOC_HDR_ID,RTE_NODE_ID,BRCH_ID,PROC_RTE_NODE_INSTN_ID,ACTV_IND,CMPLT_IND,INIT_IND,VER_NBR) values ('2763','2601','2051','2762',null,1,0,1,1);
Insert into KREW_RTE_NODE_INSTN_T (RTE_NODE_INSTN_ID,DOC_HDR_ID,RTE_NODE_ID,BRCH_ID,PROC_RTE_NODE_INSTN_ID,ACTV_IND,CMPLT_IND,INIT_IND,VER_NBR) values ('2781','2620','2051','2780',null,1,0,1,1);
Insert into KREW_RTE_NODE_INSTN_T (RTE_NODE_INSTN_ID,DOC_HDR_ID,RTE_NODE_ID,BRCH_ID,PROC_RTE_NODE_INSTN_ID,ACTV_IND,CMPLT_IND,INIT_IND,VER_NBR) values ('2783','2621','2051','2782',null,1,0,1,1);
Insert into KREW_RTE_NODE_INSTN_T (RTE_NODE_INSTN_ID,DOC_HDR_ID,RTE_NODE_ID,BRCH_ID,PROC_RTE_NODE_INSTN_ID,ACTV_IND,CMPLT_IND,INIT_IND,VER_NBR) values ('2785','2622','2051','2784',null,1,0,1,1);
Insert into KREW_RTE_NODE_INSTN_T (RTE_NODE_INSTN_ID,DOC_HDR_ID,RTE_NODE_ID,BRCH_ID,PROC_RTE_NODE_INSTN_ID,ACTV_IND,CMPLT_IND,INIT_IND,VER_NBR) values ('2787','2623','2051','2786',null,1,0,1,1);
Insert into KREW_RTE_NODE_INSTN_T (RTE_NODE_INSTN_ID,DOC_HDR_ID,RTE_NODE_ID,BRCH_ID,PROC_RTE_NODE_INSTN_ID,ACTV_IND,CMPLT_IND,INIT_IND,VER_NBR) values ('2801','2640','2051','2800',null,0,1,0,2);
Insert into KREW_RTE_NODE_INSTN_T (RTE_NODE_INSTN_ID,DOC_HDR_ID,RTE_NODE_ID,BRCH_ID,PROC_RTE_NODE_INSTN_ID,ACTV_IND,CMPLT_IND,INIT_IND,VER_NBR) values ('2802','2640','2052','2800',null,0,1,0,3);
Insert into KREW_RTE_NODE_INSTN_T (RTE_NODE_INSTN_ID,DOC_HDR_ID,RTE_NODE_ID,BRCH_ID,PROC_RTE_NODE_INSTN_ID,ACTV_IND,CMPLT_IND,INIT_IND,VER_NBR) values ('2803','2640','2053','2800',null,0,1,0,3);
Insert into KREW_RTE_NODE_INSTN_T (RTE_NODE_INSTN_ID,DOC_HDR_ID,RTE_NODE_ID,BRCH_ID,PROC_RTE_NODE_INSTN_ID,ACTV_IND,CMPLT_IND,INIT_IND,VER_NBR) values ('2804','2640','2054','2800',null,0,1,0,3);
Insert into KREW_RTE_NODE_INSTN_T (RTE_NODE_INSTN_ID,DOC_HDR_ID,RTE_NODE_ID,BRCH_ID,PROC_RTE_NODE_INSTN_ID,ACTV_IND,CMPLT_IND,INIT_IND,VER_NBR) values ('2805','2640','2055','2800',null,0,1,0,2);
Insert into KREW_RTE_NODE_INSTN_T (RTE_NODE_INSTN_ID,DOC_HDR_ID,RTE_NODE_ID,BRCH_ID,PROC_RTE_NODE_INSTN_ID,ACTV_IND,CMPLT_IND,INIT_IND,VER_NBR) values ('2821','2660','2051','2820',null,1,0,1,1);
Insert into KREW_RTE_NODE_INSTN_T (RTE_NODE_INSTN_ID,DOC_HDR_ID,RTE_NODE_ID,BRCH_ID,PROC_RTE_NODE_INSTN_ID,ACTV_IND,CMPLT_IND,INIT_IND,VER_NBR) values ('2853','2684','2846','2852',null,1,0,1,1);
Insert into KREW_RTE_NODE_INSTN_T (RTE_NODE_INSTN_ID,DOC_HDR_ID,RTE_NODE_ID,BRCH_ID,PROC_RTE_NODE_INSTN_ID,ACTV_IND,CMPLT_IND,INIT_IND,VER_NBR) values ('2855','2685','2846','2854',null,1,0,1,1);
Insert into KREW_RTE_NODE_INSTN_T (RTE_NODE_INSTN_ID,DOC_HDR_ID,RTE_NODE_ID,BRCH_ID,PROC_RTE_NODE_INSTN_ID,ACTV_IND,CMPLT_IND,INIT_IND,VER_NBR) values ('2857','2686','2846','2856',null,1,0,1,1);
Insert into KREW_RTE_NODE_INSTN_T (RTE_NODE_INSTN_ID,DOC_HDR_ID,RTE_NODE_ID,BRCH_ID,PROC_RTE_NODE_INSTN_ID,ACTV_IND,CMPLT_IND,INIT_IND,VER_NBR) values ('2859','2687','2846','2858',null,1,0,1,1);
Insert into KREW_RTE_NODE_INSTN_T (RTE_NODE_INSTN_ID,DOC_HDR_ID,RTE_NODE_ID,BRCH_ID,PROC_RTE_NODE_INSTN_ID,ACTV_IND,CMPLT_IND,INIT_IND,VER_NBR) values ('2861','2688','2846','2860',null,1,0,1,1);
Insert into KREW_RTE_NODE_INSTN_T (RTE_NODE_INSTN_ID,DOC_HDR_ID,RTE_NODE_ID,BRCH_ID,PROC_RTE_NODE_INSTN_ID,ACTV_IND,CMPLT_IND,INIT_IND,VER_NBR) values ('2863','2689','2846','2862',null,1,0,1,1);
Insert into KREW_RTE_NODE_INSTN_T (RTE_NODE_INSTN_ID,DOC_HDR_ID,RTE_NODE_ID,BRCH_ID,PROC_RTE_NODE_INSTN_ID,ACTV_IND,CMPLT_IND,INIT_IND,VER_NBR) values ('2865','2690','2846','2864',null,1,0,1,1);
Insert into KREW_RTE_NODE_INSTN_T (RTE_NODE_INSTN_ID,DOC_HDR_ID,RTE_NODE_ID,BRCH_ID,PROC_RTE_NODE_INSTN_ID,ACTV_IND,CMPLT_IND,INIT_IND,VER_NBR) values ('2867','2691','2846','2866',null,1,0,1,1);
Insert into KREW_RTE_NODE_INSTN_T (RTE_NODE_INSTN_ID,DOC_HDR_ID,RTE_NODE_ID,BRCH_ID,PROC_RTE_NODE_INSTN_ID,ACTV_IND,CMPLT_IND,INIT_IND,VER_NBR) values ('2869','2692','2846','2868',null,1,0,1,1);
Insert into KREW_RTE_NODE_INSTN_T (RTE_NODE_INSTN_ID,DOC_HDR_ID,RTE_NODE_ID,BRCH_ID,PROC_RTE_NODE_INSTN_ID,ACTV_IND,CMPLT_IND,INIT_IND,VER_NBR) values ('2871','2693','2846','2870',null,1,0,1,1);
Insert into KREW_RTE_NODE_INSTN_T (RTE_NODE_INSTN_ID,DOC_HDR_ID,RTE_NODE_ID,BRCH_ID,PROC_RTE_NODE_INSTN_ID,ACTV_IND,CMPLT_IND,INIT_IND,VER_NBR) values ('2873','2694','2846','2872',null,1,0,1,1);
Insert into KREW_RTE_NODE_INSTN_T (RTE_NODE_INSTN_ID,DOC_HDR_ID,RTE_NODE_ID,BRCH_ID,PROC_RTE_NODE_INSTN_ID,ACTV_IND,CMPLT_IND,INIT_IND,VER_NBR) values ('2875','2695','2846','2874',null,0,1,0,2);
Insert into KREW_RTE_NODE_INSTN_T (RTE_NODE_INSTN_ID,DOC_HDR_ID,RTE_NODE_ID,BRCH_ID,PROC_RTE_NODE_INSTN_ID,ACTV_IND,CMPLT_IND,INIT_IND,VER_NBR) values ('2876','2695','2847','2874',null,0,1,0,3);
Insert into KREW_RTE_NODE_INSTN_T (RTE_NODE_INSTN_ID,DOC_HDR_ID,RTE_NODE_ID,BRCH_ID,PROC_RTE_NODE_INSTN_ID,ACTV_IND,CMPLT_IND,INIT_IND,VER_NBR) values ('2877','2695','2848','2874',null,0,1,0,3);
Insert into KREW_RTE_NODE_INSTN_T (RTE_NODE_INSTN_ID,DOC_HDR_ID,RTE_NODE_ID,BRCH_ID,PROC_RTE_NODE_INSTN_ID,ACTV_IND,CMPLT_IND,INIT_IND,VER_NBR) values ('2878','2695','2849','2874',null,0,1,0,3);
Insert into KREW_RTE_NODE_INSTN_T (RTE_NODE_INSTN_ID,DOC_HDR_ID,RTE_NODE_ID,BRCH_ID,PROC_RTE_NODE_INSTN_ID,ACTV_IND,CMPLT_IND,INIT_IND,VER_NBR) values ('2879','2695','2850','2874',null,0,1,0,2);
Insert into KREW_RTE_NODE_INSTN_T (RTE_NODE_INSTN_ID,DOC_HDR_ID,RTE_NODE_ID,BRCH_ID,PROC_RTE_NODE_INSTN_ID,ACTV_IND,CMPLT_IND,INIT_IND,VER_NBR) values ('2882','2696','2846','2881',null,1,0,1,1);
Insert into KREW_RTE_NODE_INSTN_T (RTE_NODE_INSTN_ID,DOC_HDR_ID,RTE_NODE_ID,BRCH_ID,PROC_RTE_NODE_INSTN_ID,ACTV_IND,CMPLT_IND,INIT_IND,VER_NBR) values ('2884','2698','2846','2883',null,1,0,1,1);
Insert into KREW_RTE_NODE_INSTN_T (RTE_NODE_INSTN_ID,DOC_HDR_ID,RTE_NODE_ID,BRCH_ID,PROC_RTE_NODE_INSTN_ID,ACTV_IND,CMPLT_IND,INIT_IND,VER_NBR) values ('2890','2701','2846','2889',null,0,1,0,2);
Insert into KREW_RTE_NODE_INSTN_T (RTE_NODE_INSTN_ID,DOC_HDR_ID,RTE_NODE_ID,BRCH_ID,PROC_RTE_NODE_INSTN_ID,ACTV_IND,CMPLT_IND,INIT_IND,VER_NBR) values ('2891','2701','2847','2889',null,1,0,0,2);
 --- INSERTING into KREW_RTE_NODE_LNK_T

Insert into KREW_RTE_NODE_LNK_T (FROM_RTE_NODE_ID,TO_RTE_NODE_ID) values ('2041','2042');
Insert into KREW_RTE_NODE_LNK_T (FROM_RTE_NODE_ID,TO_RTE_NODE_ID) values ('2042','2043');
Insert into KREW_RTE_NODE_LNK_T (FROM_RTE_NODE_ID,TO_RTE_NODE_ID) values ('2580','2581');
Insert into KREW_RTE_NODE_LNK_T (FROM_RTE_NODE_ID,TO_RTE_NODE_ID) values ('2846','2847');
Insert into KREW_RTE_NODE_LNK_T (FROM_RTE_NODE_ID,TO_RTE_NODE_ID) values ('2847','2848');
Insert into KREW_RTE_NODE_LNK_T (FROM_RTE_NODE_ID,TO_RTE_NODE_ID) values ('2848','2849');
Insert into KREW_RTE_NODE_LNK_T (FROM_RTE_NODE_ID,TO_RTE_NODE_ID) values ('2849','2850');
Insert into KREW_RTE_NODE_LNK_T (FROM_RTE_NODE_ID,TO_RTE_NODE_ID) values ('2892','2893');
Insert into KREW_RTE_NODE_LNK_T (FROM_RTE_NODE_ID,TO_RTE_NODE_ID) values ('2895','2896');
Insert into KREW_RTE_NODE_LNK_T (FROM_RTE_NODE_ID,TO_RTE_NODE_ID) values ('2898','2899');
Insert into KREW_RTE_NODE_LNK_T (FROM_RTE_NODE_ID,TO_RTE_NODE_ID) values ('2901','2902');
Insert into KREW_RTE_NODE_LNK_T (FROM_RTE_NODE_ID,TO_RTE_NODE_ID) values ('2904','2905');
Insert into KREW_RTE_NODE_LNK_T (FROM_RTE_NODE_ID,TO_RTE_NODE_ID) values ('2905','2906');
Insert into KREW_RTE_NODE_LNK_T (FROM_RTE_NODE_ID,TO_RTE_NODE_ID) values ('2914','2915');
 --- INSERTING into KREW_RTE_NODE_T

Insert into KREW_RTE_NODE_T (RTE_NODE_ID,DOC_TYP_ID,NM,TYP,RTE_MTHD_NM,RTE_MTHD_CD,FNL_APRVR_IND,MNDTRY_RTE_IND,ACTVN_TYP,BRCH_PROTO_ID,VER_NBR,CONTENT_FRAGMENT,GRP_ID,NEXT_DOC_STAT) values ('2004','2011','placeholder','org.kuali.rice.kew.engine.node.InitialNode',null,null,0,0,'S',null,2,null,'1',null);
Insert into KREW_RTE_NODE_T (RTE_NODE_ID,DOC_TYP_ID,NM,TYP,RTE_MTHD_NM,RTE_MTHD_CD,FNL_APRVR_IND,MNDTRY_RTE_IND,ACTVN_TYP,BRCH_PROTO_ID,VER_NBR,CONTENT_FRAGMENT,GRP_ID,NEXT_DOC_STAT) values ('2006','2012','placeholder','org.kuali.rice.kew.engine.node.InitialNode',null,null,0,0,'S',null,2,null,'1',null);
Insert into KREW_RTE_NODE_T (RTE_NODE_ID,DOC_TYP_ID,NM,TYP,RTE_MTHD_NM,RTE_MTHD_CD,FNL_APRVR_IND,MNDTRY_RTE_IND,ACTVN_TYP,BRCH_PROTO_ID,VER_NBR,CONTENT_FRAGMENT,GRP_ID,NEXT_DOC_STAT) values ('2039','2023','Adhoc Routing','org.kuali.rice.kew.engine.node.InitialNode',null,null,1,0,'S',null,1,null,'1',null);
Insert into KREW_RTE_NODE_T (RTE_NODE_ID,DOC_TYP_ID,NM,TYP,RTE_MTHD_NM,RTE_MTHD_CD,FNL_APRVR_IND,MNDTRY_RTE_IND,ACTVN_TYP,BRCH_PROTO_ID,VER_NBR,CONTENT_FRAGMENT,GRP_ID,NEXT_DOC_STAT) values ('2041','2024','Initiated','org.kuali.rice.kew.engine.node.InitialNode',null,null,0,0,'S',null,1,null,'1',null);
Insert into KREW_RTE_NODE_T (RTE_NODE_ID,DOC_TYP_ID,NM,TYP,RTE_MTHD_NM,RTE_MTHD_CD,FNL_APRVR_IND,MNDTRY_RTE_IND,ACTVN_TYP,BRCH_PROTO_ID,VER_NBR,CONTENT_FRAGMENT,GRP_ID,NEXT_DOC_STAT) values ('2042','2024','ReviewersNode','org.kuali.rice.kew.engine.node.RequestsNode','ReviewersRouting','FR',0,0,'S',null,1,null,'1',null);
Insert into KREW_RTE_NODE_T (RTE_NODE_ID,DOC_TYP_ID,NM,TYP,RTE_MTHD_NM,RTE_MTHD_CD,FNL_APRVR_IND,MNDTRY_RTE_IND,ACTVN_TYP,BRCH_PROTO_ID,VER_NBR,CONTENT_FRAGMENT,GRP_ID,NEXT_DOC_STAT) values ('2043','2024','RequestsNode','org.kuali.rice.kew.engine.node.RequestsNode','NotificationRouting','FR',0,0,'S',null,1,null,'1',null);
Insert into KREW_RTE_NODE_T (RTE_NODE_ID,DOC_TYP_ID,NM,TYP,RTE_MTHD_NM,RTE_MTHD_CD,FNL_APRVR_IND,MNDTRY_RTE_IND,ACTVN_TYP,BRCH_PROTO_ID,VER_NBR,CONTENT_FRAGMENT,GRP_ID,NEXT_DOC_STAT) values ('2057','2029','Initiated','org.kuali.rice.kew.engine.node.InitialNode',null,null,0,0,'P',null,2,null,'1',null);
Insert into KREW_RTE_NODE_T (RTE_NODE_ID,DOC_TYP_ID,NM,TYP,RTE_MTHD_NM,RTE_MTHD_CD,FNL_APRVR_IND,MNDTRY_RTE_IND,ACTVN_TYP,BRCH_PROTO_ID,VER_NBR,CONTENT_FRAGMENT,GRP_ID,NEXT_DOC_STAT) values ('2059','2030','Initiated','org.kuali.rice.kew.engine.node.InitialNode',null,null,0,0,'P',null,1,null,'1',null);
Insert into KREW_RTE_NODE_T (RTE_NODE_ID,DOC_TYP_ID,NM,TYP,RTE_MTHD_NM,RTE_MTHD_CD,FNL_APRVR_IND,MNDTRY_RTE_IND,ACTVN_TYP,BRCH_PROTO_ID,VER_NBR,CONTENT_FRAGMENT,GRP_ID,NEXT_DOC_STAT) values ('2061','2031','Initiated','org.kuali.rice.kew.engine.node.InitialNode',null,null,0,0,'P',null,1,null,'1',null);
Insert into KREW_RTE_NODE_T (RTE_NODE_ID,DOC_TYP_ID,NM,TYP,RTE_MTHD_NM,RTE_MTHD_CD,FNL_APRVR_IND,MNDTRY_RTE_IND,ACTVN_TYP,BRCH_PROTO_ID,VER_NBR,CONTENT_FRAGMENT,GRP_ID,NEXT_DOC_STAT) values ('2063','2032','Initiated','org.kuali.rice.kew.engine.node.InitialNode',null,null,0,0,'P',null,1,null,'1',null);
Insert into KREW_RTE_NODE_T (RTE_NODE_ID,DOC_TYP_ID,NM,TYP,RTE_MTHD_NM,RTE_MTHD_CD,FNL_APRVR_IND,MNDTRY_RTE_IND,ACTVN_TYP,BRCH_PROTO_ID,VER_NBR,CONTENT_FRAGMENT,GRP_ID,NEXT_DOC_STAT) values ('2065','2033','Initiated','org.kuali.rice.kew.engine.node.InitialNode',null,null,0,0,'P',null,1,null,'1',null);
Insert into KREW_RTE_NODE_T (RTE_NODE_ID,DOC_TYP_ID,NM,TYP,RTE_MTHD_NM,RTE_MTHD_CD,FNL_APRVR_IND,MNDTRY_RTE_IND,ACTVN_TYP,BRCH_PROTO_ID,VER_NBR,CONTENT_FRAGMENT,GRP_ID,NEXT_DOC_STAT) values ('2067','2034','Initiated','org.kuali.rice.kew.engine.node.InitialNode',null,null,0,0,'P',null,1,null,'1',null);
Insert into KREW_RTE_NODE_T (RTE_NODE_ID,DOC_TYP_ID,NM,TYP,RTE_MTHD_NM,RTE_MTHD_CD,FNL_APRVR_IND,MNDTRY_RTE_IND,ACTVN_TYP,BRCH_PROTO_ID,VER_NBR,CONTENT_FRAGMENT,GRP_ID,NEXT_DOC_STAT) values ('2344','2282','AdHoc','org.kuali.rice.kew.engine.node.InitialNode',null,null,0,0,'P',null,1,null,'1',null);
Insert into KREW_RTE_NODE_T (RTE_NODE_ID,DOC_TYP_ID,NM,TYP,RTE_MTHD_NM,RTE_MTHD_CD,FNL_APRVR_IND,MNDTRY_RTE_IND,ACTVN_TYP,BRCH_PROTO_ID,VER_NBR,CONTENT_FRAGMENT,GRP_ID,NEXT_DOC_STAT) values ('2580','2440','Initiated','org.kuali.rice.kew.engine.node.InitialNode',null,null,0,0,'P',null,1,null,'2201',null);
Insert into KREW_RTE_NODE_T (RTE_NODE_ID,DOC_TYP_ID,NM,TYP,RTE_MTHD_NM,RTE_MTHD_CD,FNL_APRVR_IND,MNDTRY_RTE_IND,ACTVN_TYP,BRCH_PROTO_ID,VER_NBR,CONTENT_FRAGMENT,GRP_ID,NEXT_DOC_STAT) values ('2581','2440','eDoc.Example1.Node1','org.kuali.rice.kew.engine.node.RequestsNode','eDoc.Example1.Node1','FR',0,0,'P',null,1,null,'2201',null);
Insert into KREW_RTE_NODE_T (RTE_NODE_ID,DOC_TYP_ID,NM,TYP,RTE_MTHD_NM,RTE_MTHD_CD,FNL_APRVR_IND,MNDTRY_RTE_IND,ACTVN_TYP,BRCH_PROTO_ID,VER_NBR,CONTENT_FRAGMENT,GRP_ID,NEXT_DOC_STAT) values ('2840','2680','PreRoute','org.kuali.rice.kew.engine.node.InitialNode',null,null,0,0,'S',null,2,null,null,null);
Insert into KREW_RTE_NODE_T (RTE_NODE_ID,DOC_TYP_ID,NM,TYP,RTE_MTHD_NM,RTE_MTHD_CD,FNL_APRVR_IND,MNDTRY_RTE_IND,ACTVN_TYP,BRCH_PROTO_ID,VER_NBR,CONTENT_FRAGMENT,GRP_ID,NEXT_DOC_STAT) values ('2846','2683','PreRoute','org.kuali.rice.kew.engine.node.InitialNode',null,null,0,0,'P',null,1,null,'1',null);
Insert into KREW_RTE_NODE_T (RTE_NODE_ID,DOC_TYP_ID,NM,TYP,RTE_MTHD_NM,RTE_MTHD_CD,FNL_APRVR_IND,MNDTRY_RTE_IND,ACTVN_TYP,BRCH_PROTO_ID,VER_NBR,CONTENT_FRAGMENT,GRP_ID,NEXT_DOC_STAT) values ('2847','2683','DestinationApproval','org.kuali.rice.kew.engine.node.RequestsNode','TravelRequest-DestinationRouting','FR',0,0,'S',null,1,null,'1',null);
Insert into KREW_RTE_NODE_T (RTE_NODE_ID,DOC_TYP_ID,NM,TYP,RTE_MTHD_NM,RTE_MTHD_CD,FNL_APRVR_IND,MNDTRY_RTE_IND,ACTVN_TYP,BRCH_PROTO_ID,VER_NBR,CONTENT_FRAGMENT,GRP_ID,NEXT_DOC_STAT) values ('2848','2683','TravelerApproval','org.kuali.rice.kew.engine.node.RequestsNode','TravelRequest-TravelerRouting','FR',0,0,'S',null,1,null,'1',null);
Insert into KREW_RTE_NODE_T (RTE_NODE_ID,DOC_TYP_ID,NM,TYP,RTE_MTHD_NM,RTE_MTHD_CD,FNL_APRVR_IND,MNDTRY_RTE_IND,ACTVN_TYP,BRCH_PROTO_ID,VER_NBR,CONTENT_FRAGMENT,GRP_ID,NEXT_DOC_STAT) values ('2849','2683','SupervisorApproval','org.kuali.rice.kew.engine.node.RequestsNode','TravelRequest-SupervisorRouting','FR',0,0,'S',null,1,null,'1',null);
Insert into KREW_RTE_NODE_T (RTE_NODE_ID,DOC_TYP_ID,NM,TYP,RTE_MTHD_NM,RTE_MTHD_CD,FNL_APRVR_IND,MNDTRY_RTE_IND,ACTVN_TYP,BRCH_PROTO_ID,VER_NBR,CONTENT_FRAGMENT,GRP_ID,NEXT_DOC_STAT) values ('2850','2683','AccountApproval','org.kuali.rice.kew.engine.node.RequestsNode','TravelRequest-AccountRouting','FR',0,0,'S',null,1,null,'1',null);
Insert into KREW_RTE_NODE_T (RTE_NODE_ID,DOC_TYP_ID,NM,TYP,RTE_MTHD_NM,RTE_MTHD_CD,FNL_APRVR_IND,MNDTRY_RTE_IND,ACTVN_TYP,BRCH_PROTO_ID,VER_NBR,CONTENT_FRAGMENT,GRP_ID,NEXT_DOC_STAT) values ('2892','2704','Adhoc Routing','org.kuali.rice.kew.engine.node.InitialNode',null,null,0,0,'P',null,4,null,'1',null);
Insert into KREW_RTE_NODE_T (RTE_NODE_ID,DOC_TYP_ID,NM,TYP,RTE_MTHD_NM,RTE_MTHD_CD,FNL_APRVR_IND,MNDTRY_RTE_IND,ACTVN_TYP,BRCH_PROTO_ID,VER_NBR,CONTENT_FRAGMENT,GRP_ID,NEXT_DOC_STAT) values ('2893','2704','Recipe Masters Group Approval','org.kuali.rice.kew.engine.node.RequestsNode',null,null,0,0,'S',null,4,null,'1',null);
Insert into KREW_RTE_NODE_T (RTE_NODE_ID,DOC_TYP_ID,NM,TYP,RTE_MTHD_NM,RTE_MTHD_CD,FNL_APRVR_IND,MNDTRY_RTE_IND,ACTVN_TYP,BRCH_PROTO_ID,VER_NBR,CONTENT_FRAGMENT,GRP_ID,NEXT_DOC_STAT) values ('2895','2707','Adhoc Routing','org.kuali.rice.kew.engine.node.InitialNode',null,null,0,0,'P',null,1,null,'1',null);
Insert into KREW_RTE_NODE_T (RTE_NODE_ID,DOC_TYP_ID,NM,TYP,RTE_MTHD_NM,RTE_MTHD_CD,FNL_APRVR_IND,MNDTRY_RTE_IND,ACTVN_TYP,BRCH_PROTO_ID,VER_NBR,CONTENT_FRAGMENT,GRP_ID,NEXT_DOC_STAT) values ('2896','2707','Chicken Recipe Masters Group Approval','org.kuali.rice.kew.engine.node.RequestsNode',null,null,0,0,'S',null,1,null,'1',null);
Insert into KREW_RTE_NODE_T (RTE_NODE_ID,DOC_TYP_ID,NM,TYP,RTE_MTHD_NM,RTE_MTHD_CD,FNL_APRVR_IND,MNDTRY_RTE_IND,ACTVN_TYP,BRCH_PROTO_ID,VER_NBR,CONTENT_FRAGMENT,GRP_ID,NEXT_DOC_STAT) values ('2898','2995','AdHoc','org.kuali.rice.kew.engine.node.InitialNode',null,null,0,0,'S',null,1,null,null,null);
Insert into KREW_RTE_NODE_T (RTE_NODE_ID,DOC_TYP_ID,NM,TYP,RTE_MTHD_NM,RTE_MTHD_CD,FNL_APRVR_IND,MNDTRY_RTE_IND,ACTVN_TYP,BRCH_PROTO_ID,VER_NBR,CONTENT_FRAGMENT,GRP_ID,NEXT_DOC_STAT) values ('2899','2995','RoleType','org.kuali.rice.kew.engine.node.RoleNode','org.kuali.rice.kew.role.RoleRouteModule','RM',0,0,'P',null,1,null,null,null);
Insert into KREW_RTE_NODE_T (RTE_NODE_ID,DOC_TYP_ID,NM,TYP,RTE_MTHD_NM,RTE_MTHD_CD,FNL_APRVR_IND,MNDTRY_RTE_IND,ACTVN_TYP,BRCH_PROTO_ID,VER_NBR,CONTENT_FRAGMENT,GRP_ID,NEXT_DOC_STAT) values ('2901','2996','AdHoc','org.kuali.rice.kew.engine.node.InitialNode',null,null,0,0,'S',null,1,null,null,null);
Insert into KREW_RTE_NODE_T (RTE_NODE_ID,DOC_TYP_ID,NM,TYP,RTE_MTHD_NM,RTE_MTHD_CD,FNL_APRVR_IND,MNDTRY_RTE_IND,ACTVN_TYP,BRCH_PROTO_ID,VER_NBR,CONTENT_FRAGMENT,GRP_ID,NEXT_DOC_STAT) values ('2902','2996','GroupType','org.kuali.rice.kew.engine.node.RoleNode','org.kuali.rice.kew.role.RoleRouteModule','RM',0,0,'P',null,1,null,null,null);
Insert into KREW_RTE_NODE_T (RTE_NODE_ID,DOC_TYP_ID,NM,TYP,RTE_MTHD_NM,RTE_MTHD_CD,FNL_APRVR_IND,MNDTRY_RTE_IND,ACTVN_TYP,BRCH_PROTO_ID,VER_NBR,CONTENT_FRAGMENT,GRP_ID,NEXT_DOC_STAT) values ('2904','2997','AdHoc','org.kuali.rice.kew.engine.node.InitialNode',null,null,0,0,'S',null,1,null,null,null);
Insert into KREW_RTE_NODE_T (RTE_NODE_ID,DOC_TYP_ID,NM,TYP,RTE_MTHD_NM,RTE_MTHD_CD,FNL_APRVR_IND,MNDTRY_RTE_IND,ACTVN_TYP,BRCH_PROTO_ID,VER_NBR,CONTENT_FRAGMENT,GRP_ID,NEXT_DOC_STAT) values ('2905','2997','GroupType','org.kuali.rice.kew.engine.node.RoleNode','org.kuali.rice.kew.role.RoleRouteModule','RM',0,0,'P',null,1,null,null,null);
Insert into KREW_RTE_NODE_T (RTE_NODE_ID,DOC_TYP_ID,NM,TYP,RTE_MTHD_NM,RTE_MTHD_CD,FNL_APRVR_IND,MNDTRY_RTE_IND,ACTVN_TYP,BRCH_PROTO_ID,VER_NBR,CONTENT_FRAGMENT,GRP_ID,NEXT_DOC_STAT) values ('2906','2997','RoleType','org.kuali.rice.kew.engine.node.RoleNode','org.kuali.rice.kew.role.RoleRouteModule','RM',0,0,'P',null,1,null,null,null);
Insert into KREW_RTE_NODE_T (RTE_NODE_ID,DOC_TYP_ID,NM,TYP,RTE_MTHD_NM,RTE_MTHD_CD,FNL_APRVR_IND,MNDTRY_RTE_IND,ACTVN_TYP,BRCH_PROTO_ID,VER_NBR,CONTENT_FRAGMENT,GRP_ID,NEXT_DOC_STAT) values ('2908','2998','AdHoc','org.kuali.rice.kew.engine.node.InitialNode',null,null,0,0,'S',null,1,null,null,null);
Insert into KREW_RTE_NODE_T (RTE_NODE_ID,DOC_TYP_ID,NM,TYP,RTE_MTHD_NM,RTE_MTHD_CD,FNL_APRVR_IND,MNDTRY_RTE_IND,ACTVN_TYP,BRCH_PROTO_ID,VER_NBR,CONTENT_FRAGMENT,GRP_ID,NEXT_DOC_STAT) values ('2910','2999','AdHoc','org.kuali.rice.kew.engine.node.InitialNode',null,null,0,0,'S',null,1,null,null,null);
Insert into KREW_RTE_NODE_T (RTE_NODE_ID,DOC_TYP_ID,NM,TYP,RTE_MTHD_NM,RTE_MTHD_CD,FNL_APRVR_IND,MNDTRY_RTE_IND,ACTVN_TYP,BRCH_PROTO_ID,VER_NBR,CONTENT_FRAGMENT,GRP_ID,NEXT_DOC_STAT) values ('2914','3006','Initiated','org.kuali.rice.kew.engine.node.InitialNode',null,null,0,0,'P',null,1,null,'1',null);
Insert into KREW_RTE_NODE_T (RTE_NODE_ID,DOC_TYP_ID,NM,TYP,RTE_MTHD_NM,RTE_MTHD_CD,FNL_APRVR_IND,MNDTRY_RTE_IND,ACTVN_TYP,BRCH_PROTO_ID,VER_NBR,CONTENT_FRAGMENT,GRP_ID,NEXT_DOC_STAT) values ('2915','3006','PeopleFlows','org.kuali.rice.kew.engine.node.RequestsNode',null,'RE',0,0,'R',null,1,null,'1',null);
Insert into KREW_RTE_NODE_T (RTE_NODE_ID,DOC_TYP_ID,NM,TYP,RTE_MTHD_NM,RTE_MTHD_CD,FNL_APRVR_IND,MNDTRY_RTE_IND,ACTVN_TYP,BRCH_PROTO_ID,VER_NBR,CONTENT_FRAGMENT,GRP_ID,NEXT_DOC_STAT) values ('2917','3007','Initiated','org.kuali.rice.kew.engine.node.InitialNode',null,null,0,0,'P',null,1,null,'1',null);
Insert into KREW_RTE_NODE_T (RTE_NODE_ID,DOC_TYP_ID,NM,TYP,RTE_MTHD_NM,RTE_MTHD_CD,FNL_APRVR_IND,MNDTRY_RTE_IND,ACTVN_TYP,BRCH_PROTO_ID,VER_NBR,CONTENT_FRAGMENT,GRP_ID,NEXT_DOC_STAT) values ('2919','3008','Initiated','org.kuali.rice.kew.engine.node.InitialNode',null,null,0,0,'P',null,1,null,'1',null);
Insert into KREW_RTE_NODE_T (RTE_NODE_ID,DOC_TYP_ID,NM,TYP,RTE_MTHD_NM,RTE_MTHD_CD,FNL_APRVR_IND,MNDTRY_RTE_IND,ACTVN_TYP,BRCH_PROTO_ID,VER_NBR,CONTENT_FRAGMENT,GRP_ID,NEXT_DOC_STAT) values ('2921','3009','Initiated','org.kuali.rice.kew.engine.node.InitialNode',null,null,0,0,'P',null,1,null,'1',null);
 --- INSERTING into KREW_RULE_ATTR_T

Insert into KREW_RULE_ATTR_T (RULE_ATTR_ID,NM,LBL,RULE_ATTR_TYP_CD,DESC_TXT,CLS_NM,VER_NBR,APPL_ID,OBJ_ID) values ('1000','RuleRoutingAttribute','Rule Routing Attribute','RuleAttribute','Rule Routing Attribute','org.kuali.rice.kew.rule.RuleRoutingAttribute',3,null,'6166CBA1B94F644DE0404F8189D86C09');
Insert into KREW_RULE_ATTR_T (RULE_ATTR_ID,NM,LBL,RULE_ATTR_TYP_CD,DESC_TXT,CLS_NM,VER_NBR,APPL_ID,OBJ_ID) values ('1003','NotificationCustomActionListAttribute','Notification  Action List Attribute','ActionListAttribute','Notification Action List Attribute','org.kuali.rice.ken.kew.NotificationCustomActionListAttribute',2,null,'6166CBA1B952644DE0404F8189D86C09');
Insert into KREW_RULE_ATTR_T (RULE_ATTR_ID,NM,LBL,RULE_ATTR_TYP_CD,DESC_TXT,CLS_NM,VER_NBR,APPL_ID,OBJ_ID) values ('1004','NotificationChannelSearchableAttribute','Notification Channel','SearchableXmlAttribute','The associated channel that this message was sent on.','org.kuali.rice.kew.docsearch.xml.StandardGenericXMLSearchableAttribute',1,null,'6166CBA1B953644DE0404F8189D86C09');
Insert into KREW_RULE_ATTR_T (RULE_ATTR_ID,NM,LBL,RULE_ATTR_TYP_CD,DESC_TXT,CLS_NM,VER_NBR,APPL_ID,OBJ_ID) values ('1005','NotificationPrioritySearchableAttribute','Notification Priority','SearchableXmlAttribute','The priority of this notification.','org.kuali.rice.kew.docsearch.xml.StandardGenericXMLSearchableAttribute',1,null,'6166CBA1B954644DE0404F8189D86C09');
Insert into KREW_RULE_ATTR_T (RULE_ATTR_ID,NM,LBL,RULE_ATTR_TYP_CD,DESC_TXT,CLS_NM,VER_NBR,APPL_ID,OBJ_ID) values ('1006','NotificationContentTypeSearchableAttribute','Notification Content Type','SearchableXmlAttribute','The content type of this notification.','org.kuali.rice.kew.docsearch.xml.StandardGenericXMLSearchableAttribute',1,null,'6166CBA1B955644DE0404F8189D86C09');
Insert into KREW_RULE_ATTR_T (RULE_ATTR_ID,NM,LBL,RULE_ATTR_TYP_CD,DESC_TXT,CLS_NM,VER_NBR,APPL_ID,OBJ_ID) values ('1007','NotificationProducerSearchableAttribute','Notification Producer','SearchableXmlAttribute','The producer of this notification.','org.kuali.rice.kew.docsearch.xml.StandardGenericXMLSearchableAttribute',1,null,'6166CBA1B956644DE0404F8189D86C09');
Insert into KREW_RULE_ATTR_T (RULE_ATTR_ID,NM,LBL,RULE_ATTR_TYP_CD,DESC_TXT,CLS_NM,VER_NBR,APPL_ID,OBJ_ID) values ('1008','NotificationRecipientsSearchableAttribute','Notification Recipient','SearchableXmlAttribute','Those who are receiving this notification.','org.kuali.rice.kew.docsearch.xml.StandardGenericXMLSearchableAttribute',1,null,'6166CBA1B957644DE0404F8189D86C09');
Insert into KREW_RULE_ATTR_T (RULE_ATTR_ID,NM,LBL,RULE_ATTR_TYP_CD,DESC_TXT,CLS_NM,VER_NBR,APPL_ID,OBJ_ID) values ('1009','NotificationSendersSearchableAttribute','Notification Senders','SearchableXmlAttribute','Those who this notification is being sent on behalf of.','org.kuali.rice.kew.docsearch.xml.StandardGenericXMLSearchableAttribute',1,null,'6166CBA1B958644DE0404F8189D86C09');
Insert into KREW_RULE_ATTR_T (RULE_ATTR_ID,NM,LBL,RULE_ATTR_TYP_CD,DESC_TXT,CLS_NM,VER_NBR,APPL_ID,OBJ_ID) values ('1010','ChannelReviewerRoleAttribute','Channel Reviewer Role Attribute','RuleAttribute','Channel Reviewer Role Attribute','org.kuali.rice.ken.kew.ChannelReviewerRoleAttribute',1,null,'6166CBA1B959644DE0404F8189D86C09');
Insert into KREW_RULE_ATTR_T (RULE_ATTR_ID,NM,LBL,RULE_ATTR_TYP_CD,DESC_TXT,CLS_NM,VER_NBR,APPL_ID,OBJ_ID) values ('1011','DestinationAttribute','Department of Prudence Routing','RuleAttribute','Department of Prudence Routing','edu.sampleu.travel.workflow.DestinationRuleAttribute',1,'TRAVEL','6166CBA1B95A644DE0404F8189D86C09');
Insert into KREW_RULE_ATTR_T (RULE_ATTR_ID,NM,LBL,RULE_ATTR_TYP_CD,DESC_TXT,CLS_NM,VER_NBR,APPL_ID,OBJ_ID) values ('1012','EmployeeAttribute','Employee Routing','RuleAttribute','Employee Routing','edu.sampleu.travel.workflow.EmployeeAttribute',1,'TRAVEL','6166CBA1B95B644DE0404F8189D86C09');
Insert into KREW_RULE_ATTR_T (RULE_ATTR_ID,NM,LBL,RULE_ATTR_TYP_CD,DESC_TXT,CLS_NM,VER_NBR,APPL_ID,OBJ_ID) values ('1013','AccountAttribute','AccountAttribute','RuleAttribute','AccountAttribute','edu.sampleu.travel.workflow.AccountAttribute',2,null,'6166CBA1B95C644DE0404F8189D86C09');
Insert into KREW_RULE_ATTR_T (RULE_ATTR_ID,NM,LBL,RULE_ATTR_TYP_CD,DESC_TXT,CLS_NM,VER_NBR,APPL_ID,OBJ_ID) values ('1014','TravelAccountDocumentAccountNumberAttribute','Account Number Attribute','SearchableXmlAttribute','The search attribute used to find documents by account number.','org.kuali.rice.krad.workflow.attribute.KualiXmlSearchableAttributeImpl',1,null,'6166CBA1B95D644DE0404F8189D86C09');
Insert into KREW_RULE_ATTR_T (RULE_ATTR_ID,NM,LBL,RULE_ATTR_TYP_CD,DESC_TXT,CLS_NM,VER_NBR,APPL_ID,OBJ_ID) values ('1100','EDL.Campus.Example','EDL Campus Routing','RuleXmlAttribute','EDL School Routing','org.kuali.rice.kew.rule.xmlrouting.StandardGenericXMLRuleAttribute',2,null,'6166CBA1B95F644DE0404F8189D86C09');
Insert into KREW_RULE_ATTR_T (RULE_ATTR_ID,NM,LBL,RULE_ATTR_TYP_CD,DESC_TXT,CLS_NM,VER_NBR,APPL_ID,OBJ_ID) values ('1133','FiscalOfficer','foo','RuleAttribute','foo','edu.sampleu.travel.workflow.AccountAttribute',2,null,'6166CBA1B96D644DE0404F8189D86C09');
Insert into KREW_RULE_ATTR_T (RULE_ATTR_ID,NM,LBL,RULE_ATTR_TYP_CD,DESC_TXT,CLS_NM,VER_NBR,APPL_ID,OBJ_ID) values ('1232','LoadTestActionListAttribute','LoadTestActionListAttribute','ActionListAttribute','LoadTestActionListAttribute','components.LoadTestActionListAttibute',1,null,'6166CBA1B9C4644DE0404F8189D86C09');
Insert into KREW_RULE_ATTR_T (RULE_ATTR_ID,NM,LBL,RULE_ATTR_TYP_CD,DESC_TXT,CLS_NM,VER_NBR,APPL_ID,OBJ_ID) values ('1233','XMLSearchableAttribute','XML Searchable attribute','SearchableXmlAttribute','XML Searchable attribute','org.kuali.rice.kew.docsearch.xml.StandardGenericXMLSearchableAttribute',1,null,'6166CBA1B9C5644DE0404F8189D86C09');
Insert into KREW_RULE_ATTR_T (RULE_ATTR_ID,NM,LBL,RULE_ATTR_TYP_CD,DESC_TXT,CLS_NM,VER_NBR,APPL_ID,OBJ_ID) values ('1234','XMLSearchableAttribute_CaseInsensitive','XML Searchable attribute','SearchableXmlAttribute','XML Searchable attribute','org.kuali.rice.kew.docsearch.xml.StandardGenericXMLSearchableAttribute',1,null,'6166CBA1B9C6644DE0404F8189D86C09');
Insert into KREW_RULE_ATTR_T (RULE_ATTR_ID,NM,LBL,RULE_ATTR_TYP_CD,DESC_TXT,CLS_NM,VER_NBR,APPL_ID,OBJ_ID) values ('1235','XMLSearchableAttributeStdLong','XML Searchable attribute','SearchableXmlAttribute','XML Searchable attribute','org.kuali.rice.kew.docsearch.xml.StandardGenericXMLSearchableAttribute',1,null,'6166CBA1B9C7644DE0404F8189D86C09');
Insert into KREW_RULE_ATTR_T (RULE_ATTR_ID,NM,LBL,RULE_ATTR_TYP_CD,DESC_TXT,CLS_NM,VER_NBR,APPL_ID,OBJ_ID) values ('1236','XMLSearchableAttributeStdFloat','XML Searchable attribute','SearchableXmlAttribute','XML Searchable attribute','org.kuali.rice.kew.docsearch.xml.StandardGenericXMLSearchableAttribute',1,null,'6166CBA1B9C8644DE0404F8189D86C09');
Insert into KREW_RULE_ATTR_T (RULE_ATTR_ID,NM,LBL,RULE_ATTR_TYP_CD,DESC_TXT,CLS_NM,VER_NBR,APPL_ID,OBJ_ID) values ('1237','XMLSearchableAttributeStdCurrency','XML Searchable attribute','SearchableXmlAttribute','XML Searchable attribute','org.kuali.rice.kew.docsearch.xml.StandardGenericXMLSearchableAttribute',1,null,'6166CBA1B9C9644DE0404F8189D86C09');
Insert into KREW_RULE_ATTR_T (RULE_ATTR_ID,NM,LBL,RULE_ATTR_TYP_CD,DESC_TXT,CLS_NM,VER_NBR,APPL_ID,OBJ_ID) values ('1238','XMLSearchableAttributeStdDateTime','XML Searchable attribute','SearchableXmlAttribute','XML Searchable attribute','org.kuali.rice.kew.docsearch.xml.StandardGenericXMLSearchableAttribute',1,null,'6166CBA1B9CA644DE0404F8189D86C09');

Insert into KREW_RULE_EXT_T (RULE_EXT_ID,RULE_TMPL_ATTR_ID,RULE_ID,VER_NBR) values ('1045','1024','1044',1);
Insert into KREW_RULE_EXT_T (RULE_EXT_ID,RULE_TMPL_ATTR_ID,RULE_ID,VER_NBR) values ('1047','1027','1046',1);
Insert into KREW_RULE_EXT_T (RULE_EXT_ID,RULE_TMPL_ATTR_ID,RULE_ID,VER_NBR) values ('1104','1102','1103',1);
Insert into KREW_RULE_EXT_T (RULE_EXT_ID,RULE_TMPL_ATTR_ID,RULE_ID,VER_NBR) values ('1107','1102','1106',1);
 --- INSERTING into KREW_RULE_EXT_VAL_T

Insert into KREW_RULE_EXT_VAL_T (RULE_EXT_VAL_ID,RULE_EXT_ID,VAL,KEY_CD,VER_NBR) values ('1048','1047','las vegas','destination',1);
Insert into KREW_RULE_EXT_VAL_T (RULE_EXT_VAL_ID,RULE_EXT_ID,VAL,KEY_CD,VER_NBR) values ('1105','1104','IUB','campus',1);
Insert into KREW_RULE_EXT_VAL_T (RULE_EXT_VAL_ID,RULE_EXT_ID,VAL,KEY_CD,VER_NBR) values ('1108','1107','IUPUI','campus',1);
 --- INSERTING into KREW_RULE_RSP_T

Insert into KREW_RULE_RSP_T (RULE_RSP_ID,RSP_ID,RULE_ID,PRIO,ACTN_RQST_CD,NM,TYP,APPR_PLCY,VER_NBR,OBJ_ID) values ('2021','2020','1044',1,'A','org.kuali.rice.ken.kew.ChannelReviewerRoleAttribute!reviewers','R','F',1,'6166CBA1BBFC644DE0404F8189D86C09');
Insert into KREW_RULE_RSP_T (RULE_RSP_ID,RSP_ID,RULE_ID,PRIO,ACTN_RQST_CD,NM,TYP,APPR_PLCY,VER_NBR,OBJ_ID) values ('2023','2022','1046',1,'A','user4','F','F',1,'6166CBA1BBFD644DE0404F8189D86C09');
Insert into KREW_RULE_RSP_T (RULE_RSP_ID,RSP_ID,RULE_ID,PRIO,ACTN_RQST_CD,NM,TYP,APPR_PLCY,VER_NBR,OBJ_ID) values ('2025','2024','1049',1,'A','edu.sampleu.travel.workflow.EmployeeAttribute!employee','R','F',1,'6166CBA1BBFE644DE0404F8189D86C09');
Insert into KREW_RULE_RSP_T (RULE_RSP_ID,RSP_ID,RULE_ID,PRIO,ACTN_RQST_CD,NM,TYP,APPR_PLCY,VER_NBR,OBJ_ID) values ('2027','2026','1050',1,'A','edu.sampleu.travel.workflow.EmployeeAttribute!supervisr','R','F',1,'6166CBA1BBFF644DE0404F8189D86C09');
Insert into KREW_RULE_RSP_T (RULE_RSP_ID,RSP_ID,RULE_ID,PRIO,ACTN_RQST_CD,NM,TYP,APPR_PLCY,VER_NBR,OBJ_ID) values ('2029','2028','1051',1,'K','edu.sampleu.travel.workflow.EmployeeAttribute!director','R','F',1,'6166CBA1BC00644DE0404F8189D86C09');
Insert into KREW_RULE_RSP_T (RULE_RSP_ID,RSP_ID,RULE_ID,PRIO,ACTN_RQST_CD,NM,TYP,APPR_PLCY,VER_NBR,OBJ_ID) values ('2031','2030','1052',1,'A','edu.sampleu.travel.workflow.AccountAttribute!FO','R','F',1,'6166CBA1BC01644DE0404F8189D86C09');
Insert into KREW_RULE_RSP_T (RULE_RSP_ID,RSP_ID,RULE_ID,PRIO,ACTN_RQST_CD,NM,TYP,APPR_PLCY,VER_NBR,OBJ_ID) values ('2041','2040','1103',1,'A','2202','G','F',1,'6166CBA1BC02644DE0404F8189D86C09');
Insert into KREW_RULE_RSP_T (RULE_RSP_ID,RSP_ID,RULE_ID,PRIO,ACTN_RQST_CD,NM,TYP,APPR_PLCY,VER_NBR,OBJ_ID) values ('2043','2042','1106',1,'A','2203','G','F',1,'6166CBA1BC03644DE0404F8189D86C09');
Insert into KREW_RULE_RSP_T (RULE_RSP_ID,RSP_ID,RULE_ID,PRIO,ACTN_RQST_CD,NM,TYP,APPR_PLCY,VER_NBR,OBJ_ID) values ('2064','2063','1642',1,'A','9997','G','F',1,'B1FCE360-EA7A-C2B8-9D70-88C39A982094');
 --- INSERTING into KREW_RULE_T

Insert into KREW_RULE_T (RULE_ID,NM,RULE_TMPL_ID,RULE_EXPR_ID,ACTV_IND,RULE_BASE_VAL_DESC,FRC_ACTN,DOC_TYP_NM,DOC_HDR_ID,TMPL_RULE_IND,FRM_DT,TO_DT,DACTVN_DT,CUR_IND,RULE_VER_NBR,DLGN_IND,PREV_VER_RULE_ID,ACTVN_DT,VER_NBR,OBJ_ID) values ('1044','SendNotificationRequest.Reviewers','1023',null,1,'Notification Request Reviewers',1,'SendNotificationRequest',null,0,to_date('01-AUG-08','DD-MON-RR'),to_date('01-JAN-00','DD-MON-RR'),to_date('01-JAN-00','DD-MON-RR'),1,0,0,null,to_date('01-AUG-08','DD-MON-RR'),0,'6166CBA1BBE9644DE0404F8189D86C09');
Insert into KREW_RULE_T (RULE_ID,NM,RULE_TMPL_ID,RULE_EXPR_ID,ACTV_IND,RULE_BASE_VAL_DESC,FRC_ACTN,DOC_TYP_NM,DOC_HDR_ID,TMPL_RULE_IND,FRM_DT,TO_DT,DACTVN_DT,CUR_IND,RULE_VER_NBR,DLGN_IND,PREV_VER_RULE_ID,ACTVN_DT,VER_NBR,OBJ_ID) values ('1046','TravelRequest.Destination.LasVegas','1026',null,1,'Destination - Las Vegas',0,'TravelRequest',null,0,to_date('01-AUG-08','DD-MON-RR'),to_date('01-JAN-00','DD-MON-RR'),to_date('01-JAN-00','DD-MON-RR'),1,0,0,null,to_date('01-AUG-08','DD-MON-RR'),0,'6166CBA1BBEA644DE0404F8189D86C09');
Insert into KREW_RULE_T (RULE_ID,NM,RULE_TMPL_ID,RULE_EXPR_ID,ACTV_IND,RULE_BASE_VAL_DESC,FRC_ACTN,DOC_TYP_NM,DOC_HDR_ID,TMPL_RULE_IND,FRM_DT,TO_DT,DACTVN_DT,CUR_IND,RULE_VER_NBR,DLGN_IND,PREV_VER_RULE_ID,ACTVN_DT,VER_NBR,OBJ_ID) values ('1049','TravelRequest.Supervisor','1028',null,1,'Supervisor Routing',0,'TravelRequest',null,0,to_date('01-AUG-08','DD-MON-RR'),to_date('01-JAN-00','DD-MON-RR'),to_date('01-JAN-00','DD-MON-RR'),1,0,0,null,to_date('01-AUG-08','DD-MON-RR'),0,'6166CBA1BBEB644DE0404F8189D86C09');
Insert into KREW_RULE_T (RULE_ID,NM,RULE_TMPL_ID,RULE_EXPR_ID,ACTV_IND,RULE_BASE_VAL_DESC,FRC_ACTN,DOC_TYP_NM,DOC_HDR_ID,TMPL_RULE_IND,FRM_DT,TO_DT,DACTVN_DT,CUR_IND,RULE_VER_NBR,DLGN_IND,PREV_VER_RULE_ID,ACTVN_DT,VER_NBR,OBJ_ID) values ('1050','TravelRequest.DeanDirector','1030',null,1,'Dean/Director Routing',0,'TravelRequest',null,0,to_date('01-AUG-08','DD-MON-RR'),to_date('01-JAN-00','DD-MON-RR'),to_date('01-JAN-00','DD-MON-RR'),1,0,0,null,to_date('01-AUG-08','DD-MON-RR'),0,'6166CBA1BBEC644DE0404F8189D86C09');
Insert into KREW_RULE_T (RULE_ID,NM,RULE_TMPL_ID,RULE_EXPR_ID,ACTV_IND,RULE_BASE_VAL_DESC,FRC_ACTN,DOC_TYP_NM,DOC_HDR_ID,TMPL_RULE_IND,FRM_DT,TO_DT,DACTVN_DT,CUR_IND,RULE_VER_NBR,DLGN_IND,PREV_VER_RULE_ID,ACTVN_DT,VER_NBR,OBJ_ID) values ('1051','TravelRequest.FiscalOfficer','1030',null,1,'Fiscal Officer Routing',0,'TravelRequest',null,0,to_date('01-AUG-08','DD-MON-RR'),to_date('01-JAN-00','DD-MON-RR'),to_date('01-JAN-00','DD-MON-RR'),1,0,0,null,to_date('01-AUG-08','DD-MON-RR'),0,'6166CBA1BBED644DE0404F8189D86C09');
Insert into KREW_RULE_T (RULE_ID,NM,RULE_TMPL_ID,RULE_EXPR_ID,ACTV_IND,RULE_BASE_VAL_DESC,FRC_ACTN,DOC_TYP_NM,DOC_HDR_ID,TMPL_RULE_IND,FRM_DT,TO_DT,DACTVN_DT,CUR_IND,RULE_VER_NBR,DLGN_IND,PREV_VER_RULE_ID,ACTVN_DT,VER_NBR,OBJ_ID) values ('1052','659D86718DD514C7E0404F8189D877C3','1032',null,1,'Fiscal Officer Routing',0,'TravelRequest',null,0,to_date('01-AUG-08','DD-MON-RR'),to_date('01-JAN-00','DD-MON-RR'),to_date('01-JAN-00','DD-MON-RR'),1,0,0,null,to_date('01-AUG-08','DD-MON-RR'),0,'6166CBA1BBEE644DE0404F8189D86C09');
Insert into KREW_RULE_T (RULE_ID,NM,RULE_TMPL_ID,RULE_EXPR_ID,ACTV_IND,RULE_BASE_VAL_DESC,FRC_ACTN,DOC_TYP_NM,DOC_HDR_ID,TMPL_RULE_IND,FRM_DT,TO_DT,DACTVN_DT,CUR_IND,RULE_VER_NBR,DLGN_IND,PREV_VER_RULE_ID,ACTVN_DT,VER_NBR,OBJ_ID) values ('1103','eDoc.Example1Doctype.IUB','1101',null,1,'Routing rule for EDocLite Example with IUB selected.',0,'eDoc.Example1Doctype',null,0,to_date('16-SEP-08','DD-MON-RR'),to_date('01-JAN-00','DD-MON-RR'),to_date('01-JAN-00','DD-MON-RR'),1,0,0,null,to_date('16-SEP-08','DD-MON-RR'),0,'6166CBA1BBEF644DE0404F8189D86C09');
Insert into KREW_RULE_T (RULE_ID,NM,RULE_TMPL_ID,RULE_EXPR_ID,ACTV_IND,RULE_BASE_VAL_DESC,FRC_ACTN,DOC_TYP_NM,DOC_HDR_ID,TMPL_RULE_IND,FRM_DT,TO_DT,DACTVN_DT,CUR_IND,RULE_VER_NBR,DLGN_IND,PREV_VER_RULE_ID,ACTVN_DT,VER_NBR,OBJ_ID) values ('1106','eDoc.Example1Doctype.IUPUI','1101',null,1,'Routing rule for EDocLite Example with IUPUI selected.',0,'eDoc.Example1Doctype',null,0,to_date('16-SEP-08','DD-MON-RR'),to_date('01-JAN-00','DD-MON-RR'),to_date('01-JAN-00','DD-MON-RR'),1,0,0,null,to_date('16-SEP-08','DD-MON-RR'),0,'6166CBA1BBF0644DE0404F8189D86C09');
Insert into KREW_RULE_T (RULE_ID,NM,RULE_TMPL_ID,RULE_EXPR_ID,ACTV_IND,RULE_BASE_VAL_DESC,FRC_ACTN,DOC_TYP_NM,DOC_HDR_ID,TMPL_RULE_IND,FRM_DT,TO_DT,DACTVN_DT,CUR_IND,RULE_VER_NBR,DLGN_IND,PREV_VER_RULE_ID,ACTVN_DT,VER_NBR,OBJ_ID) values ('1642','RecipeMastersGroupApproval',null,null,1,'This rule requires an approval from the RecipeMasters workgroup.',1,'RecipeParentMaintenanceDocument',null,0,null,null,null,1,0,0,null,to_date('15-MAY-09','DD-MON-RR'),0,'D1216F1E-EAB3-68F8-FF50-1B20357669A4');
Insert into KREW_RULE_T (RULE_ID,NM,RULE_TMPL_ID,RULE_EXPR_ID,ACTV_IND,RULE_BASE_VAL_DESC,FRC_ACTN,DOC_TYP_NM,DOC_HDR_ID,TMPL_RULE_IND,FRM_DT,TO_DT,DACTVN_DT,CUR_IND,RULE_VER_NBR,DLGN_IND,PREV_VER_RULE_ID,ACTVN_DT,VER_NBR,OBJ_ID) values ('1643','ChickenRecipeMastersGroupApproval',null,'2000',1,'This rule requires an approval from the ChickenRecipeMasters workgroup if the ingredients for the recipe contains Chicken.',1,'RecipeMaintenanceDocument',null,0,null,null,null,1,0,0,null,to_date('15-MAY-09','DD-MON-RR'),0,'8E72AF5C-609C-9337-2606-62D941A7D3FF');
Insert into KREW_RULE_T (RULE_ID,NM,RULE_TMPL_ID,RULE_EXPR_ID,ACTV_IND,RULE_BASE_VAL_DESC,FRC_ACTN,DOC_TYP_NM,DOC_HDR_ID,TMPL_RULE_IND,FRM_DT,TO_DT,DACTVN_DT,CUR_IND,RULE_VER_NBR,DLGN_IND,PREV_VER_RULE_ID,ACTVN_DT,VER_NBR,OBJ_ID) values ('1644','MagazineGroupApproval',null,'2001',1,'This rule requires an approval from the Magazine workgroup if any of the sources lists one of the Magazine System''s managed magazines.',1,'RecipeMaintenanceDocument',null,0,null,null,null,1,0,0,null,to_date('15-MAY-09','DD-MON-RR'),0,'CF9FBB5A-942F-0DEB-327F-BE402D55AF51');
 --- INSERTING into KREW_RULE_TMPL_ATTR_T

Insert into KREW_RULE_TMPL_ATTR_T (RULE_TMPL_ATTR_ID,RULE_TMPL_ID,RULE_ATTR_ID,REQ_IND,ACTV_IND,DSPL_ORD,DFLT_VAL,VER_NBR,OBJ_ID) values ('1024','1023','1010',1,1,2,null,2,'6166CBA1BB16644DE0404F8189D86C09');
Insert into KREW_RULE_TMPL_ATTR_T (RULE_TMPL_ATTR_ID,RULE_TMPL_ID,RULE_ATTR_ID,REQ_IND,ACTV_IND,DSPL_ORD,DFLT_VAL,VER_NBR,OBJ_ID) values ('1027','1026','1011',1,1,3,null,8,'6166CBA1BB17644DE0404F8189D86C09');
Insert into KREW_RULE_TMPL_ATTR_T (RULE_TMPL_ATTR_ID,RULE_TMPL_ID,RULE_ATTR_ID,REQ_IND,ACTV_IND,DSPL_ORD,DFLT_VAL,VER_NBR,OBJ_ID) values ('1029','1028','1012',1,1,4,null,2,'6166CBA1BB18644DE0404F8189D86C09');
Insert into KREW_RULE_TMPL_ATTR_T (RULE_TMPL_ATTR_ID,RULE_TMPL_ID,RULE_ATTR_ID,REQ_IND,ACTV_IND,DSPL_ORD,DFLT_VAL,VER_NBR,OBJ_ID) values ('1031','1030','1012',1,1,5,null,2,'6166CBA1BB19644DE0404F8189D86C09');
Insert into KREW_RULE_TMPL_ATTR_T (RULE_TMPL_ATTR_ID,RULE_TMPL_ID,RULE_ATTR_ID,REQ_IND,ACTV_IND,DSPL_ORD,DFLT_VAL,VER_NBR,OBJ_ID) values ('1033','1032','1013',1,1,6,null,2,'6166CBA1BB1A644DE0404F8189D86C09');
Insert into KREW_RULE_TMPL_ATTR_T (RULE_TMPL_ATTR_ID,RULE_TMPL_ID,RULE_ATTR_ID,REQ_IND,ACTV_IND,DSPL_ORD,DFLT_VAL,VER_NBR,OBJ_ID) values ('1102','1101','1100',0,1,0,null,2,'6166CBA1BB1C644DE0404F8189D86C09');
Insert into KREW_RULE_TMPL_ATTR_T (RULE_TMPL_ATTR_ID,RULE_TMPL_ID,RULE_ATTR_ID,REQ_IND,ACTV_IND,DSPL_ORD,DFLT_VAL,VER_NBR,OBJ_ID) values ('1321','1320','1000',1,1,3,null,2,'6166CBA1BB20644DE0404F8189D86C09');
 --- INSERTING into KREW_RULE_TMPL_OPTN_T

Insert into KREW_RULE_TMPL_OPTN_T (RULE_TMPL_OPTN_ID,RULE_TMPL_ID,KEY_CD,VAL,VER_NBR) values ('2000','1016','D','K',1);
Insert into KREW_RULE_TMPL_OPTN_T (RULE_TMPL_OPTN_ID,RULE_TMPL_ID,KEY_CD,VAL,VER_NBR) values ('2001','1016','A','true',1);
Insert into KREW_RULE_TMPL_OPTN_T (RULE_TMPL_OPTN_ID,RULE_TMPL_ID,KEY_CD,VAL,VER_NBR) values ('2002','1016','K','true',1);
Insert into KREW_RULE_TMPL_OPTN_T (RULE_TMPL_OPTN_ID,RULE_TMPL_ID,KEY_CD,VAL,VER_NBR) values ('2003','1016','F','true',1);
Insert into KREW_RULE_TMPL_OPTN_T (RULE_TMPL_OPTN_ID,RULE_TMPL_ID,KEY_CD,VAL,VER_NBR) values ('2004','1016','C','true',1);
Insert into KREW_RULE_TMPL_OPTN_T (RULE_TMPL_OPTN_ID,RULE_TMPL_ID,KEY_CD,VAL,VER_NBR) values ('2005','1016','I','some instructions',1);
 --- INSERTING into KREW_RULE_TMPL_T

Insert into KREW_RULE_TMPL_T (RULE_TMPL_ID,NM,RULE_TMPL_DESC,DLGN_RULE_TMPL_ID,VER_NBR,OBJ_ID) values ('1015','WorkflowDocumentDelegationTemplate','WorkflowDocumentDelegationTemplate',null,2,'6166CBA1BA86644DE0404F8189D86C09');
Insert into KREW_RULE_TMPL_T (RULE_TMPL_ID,NM,RULE_TMPL_DESC,DLGN_RULE_TMPL_ID,VER_NBR,OBJ_ID) values ('1016','WorkflowDocumentTemplate','Workflow Document Template','1015',4,'6166CBA1BA87644DE0404F8189D86C09');
Insert into KREW_RULE_TMPL_T (RULE_TMPL_ID,NM,RULE_TMPL_DESC,DLGN_RULE_TMPL_ID,VER_NBR,OBJ_ID) values ('1017','Ack1Template','Acknowledgement 1 Template',null,4,'6166CBA1BA88644DE0404F8189D86C09');
Insert into KREW_RULE_TMPL_T (RULE_TMPL_ID,NM,RULE_TMPL_DESC,DLGN_RULE_TMPL_ID,VER_NBR,OBJ_ID) values ('1018','Ack2Template','Acknowledgement 2 Template',null,4,'6166CBA1BA89644DE0404F8189D86C09');
Insert into KREW_RULE_TMPL_T (RULE_TMPL_ID,NM,RULE_TMPL_DESC,DLGN_RULE_TMPL_ID,VER_NBR,OBJ_ID) values ('1023','ReviewersRouting','Routes to channel reviewers',null,2,'6166CBA1BA8C644DE0404F8189D86C09');
Insert into KREW_RULE_TMPL_T (RULE_TMPL_ID,NM,RULE_TMPL_DESC,DLGN_RULE_TMPL_ID,VER_NBR,OBJ_ID) values ('1025','NotificationRouting','The standard rule template for sending notification messages.',null,2,'6166CBA1BA8D644DE0404F8189D86C09');
Insert into KREW_RULE_TMPL_T (RULE_TMPL_ID,NM,RULE_TMPL_DESC,DLGN_RULE_TMPL_ID,VER_NBR,OBJ_ID) values ('1026','TravelRequest-DestinationRouting','Destination Routing','1015',8,'6166CBA1BA8E644DE0404F8189D86C09');
Insert into KREW_RULE_TMPL_T (RULE_TMPL_ID,NM,RULE_TMPL_DESC,DLGN_RULE_TMPL_ID,VER_NBR,OBJ_ID) values ('1028','TravelRequest-TravelerRouting','Traveler Routing',null,2,'6166CBA1BA8F644DE0404F8189D86C09');
Insert into KREW_RULE_TMPL_T (RULE_TMPL_ID,NM,RULE_TMPL_DESC,DLGN_RULE_TMPL_ID,VER_NBR,OBJ_ID) values ('1030','TravelRequest-SupervisorRouting','Supervisor Routing',null,2,'6166CBA1BA90644DE0404F8189D86C09');
Insert into KREW_RULE_TMPL_T (RULE_TMPL_ID,NM,RULE_TMPL_DESC,DLGN_RULE_TMPL_ID,VER_NBR,OBJ_ID) values ('1032','TravelRequest-AccountRouting','Travel Account Routing',null,2,'6166CBA1BA91644DE0404F8189D86C09');
Insert into KREW_RULE_TMPL_T (RULE_TMPL_ID,NM,RULE_TMPL_DESC,DLGN_RULE_TMPL_ID,VER_NBR,OBJ_ID) values ('1101','eDoc.Example1.Node1','eDocLite Example1 Routing',null,2,'6166CBA1BA92644DE0404F8189D86C09');
Insert into KREW_RULE_TMPL_T (RULE_TMPL_ID,NM,RULE_TMPL_DESC,DLGN_RULE_TMPL_ID,VER_NBR,OBJ_ID) values ('1320','RuleRoutingTemplate','RuleRoutingTemplate',null,2,'6166CBA1BA96644DE0404F8189D86C09');
Insert into KREW_RULE_TMPL_T (RULE_TMPL_ID,NM,RULE_TMPL_DESC,DLGN_RULE_TMPL_ID,VER_NBR,OBJ_ID) values ('1537','WorkflowDocument2Template','Workflow Document Template 2',null,2,'6166CBA1BAE9644DE0404F8189D86C09');
Insert into KREW_RULE_TMPL_T (RULE_TMPL_ID,NM,RULE_TMPL_DESC,DLGN_RULE_TMPL_ID,VER_NBR,OBJ_ID) values ('1538','WorkflowDocument3Template','Workflow Document Template 3',null,2,'6166CBA1BAEA644DE0404F8189D86C09');
 --- INSERTING into KREW_TYP_ATTR_T

Insert into KREW_TYP_ATTR_T (TYP_ATTR_ID,SEQ_NO,TYP_ID,ATTR_DEFN_ID,ACTV,VER_NBR) values ('1',1,'1','1','Y',1);
Insert into KREW_TYP_ATTR_T (TYP_ATTR_ID,SEQ_NO,TYP_ID,ATTR_DEFN_ID,ACTV,VER_NBR) values ('2',2,'1','2','Y',1);
 --- INSERTING into KREW_TYP_T

Insert into KREW_TYP_T (TYP_ID,NM,NMSPC_CD,SRVC_NM,ACTV,VER_NBR) values ('1','Sample Type','KR-SAP','sampleAppPeopleFlowTypeService','Y',1);
 --- INSERTING into KREW_USR_OPTN_T

Insert into KREW_USR_OPTN_T (PRNCPL_ID,PRSN_OPTN_ID,VAL,VER_NBR) values ('admin','ACTION_LIST_SIZE_NEW','10',1);
Insert into KREW_USR_OPTN_T (PRNCPL_ID,PRSN_OPTN_ID,VAL,VER_NBR) values ('admin','ACTION_REQUESTED_COL_SHOW_NEW','yes',1);
Insert into KREW_USR_OPTN_T (PRNCPL_ID,PRSN_OPTN_ID,VAL,VER_NBR) values ('admin','APP_DOC_STATUS_COL_SHOW_NEW',null,1);
Insert into KREW_USR_OPTN_T (PRNCPL_ID,PRSN_OPTN_ID,VAL,VER_NBR) values ('admin','CLEAR_FYI_COL_SHOW_NEW','yes',1);
Insert into KREW_USR_OPTN_T (PRNCPL_ID,PRSN_OPTN_ID,VAL,VER_NBR) values ('admin','CURRENT_NODE_COL_SHOW_NEW','no',1);
Insert into KREW_USR_OPTN_T (PRNCPL_ID,PRSN_OPTN_ID,VAL,VER_NBR) values ('admin','DATE_CREATED_COL_SHOW_NEW','yes',1);
Insert into KREW_USR_OPTN_T (PRNCPL_ID,PRSN_OPTN_ID,VAL,VER_NBR) values ('admin','DELEGATOR_COL_SHOW_NEW','yes',1);
Insert into KREW_USR_OPTN_T (PRNCPL_ID,PRSN_OPTN_ID,VAL,VER_NBR) values ('admin','DELEGATOR_FILTER','Secondary Delegators on Action List Page',1);
Insert into KREW_USR_OPTN_T (PRNCPL_ID,PRSN_OPTN_ID,VAL,VER_NBR) values ('admin','DOCUMENT_STATUS_COLOR_A','white',1);
Insert into KREW_USR_OPTN_T (PRNCPL_ID,PRSN_OPTN_ID,VAL,VER_NBR) values ('admin','DOCUMENT_STATUS_COLOR_C','white',1);
Insert into KREW_USR_OPTN_T (PRNCPL_ID,PRSN_OPTN_ID,VAL,VER_NBR) values ('admin','DOCUMENT_STATUS_COLOR_D','white',1);
Insert into KREW_USR_OPTN_T (PRNCPL_ID,PRSN_OPTN_ID,VAL,VER_NBR) values ('admin','DOCUMENT_STATUS_COLOR_E','white',1);
Insert into KREW_USR_OPTN_T (PRNCPL_ID,PRSN_OPTN_ID,VAL,VER_NBR) values ('admin','DOCUMENT_STATUS_COLOR_F','white',1);
Insert into KREW_USR_OPTN_T (PRNCPL_ID,PRSN_OPTN_ID,VAL,VER_NBR) values ('admin','DOCUMENT_STATUS_COLOR_I','white',1);
Insert into KREW_USR_OPTN_T (PRNCPL_ID,PRSN_OPTN_ID,VAL,VER_NBR) values ('admin','DOCUMENT_STATUS_COLOR_P','white',1);
Insert into KREW_USR_OPTN_T (PRNCPL_ID,PRSN_OPTN_ID,VAL,VER_NBR) values ('admin','DOCUMENT_STATUS_COLOR_R','white',1);
Insert into KREW_USR_OPTN_T (PRNCPL_ID,PRSN_OPTN_ID,VAL,VER_NBR) values ('admin','DOCUMENT_STATUS_COLOR_S','white',1);
Insert into KREW_USR_OPTN_T (PRNCPL_ID,PRSN_OPTN_ID,VAL,VER_NBR) values ('admin','DOCUMENT_STATUS_COLOR_X','white',1);
Insert into KREW_USR_OPTN_T (PRNCPL_ID,PRSN_OPTN_ID,VAL,VER_NBR) values ('admin','DOCUMENT_STATUS_COL_SHOW_NEW','yes',1);
Insert into KREW_USR_OPTN_T (PRNCPL_ID,PRSN_OPTN_ID,VAL,VER_NBR) values ('admin','DOC_TYPE_COL_SHOW_NEW','yes',1);
Insert into KREW_USR_OPTN_T (PRNCPL_ID,PRSN_OPTN_ID,VAL,VER_NBR) values ('admin','EMAIL_NOTIFICATION','immediate',1);
Insert into KREW_USR_OPTN_T (PRNCPL_ID,PRSN_OPTN_ID,VAL,VER_NBR) values ('admin','EMAIL_NOTIFY_PRIMARY','yes',1);
Insert into KREW_USR_OPTN_T (PRNCPL_ID,PRSN_OPTN_ID,VAL,VER_NBR) values ('admin','EMAIL_NOTIFY_SECONDARY','no',1);
Insert into KREW_USR_OPTN_T (PRNCPL_ID,PRSN_OPTN_ID,VAL,VER_NBR) values ('admin','INITIATOR_COL_SHOW_NEW',null,1);
Insert into KREW_USR_OPTN_T (PRNCPL_ID,PRSN_OPTN_ID,VAL,VER_NBR) values ('admin','LAST_APPROVED_DATE_COL_SHOW_NEW','no',1);
Insert into KREW_USR_OPTN_T (PRNCPL_ID,PRSN_OPTN_ID,VAL,VER_NBR) values ('admin','NOTIFY_ACKNOWLEDGE','yes',1);
Insert into KREW_USR_OPTN_T (PRNCPL_ID,PRSN_OPTN_ID,VAL,VER_NBR) values ('admin','NOTIFY_APPROVE','yes',1);
Insert into KREW_USR_OPTN_T (PRNCPL_ID,PRSN_OPTN_ID,VAL,VER_NBR) values ('admin','NOTIFY_COMPLETE','yes',1);
Insert into KREW_USR_OPTN_T (PRNCPL_ID,PRSN_OPTN_ID,VAL,VER_NBR) values ('admin','NOTIFY_FYI','yes',1);
Insert into KREW_USR_OPTN_T (PRNCPL_ID,PRSN_OPTN_ID,VAL,VER_NBR) values ('admin','OPEN_ITEMS_NEW_WINDOW','yes',1);
Insert into KREW_USR_OPTN_T (PRNCPL_ID,PRSN_OPTN_ID,VAL,VER_NBR) values ('admin','PRIMARY_DELEGATE_FILTER','Primary Delegates on Action List Page',1);
Insert into KREW_USR_OPTN_T (PRNCPL_ID,PRSN_OPTN_ID,VAL,VER_NBR) values ('admin','REFRESH_RATE','15',1);
Insert into KREW_USR_OPTN_T (PRNCPL_ID,PRSN_OPTN_ID,VAL,VER_NBR) values ('admin','TITLE_COL_SHOW_NEW','yes',1);
Insert into KREW_USR_OPTN_T (PRNCPL_ID,PRSN_OPTN_ID,VAL,VER_NBR) values ('admin','USE_OUT_BOX','yes',1);
Insert into KREW_USR_OPTN_T (PRNCPL_ID,PRSN_OPTN_ID,VAL,VER_NBR) values ('admin','WORKGROUP_REQUEST_COL_SHOW_NEW','yes',1);
 --- INSERTING into KRIM_ADDR_TYP_T

Insert into KRIM_ADDR_TYP_T (ADDR_TYP_CD,OBJ_ID,VER_NBR,NM,ACTV_IND,DISPLAY_SORT_CD,LAST_UPDT_DT) values ('HM','5B97C50B03706110E0404F8189D85213',1,'Home','Y','b',to_date('13-NOV-08','DD-MON-RR'));
Insert into KRIM_ADDR_TYP_T (ADDR_TYP_CD,OBJ_ID,VER_NBR,NM,ACTV_IND,DISPLAY_SORT_CD,LAST_UPDT_DT) values ('OTH','5B97C50B03716110E0404F8189D85213',1,'Other','Y','c',to_date('13-NOV-08','DD-MON-RR'));
Insert into KRIM_ADDR_TYP_T (ADDR_TYP_CD,OBJ_ID,VER_NBR,NM,ACTV_IND,DISPLAY_SORT_CD,LAST_UPDT_DT) values ('WRK','5B97C50B03726110E0404F8189D85213',1,'Work','Y','a',to_date('13-NOV-08','DD-MON-RR'));
 --- INSERTING into KRIM_AFLTN_TYP_T

Insert into KRIM_AFLTN_TYP_T (AFLTN_TYP_CD,OBJ_ID,VER_NBR,NM,EMP_AFLTN_TYP_IND,ACTV_IND,DISPLAY_SORT_CD,LAST_UPDT_DT) values ('AFLT','5B97C50B03736110E0404F8189D85213',1,'Affiliate','N','Y','d',to_date('13-NOV-08','DD-MON-RR'));
Insert into KRIM_AFLTN_TYP_T (AFLTN_TYP_CD,OBJ_ID,VER_NBR,NM,EMP_AFLTN_TYP_IND,ACTV_IND,DISPLAY_SORT_CD,LAST_UPDT_DT) values ('FCLTY','5B97C50B03746110E0404F8189D85213',1,'Faculty','Y','Y','b',to_date('13-NOV-08','DD-MON-RR'));
Insert into KRIM_AFLTN_TYP_T (AFLTN_TYP_CD,OBJ_ID,VER_NBR,NM,EMP_AFLTN_TYP_IND,ACTV_IND,DISPLAY_SORT_CD,LAST_UPDT_DT) values ('STAFF','5B97C50B03756110E0404F8189D85213',1,'Staff','Y','Y','c',to_date('13-NOV-08','DD-MON-RR'));
Insert into KRIM_AFLTN_TYP_T (AFLTN_TYP_CD,OBJ_ID,VER_NBR,NM,EMP_AFLTN_TYP_IND,ACTV_IND,DISPLAY_SORT_CD,LAST_UPDT_DT) values ('STDNT','5B97C50B03766110E0404F8189D85213',1,'Student','N','Y','a',to_date('13-NOV-08','DD-MON-RR'));
 --- INSERTING into KRIM_ATTR_DEFN_T

Insert into KRIM_ATTR_DEFN_T (KIM_ATTR_DEFN_ID,OBJ_ID,VER_NBR,NM,LBL,ACTV_IND,NMSPC_CD,CMPNT_NM) values ('1','5ADF18B6D4887954E0404F8189D85002',1,'beanName',null,'Y','KR-SYS','org.kuali.rice.kim.bo.impl.KimAttributes');
Insert into KRIM_ATTR_DEFN_T (KIM_ATTR_DEFN_ID,OBJ_ID,VER_NBR,NM,LBL,ACTV_IND,NMSPC_CD,CMPNT_NM) values ('10','5ADF18B6D4917954E0404F8189D85002',1,'editMode',null,'Y','KR-NS','org.kuali.rice.kim.bo.impl.KimAttributes');
Insert into KRIM_ATTR_DEFN_T (KIM_ATTR_DEFN_ID,OBJ_ID,VER_NBR,NM,LBL,ACTV_IND,NMSPC_CD,CMPNT_NM) values ('11','5ADF18B6D4927954E0404F8189D85002',1,'parameterName',null,'Y','KR-NS','org.kuali.rice.kim.bo.impl.KimAttributes');
Insert into KRIM_ATTR_DEFN_T (KIM_ATTR_DEFN_ID,OBJ_ID,VER_NBR,NM,LBL,ACTV_IND,NMSPC_CD,CMPNT_NM) values ('12','5ADF18B6D4937954E0404F8189D85002',1,'campusCode',null,'Y','KR-NS','org.kuali.rice.kim.bo.impl.KimAttributes');
Insert into KRIM_ATTR_DEFN_T (KIM_ATTR_DEFN_ID,OBJ_ID,VER_NBR,NM,LBL,ACTV_IND,NMSPC_CD,CMPNT_NM) values ('13','5ADF18B6D4947954E0404F8189D85002',1,'documentTypeName',null,'Y','KR-WKFLW','org.kuali.rice.kim.bo.impl.KimAttributes');
Insert into KRIM_ATTR_DEFN_T (KIM_ATTR_DEFN_ID,OBJ_ID,VER_NBR,NM,LBL,ACTV_IND,NMSPC_CD,CMPNT_NM) values ('14','5ADF18B6D4957954E0404F8189D85002',1,'actionRequestCd',null,'Y','KR-WKFLW','org.kuali.rice.kim.bo.impl.KimAttributes');
Insert into KRIM_ATTR_DEFN_T (KIM_ATTR_DEFN_ID,OBJ_ID,VER_NBR,NM,LBL,ACTV_IND,NMSPC_CD,CMPNT_NM) values ('15','5ADF18B6D4967954E0404F8189D85002',1,'routeStatusCode',null,'Y','KR-WKFLW','org.kuali.rice.kim.bo.impl.KimAttributes');
Insert into KRIM_ATTR_DEFN_T (KIM_ATTR_DEFN_ID,OBJ_ID,VER_NBR,NM,LBL,ACTV_IND,NMSPC_CD,CMPNT_NM) values ('16','5ADF18B6D4977954E0404F8189D85002',1,'routeNodeName',null,'Y','KR-WKFLW','org.kuali.rice.kim.bo.impl.KimAttributes');
Insert into KRIM_ATTR_DEFN_T (KIM_ATTR_DEFN_ID,OBJ_ID,VER_NBR,NM,LBL,ACTV_IND,NMSPC_CD,CMPNT_NM) values ('18','5ADF18B6D4997954E0404F8189D85002',1,'roleName',null,'Y','KR-IDM','org.kuali.rice.kim.bo.impl.KimAttributes');
Insert into KRIM_ATTR_DEFN_T (KIM_ATTR_DEFN_ID,OBJ_ID,VER_NBR,NM,LBL,ACTV_IND,NMSPC_CD,CMPNT_NM) values ('19','5ADF18B6D49A7954E0404F8189D85002',1,'permissionName',null,'Y','KR-IDM','org.kuali.rice.kim.bo.impl.KimAttributes');
Insert into KRIM_ATTR_DEFN_T (KIM_ATTR_DEFN_ID,OBJ_ID,VER_NBR,NM,LBL,ACTV_IND,NMSPC_CD,CMPNT_NM) values ('2','5ADF18B6D4897954E0404F8189D85002',1,'actionClass',null,'Y','KR-SYS','org.kuali.rice.kim.bo.impl.KimAttributes');
Insert into KRIM_ATTR_DEFN_T (KIM_ATTR_DEFN_ID,OBJ_ID,VER_NBR,NM,LBL,ACTV_IND,NMSPC_CD,CMPNT_NM) values ('20','5ADF18B6D49B7954E0404F8189D85002',1,'responsibilityName',null,'Y','KR-IDM','org.kuali.rice.kim.bo.impl.KimAttributes');
Insert into KRIM_ATTR_DEFN_T (KIM_ATTR_DEFN_ID,OBJ_ID,VER_NBR,NM,LBL,ACTV_IND,NMSPC_CD,CMPNT_NM) values ('21','5ADF18B6D49C7954E0404F8189D85002',1,'groupName',null,'Y','KR-IDM','org.kuali.rice.kim.bo.impl.KimAttributes');
Insert into KRIM_ATTR_DEFN_T (KIM_ATTR_DEFN_ID,OBJ_ID,VER_NBR,NM,LBL,ACTV_IND,NMSPC_CD,CMPNT_NM) values ('3','5ADF18B6D48A7954E0404F8189D85002',1,'buttonName',null,'Y','KR-SYS','org.kuali.rice.kim.bo.impl.KimAttributes');
Insert into KRIM_ATTR_DEFN_T (KIM_ATTR_DEFN_ID,OBJ_ID,VER_NBR,NM,LBL,ACTV_IND,NMSPC_CD,CMPNT_NM) values ('4','5ADF18B6D48B7954E0404F8189D85002',1,'namespaceCode',null,'Y','KR-NS','org.kuali.rice.kim.bo.impl.KimAttributes');
Insert into KRIM_ATTR_DEFN_T (KIM_ATTR_DEFN_ID,OBJ_ID,VER_NBR,NM,LBL,ACTV_IND,NMSPC_CD,CMPNT_NM) values ('40','5C4970B2B2DF8277E0404F8189D80B30',1,'required',null,'Y','KR-WKFLW','org.kuali.rice.kim.bo.impl.KimAttributes');
Insert into KRIM_ATTR_DEFN_T (KIM_ATTR_DEFN_ID,OBJ_ID,VER_NBR,NM,LBL,ACTV_IND,NMSPC_CD,CMPNT_NM) values ('41','5C4970B2B2E08277E0404F8189D80B30',1,'actionDetailsAtRoleMemberLevel',null,'Y','KR-WKFLW','org.kuali.rice.kim.bo.impl.KimAttributes');
Insert into KRIM_ATTR_DEFN_T (KIM_ATTR_DEFN_ID,OBJ_ID,VER_NBR,NM,LBL,ACTV_IND,NMSPC_CD,CMPNT_NM) values ('42','5C7D997640635002E0404F8189D86F11',1,'documentNumber',null,'Y','KR-NS','org.kuali.rice.kim.bo.impl.KimAttributes');
Insert into KRIM_ATTR_DEFN_T (KIM_ATTR_DEFN_ID,OBJ_ID,VER_NBR,NM,LBL,ACTV_IND,NMSPC_CD,CMPNT_NM) values ('44','603B735FA6BCFE21E0404F8189D8083B',1,'sectionId',null,'Y','KR-NS','org.kuali.rice.kim.bo.impl.KimAttributes');
Insert into KRIM_ATTR_DEFN_T (KIM_ATTR_DEFN_ID,OBJ_ID,VER_NBR,NM,LBL,ACTV_IND,NMSPC_CD,CMPNT_NM) values ('46','69FA55ACC2EE2598E0404F8189D86880',1,'qualifierResolverProvidedIdentifier',null,'Y','KR-IDM','org.kuali.rice.kim.bo.impl.KimAttributes');
Insert into KRIM_ATTR_DEFN_T (KIM_ATTR_DEFN_ID,OBJ_ID,VER_NBR,NM,LBL,ACTV_IND,NMSPC_CD,CMPNT_NM) values ('47','B7DBFABEFD308CBFE0402E0AA9D757C9',1,'viewId',null,'Y','KR-KRAD','org.kuali.rice.kim.bo.impl.KimAttributes');
Insert into KRIM_ATTR_DEFN_T (KIM_ATTR_DEFN_ID,OBJ_ID,VER_NBR,NM,LBL,ACTV_IND,NMSPC_CD,CMPNT_NM) values ('48','B7DBFABEFD318CBFE0402E0AA9D757C9',1,'actionEvent',null,'Y','KR-KRAD','org.kuali.rice.kim.bo.impl.KimAttributes');
Insert into KRIM_ATTR_DEFN_T (KIM_ATTR_DEFN_ID,OBJ_ID,VER_NBR,NM,LBL,ACTV_IND,NMSPC_CD,CMPNT_NM) values ('49','B7DBFABEFD328CBFE0402E0AA9D757C9',1,'collectionPropertyName',null,'Y','KR-KRAD','org.kuali.rice.kim.bo.impl.KimAttributes');
Insert into KRIM_ATTR_DEFN_T (KIM_ATTR_DEFN_ID,OBJ_ID,VER_NBR,NM,LBL,ACTV_IND,NMSPC_CD,CMPNT_NM) values ('5','5ADF18B6D48C7954E0404F8189D85002',1,'componentName',null,'Y','KR-NS','org.kuali.rice.kim.bo.impl.KimAttributes');
Insert into KRIM_ATTR_DEFN_T (KIM_ATTR_DEFN_ID,OBJ_ID,VER_NBR,NM,LBL,ACTV_IND,NMSPC_CD,CMPNT_NM) values ('50','B7DBFABEFD338CBFE0402E0AA9D757C9',1,'fieldId',null,'Y','KR-KRAD','org.kuali.rice.kim.bo.impl.KimAttributes');
Insert into KRIM_ATTR_DEFN_T (KIM_ATTR_DEFN_ID,OBJ_ID,VER_NBR,NM,LBL,ACTV_IND,NMSPC_CD,CMPNT_NM) values ('51','B7DBFABEFD348CBFE0402E0AA9D757C9',1,'groupId',null,'Y','KR-KRAD','org.kuali.rice.kim.bo.impl.KimAttributes');
Insert into KRIM_ATTR_DEFN_T (KIM_ATTR_DEFN_ID,OBJ_ID,VER_NBR,NM,LBL,ACTV_IND,NMSPC_CD,CMPNT_NM) values ('52','B7DBFABEFD358CBFE0402E0AA9D757C9',1,'widgetId',null,'Y','KR-KRAD','org.kuali.rice.kim.bo.impl.KimAttributes');
Insert into KRIM_ATTR_DEFN_T (KIM_ATTR_DEFN_ID,OBJ_ID,VER_NBR,NM,LBL,ACTV_IND,NMSPC_CD,CMPNT_NM) values ('53','B7DBFABEFD368CBFE0402E0AA9D757C9',1,'actionId',null,'Y','KR-KRAD','org.kuali.rice.kim.bo.impl.KimAttributes');
Insert into KRIM_ATTR_DEFN_T (KIM_ATTR_DEFN_ID,OBJ_ID,VER_NBR,NM,LBL,ACTV_IND,NMSPC_CD,CMPNT_NM) values ('54','BC5444677C22328CE0402E0AA9D77D80',1,'appDocStatus',null,'Y','KR-WKFLW','org.kuali.rice.kim.bo.impl.KimAttributes');
Insert into KRIM_ATTR_DEFN_T (KIM_ATTR_DEFN_ID,OBJ_ID,VER_NBR,NM,LBL,ACTV_IND,NMSPC_CD,CMPNT_NM) values ('6','5ADF18B6D48D7954E0404F8189D85002',1,'propertyName',null,'Y','KR-NS','org.kuali.rice.kim.bo.impl.KimAttributes');
Insert into KRIM_ATTR_DEFN_T (KIM_ATTR_DEFN_ID,OBJ_ID,VER_NBR,NM,LBL,ACTV_IND,NMSPC_CD,CMPNT_NM) values ('7','603B735FA6BAFE21E0404F8189D8083B',1,'existingRecordsOnly',null,'Y','KR-NS','org.kuali.rice.kim.bo.impl.KimAttributes');
Insert into KRIM_ATTR_DEFN_T (KIM_ATTR_DEFN_ID,OBJ_ID,VER_NBR,NM,LBL,ACTV_IND,NMSPC_CD,CMPNT_NM) values ('8','5ADF18B6D48F7954E0404F8189D85002',1,'createdBySelfOnly',null,'Y','KR-NS','org.kuali.rice.kim.bo.impl.KimAttributes');
Insert into KRIM_ATTR_DEFN_T (KIM_ATTR_DEFN_ID,OBJ_ID,VER_NBR,NM,LBL,ACTV_IND,NMSPC_CD,CMPNT_NM) values ('9','5ADF18B6D4907954E0404F8189D85002',1,'attachmentTypeCode',null,'Y','KR-NS','org.kuali.rice.kim.bo.impl.KimAttributes');
Insert into KRIM_ATTR_DEFN_T (KIM_ATTR_DEFN_ID,OBJ_ID,VER_NBR,NM,LBL,ACTV_IND,NMSPC_CD,CMPNT_NM) values ('KR1000','CEA27F2DB2DA3593E040F90A05B924DB',1,'appCode','Application Code','Y','KR-SYS','org.kuali.rice.kim.bo.impl.KimAttributes');
Insert into KRIM_ATTR_DEFN_T (KIM_ATTR_DEFN_ID,OBJ_ID,VER_NBR,NM,LBL,ACTV_IND,NMSPC_CD,CMPNT_NM) values ('KR1001','CEA27F2DB2DD3593E040F90A05B924DB',1,'kimTypeName','Kim Type Name','Y','KR-IDM','org.kuali.rice.kim.bo.impl.KimAttributes');
 --- INSERTING into KRIM_CTZNSHP_STAT_T

 --- INSERTING into KRIM_DLGN_MBR_ATTR_DATA_T

 --- INSERTING into KRIM_DLGN_MBR_T

 --- INSERTING into KRIM_DLGN_T

 --- INSERTING into KRIM_EMAIL_TYP_T

Insert into KRIM_EMAIL_TYP_T (EMAIL_TYP_CD,OBJ_ID,VER_NBR,NM,ACTV_IND,DISPLAY_SORT_CD,LAST_UPDT_DT) values ('HM','5B97C50B03776110E0404F8189D85213',1,'Home','Y','b',to_date('13-NOV-08','DD-MON-RR'));
Insert into KRIM_EMAIL_TYP_T (EMAIL_TYP_CD,OBJ_ID,VER_NBR,NM,ACTV_IND,DISPLAY_SORT_CD,LAST_UPDT_DT) values ('OTH','5B97C50B03786110E0404F8189D85213',1,'Other','Y','c',to_date('13-NOV-08','DD-MON-RR'));
Insert into KRIM_EMAIL_TYP_T (EMAIL_TYP_CD,OBJ_ID,VER_NBR,NM,ACTV_IND,DISPLAY_SORT_CD,LAST_UPDT_DT) values ('WRK','5B97C50B03796110E0404F8189D85213',1,'Work','Y','a',to_date('13-NOV-08','DD-MON-RR'));
 --- INSERTING into KRIM_EMP_STAT_T

Insert into KRIM_EMP_STAT_T (EMP_STAT_CD,OBJ_ID,VER_NBR,NM,ACTV_IND,DISPLAY_SORT_CD,LAST_UPDT_DT) values ('A','5B97C50B037A6110E0404F8189D85213',1,'Active','Y','01',to_date('13-NOV-08','DD-MON-RR'));
Insert into KRIM_EMP_STAT_T (EMP_STAT_CD,OBJ_ID,VER_NBR,NM,ACTV_IND,DISPLAY_SORT_CD,LAST_UPDT_DT) values ('D','5B97C50B037B6110E0404F8189D85213',1,'Deceased','Y','99',to_date('13-NOV-08','DD-MON-RR'));
Insert into KRIM_EMP_STAT_T (EMP_STAT_CD,OBJ_ID,VER_NBR,NM,ACTV_IND,DISPLAY_SORT_CD,LAST_UPDT_DT) values ('L','5B97C50B037C6110E0404F8189D85213',1,'On Non-Pay Leave','Y','04',to_date('13-NOV-08','DD-MON-RR'));
Insert into KRIM_EMP_STAT_T (EMP_STAT_CD,OBJ_ID,VER_NBR,NM,ACTV_IND,DISPLAY_SORT_CD,LAST_UPDT_DT) values ('N','5B97C50B037D6110E0404F8189D85213',1,'Status Not Yet Processed','Y','03',to_date('13-NOV-08','DD-MON-RR'));
Insert into KRIM_EMP_STAT_T (EMP_STAT_CD,OBJ_ID,VER_NBR,NM,ACTV_IND,DISPLAY_SORT_CD,LAST_UPDT_DT) values ('P','5B97C50B037E6110E0404F8189D85213',1,'Processing','Y','02',to_date('13-NOV-08','DD-MON-RR'));
Insert into KRIM_EMP_STAT_T (EMP_STAT_CD,OBJ_ID,VER_NBR,NM,ACTV_IND,DISPLAY_SORT_CD,LAST_UPDT_DT) values ('R','5B97C50B037F6110E0404F8189D85213',1,'Retired','Y','10',to_date('13-NOV-08','DD-MON-RR'));
Insert into KRIM_EMP_STAT_T (EMP_STAT_CD,OBJ_ID,VER_NBR,NM,ACTV_IND,DISPLAY_SORT_CD,LAST_UPDT_DT) values ('T','5B97C50B03806110E0404F8189D85213',1,'Terminated','Y','97',to_date('13-NOV-08','DD-MON-RR'));
 --- INSERTING into KRIM_EMP_TYP_T

Insert into KRIM_EMP_TYP_T (EMP_TYP_CD,OBJ_ID,VER_NBR,NM,ACTV_IND,DISPLAY_SORT_CD,LAST_UPDT_DT) values ('N','5B97C50B03826110E0404F8189D85213',1,'Non-Professional','Y','02',to_date('13-NOV-08','DD-MON-RR'));
Insert into KRIM_EMP_TYP_T (EMP_TYP_CD,OBJ_ID,VER_NBR,NM,ACTV_IND,DISPLAY_SORT_CD,LAST_UPDT_DT) values ('O','5B97C50B03836110E0404F8189D85213',1,'Other','Y','99',to_date('13-NOV-08','DD-MON-RR'));
Insert into KRIM_EMP_TYP_T (EMP_TYP_CD,OBJ_ID,VER_NBR,NM,ACTV_IND,DISPLAY_SORT_CD,LAST_UPDT_DT) values ('P','5B97C50B03846110E0404F8189D85213',1,'Professional','Y','01',to_date('13-NOV-08','DD-MON-RR'));
 --- INSERTING into KRIM_ENTITY_ADDR_T

 --- INSERTING into KRIM_ENTITY_AFLTN_T

 --- INSERTING into KRIM_ENTITY_BIO_T

 --- INSERTING into KRIM_ENTITY_CACHE_T

Insert into KRIM_ENTITY_CACHE_T (ENTITY_ID,PRNCPL_ID,PRNCPL_NM,ENTITY_TYP_CD,FIRST_NM,MIDDLE_NM,LAST_NM,PRSN_NM,CAMPUS_CD,PRMRY_DEPT_CD,EMP_ID,LAST_UPDT_TS,OBJ_ID) values ('1100','admin','admin','PERSON','admin',null,'admin','admin, admin',null,null,null,to_date('18-JUN-13','DD-MON-RR'),'413bf104-5b15-45b7-a16c-485de1478288');
 --- INSERTING into KRIM_ENTITY_CTZNSHP_T

 --- INSERTING into KRIM_ENTITY_EMAIL_T

Insert into KRIM_ENTITY_EMAIL_T (ENTITY_EMAIL_ID,OBJ_ID,VER_NBR,ENTITY_ID,ENT_TYP_CD,EMAIL_TYP_CD,EMAIL_ADDR,DFLT_IND,ACTV_IND,LAST_UPDT_DT) values ('1200','5B97C50B04066110E0404F8189D85213',1,'1100','PERSON','WRK','test@email.edu','Y','Y',to_date('13-NOV-08','DD-MON-RR'));
Insert into KRIM_ENTITY_EMAIL_T (ENTITY_EMAIL_ID,OBJ_ID,VER_NBR,ENTITY_ID,ENT_TYP_CD,EMAIL_TYP_CD,EMAIL_ADDR,DFLT_IND,ACTV_IND,LAST_UPDT_DT) values ('1201','5B97C50B04076110E0404F8189D85213',1,'1101','PERSON','WRK','test@email.edu','Y','Y',to_date('13-NOV-08','DD-MON-RR'));
Insert into KRIM_ENTITY_EMAIL_T (ENTITY_EMAIL_ID,OBJ_ID,VER_NBR,ENTITY_ID,ENT_TYP_CD,EMAIL_TYP_CD,EMAIL_ADDR,DFLT_IND,ACTV_IND,LAST_UPDT_DT) values ('1202','5B97C50B04086110E0404F8189D85213',1,'1102','PERSON','WRK','test@email.edu','Y','Y',to_date('13-NOV-08','DD-MON-RR'));
Insert into KRIM_ENTITY_EMAIL_T (ENTITY_EMAIL_ID,OBJ_ID,VER_NBR,ENTITY_ID,ENT_TYP_CD,EMAIL_TYP_CD,EMAIL_ADDR,DFLT_IND,ACTV_IND,LAST_UPDT_DT) values ('1203','5B97C50B04096110E0404F8189D85213',1,'1103','PERSON','WRK','test@email.edu','Y','Y',to_date('13-NOV-08','DD-MON-RR'));
Insert into KRIM_ENTITY_EMAIL_T (ENTITY_EMAIL_ID,OBJ_ID,VER_NBR,ENTITY_ID,ENT_TYP_CD,EMAIL_TYP_CD,EMAIL_ADDR,DFLT_IND,ACTV_IND,LAST_UPDT_DT) values ('1204','5B97C50B040A6110E0404F8189D85213',1,'1104','PERSON','WRK','test@email.edu','Y','Y',to_date('13-NOV-08','DD-MON-RR'));
Insert into KRIM_ENTITY_EMAIL_T (ENTITY_EMAIL_ID,OBJ_ID,VER_NBR,ENTITY_ID,ENT_TYP_CD,EMAIL_TYP_CD,EMAIL_ADDR,DFLT_IND,ACTV_IND,LAST_UPDT_DT) values ('1205','5B97C50B040B6110E0404F8189D85213',1,'1105','PERSON','WRK','test@email.edu','Y','Y',to_date('13-NOV-08','DD-MON-RR'));
Insert into KRIM_ENTITY_EMAIL_T (ENTITY_EMAIL_ID,OBJ_ID,VER_NBR,ENTITY_ID,ENT_TYP_CD,EMAIL_TYP_CD,EMAIL_ADDR,DFLT_IND,ACTV_IND,LAST_UPDT_DT) values ('1206','5B97C50B040C6110E0404F8189D85213',1,'1106','PERSON','WRK','test@email.edu','Y','Y',to_date('13-NOV-08','DD-MON-RR'));
Insert into KRIM_ENTITY_EMAIL_T (ENTITY_EMAIL_ID,OBJ_ID,VER_NBR,ENTITY_ID,ENT_TYP_CD,EMAIL_TYP_CD,EMAIL_ADDR,DFLT_IND,ACTV_IND,LAST_UPDT_DT) values ('1207','5B97C50B040D6110E0404F8189D85213',1,'1107','PERSON','WRK','test@email.edu','Y','Y',to_date('13-NOV-08','DD-MON-RR'));
Insert into KRIM_ENTITY_EMAIL_T (ENTITY_EMAIL_ID,OBJ_ID,VER_NBR,ENTITY_ID,ENT_TYP_CD,EMAIL_TYP_CD,EMAIL_ADDR,DFLT_IND,ACTV_IND,LAST_UPDT_DT) values ('1208','5B97C50B040E6110E0404F8189D85213',1,'1108','PERSON','WRK','test@email.edu','Y','Y',to_date('13-NOV-08','DD-MON-RR'));
Insert into KRIM_ENTITY_EMAIL_T (ENTITY_EMAIL_ID,OBJ_ID,VER_NBR,ENTITY_ID,ENT_TYP_CD,EMAIL_TYP_CD,EMAIL_ADDR,DFLT_IND,ACTV_IND,LAST_UPDT_DT) values ('1209','5B97C50B040F6110E0404F8189D85213',1,'1109','PERSON','WRK','test@email.edu','Y','Y',to_date('13-NOV-08','DD-MON-RR'));
Insert into KRIM_ENTITY_EMAIL_T (ENTITY_EMAIL_ID,OBJ_ID,VER_NBR,ENTITY_ID,ENT_TYP_CD,EMAIL_TYP_CD,EMAIL_ADDR,DFLT_IND,ACTV_IND,LAST_UPDT_DT) values ('1210','5B97C50B04106110E0404F8189D85213',1,'1110','PERSON','WRK','test@email.edu','Y','Y',to_date('13-NOV-08','DD-MON-RR'));
Insert into KRIM_ENTITY_EMAIL_T (ENTITY_EMAIL_ID,OBJ_ID,VER_NBR,ENTITY_ID,ENT_TYP_CD,EMAIL_TYP_CD,EMAIL_ADDR,DFLT_IND,ACTV_IND,LAST_UPDT_DT) values ('1211','5B97C50B04116110E0404F8189D85213',1,'1111','PERSON','WRK','test@email.edu','Y','Y',to_date('13-NOV-08','DD-MON-RR'));
Insert into KRIM_ENTITY_EMAIL_T (ENTITY_EMAIL_ID,OBJ_ID,VER_NBR,ENTITY_ID,ENT_TYP_CD,EMAIL_TYP_CD,EMAIL_ADDR,DFLT_IND,ACTV_IND,LAST_UPDT_DT) values ('1212','5B97C50B04126110E0404F8189D85213',1,'1112','PERSON','WRK','test@email.edu','Y','Y',to_date('13-NOV-08','DD-MON-RR'));
Insert into KRIM_ENTITY_EMAIL_T (ENTITY_EMAIL_ID,OBJ_ID,VER_NBR,ENTITY_ID,ENT_TYP_CD,EMAIL_TYP_CD,EMAIL_ADDR,DFLT_IND,ACTV_IND,LAST_UPDT_DT) values ('1213','5B97C50B04136110E0404F8189D85213',1,'1113','PERSON','WRK','test@email.edu','Y','Y',to_date('13-NOV-08','DD-MON-RR'));
Insert into KRIM_ENTITY_EMAIL_T (ENTITY_EMAIL_ID,OBJ_ID,VER_NBR,ENTITY_ID,ENT_TYP_CD,EMAIL_TYP_CD,EMAIL_ADDR,DFLT_IND,ACTV_IND,LAST_UPDT_DT) values ('1214','5B97C50B04146110E0404F8189D85213',1,'1114','PERSON','WRK','test@email.edu','Y','Y',to_date('13-NOV-08','DD-MON-RR'));
Insert into KRIM_ENTITY_EMAIL_T (ENTITY_EMAIL_ID,OBJ_ID,VER_NBR,ENTITY_ID,ENT_TYP_CD,EMAIL_TYP_CD,EMAIL_ADDR,DFLT_IND,ACTV_IND,LAST_UPDT_DT) values ('1215','5B97C50B04156110E0404F8189D85213',1,'1115','PERSON','WRK','test@email.edu','Y','Y',to_date('13-NOV-08','DD-MON-RR'));
Insert into KRIM_ENTITY_EMAIL_T (ENTITY_EMAIL_ID,OBJ_ID,VER_NBR,ENTITY_ID,ENT_TYP_CD,EMAIL_TYP_CD,EMAIL_ADDR,DFLT_IND,ACTV_IND,LAST_UPDT_DT) values ('1216','5B97C50B04166110E0404F8189D85213',1,'1116','PERSON','WRK','test@email.edu','Y','Y',to_date('13-NOV-08','DD-MON-RR'));
Insert into KRIM_ENTITY_EMAIL_T (ENTITY_EMAIL_ID,OBJ_ID,VER_NBR,ENTITY_ID,ENT_TYP_CD,EMAIL_TYP_CD,EMAIL_ADDR,DFLT_IND,ACTV_IND,LAST_UPDT_DT) values ('1217','5B97C50B04176110E0404F8189D85213',1,'1117','PERSON','WRK','test@email.edu','Y','Y',to_date('13-NOV-08','DD-MON-RR'));
Insert into KRIM_ENTITY_EMAIL_T (ENTITY_EMAIL_ID,OBJ_ID,VER_NBR,ENTITY_ID,ENT_TYP_CD,EMAIL_TYP_CD,EMAIL_ADDR,DFLT_IND,ACTV_IND,LAST_UPDT_DT) values ('1218','5B97C50B04186110E0404F8189D85213',1,'1118','PERSON','WRK','test@email.edu','Y','Y',to_date('13-NOV-08','DD-MON-RR'));
Insert into KRIM_ENTITY_EMAIL_T (ENTITY_EMAIL_ID,OBJ_ID,VER_NBR,ENTITY_ID,ENT_TYP_CD,EMAIL_TYP_CD,EMAIL_ADDR,DFLT_IND,ACTV_IND,LAST_UPDT_DT) values ('1219','5B97C50B04196110E0404F8189D85213',1,'1119','PERSON','WRK','test@email.edu','Y','Y',to_date('13-NOV-08','DD-MON-RR'));
Insert into KRIM_ENTITY_EMAIL_T (ENTITY_EMAIL_ID,OBJ_ID,VER_NBR,ENTITY_ID,ENT_TYP_CD,EMAIL_TYP_CD,EMAIL_ADDR,DFLT_IND,ACTV_IND,LAST_UPDT_DT) values ('1220','5B97C50B041A6110E0404F8189D85213',1,'1120','PERSON','WRK','test@email.edu','Y','Y',to_date('13-NOV-08','DD-MON-RR'));
Insert into KRIM_ENTITY_EMAIL_T (ENTITY_EMAIL_ID,OBJ_ID,VER_NBR,ENTITY_ID,ENT_TYP_CD,EMAIL_TYP_CD,EMAIL_ADDR,DFLT_IND,ACTV_IND,LAST_UPDT_DT) values ('1221','5B97C50B041B6110E0404F8189D85213',1,'1121','PERSON','WRK','test@email.edu','Y','Y',to_date('13-NOV-08','DD-MON-RR'));
Insert into KRIM_ENTITY_EMAIL_T (ENTITY_EMAIL_ID,OBJ_ID,VER_NBR,ENTITY_ID,ENT_TYP_CD,EMAIL_TYP_CD,EMAIL_ADDR,DFLT_IND,ACTV_IND,LAST_UPDT_DT) values ('1222','5B97C50B041C6110E0404F8189D85213',1,'1122','PERSON','WRK','test@email.edu','Y','Y',to_date('13-NOV-08','DD-MON-RR'));
Insert into KRIM_ENTITY_EMAIL_T (ENTITY_EMAIL_ID,OBJ_ID,VER_NBR,ENTITY_ID,ENT_TYP_CD,EMAIL_TYP_CD,EMAIL_ADDR,DFLT_IND,ACTV_IND,LAST_UPDT_DT) values ('1223','5B97C50B041D6110E0404F8189D85213',1,'1123','PERSON','WRK','test@email.edu','Y','Y',to_date('13-NOV-08','DD-MON-RR'));
Insert into KRIM_ENTITY_EMAIL_T (ENTITY_EMAIL_ID,OBJ_ID,VER_NBR,ENTITY_ID,ENT_TYP_CD,EMAIL_TYP_CD,EMAIL_ADDR,DFLT_IND,ACTV_IND,LAST_UPDT_DT) values ('1224','5B97C50B041E6110E0404F8189D85213',1,'1124','PERSON','WRK','test@email.edu','Y','Y',to_date('13-NOV-08','DD-MON-RR'));
Insert into KRIM_ENTITY_EMAIL_T (ENTITY_EMAIL_ID,OBJ_ID,VER_NBR,ENTITY_ID,ENT_TYP_CD,EMAIL_TYP_CD,EMAIL_ADDR,DFLT_IND,ACTV_IND,LAST_UPDT_DT) values ('1225','5B97C50B041F6110E0404F8189D85213',1,'1125','PERSON','WRK','test@email.edu','Y','Y',to_date('13-NOV-08','DD-MON-RR'));
Insert into KRIM_ENTITY_EMAIL_T (ENTITY_EMAIL_ID,OBJ_ID,VER_NBR,ENTITY_ID,ENT_TYP_CD,EMAIL_TYP_CD,EMAIL_ADDR,DFLT_IND,ACTV_IND,LAST_UPDT_DT) values ('1226','5B97C50B04206110E0404F8189D85213',1,'1126','PERSON','WRK','test@email.edu','Y','Y',to_date('13-NOV-08','DD-MON-RR'));
Insert into KRIM_ENTITY_EMAIL_T (ENTITY_EMAIL_ID,OBJ_ID,VER_NBR,ENTITY_ID,ENT_TYP_CD,EMAIL_TYP_CD,EMAIL_ADDR,DFLT_IND,ACTV_IND,LAST_UPDT_DT) values ('1227','5B97C50B04216110E0404F8189D85213',1,'1127','PERSON','WRK','test@email.edu','Y','Y',to_date('13-NOV-08','DD-MON-RR'));
Insert into KRIM_ENTITY_EMAIL_T (ENTITY_EMAIL_ID,OBJ_ID,VER_NBR,ENTITY_ID,ENT_TYP_CD,EMAIL_TYP_CD,EMAIL_ADDR,DFLT_IND,ACTV_IND,LAST_UPDT_DT) values ('1228','5B97C50B04226110E0404F8189D85213',1,'1128','PERSON','WRK','test@email.edu','Y','Y',to_date('13-NOV-08','DD-MON-RR'));
Insert into KRIM_ENTITY_EMAIL_T (ENTITY_EMAIL_ID,OBJ_ID,VER_NBR,ENTITY_ID,ENT_TYP_CD,EMAIL_TYP_CD,EMAIL_ADDR,DFLT_IND,ACTV_IND,LAST_UPDT_DT) values ('1229','5B97C50B04236110E0404F8189D85213',1,'1129','PERSON','WRK','test@email.edu','Y','Y',to_date('13-NOV-08','DD-MON-RR'));
Insert into KRIM_ENTITY_EMAIL_T (ENTITY_EMAIL_ID,OBJ_ID,VER_NBR,ENTITY_ID,ENT_TYP_CD,EMAIL_TYP_CD,EMAIL_ADDR,DFLT_IND,ACTV_IND,LAST_UPDT_DT) values ('1230','5B97C50B04246110E0404F8189D85213',1,'1130','PERSON','WRK','test@email.edu','Y','Y',to_date('13-NOV-08','DD-MON-RR'));
Insert into KRIM_ENTITY_EMAIL_T (ENTITY_EMAIL_ID,OBJ_ID,VER_NBR,ENTITY_ID,ENT_TYP_CD,EMAIL_TYP_CD,EMAIL_ADDR,DFLT_IND,ACTV_IND,LAST_UPDT_DT) values ('1231','5B97C50B04256110E0404F8189D85213',1,'1131','PERSON','WRK','test@email.edu','Y','Y',to_date('13-NOV-08','DD-MON-RR'));
Insert into KRIM_ENTITY_EMAIL_T (ENTITY_EMAIL_ID,OBJ_ID,VER_NBR,ENTITY_ID,ENT_TYP_CD,EMAIL_TYP_CD,EMAIL_ADDR,DFLT_IND,ACTV_IND,LAST_UPDT_DT) values ('1232','5B97C50B04266110E0404F8189D85213',1,'1132','PERSON','WRK','test@email.edu','Y','Y',to_date('13-NOV-08','DD-MON-RR'));
Insert into KRIM_ENTITY_EMAIL_T (ENTITY_EMAIL_ID,OBJ_ID,VER_NBR,ENTITY_ID,ENT_TYP_CD,EMAIL_TYP_CD,EMAIL_ADDR,DFLT_IND,ACTV_IND,LAST_UPDT_DT) values ('1233','5B97C50B04276110E0404F8189D85213',1,'1133','PERSON','WRK','test@email.edu','Y','Y',to_date('13-NOV-08','DD-MON-RR'));
Insert into KRIM_ENTITY_EMAIL_T (ENTITY_EMAIL_ID,OBJ_ID,VER_NBR,ENTITY_ID,ENT_TYP_CD,EMAIL_TYP_CD,EMAIL_ADDR,DFLT_IND,ACTV_IND,LAST_UPDT_DT) values ('1234','5B97C50B04286110E0404F8189D85213',1,'1134','PERSON','WRK','test@email.edu','Y','Y',to_date('13-NOV-08','DD-MON-RR'));
Insert into KRIM_ENTITY_EMAIL_T (ENTITY_EMAIL_ID,OBJ_ID,VER_NBR,ENTITY_ID,ENT_TYP_CD,EMAIL_TYP_CD,EMAIL_ADDR,DFLT_IND,ACTV_IND,LAST_UPDT_DT) values ('1235','5B97C50B04296110E0404F8189D85213',1,'1135','PERSON','WRK','test@email.edu','Y','Y',to_date('13-NOV-08','DD-MON-RR'));
Insert into KRIM_ENTITY_EMAIL_T (ENTITY_EMAIL_ID,OBJ_ID,VER_NBR,ENTITY_ID,ENT_TYP_CD,EMAIL_TYP_CD,EMAIL_ADDR,DFLT_IND,ACTV_IND,LAST_UPDT_DT) values ('1237','5B97C50B042B6110E0404F8189D85213',1,'1137','PERSON','WRK','test@email.edu','Y','Y',to_date('13-NOV-08','DD-MON-RR'));
 --- INSERTING into KRIM_ENTITY_EMP_INFO_T

 --- INSERTING into KRIM_ENTITY_ENT_TYP_T

Insert into KRIM_ENTITY_ENT_TYP_T (ENT_TYP_CD,ENTITY_ID,OBJ_ID,VER_NBR,ACTV_IND,LAST_UPDT_DT) values ('SYSTEM','1','5B1B6B919CCB6496E0404F8189D822F2',1,'Y',to_date('07-NOV-08','DD-MON-RR'));
Insert into KRIM_ENTITY_ENT_TYP_T (ENT_TYP_CD,ENTITY_ID,OBJ_ID,VER_NBR,ACTV_IND,LAST_UPDT_DT) values ('PERSON','1100','5B97C50B03E06110E0404F8189D85213',1,'Y',to_date('13-NOV-08','DD-MON-RR'));
Insert into KRIM_ENTITY_ENT_TYP_T (ENT_TYP_CD,ENTITY_ID,OBJ_ID,VER_NBR,ACTV_IND,LAST_UPDT_DT) values ('PERSON','1101','5B97C50B03E16110E0404F8189D85213',1,'Y',to_date('13-NOV-08','DD-MON-RR'));
Insert into KRIM_ENTITY_ENT_TYP_T (ENT_TYP_CD,ENTITY_ID,OBJ_ID,VER_NBR,ACTV_IND,LAST_UPDT_DT) values ('PERSON','1102','5B97C50B03E26110E0404F8189D85213',1,'Y',to_date('13-NOV-08','DD-MON-RR'));
Insert into KRIM_ENTITY_ENT_TYP_T (ENT_TYP_CD,ENTITY_ID,OBJ_ID,VER_NBR,ACTV_IND,LAST_UPDT_DT) values ('PERSON','1103','5B97C50B03E36110E0404F8189D85213',1,'Y',to_date('13-NOV-08','DD-MON-RR'));
Insert into KRIM_ENTITY_ENT_TYP_T (ENT_TYP_CD,ENTITY_ID,OBJ_ID,VER_NBR,ACTV_IND,LAST_UPDT_DT) values ('PERSON','1104','5B97C50B03E46110E0404F8189D85213',1,'Y',to_date('13-NOV-08','DD-MON-RR'));
Insert into KRIM_ENTITY_ENT_TYP_T (ENT_TYP_CD,ENTITY_ID,OBJ_ID,VER_NBR,ACTV_IND,LAST_UPDT_DT) values ('PERSON','1105','5B97C50B03E56110E0404F8189D85213',1,'Y',to_date('13-NOV-08','DD-MON-RR'));
Insert into KRIM_ENTITY_ENT_TYP_T (ENT_TYP_CD,ENTITY_ID,OBJ_ID,VER_NBR,ACTV_IND,LAST_UPDT_DT) values ('PERSON','1106','5B97C50B03E66110E0404F8189D85213',1,'Y',to_date('13-NOV-08','DD-MON-RR'));
Insert into KRIM_ENTITY_ENT_TYP_T (ENT_TYP_CD,ENTITY_ID,OBJ_ID,VER_NBR,ACTV_IND,LAST_UPDT_DT) values ('PERSON','1107','5B97C50B03E76110E0404F8189D85213',1,'Y',to_date('13-NOV-08','DD-MON-RR'));
Insert into KRIM_ENTITY_ENT_TYP_T (ENT_TYP_CD,ENTITY_ID,OBJ_ID,VER_NBR,ACTV_IND,LAST_UPDT_DT) values ('PERSON','1108','5B97C50B03E86110E0404F8189D85213',1,'Y',to_date('13-NOV-08','DD-MON-RR'));
Insert into KRIM_ENTITY_ENT_TYP_T (ENT_TYP_CD,ENTITY_ID,OBJ_ID,VER_NBR,ACTV_IND,LAST_UPDT_DT) values ('PERSON','1109','5B97C50B03E96110E0404F8189D85213',1,'Y',to_date('13-NOV-08','DD-MON-RR'));
Insert into KRIM_ENTITY_ENT_TYP_T (ENT_TYP_CD,ENTITY_ID,OBJ_ID,VER_NBR,ACTV_IND,LAST_UPDT_DT) values ('PERSON','1110','5B97C50B03EA6110E0404F8189D85213',1,'Y',to_date('13-NOV-08','DD-MON-RR'));
Insert into KRIM_ENTITY_ENT_TYP_T (ENT_TYP_CD,ENTITY_ID,OBJ_ID,VER_NBR,ACTV_IND,LAST_UPDT_DT) values ('PERSON','1111','5B97C50B03EB6110E0404F8189D85213',1,'Y',to_date('13-NOV-08','DD-MON-RR'));
Insert into KRIM_ENTITY_ENT_TYP_T (ENT_TYP_CD,ENTITY_ID,OBJ_ID,VER_NBR,ACTV_IND,LAST_UPDT_DT) values ('PERSON','1112','5B97C50B03EC6110E0404F8189D85213',1,'Y',to_date('13-NOV-08','DD-MON-RR'));
Insert into KRIM_ENTITY_ENT_TYP_T (ENT_TYP_CD,ENTITY_ID,OBJ_ID,VER_NBR,ACTV_IND,LAST_UPDT_DT) values ('PERSON','1113','5B97C50B03ED6110E0404F8189D85213',1,'Y',to_date('13-NOV-08','DD-MON-RR'));
Insert into KRIM_ENTITY_ENT_TYP_T (ENT_TYP_CD,ENTITY_ID,OBJ_ID,VER_NBR,ACTV_IND,LAST_UPDT_DT) values ('PERSON','1114','5B97C50B03EE6110E0404F8189D85213',1,'Y',to_date('13-NOV-08','DD-MON-RR'));
Insert into KRIM_ENTITY_ENT_TYP_T (ENT_TYP_CD,ENTITY_ID,OBJ_ID,VER_NBR,ACTV_IND,LAST_UPDT_DT) values ('PERSON','1115','5B97C50B03EF6110E0404F8189D85213',1,'Y',to_date('13-NOV-08','DD-MON-RR'));
Insert into KRIM_ENTITY_ENT_TYP_T (ENT_TYP_CD,ENTITY_ID,OBJ_ID,VER_NBR,ACTV_IND,LAST_UPDT_DT) values ('PERSON','1116','5B97C50B03F06110E0404F8189D85213',1,'Y',to_date('13-NOV-08','DD-MON-RR'));
Insert into KRIM_ENTITY_ENT_TYP_T (ENT_TYP_CD,ENTITY_ID,OBJ_ID,VER_NBR,ACTV_IND,LAST_UPDT_DT) values ('PERSON','1117','5B97C50B03F16110E0404F8189D85213',1,'Y',to_date('13-NOV-08','DD-MON-RR'));
Insert into KRIM_ENTITY_ENT_TYP_T (ENT_TYP_CD,ENTITY_ID,OBJ_ID,VER_NBR,ACTV_IND,LAST_UPDT_DT) values ('PERSON','1118','5B97C50B03F26110E0404F8189D85213',1,'Y',to_date('13-NOV-08','DD-MON-RR'));
Insert into KRIM_ENTITY_ENT_TYP_T (ENT_TYP_CD,ENTITY_ID,OBJ_ID,VER_NBR,ACTV_IND,LAST_UPDT_DT) values ('PERSON','1119','5B97C50B03F36110E0404F8189D85213',1,'Y',to_date('13-NOV-08','DD-MON-RR'));
Insert into KRIM_ENTITY_ENT_TYP_T (ENT_TYP_CD,ENTITY_ID,OBJ_ID,VER_NBR,ACTV_IND,LAST_UPDT_DT) values ('PERSON','1120','5B97C50B03F46110E0404F8189D85213',1,'Y',to_date('13-NOV-08','DD-MON-RR'));
Insert into KRIM_ENTITY_ENT_TYP_T (ENT_TYP_CD,ENTITY_ID,OBJ_ID,VER_NBR,ACTV_IND,LAST_UPDT_DT) values ('PERSON','1121','5B97C50B03F56110E0404F8189D85213',1,'Y',to_date('13-NOV-08','DD-MON-RR'));
Insert into KRIM_ENTITY_ENT_TYP_T (ENT_TYP_CD,ENTITY_ID,OBJ_ID,VER_NBR,ACTV_IND,LAST_UPDT_DT) values ('PERSON','1122','5B97C50B03F66110E0404F8189D85213',1,'Y',to_date('13-NOV-08','DD-MON-RR'));
Insert into KRIM_ENTITY_ENT_TYP_T (ENT_TYP_CD,ENTITY_ID,OBJ_ID,VER_NBR,ACTV_IND,LAST_UPDT_DT) values ('PERSON','1123','5B97C50B03F76110E0404F8189D85213',1,'Y',to_date('13-NOV-08','DD-MON-RR'));
Insert into KRIM_ENTITY_ENT_TYP_T (ENT_TYP_CD,ENTITY_ID,OBJ_ID,VER_NBR,ACTV_IND,LAST_UPDT_DT) values ('PERSON','1124','5B97C50B03F86110E0404F8189D85213',1,'Y',to_date('13-NOV-08','DD-MON-RR'));
Insert into KRIM_ENTITY_ENT_TYP_T (ENT_TYP_CD,ENTITY_ID,OBJ_ID,VER_NBR,ACTV_IND,LAST_UPDT_DT) values ('PERSON','1125','5B97C50B03F96110E0404F8189D85213',1,'Y',to_date('13-NOV-08','DD-MON-RR'));
Insert into KRIM_ENTITY_ENT_TYP_T (ENT_TYP_CD,ENTITY_ID,OBJ_ID,VER_NBR,ACTV_IND,LAST_UPDT_DT) values ('PERSON','1126','5B97C50B03FA6110E0404F8189D85213',1,'Y',to_date('13-NOV-08','DD-MON-RR'));
Insert into KRIM_ENTITY_ENT_TYP_T (ENT_TYP_CD,ENTITY_ID,OBJ_ID,VER_NBR,ACTV_IND,LAST_UPDT_DT) values ('PERSON','1127','5B97C50B03FB6110E0404F8189D85213',1,'Y',to_date('13-NOV-08','DD-MON-RR'));
Insert into KRIM_ENTITY_ENT_TYP_T (ENT_TYP_CD,ENTITY_ID,OBJ_ID,VER_NBR,ACTV_IND,LAST_UPDT_DT) values ('PERSON','1128','5B97C50B03FC6110E0404F8189D85213',1,'Y',to_date('13-NOV-08','DD-MON-RR'));
Insert into KRIM_ENTITY_ENT_TYP_T (ENT_TYP_CD,ENTITY_ID,OBJ_ID,VER_NBR,ACTV_IND,LAST_UPDT_DT) values ('PERSON','1129','5B97C50B03FD6110E0404F8189D85213',1,'Y',to_date('13-NOV-08','DD-MON-RR'));
Insert into KRIM_ENTITY_ENT_TYP_T (ENT_TYP_CD,ENTITY_ID,OBJ_ID,VER_NBR,ACTV_IND,LAST_UPDT_DT) values ('PERSON','1130','5B97C50B03FE6110E0404F8189D85213',1,'Y',to_date('13-NOV-08','DD-MON-RR'));
Insert into KRIM_ENTITY_ENT_TYP_T (ENT_TYP_CD,ENTITY_ID,OBJ_ID,VER_NBR,ACTV_IND,LAST_UPDT_DT) values ('PERSON','1131','5B97C50B03FF6110E0404F8189D85213',1,'Y',to_date('13-NOV-08','DD-MON-RR'));
Insert into KRIM_ENTITY_ENT_TYP_T (ENT_TYP_CD,ENTITY_ID,OBJ_ID,VER_NBR,ACTV_IND,LAST_UPDT_DT) values ('PERSON','1132','5B97C50B04006110E0404F8189D85213',1,'Y',to_date('13-NOV-08','DD-MON-RR'));
Insert into KRIM_ENTITY_ENT_TYP_T (ENT_TYP_CD,ENTITY_ID,OBJ_ID,VER_NBR,ACTV_IND,LAST_UPDT_DT) values ('PERSON','1133','5B97C50B04016110E0404F8189D85213',1,'Y',to_date('13-NOV-08','DD-MON-RR'));
Insert into KRIM_ENTITY_ENT_TYP_T (ENT_TYP_CD,ENTITY_ID,OBJ_ID,VER_NBR,ACTV_IND,LAST_UPDT_DT) values ('PERSON','1134','5B97C50B04026110E0404F8189D85213',1,'Y',to_date('13-NOV-08','DD-MON-RR'));
Insert into KRIM_ENTITY_ENT_TYP_T (ENT_TYP_CD,ENTITY_ID,OBJ_ID,VER_NBR,ACTV_IND,LAST_UPDT_DT) values ('PERSON','1135','5B97C50B04036110E0404F8189D85213',1,'Y',to_date('13-NOV-08','DD-MON-RR'));
Insert into KRIM_ENTITY_ENT_TYP_T (ENT_TYP_CD,ENTITY_ID,OBJ_ID,VER_NBR,ACTV_IND,LAST_UPDT_DT) values ('PERSON','1136','5B97C50B04046110E0404F8189D85213',1,'Y',to_date('13-NOV-08','DD-MON-RR'));
Insert into KRIM_ENTITY_ENT_TYP_T (ENT_TYP_CD,ENTITY_ID,OBJ_ID,VER_NBR,ACTV_IND,LAST_UPDT_DT) values ('PERSON','1137','5B97C50B04056110E0404F8189D85213',1,'Y',to_date('13-NOV-08','DD-MON-RR'));
Insert into KRIM_ENTITY_ENT_TYP_T (ENT_TYP_CD,ENTITY_ID,OBJ_ID,VER_NBR,ACTV_IND,LAST_UPDT_DT) values ('PERSON','KR1000','CFBAA6F5F0D15D07E0406E0AC31D229B',1,'Y',to_date('30-NOV-12','DD-MON-RR'));
 --- INSERTING into KRIM_ENTITY_ETHNIC_T

 --- INSERTING into KRIM_ENTITY_EXT_ID_T

 --- INSERTING into KRIM_ENTITY_NM_T

Insert into KRIM_ENTITY_NM_T (ENTITY_NM_ID,OBJ_ID,VER_NBR,ENTITY_ID,NM_TYP_CD,FIRST_NM,MIDDLE_NM,LAST_NM,SUFFIX_NM,PREFIX_NM,DFLT_IND,ACTV_IND,LAST_UPDT_DT,TITLE_NM,NOTE_MSG,NM_CHNG_DT) values ('1200','5B97C50B042C6110E0404F8189D85213',1,'1100','PRFR','admin',null,'admin',null,null,'Y','Y',to_date('13-NOV-08','DD-MON-RR'),null,null,null);
Insert into KRIM_ENTITY_NM_T (ENTITY_NM_ID,OBJ_ID,VER_NBR,ENTITY_ID,NM_TYP_CD,FIRST_NM,MIDDLE_NM,LAST_NM,SUFFIX_NM,PREFIX_NM,DFLT_IND,ACTV_IND,LAST_UPDT_DT,TITLE_NM,NOTE_MSG,NM_CHNG_DT) values ('1201','5B97C50B042D6110E0404F8189D85213',1,'1101','PRFR','Test',null,'Admin 1',null,null,'Y','Y',to_date('13-NOV-08','DD-MON-RR'),null,null,null);
Insert into KRIM_ENTITY_NM_T (ENTITY_NM_ID,OBJ_ID,VER_NBR,ENTITY_ID,NM_TYP_CD,FIRST_NM,MIDDLE_NM,LAST_NM,SUFFIX_NM,PREFIX_NM,DFLT_IND,ACTV_IND,LAST_UPDT_DT,TITLE_NM,NOTE_MSG,NM_CHNG_DT) values ('1202','5B97C50B042E6110E0404F8189D85213',1,'1102','PRFR','Test',null,'Admin 2',null,null,'Y','Y',to_date('13-NOV-08','DD-MON-RR'),null,null,null);
Insert into KRIM_ENTITY_NM_T (ENTITY_NM_ID,OBJ_ID,VER_NBR,ENTITY_ID,NM_TYP_CD,FIRST_NM,MIDDLE_NM,LAST_NM,SUFFIX_NM,PREFIX_NM,DFLT_IND,ACTV_IND,LAST_UPDT_DT,TITLE_NM,NOTE_MSG,NM_CHNG_DT) values ('1203','5B97C50B042F6110E0404F8189D85213',1,'1103','PRFR','Test',null,'User 1',null,null,'Y','Y',to_date('13-NOV-08','DD-MON-RR'),null,null,null);
Insert into KRIM_ENTITY_NM_T (ENTITY_NM_ID,OBJ_ID,VER_NBR,ENTITY_ID,NM_TYP_CD,FIRST_NM,MIDDLE_NM,LAST_NM,SUFFIX_NM,PREFIX_NM,DFLT_IND,ACTV_IND,LAST_UPDT_DT,TITLE_NM,NOTE_MSG,NM_CHNG_DT) values ('1204','5B97C50B04306110E0404F8189D85213',1,'1104','PRFR','Test',null,'User 2',null,null,'Y','Y',to_date('13-NOV-08','DD-MON-RR'),null,null,null);
Insert into KRIM_ENTITY_NM_T (ENTITY_NM_ID,OBJ_ID,VER_NBR,ENTITY_ID,NM_TYP_CD,FIRST_NM,MIDDLE_NM,LAST_NM,SUFFIX_NM,PREFIX_NM,DFLT_IND,ACTV_IND,LAST_UPDT_DT,TITLE_NM,NOTE_MSG,NM_CHNG_DT) values ('1205','5B97C50B04316110E0404F8189D85213',1,'1105','PRFR','Test',null,'User 3',null,null,'Y','Y',to_date('13-NOV-08','DD-MON-RR'),null,null,null);
Insert into KRIM_ENTITY_NM_T (ENTITY_NM_ID,OBJ_ID,VER_NBR,ENTITY_ID,NM_TYP_CD,FIRST_NM,MIDDLE_NM,LAST_NM,SUFFIX_NM,PREFIX_NM,DFLT_IND,ACTV_IND,LAST_UPDT_DT,TITLE_NM,NOTE_MSG,NM_CHNG_DT) values ('1206','5B97C50B04326110E0404F8189D85213',1,'1106','PRFR','Test',null,'User 4',null,null,'Y','Y',to_date('13-NOV-08','DD-MON-RR'),null,null,null);
Insert into KRIM_ENTITY_NM_T (ENTITY_NM_ID,OBJ_ID,VER_NBR,ENTITY_ID,NM_TYP_CD,FIRST_NM,MIDDLE_NM,LAST_NM,SUFFIX_NM,PREFIX_NM,DFLT_IND,ACTV_IND,LAST_UPDT_DT,TITLE_NM,NOTE_MSG,NM_CHNG_DT) values ('1207','5B97C50B04336110E0404F8189D85213',1,'1107','PRFR','Test',null,'User 5',null,null,'Y','Y',to_date('13-NOV-08','DD-MON-RR'),null,null,null);
Insert into KRIM_ENTITY_NM_T (ENTITY_NM_ID,OBJ_ID,VER_NBR,ENTITY_ID,NM_TYP_CD,FIRST_NM,MIDDLE_NM,LAST_NM,SUFFIX_NM,PREFIX_NM,DFLT_IND,ACTV_IND,LAST_UPDT_DT,TITLE_NM,NOTE_MSG,NM_CHNG_DT) values ('1208','5B97C50B04346110E0404F8189D85213',1,'1108','PRFR','Test',null,'User 6',null,null,'Y','Y',to_date('13-NOV-08','DD-MON-RR'),null,null,null);
Insert into KRIM_ENTITY_NM_T (ENTITY_NM_ID,OBJ_ID,VER_NBR,ENTITY_ID,NM_TYP_CD,FIRST_NM,MIDDLE_NM,LAST_NM,SUFFIX_NM,PREFIX_NM,DFLT_IND,ACTV_IND,LAST_UPDT_DT,TITLE_NM,NOTE_MSG,NM_CHNG_DT) values ('1209','5B97C50B04356110E0404F8189D85213',1,'1109','PRFR','quickstart',null,'quickstart',null,null,'Y','Y',to_date('13-NOV-08','DD-MON-RR'),null,null,null);
Insert into KRIM_ENTITY_NM_T (ENTITY_NM_ID,OBJ_ID,VER_NBR,ENTITY_ID,NM_TYP_CD,FIRST_NM,MIDDLE_NM,LAST_NM,SUFFIX_NM,PREFIX_NM,DFLT_IND,ACTV_IND,LAST_UPDT_DT,TITLE_NM,NOTE_MSG,NM_CHNG_DT) values ('1210','5B97C50B04366110E0404F8189D85213',1,'1110','PRFR','User',null,'One',null,null,'Y','Y',to_date('13-NOV-08','DD-MON-RR'),null,null,null);
Insert into KRIM_ENTITY_NM_T (ENTITY_NM_ID,OBJ_ID,VER_NBR,ENTITY_ID,NM_TYP_CD,FIRST_NM,MIDDLE_NM,LAST_NM,SUFFIX_NM,PREFIX_NM,DFLT_IND,ACTV_IND,LAST_UPDT_DT,TITLE_NM,NOTE_MSG,NM_CHNG_DT) values ('1211','5B97C50B04376110E0404F8189D85213',1,'1111','PRFR','User',null,'Two',null,null,'Y','Y',to_date('13-NOV-08','DD-MON-RR'),null,null,null);
Insert into KRIM_ENTITY_NM_T (ENTITY_NM_ID,OBJ_ID,VER_NBR,ENTITY_ID,NM_TYP_CD,FIRST_NM,MIDDLE_NM,LAST_NM,SUFFIX_NM,PREFIX_NM,DFLT_IND,ACTV_IND,LAST_UPDT_DT,TITLE_NM,NOTE_MSG,NM_CHNG_DT) values ('1212','5B97C50B04386110E0404F8189D85213',1,'1112','PRFR','User',null,'Three',null,null,'Y','Y',to_date('13-NOV-08','DD-MON-RR'),null,null,null);
Insert into KRIM_ENTITY_NM_T (ENTITY_NM_ID,OBJ_ID,VER_NBR,ENTITY_ID,NM_TYP_CD,FIRST_NM,MIDDLE_NM,LAST_NM,SUFFIX_NM,PREFIX_NM,DFLT_IND,ACTV_IND,LAST_UPDT_DT,TITLE_NM,NOTE_MSG,NM_CHNG_DT) values ('1213','5B97C50B04396110E0404F8189D85213',1,'1113','PRFR','user4',null,'user4',null,null,'Y','Y',to_date('13-NOV-08','DD-MON-RR'),null,null,null);
Insert into KRIM_ENTITY_NM_T (ENTITY_NM_ID,OBJ_ID,VER_NBR,ENTITY_ID,NM_TYP_CD,FIRST_NM,MIDDLE_NM,LAST_NM,SUFFIX_NM,PREFIX_NM,DFLT_IND,ACTV_IND,LAST_UPDT_DT,TITLE_NM,NOTE_MSG,NM_CHNG_DT) values ('1214','5B97C50B043A6110E0404F8189D85213',1,'1114','PRFR','Edna',null,'Employee',null,null,'Y','Y',to_date('13-NOV-08','DD-MON-RR'),null,null,null);
Insert into KRIM_ENTITY_NM_T (ENTITY_NM_ID,OBJ_ID,VER_NBR,ENTITY_ID,NM_TYP_CD,FIRST_NM,MIDDLE_NM,LAST_NM,SUFFIX_NM,PREFIX_NM,DFLT_IND,ACTV_IND,LAST_UPDT_DT,TITLE_NM,NOTE_MSG,NM_CHNG_DT) values ('1215','5B97C50B043B6110E0404F8189D85213',1,'1115','PRFR','Eric',null,'Employee',null,null,'Y','Y',to_date('13-NOV-08','DD-MON-RR'),null,null,null);
Insert into KRIM_ENTITY_NM_T (ENTITY_NM_ID,OBJ_ID,VER_NBR,ENTITY_ID,NM_TYP_CD,FIRST_NM,MIDDLE_NM,LAST_NM,SUFFIX_NM,PREFIX_NM,DFLT_IND,ACTV_IND,LAST_UPDT_DT,TITLE_NM,NOTE_MSG,NM_CHNG_DT) values ('1216','5B97C50B043C6110E0404F8189D85213',1,'1116','PRFR','Earl',null,'Employee',null,null,'Y','Y',to_date('13-NOV-08','DD-MON-RR'),null,null,null);
Insert into KRIM_ENTITY_NM_T (ENTITY_NM_ID,OBJ_ID,VER_NBR,ENTITY_ID,NM_TYP_CD,FIRST_NM,MIDDLE_NM,LAST_NM,SUFFIX_NM,PREFIX_NM,DFLT_IND,ACTV_IND,LAST_UPDT_DT,TITLE_NM,NOTE_MSG,NM_CHNG_DT) values ('1217','5B97C50B043D6110E0404F8189D85213',1,'1117','PRFR','Erin',null,'Employee',null,null,'Y','Y',to_date('13-NOV-08','DD-MON-RR'),null,null,null);
Insert into KRIM_ENTITY_NM_T (ENTITY_NM_ID,OBJ_ID,VER_NBR,ENTITY_ID,NM_TYP_CD,FIRST_NM,MIDDLE_NM,LAST_NM,SUFFIX_NM,PREFIX_NM,DFLT_IND,ACTV_IND,LAST_UPDT_DT,TITLE_NM,NOTE_MSG,NM_CHNG_DT) values ('1218','5B97C50B043E6110E0404F8189D85213',1,'1118','PRFR','fred',null,'fred',null,null,'Y','Y',to_date('13-NOV-08','DD-MON-RR'),null,null,null);
Insert into KRIM_ENTITY_NM_T (ENTITY_NM_ID,OBJ_ID,VER_NBR,ENTITY_ID,NM_TYP_CD,FIRST_NM,MIDDLE_NM,LAST_NM,SUFFIX_NM,PREFIX_NM,DFLT_IND,ACTV_IND,LAST_UPDT_DT,TITLE_NM,NOTE_MSG,NM_CHNG_DT) values ('1219','5B97C50B043F6110E0404F8189D85213',1,'1119','PRFR','fran',null,'fran',null,null,'Y','Y',to_date('13-NOV-08','DD-MON-RR'),null,null,null);
Insert into KRIM_ENTITY_NM_T (ENTITY_NM_ID,OBJ_ID,VER_NBR,ENTITY_ID,NM_TYP_CD,FIRST_NM,MIDDLE_NM,LAST_NM,SUFFIX_NM,PREFIX_NM,DFLT_IND,ACTV_IND,LAST_UPDT_DT,TITLE_NM,NOTE_MSG,NM_CHNG_DT) values ('1220','5B97C50B04406110E0404F8189D85213',1,'1120','PRFR','frank',null,'frank',null,null,'Y','Y',to_date('13-NOV-08','DD-MON-RR'),null,null,null);
Insert into KRIM_ENTITY_NM_T (ENTITY_NM_ID,OBJ_ID,VER_NBR,ENTITY_ID,NM_TYP_CD,FIRST_NM,MIDDLE_NM,LAST_NM,SUFFIX_NM,PREFIX_NM,DFLT_IND,ACTV_IND,LAST_UPDT_DT,TITLE_NM,NOTE_MSG,NM_CHNG_DT) values ('1221','5B97C50B04416110E0404F8189D85213',1,'1121','PRFR','Doug',null,'Neidermeyer',null,null,'Y','Y',to_date('13-NOV-08','DD-MON-RR'),null,null,null);
Insert into KRIM_ENTITY_NM_T (ENTITY_NM_ID,OBJ_ID,VER_NBR,ENTITY_ID,NM_TYP_CD,FIRST_NM,MIDDLE_NM,LAST_NM,SUFFIX_NM,PREFIX_NM,DFLT_IND,ACTV_IND,LAST_UPDT_DT,TITLE_NM,NOTE_MSG,NM_CHNG_DT) values ('1222','5B97C50B04426110E0404F8189D85213',1,'1122','PRFR','Identity',null,'Manager One',null,null,'Y','Y',to_date('13-NOV-08','DD-MON-RR'),null,null,null);
Insert into KRIM_ENTITY_NM_T (ENTITY_NM_ID,OBJ_ID,VER_NBR,ENTITY_ID,NM_TYP_CD,FIRST_NM,MIDDLE_NM,LAST_NM,SUFFIX_NM,PREFIX_NM,DFLT_IND,ACTV_IND,LAST_UPDT_DT,TITLE_NM,NOTE_MSG,NM_CHNG_DT) values ('1223','5B97C50B04436110E0404F8189D85213',1,'1123','PRFR','Identity',null,'Manager Two',null,null,'Y','Y',to_date('13-NOV-08','DD-MON-RR'),null,null,null);
Insert into KRIM_ENTITY_NM_T (ENTITY_NM_ID,OBJ_ID,VER_NBR,ENTITY_ID,NM_TYP_CD,FIRST_NM,MIDDLE_NM,LAST_NM,SUFFIX_NM,PREFIX_NM,DFLT_IND,ACTV_IND,LAST_UPDT_DT,TITLE_NM,NOTE_MSG,NM_CHNG_DT) values ('1224','5B97C50B04446110E0404F8189D85213',1,'1124','PRFR','Identity',null,'Manager Three',null,null,'Y','Y',to_date('13-NOV-08','DD-MON-RR'),null,null,null);
Insert into KRIM_ENTITY_NM_T (ENTITY_NM_ID,OBJ_ID,VER_NBR,ENTITY_ID,NM_TYP_CD,FIRST_NM,MIDDLE_NM,LAST_NM,SUFFIX_NM,PREFIX_NM,DFLT_IND,ACTV_IND,LAST_UPDT_DT,TITLE_NM,NOTE_MSG,NM_CHNG_DT) values ('1225','5B97C50B04456110E0404F8189D85213',1,'1125','PRFR','Admin',null,'One',null,null,'Y','Y',to_date('13-NOV-08','DD-MON-RR'),null,null,null);
Insert into KRIM_ENTITY_NM_T (ENTITY_NM_ID,OBJ_ID,VER_NBR,ENTITY_ID,NM_TYP_CD,FIRST_NM,MIDDLE_NM,LAST_NM,SUFFIX_NM,PREFIX_NM,DFLT_IND,ACTV_IND,LAST_UPDT_DT,TITLE_NM,NOTE_MSG,NM_CHNG_DT) values ('1226','5B97C50B04466110E0404F8189D85213',1,'1126','PRFR','Admin',null,'Two',null,null,'Y','Y',to_date('13-NOV-08','DD-MON-RR'),null,null,null);
Insert into KRIM_ENTITY_NM_T (ENTITY_NM_ID,OBJ_ID,VER_NBR,ENTITY_ID,NM_TYP_CD,FIRST_NM,MIDDLE_NM,LAST_NM,SUFFIX_NM,PREFIX_NM,DFLT_IND,ACTV_IND,LAST_UPDT_DT,TITLE_NM,NOTE_MSG,NM_CHNG_DT) values ('1227','5B97C50B04476110E0404F8189D85213',1,'1127','PRFR','Tester',null,'One',null,null,'Y','Y',to_date('13-NOV-08','DD-MON-RR'),null,null,null);
Insert into KRIM_ENTITY_NM_T (ENTITY_NM_ID,OBJ_ID,VER_NBR,ENTITY_ID,NM_TYP_CD,FIRST_NM,MIDDLE_NM,LAST_NM,SUFFIX_NM,PREFIX_NM,DFLT_IND,ACTV_IND,LAST_UPDT_DT,TITLE_NM,NOTE_MSG,NM_CHNG_DT) values ('1228','5B97C50B04486110E0404F8189D85213',1,'1128','PRFR','Tester',null,'Two',null,null,'Y','Y',to_date('13-NOV-08','DD-MON-RR'),null,null,null);
Insert into KRIM_ENTITY_NM_T (ENTITY_NM_ID,OBJ_ID,VER_NBR,ENTITY_ID,NM_TYP_CD,FIRST_NM,MIDDLE_NM,LAST_NM,SUFFIX_NM,PREFIX_NM,DFLT_IND,ACTV_IND,LAST_UPDT_DT,TITLE_NM,NOTE_MSG,NM_CHNG_DT) values ('1229','5B97C50B04496110E0404F8189D85213',1,'1129','PRFR','Developer',null,'One',null,null,'Y','Y',to_date('13-NOV-08','DD-MON-RR'),null,null,null);
Insert into KRIM_ENTITY_NM_T (ENTITY_NM_ID,OBJ_ID,VER_NBR,ENTITY_ID,NM_TYP_CD,FIRST_NM,MIDDLE_NM,LAST_NM,SUFFIX_NM,PREFIX_NM,DFLT_IND,ACTV_IND,LAST_UPDT_DT,TITLE_NM,NOTE_MSG,NM_CHNG_DT) values ('1230','5B97C50B044A6110E0404F8189D85213',1,'1130','PRFR','Developer',null,'Two',null,null,'Y','Y',to_date('13-NOV-08','DD-MON-RR'),null,null,null);
Insert into KRIM_ENTITY_NM_T (ENTITY_NM_ID,OBJ_ID,VER_NBR,ENTITY_ID,NM_TYP_CD,FIRST_NM,MIDDLE_NM,LAST_NM,SUFFIX_NM,PREFIX_NM,DFLT_IND,ACTV_IND,LAST_UPDT_DT,TITLE_NM,NOTE_MSG,NM_CHNG_DT) values ('1231','5B97C50B044B6110E0404F8189D85213',1,'1131','PRFR','Notification',null,'System',null,null,'Y','Y',to_date('13-NOV-08','DD-MON-RR'),null,null,null);
Insert into KRIM_ENTITY_NM_T (ENTITY_NM_ID,OBJ_ID,VER_NBR,ENTITY_ID,NM_TYP_CD,FIRST_NM,MIDDLE_NM,LAST_NM,SUFFIX_NM,PREFIX_NM,DFLT_IND,ACTV_IND,LAST_UPDT_DT,TITLE_NM,NOTE_MSG,NM_CHNG_DT) values ('1232','5B97C50B044C6110E0404F8189D85213',1,'1132','PRFR','Notification',null,'System Admin',null,null,'Y','Y',to_date('13-NOV-08','DD-MON-RR'),null,null,null);
Insert into KRIM_ENTITY_NM_T (ENTITY_NM_ID,OBJ_ID,VER_NBR,ENTITY_ID,NM_TYP_CD,FIRST_NM,MIDDLE_NM,LAST_NM,SUFFIX_NM,PREFIX_NM,DFLT_IND,ACTV_IND,LAST_UPDT_DT,TITLE_NM,NOTE_MSG,NM_CHNG_DT) values ('1233','5B97C50B044D6110E0404F8189D85213',1,'1133','PRFR','newAccountUser',null,'newAccountUser',null,null,'Y','Y',to_date('13-NOV-08','DD-MON-RR'),null,null,null);
Insert into KRIM_ENTITY_NM_T (ENTITY_NM_ID,OBJ_ID,VER_NBR,ENTITY_ID,NM_TYP_CD,FIRST_NM,MIDDLE_NM,LAST_NM,SUFFIX_NM,PREFIX_NM,DFLT_IND,ACTV_IND,LAST_UPDT_DT,TITLE_NM,NOTE_MSG,NM_CHNG_DT) values ('1234','5B97C50B044E6110E0404F8189D85213',1,'1134','PRFR','supervisor',null,'supervisor',null,null,'Y','Y',to_date('13-NOV-08','DD-MON-RR'),null,null,null);
Insert into KRIM_ENTITY_NM_T (ENTITY_NM_ID,OBJ_ID,VER_NBR,ENTITY_ID,NM_TYP_CD,FIRST_NM,MIDDLE_NM,LAST_NM,SUFFIX_NM,PREFIX_NM,DFLT_IND,ACTV_IND,LAST_UPDT_DT,TITLE_NM,NOTE_MSG,NM_CHNG_DT) values ('1235','5B97C50B044F6110E0404F8189D85213',1,'1135','PRFR','director',null,'director',null,null,'Y','Y',to_date('13-NOV-08','DD-MON-RR'),null,null,null);
Insert into KRIM_ENTITY_NM_T (ENTITY_NM_ID,OBJ_ID,VER_NBR,ENTITY_ID,NM_TYP_CD,FIRST_NM,MIDDLE_NM,LAST_NM,SUFFIX_NM,PREFIX_NM,DFLT_IND,ACTV_IND,LAST_UPDT_DT,TITLE_NM,NOTE_MSG,NM_CHNG_DT) values ('1236','5B97C50B04506110E0404F8189D85213',1,'1136','PRFR','KULUSER',null,'KULUSER',null,null,'Y','Y',to_date('13-NOV-08','DD-MON-RR'),null,null,null);
Insert into KRIM_ENTITY_NM_T (ENTITY_NM_ID,OBJ_ID,VER_NBR,ENTITY_ID,NM_TYP_CD,FIRST_NM,MIDDLE_NM,LAST_NM,SUFFIX_NM,PREFIX_NM,DFLT_IND,ACTV_IND,LAST_UPDT_DT,TITLE_NM,NOTE_MSG,NM_CHNG_DT) values ('1237','5B97C50B04516110E0404F8189D85213',1,'1137','PRFR','employee',null,'employee',null,null,'Y','Y',to_date('13-NOV-08','DD-MON-RR'),null,null,null);
 --- INSERTING into KRIM_ENTITY_PHONE_T

 --- INSERTING into KRIM_ENTITY_PRIV_PREF_T

 --- INSERTING into KRIM_ENTITY_RESIDENCY_T

 --- INSERTING into KRIM_ENTITY_T

Insert into KRIM_ENTITY_T (ENTITY_ID,OBJ_ID,VER_NBR,ACTV_IND,LAST_UPDT_DT) values ('1','5B1B6B919CC96496E0404F8189D822F2',1,'Y',to_date('07-NOV-08','DD-MON-RR'));
Insert into KRIM_ENTITY_T (ENTITY_ID,OBJ_ID,VER_NBR,ACTV_IND,LAST_UPDT_DT) values ('1100','5B97C50B03946110E0404F8189D85213',1,'Y',to_date('13-NOV-08','DD-MON-RR'));
Insert into KRIM_ENTITY_T (ENTITY_ID,OBJ_ID,VER_NBR,ACTV_IND,LAST_UPDT_DT) values ('1101','5B97C50B03956110E0404F8189D85213',1,'Y',to_date('13-NOV-08','DD-MON-RR'));
Insert into KRIM_ENTITY_T (ENTITY_ID,OBJ_ID,VER_NBR,ACTV_IND,LAST_UPDT_DT) values ('1102','5B97C50B03966110E0404F8189D85213',1,'Y',to_date('13-NOV-08','DD-MON-RR'));
Insert into KRIM_ENTITY_T (ENTITY_ID,OBJ_ID,VER_NBR,ACTV_IND,LAST_UPDT_DT) values ('1103','5B97C50B03976110E0404F8189D85213',1,'Y',to_date('13-NOV-08','DD-MON-RR'));
Insert into KRIM_ENTITY_T (ENTITY_ID,OBJ_ID,VER_NBR,ACTV_IND,LAST_UPDT_DT) values ('1104','5B97C50B03986110E0404F8189D85213',1,'Y',to_date('13-NOV-08','DD-MON-RR'));
Insert into KRIM_ENTITY_T (ENTITY_ID,OBJ_ID,VER_NBR,ACTV_IND,LAST_UPDT_DT) values ('1105','5B97C50B03996110E0404F8189D85213',1,'Y',to_date('13-NOV-08','DD-MON-RR'));
Insert into KRIM_ENTITY_T (ENTITY_ID,OBJ_ID,VER_NBR,ACTV_IND,LAST_UPDT_DT) values ('1106','5B97C50B039A6110E0404F8189D85213',1,'Y',to_date('13-NOV-08','DD-MON-RR'));
Insert into KRIM_ENTITY_T (ENTITY_ID,OBJ_ID,VER_NBR,ACTV_IND,LAST_UPDT_DT) values ('1107','5B97C50B039B6110E0404F8189D85213',1,'Y',to_date('13-NOV-08','DD-MON-RR'));
Insert into KRIM_ENTITY_T (ENTITY_ID,OBJ_ID,VER_NBR,ACTV_IND,LAST_UPDT_DT) values ('1108','5B97C50B039C6110E0404F8189D85213',1,'Y',to_date('13-NOV-08','DD-MON-RR'));
Insert into KRIM_ENTITY_T (ENTITY_ID,OBJ_ID,VER_NBR,ACTV_IND,LAST_UPDT_DT) values ('1109','5B97C50B039D6110E0404F8189D85213',1,'Y',to_date('13-NOV-08','DD-MON-RR'));
Insert into KRIM_ENTITY_T (ENTITY_ID,OBJ_ID,VER_NBR,ACTV_IND,LAST_UPDT_DT) values ('1110','5B97C50B039E6110E0404F8189D85213',1,'Y',to_date('13-NOV-08','DD-MON-RR'));
Insert into KRIM_ENTITY_T (ENTITY_ID,OBJ_ID,VER_NBR,ACTV_IND,LAST_UPDT_DT) values ('1111','5B97C50B039F6110E0404F8189D85213',1,'Y',to_date('13-NOV-08','DD-MON-RR'));
Insert into KRIM_ENTITY_T (ENTITY_ID,OBJ_ID,VER_NBR,ACTV_IND,LAST_UPDT_DT) values ('1112','5B97C50B03A06110E0404F8189D85213',1,'Y',to_date('13-NOV-08','DD-MON-RR'));
Insert into KRIM_ENTITY_T (ENTITY_ID,OBJ_ID,VER_NBR,ACTV_IND,LAST_UPDT_DT) values ('1113','5B97C50B03A16110E0404F8189D85213',1,'Y',to_date('13-NOV-08','DD-MON-RR'));
Insert into KRIM_ENTITY_T (ENTITY_ID,OBJ_ID,VER_NBR,ACTV_IND,LAST_UPDT_DT) values ('1114','5B97C50B03A26110E0404F8189D85213',1,'Y',to_date('13-NOV-08','DD-MON-RR'));
Insert into KRIM_ENTITY_T (ENTITY_ID,OBJ_ID,VER_NBR,ACTV_IND,LAST_UPDT_DT) values ('1115','5B97C50B03A36110E0404F8189D85213',1,'Y',to_date('13-NOV-08','DD-MON-RR'));
Insert into KRIM_ENTITY_T (ENTITY_ID,OBJ_ID,VER_NBR,ACTV_IND,LAST_UPDT_DT) values ('1116','5B97C50B03A46110E0404F8189D85213',1,'Y',to_date('13-NOV-08','DD-MON-RR'));
Insert into KRIM_ENTITY_T (ENTITY_ID,OBJ_ID,VER_NBR,ACTV_IND,LAST_UPDT_DT) values ('1117','5B97C50B03A56110E0404F8189D85213',1,'Y',to_date('13-NOV-08','DD-MON-RR'));
Insert into KRIM_ENTITY_T (ENTITY_ID,OBJ_ID,VER_NBR,ACTV_IND,LAST_UPDT_DT) values ('1118','5B97C50B03A66110E0404F8189D85213',1,'Y',to_date('13-NOV-08','DD-MON-RR'));
Insert into KRIM_ENTITY_T (ENTITY_ID,OBJ_ID,VER_NBR,ACTV_IND,LAST_UPDT_DT) values ('1119','5B97C50B03A76110E0404F8189D85213',1,'Y',to_date('13-NOV-08','DD-MON-RR'));
Insert into KRIM_ENTITY_T (ENTITY_ID,OBJ_ID,VER_NBR,ACTV_IND,LAST_UPDT_DT) values ('1120','5B97C50B03A86110E0404F8189D85213',1,'Y',to_date('13-NOV-08','DD-MON-RR'));
Insert into KRIM_ENTITY_T (ENTITY_ID,OBJ_ID,VER_NBR,ACTV_IND,LAST_UPDT_DT) values ('1121','5B97C50B03A96110E0404F8189D85213',1,'Y',to_date('13-NOV-08','DD-MON-RR'));
Insert into KRIM_ENTITY_T (ENTITY_ID,OBJ_ID,VER_NBR,ACTV_IND,LAST_UPDT_DT) values ('1122','5B97C50B03AA6110E0404F8189D85213',1,'Y',to_date('13-NOV-08','DD-MON-RR'));
Insert into KRIM_ENTITY_T (ENTITY_ID,OBJ_ID,VER_NBR,ACTV_IND,LAST_UPDT_DT) values ('1123','5B97C50B03AB6110E0404F8189D85213',1,'Y',to_date('13-NOV-08','DD-MON-RR'));
Insert into KRIM_ENTITY_T (ENTITY_ID,OBJ_ID,VER_NBR,ACTV_IND,LAST_UPDT_DT) values ('1124','5B97C50B03AC6110E0404F8189D85213',1,'Y',to_date('13-NOV-08','DD-MON-RR'));
Insert into KRIM_ENTITY_T (ENTITY_ID,OBJ_ID,VER_NBR,ACTV_IND,LAST_UPDT_DT) values ('1125','5B97C50B03AD6110E0404F8189D85213',1,'Y',to_date('13-NOV-08','DD-MON-RR'));
Insert into KRIM_ENTITY_T (ENTITY_ID,OBJ_ID,VER_NBR,ACTV_IND,LAST_UPDT_DT) values ('1126','5B97C50B03AE6110E0404F8189D85213',1,'Y',to_date('13-NOV-08','DD-MON-RR'));
Insert into KRIM_ENTITY_T (ENTITY_ID,OBJ_ID,VER_NBR,ACTV_IND,LAST_UPDT_DT) values ('1127','5B97C50B03AF6110E0404F8189D85213',1,'Y',to_date('13-NOV-08','DD-MON-RR'));
Insert into KRIM_ENTITY_T (ENTITY_ID,OBJ_ID,VER_NBR,ACTV_IND,LAST_UPDT_DT) values ('1128','5B97C50B03B06110E0404F8189D85213',1,'Y',to_date('13-NOV-08','DD-MON-RR'));
Insert into KRIM_ENTITY_T (ENTITY_ID,OBJ_ID,VER_NBR,ACTV_IND,LAST_UPDT_DT) values ('1129','5B97C50B03B16110E0404F8189D85213',1,'Y',to_date('13-NOV-08','DD-MON-RR'));
Insert into KRIM_ENTITY_T (ENTITY_ID,OBJ_ID,VER_NBR,ACTV_IND,LAST_UPDT_DT) values ('1130','5B97C50B03B26110E0404F8189D85213',1,'Y',to_date('13-NOV-08','DD-MON-RR'));
Insert into KRIM_ENTITY_T (ENTITY_ID,OBJ_ID,VER_NBR,ACTV_IND,LAST_UPDT_DT) values ('1131','5B97C50B03B36110E0404F8189D85213',1,'Y',to_date('13-NOV-08','DD-MON-RR'));
Insert into KRIM_ENTITY_T (ENTITY_ID,OBJ_ID,VER_NBR,ACTV_IND,LAST_UPDT_DT) values ('1132','5B97C50B03B46110E0404F8189D85213',1,'Y',to_date('13-NOV-08','DD-MON-RR'));
Insert into KRIM_ENTITY_T (ENTITY_ID,OBJ_ID,VER_NBR,ACTV_IND,LAST_UPDT_DT) values ('1133','5B97C50B03B56110E0404F8189D85213',1,'Y',to_date('13-NOV-08','DD-MON-RR'));
Insert into KRIM_ENTITY_T (ENTITY_ID,OBJ_ID,VER_NBR,ACTV_IND,LAST_UPDT_DT) values ('1134','5B97C50B03B66110E0404F8189D85213',1,'Y',to_date('13-NOV-08','DD-MON-RR'));
Insert into KRIM_ENTITY_T (ENTITY_ID,OBJ_ID,VER_NBR,ACTV_IND,LAST_UPDT_DT) values ('1135','5B97C50B03B76110E0404F8189D85213',1,'Y',to_date('13-NOV-08','DD-MON-RR'));
Insert into KRIM_ENTITY_T (ENTITY_ID,OBJ_ID,VER_NBR,ACTV_IND,LAST_UPDT_DT) values ('1136','5B97C50B03B86110E0404F8189D85213',1,'Y',to_date('13-NOV-08','DD-MON-RR'));
Insert into KRIM_ENTITY_T (ENTITY_ID,OBJ_ID,VER_NBR,ACTV_IND,LAST_UPDT_DT) values ('1137','5B97C50B03B96110E0404F8189D85213',1,'Y',to_date('13-NOV-08','DD-MON-RR'));
Insert into KRIM_ENTITY_T (ENTITY_ID,OBJ_ID,VER_NBR,ACTV_IND,LAST_UPDT_DT) values ('KR1000','CFBAA6F5F0D05D07E0406E0AC31D229B',1,'Y',to_date('30-NOV-12','DD-MON-RR'));
 --- INSERTING into KRIM_ENTITY_VISA_T

 --- INSERTING into KRIM_ENT_NM_TYP_T

Insert into KRIM_ENT_NM_TYP_T (ENT_NM_TYP_CD,OBJ_ID,VER_NBR,NM,ACTV_IND,DISPLAY_SORT_CD,LAST_UPDT_DT) values ('OTH','5B97C50B03856110E0404F8189D85213',1,'Other','Y','c',to_date('13-NOV-08','DD-MON-RR'));
Insert into KRIM_ENT_NM_TYP_T (ENT_NM_TYP_CD,OBJ_ID,VER_NBR,NM,ACTV_IND,DISPLAY_SORT_CD,LAST_UPDT_DT) values ('PRFR','5B97C50B03866110E0404F8189D85213',1,'Preferred','Y','b',to_date('13-NOV-08','DD-MON-RR'));
Insert into KRIM_ENT_NM_TYP_T (ENT_NM_TYP_CD,OBJ_ID,VER_NBR,NM,ACTV_IND,DISPLAY_SORT_CD,LAST_UPDT_DT) values ('PRM','5B97C50B03876110E0404F8189D85213',1,'Primary','Y','a',to_date('13-NOV-08','DD-MON-RR'));
 --- INSERTING into KRIM_ENT_TYP_T

Insert into KRIM_ENT_TYP_T (ENT_TYP_CD,OBJ_ID,VER_NBR,NM,DISPLAY_SORT_CD,ACTV_IND) values ('PERSON','5B97C50B03886110E0404F8189D85213',1,'Person','01','Y');
Insert into KRIM_ENT_TYP_T (ENT_TYP_CD,OBJ_ID,VER_NBR,NM,DISPLAY_SORT_CD,ACTV_IND) values ('SYSTEM','5B97C50B03896110E0404F8189D85213',1,'System','02','Y');
 --- INSERTING into KRIM_EXT_ID_TYP_T

Insert into KRIM_EXT_ID_TYP_T (EXT_ID_TYP_CD,OBJ_ID,VER_NBR,NM,ENCR_REQ_IND,ACTV_IND,DISPLAY_SORT_CD,LAST_UPDT_DT) values ('HR','5B97C50B038A6110E0404F8189D85213',1,'Human Resources ID','N','Y','05',to_date('13-NOV-08','DD-MON-RR'));
Insert into KRIM_EXT_ID_TYP_T (EXT_ID_TYP_CD,OBJ_ID,VER_NBR,NM,ENCR_REQ_IND,ACTV_IND,DISPLAY_SORT_CD,LAST_UPDT_DT) values ('LICENSE','5B97C50B038B6110E0404F8189D85213',1,'Driver''s License','N','Y','06',to_date('13-NOV-08','DD-MON-RR'));
Insert into KRIM_EXT_ID_TYP_T (EXT_ID_TYP_CD,OBJ_ID,VER_NBR,NM,ENCR_REQ_IND,ACTV_IND,DISPLAY_SORT_CD,LAST_UPDT_DT) values ('LOGON','5B97C50B038C6110E0404F8189D85213',1,'Logon ID','N','Y','01',to_date('13-NOV-08','DD-MON-RR'));
Insert into KRIM_EXT_ID_TYP_T (EXT_ID_TYP_CD,OBJ_ID,VER_NBR,NM,ENCR_REQ_IND,ACTV_IND,DISPLAY_SORT_CD,LAST_UPDT_DT) values ('RFID','5B97C50B038D6110E0404F8189D85213',1,'RFID Implant','N','Y','07',to_date('13-NOV-08','DD-MON-RR'));
Insert into KRIM_EXT_ID_TYP_T (EXT_ID_TYP_CD,OBJ_ID,VER_NBR,NM,ENCR_REQ_IND,ACTV_IND,DISPLAY_SORT_CD,LAST_UPDT_DT) values ('SSN','5B97C50B038E6110E0404F8189D85213',1,'Social Security Number','Y','Y','02',to_date('13-NOV-08','DD-MON-RR'));
Insert into KRIM_EXT_ID_TYP_T (EXT_ID_TYP_CD,OBJ_ID,VER_NBR,NM,ENCR_REQ_IND,ACTV_IND,DISPLAY_SORT_CD,LAST_UPDT_DT) values ('TAX','5B97C50B038F6110E0404F8189D85213',1,'Tax ID','Y','Y','03',to_date('13-NOV-08','DD-MON-RR'));
 --- INSERTING into KRIM_GRP_ATTR_DATA_T

 --- INSERTING into KRIM_GRP_DOCUMENT_T

 --- INSERTING into KRIM_GRP_MBR_T

Insert into KRIM_GRP_MBR_T (GRP_MBR_ID,VER_NBR,OBJ_ID,GRP_ID,MBR_ID,MBR_TYP_CD,ACTV_FRM_DT,ACTV_TO_DT,LAST_UPDT_DT) values ('1100',1,'5B97C50B04B56110E0404F8189D85213','2001','testuser1','P',null,null,to_date('08-DEC-08','DD-MON-RR'));
Insert into KRIM_GRP_MBR_T (GRP_MBR_ID,VER_NBR,OBJ_ID,GRP_ID,MBR_ID,MBR_TYP_CD,ACTV_FRM_DT,ACTV_TO_DT,LAST_UPDT_DT) values ('1101',1,'5B97C50B04B66110E0404F8189D85213','2001','testuser2','P',null,null,to_date('08-DEC-08','DD-MON-RR'));
Insert into KRIM_GRP_MBR_T (GRP_MBR_ID,VER_NBR,OBJ_ID,GRP_ID,MBR_ID,MBR_TYP_CD,ACTV_FRM_DT,ACTV_TO_DT,LAST_UPDT_DT) values ('1102',1,'5B97C50B04B76110E0404F8189D85213','2002','testuser2','P',null,null,to_date('08-DEC-08','DD-MON-RR'));
Insert into KRIM_GRP_MBR_T (GRP_MBR_ID,VER_NBR,OBJ_ID,GRP_ID,MBR_ID,MBR_TYP_CD,ACTV_FRM_DT,ACTV_TO_DT,LAST_UPDT_DT) values ('1103',1,'5B97C50B04B86110E0404F8189D85213','2002','testuser3','P',null,null,to_date('08-DEC-08','DD-MON-RR'));
Insert into KRIM_GRP_MBR_T (GRP_MBR_ID,VER_NBR,OBJ_ID,GRP_ID,MBR_ID,MBR_TYP_CD,ACTV_FRM_DT,ACTV_TO_DT,LAST_UPDT_DT) values ('1104',1,'5B97C50B04B96110E0404F8189D85213','2003','testuser1','P',null,null,to_date('08-DEC-08','DD-MON-RR'));
Insert into KRIM_GRP_MBR_T (GRP_MBR_ID,VER_NBR,OBJ_ID,GRP_ID,MBR_ID,MBR_TYP_CD,ACTV_FRM_DT,ACTV_TO_DT,LAST_UPDT_DT) values ('1105',1,'5B97C50B04BA6110E0404F8189D85213','2003','testuser2','P',null,null,to_date('08-DEC-08','DD-MON-RR'));
Insert into KRIM_GRP_MBR_T (GRP_MBR_ID,VER_NBR,OBJ_ID,GRP_ID,MBR_ID,MBR_TYP_CD,ACTV_FRM_DT,ACTV_TO_DT,LAST_UPDT_DT) values ('1106',1,'5B97C50B04BB6110E0404F8189D85213','2003','testuser6','P',null,null,to_date('08-DEC-08','DD-MON-RR'));
Insert into KRIM_GRP_MBR_T (GRP_MBR_ID,VER_NBR,OBJ_ID,GRP_ID,MBR_ID,MBR_TYP_CD,ACTV_FRM_DT,ACTV_TO_DT,LAST_UPDT_DT) values ('1107',1,'5B97C50B04BC6110E0404F8189D85213','2003','testuser4','P',null,null,to_date('08-DEC-08','DD-MON-RR'));
Insert into KRIM_GRP_MBR_T (GRP_MBR_ID,VER_NBR,OBJ_ID,GRP_ID,MBR_ID,MBR_TYP_CD,ACTV_FRM_DT,ACTV_TO_DT,LAST_UPDT_DT) values ('1108',1,'5B97C50B04BD6110E0404F8189D85213','2003','testuser5','P',null,null,to_date('08-DEC-08','DD-MON-RR'));
Insert into KRIM_GRP_MBR_T (GRP_MBR_ID,VER_NBR,OBJ_ID,GRP_ID,MBR_ID,MBR_TYP_CD,ACTV_FRM_DT,ACTV_TO_DT,LAST_UPDT_DT) values ('1109',1,'5B97C50B04BE6110E0404F8189D85213','2003','quickstart','P',null,null,to_date('08-DEC-08','DD-MON-RR'));
Insert into KRIM_GRP_MBR_T (GRP_MBR_ID,VER_NBR,OBJ_ID,GRP_ID,MBR_ID,MBR_TYP_CD,ACTV_FRM_DT,ACTV_TO_DT,LAST_UPDT_DT) values ('1110',1,'5B97C50B04BF6110E0404F8189D85213','2004','quickstart','P',null,null,to_date('08-DEC-08','DD-MON-RR'));
Insert into KRIM_GRP_MBR_T (GRP_MBR_ID,VER_NBR,OBJ_ID,GRP_ID,MBR_ID,MBR_TYP_CD,ACTV_FRM_DT,ACTV_TO_DT,LAST_UPDT_DT) values ('1111',1,'5B97C50B04C06110E0404F8189D85213','2004','user1','P',null,null,to_date('08-DEC-08','DD-MON-RR'));
Insert into KRIM_GRP_MBR_T (GRP_MBR_ID,VER_NBR,OBJ_ID,GRP_ID,MBR_ID,MBR_TYP_CD,ACTV_FRM_DT,ACTV_TO_DT,LAST_UPDT_DT) values ('1112',1,'5B97C50B04C16110E0404F8189D85213','2004','user2','P',null,null,to_date('08-DEC-08','DD-MON-RR'));
Insert into KRIM_GRP_MBR_T (GRP_MBR_ID,VER_NBR,OBJ_ID,GRP_ID,MBR_ID,MBR_TYP_CD,ACTV_FRM_DT,ACTV_TO_DT,LAST_UPDT_DT) values ('1113',1,'5B97C50B04C26110E0404F8189D85213','2005','user3','P',null,null,to_date('08-DEC-08','DD-MON-RR'));
Insert into KRIM_GRP_MBR_T (GRP_MBR_ID,VER_NBR,OBJ_ID,GRP_ID,MBR_ID,MBR_TYP_CD,ACTV_FRM_DT,ACTV_TO_DT,LAST_UPDT_DT) values ('1114',1,'5B97C50B04C36110E0404F8189D85213','2006','user2','P',null,null,to_date('08-DEC-08','DD-MON-RR'));
Insert into KRIM_GRP_MBR_T (GRP_MBR_ID,VER_NBR,OBJ_ID,GRP_ID,MBR_ID,MBR_TYP_CD,ACTV_FRM_DT,ACTV_TO_DT,LAST_UPDT_DT) values ('1115',1,'5B97C50B04C46110E0404F8189D85213','2007','idm1','P',null,null,to_date('08-DEC-08','DD-MON-RR'));
Insert into KRIM_GRP_MBR_T (GRP_MBR_ID,VER_NBR,OBJ_ID,GRP_ID,MBR_ID,MBR_TYP_CD,ACTV_FRM_DT,ACTV_TO_DT,LAST_UPDT_DT) values ('1116',1,'5B97C50B04C56110E0404F8189D85213','2007','idm2','P',null,null,to_date('08-DEC-08','DD-MON-RR'));
Insert into KRIM_GRP_MBR_T (GRP_MBR_ID,VER_NBR,OBJ_ID,GRP_ID,MBR_ID,MBR_TYP_CD,ACTV_FRM_DT,ACTV_TO_DT,LAST_UPDT_DT) values ('1117',1,'5B97C50B04C66110E0404F8189D85213','2007','idm3','P',null,null,to_date('08-DEC-08','DD-MON-RR'));
Insert into KRIM_GRP_MBR_T (GRP_MBR_ID,VER_NBR,OBJ_ID,GRP_ID,MBR_ID,MBR_TYP_CD,ACTV_FRM_DT,ACTV_TO_DT,LAST_UPDT_DT) values ('1118',1,'5B97C50B04C76110E0404F8189D85213','2008','admin1','P',null,null,to_date('08-DEC-08','DD-MON-RR'));
Insert into KRIM_GRP_MBR_T (GRP_MBR_ID,VER_NBR,OBJ_ID,GRP_ID,MBR_ID,MBR_TYP_CD,ACTV_FRM_DT,ACTV_TO_DT,LAST_UPDT_DT) values ('1119',1,'5B97C50B04C86110E0404F8189D85213','2008','admin2','P',null,null,to_date('08-DEC-08','DD-MON-RR'));
Insert into KRIM_GRP_MBR_T (GRP_MBR_ID,VER_NBR,OBJ_ID,GRP_ID,MBR_ID,MBR_TYP_CD,ACTV_FRM_DT,ACTV_TO_DT,LAST_UPDT_DT) values ('1120',1,'5B97C50B04C96110E0404F8189D85213','2009','dev1','P',null,null,to_date('08-DEC-08','DD-MON-RR'));
Insert into KRIM_GRP_MBR_T (GRP_MBR_ID,VER_NBR,OBJ_ID,GRP_ID,MBR_ID,MBR_TYP_CD,ACTV_FRM_DT,ACTV_TO_DT,LAST_UPDT_DT) values ('1121',1,'5B97C50B04CA6110E0404F8189D85213','2009','dev2','P',null,null,to_date('08-DEC-08','DD-MON-RR'));
Insert into KRIM_GRP_MBR_T (GRP_MBR_ID,VER_NBR,OBJ_ID,GRP_ID,MBR_ID,MBR_TYP_CD,ACTV_FRM_DT,ACTV_TO_DT,LAST_UPDT_DT) values ('1122',1,'5B97C50B04CB6110E0404F8189D85213','2000','notsysadm','P',null,null,to_date('08-DEC-08','DD-MON-RR'));
Insert into KRIM_GRP_MBR_T (GRP_MBR_ID,VER_NBR,OBJ_ID,GRP_ID,MBR_ID,MBR_TYP_CD,ACTV_FRM_DT,ACTV_TO_DT,LAST_UPDT_DT) values ('1123',1,'5B97C50B04CC6110E0404F8189D85213','1','admin','P',null,null,to_date('08-DEC-08','DD-MON-RR'));
Insert into KRIM_GRP_MBR_T (GRP_MBR_ID,VER_NBR,OBJ_ID,GRP_ID,MBR_ID,MBR_TYP_CD,ACTV_FRM_DT,ACTV_TO_DT,LAST_UPDT_DT) values ('1124',1,'5B97C50B04CD6110E0404F8189D85213','1','notsys','P',null,null,to_date('08-DEC-08','DD-MON-RR'));
Insert into KRIM_GRP_MBR_T (GRP_MBR_ID,VER_NBR,OBJ_ID,GRP_ID,MBR_ID,MBR_TYP_CD,ACTV_FRM_DT,ACTV_TO_DT,LAST_UPDT_DT) values ('1130',1,'5B97C50B04D36110E0404F8189D85213','2200','user1','P',null,null,to_date('08-DEC-08','DD-MON-RR'));
Insert into KRIM_GRP_MBR_T (GRP_MBR_ID,VER_NBR,OBJ_ID,GRP_ID,MBR_ID,MBR_TYP_CD,ACTV_FRM_DT,ACTV_TO_DT,LAST_UPDT_DT) values ('1131',1,'5B97C50B04D46110E0404F8189D85213','2200','user3','P',null,null,to_date('08-DEC-08','DD-MON-RR'));
Insert into KRIM_GRP_MBR_T (GRP_MBR_ID,VER_NBR,OBJ_ID,GRP_ID,MBR_ID,MBR_TYP_CD,ACTV_FRM_DT,ACTV_TO_DT,LAST_UPDT_DT) values ('1132',1,'5B97C50B04D56110E0404F8189D85213','2201','user2','P',null,null,to_date('08-DEC-08','DD-MON-RR'));
Insert into KRIM_GRP_MBR_T (GRP_MBR_ID,VER_NBR,OBJ_ID,GRP_ID,MBR_ID,MBR_TYP_CD,ACTV_FRM_DT,ACTV_TO_DT,LAST_UPDT_DT) values ('1133',1,'5B97C50B04D66110E0404F8189D85213','2201','user4','P',null,null,to_date('08-DEC-08','DD-MON-RR'));
Insert into KRIM_GRP_MBR_T (GRP_MBR_ID,VER_NBR,OBJ_ID,GRP_ID,MBR_ID,MBR_TYP_CD,ACTV_FRM_DT,ACTV_TO_DT,LAST_UPDT_DT) values ('1134',1,'5B97C50B04D76110E0404F8189D85213','2202','user1','P',null,null,to_date('08-DEC-08','DD-MON-RR'));
Insert into KRIM_GRP_MBR_T (GRP_MBR_ID,VER_NBR,OBJ_ID,GRP_ID,MBR_ID,MBR_TYP_CD,ACTV_FRM_DT,ACTV_TO_DT,LAST_UPDT_DT) values ('1135',1,'5B97C50B04D86110E0404F8189D85213','2202','user2','P',null,null,to_date('08-DEC-08','DD-MON-RR'));
Insert into KRIM_GRP_MBR_T (GRP_MBR_ID,VER_NBR,OBJ_ID,GRP_ID,MBR_ID,MBR_TYP_CD,ACTV_FRM_DT,ACTV_TO_DT,LAST_UPDT_DT) values ('1136',1,'5B97C50B04D96110E0404F8189D85213','2203','user3','P',null,null,to_date('08-DEC-08','DD-MON-RR'));
Insert into KRIM_GRP_MBR_T (GRP_MBR_ID,VER_NBR,OBJ_ID,GRP_ID,MBR_ID,MBR_TYP_CD,ACTV_FRM_DT,ACTV_TO_DT,LAST_UPDT_DT) values ('1137',1,'5B97C50B04DA6110E0404F8189D85213','2203','user4','P',null,null,to_date('08-DEC-08','DD-MON-RR'));
Insert into KRIM_GRP_MBR_T (GRP_MBR_ID,VER_NBR,OBJ_ID,GRP_ID,MBR_ID,MBR_TYP_CD,ACTV_FRM_DT,ACTV_TO_DT,LAST_UPDT_DT) values ('1200',1,'B64D2DB6-0985-764A-5E91-54BB144910B6','9997','fred','P',null,null,to_date('15-MAY-09','DD-MON-RR'));
Insert into KRIM_GRP_MBR_T (GRP_MBR_ID,VER_NBR,OBJ_ID,GRP_ID,MBR_ID,MBR_TYP_CD,ACTV_FRM_DT,ACTV_TO_DT,LAST_UPDT_DT) values ('1201',1,'EC0A39A7-5DC2-90FE-F404-C8978F55C4E4','9997','fran','P',null,null,to_date('15-MAY-09','DD-MON-RR'));
Insert into KRIM_GRP_MBR_T (GRP_MBR_ID,VER_NBR,OBJ_ID,GRP_ID,MBR_ID,MBR_TYP_CD,ACTV_FRM_DT,ACTV_TO_DT,LAST_UPDT_DT) values ('1202',1,'4AC6FA43-9979-0FBB-EA90-23BAC017EC78','9997','frank','P',null,null,to_date('15-MAY-09','DD-MON-RR'));
Insert into KRIM_GRP_MBR_T (GRP_MBR_ID,VER_NBR,OBJ_ID,GRP_ID,MBR_ID,MBR_TYP_CD,ACTV_FRM_DT,ACTV_TO_DT,LAST_UPDT_DT) values ('1203',1,'A03D25AA-447F-0C4F-3A59-34E4B5C8B373','9998','user4','P',null,null,to_date('15-MAY-09','DD-MON-RR'));
Insert into KRIM_GRP_MBR_T (GRP_MBR_ID,VER_NBR,OBJ_ID,GRP_ID,MBR_ID,MBR_TYP_CD,ACTV_FRM_DT,ACTV_TO_DT,LAST_UPDT_DT) values ('1204',1,'14374618-61BF-2F53-F50E-06C86B53CF62','9998','director','P',null,null,to_date('15-MAY-09','DD-MON-RR'));
Insert into KRIM_GRP_MBR_T (GRP_MBR_ID,VER_NBR,OBJ_ID,GRP_ID,MBR_ID,MBR_TYP_CD,ACTV_FRM_DT,ACTV_TO_DT,LAST_UPDT_DT) values ('1205',1,'66236DC2-1780-E315-3217-CB963BA68533','9999','user2','P',null,null,to_date('15-MAY-09','DD-MON-RR'));
Insert into KRIM_GRP_MBR_T (GRP_MBR_ID,VER_NBR,OBJ_ID,GRP_ID,MBR_ID,MBR_TYP_CD,ACTV_FRM_DT,ACTV_TO_DT,LAST_UPDT_DT) values ('1206',1,'1E2DC1FE-38AD-6EB3-39F4-9A525780F33E','9999','user3','P',null,null,to_date('15-MAY-09','DD-MON-RR'));
Insert into KRIM_GRP_MBR_T (GRP_MBR_ID,VER_NBR,OBJ_ID,GRP_ID,MBR_ID,MBR_TYP_CD,ACTV_FRM_DT,ACTV_TO_DT,LAST_UPDT_DT) values ('1207',1,'6798B3E6C3C49827AE62E5F7A275A1A3','2000','admin','P',null,null,to_date('11-AUG-09','DD-MON-RR'));
 --- INSERTING into KRIM_GRP_T

Insert into KRIM_GRP_T (GRP_ID,OBJ_ID,VER_NBR,GRP_NM,NMSPC_CD,GRP_DESC,KIM_TYP_ID,ACTV_IND,LAST_UPDT_DT) values ('1','5B97C50B04A16110E0404F8189D85213',1,'WorkflowAdmin','KR-WKFLW','WorkflowAdmin','1','Y',to_date('13-NOV-08','DD-MON-RR'));
Insert into KRIM_GRP_T (GRP_ID,OBJ_ID,VER_NBR,GRP_NM,NMSPC_CD,GRP_DESC,KIM_TYP_ID,ACTV_IND,LAST_UPDT_DT) values ('2000','5B97C50B04A26110E0404F8189D85213',1,'NotificationAdmin','KR-WKFLW','Notification system admin group for automation.','1','Y',to_date('13-NOV-08','DD-MON-RR'));
Insert into KRIM_GRP_T (GRP_ID,OBJ_ID,VER_NBR,GRP_NM,NMSPC_CD,GRP_DESC,KIM_TYP_ID,ACTV_IND,LAST_UPDT_DT) values ('2001','5B97C50B04A36110E0404F8189D85213',1,'TestGroup1','KUALI','Test group 1 for KEN testing.','1','Y',to_date('13-NOV-08','DD-MON-RR'));
Insert into KRIM_GRP_T (GRP_ID,OBJ_ID,VER_NBR,GRP_NM,NMSPC_CD,GRP_DESC,KIM_TYP_ID,ACTV_IND,LAST_UPDT_DT) values ('2002','5B97C50B04A46110E0404F8189D85213',1,'TestGroup2','KUALI','Test group 2 for KEN testing.','1','Y',to_date('13-NOV-08','DD-MON-RR'));
Insert into KRIM_GRP_T (GRP_ID,OBJ_ID,VER_NBR,GRP_NM,NMSPC_CD,GRP_DESC,KIM_TYP_ID,ACTV_IND,LAST_UPDT_DT) values ('2003','5B97C50B04A56110E0404F8189D85213',1,'RiceTeam','KUALI','A test workgroup for KEN.','1','Y',to_date('13-NOV-08','DD-MON-RR'));
Insert into KRIM_GRP_T (GRP_ID,OBJ_ID,VER_NBR,GRP_NM,NMSPC_CD,GRP_DESC,KIM_TYP_ID,ACTV_IND,LAST_UPDT_DT) values ('2004','5B97C50B04A66110E0404F8189D85213',1,'Group0','KUALI','Group0','1','Y',to_date('13-NOV-08','DD-MON-RR'));
Insert into KRIM_GRP_T (GRP_ID,OBJ_ID,VER_NBR,GRP_NM,NMSPC_CD,GRP_DESC,KIM_TYP_ID,ACTV_IND,LAST_UPDT_DT) values ('2005','5B97C50B04A76110E0404F8189D85213',1,'Group1','KUALI','Group1','1','Y',to_date('13-NOV-08','DD-MON-RR'));
Insert into KRIM_GRP_T (GRP_ID,OBJ_ID,VER_NBR,GRP_NM,NMSPC_CD,GRP_DESC,KIM_TYP_ID,ACTV_IND,LAST_UPDT_DT) values ('2006','5B97C50B04A86110E0404F8189D85213',1,'Group2','KUALI','Group2','1','Y',to_date('13-NOV-08','DD-MON-RR'));
Insert into KRIM_GRP_T (GRP_ID,OBJ_ID,VER_NBR,GRP_NM,NMSPC_CD,GRP_DESC,KIM_TYP_ID,ACTV_IND,LAST_UPDT_DT) values ('2007','5B97C50B04A96110E0404F8189D85213',1,'Kuali Identity Managers','KUALI','Kuali Identity Managers','1','Y',to_date('13-NOV-08','DD-MON-RR'));
Insert into KRIM_GRP_T (GRP_ID,OBJ_ID,VER_NBR,GRP_NM,NMSPC_CD,GRP_DESC,KIM_TYP_ID,ACTV_IND,LAST_UPDT_DT) values ('2008','5B97C50B04AA6110E0404F8189D85213',1,'Kuali Administrators','KUALI','Kuali Administrators','1','Y',to_date('13-NOV-08','DD-MON-RR'));
Insert into KRIM_GRP_T (GRP_ID,OBJ_ID,VER_NBR,GRP_NM,NMSPC_CD,GRP_DESC,KIM_TYP_ID,ACTV_IND,LAST_UPDT_DT) values ('2009','5B97C50B04AB6110E0404F8189D85213',1,'Kuali Developers','KUALI','Kuali Developers','1','Y',to_date('13-NOV-08','DD-MON-RR'));
Insert into KRIM_GRP_T (GRP_ID,OBJ_ID,VER_NBR,GRP_NM,NMSPC_CD,GRP_DESC,KIM_TYP_ID,ACTV_IND,LAST_UPDT_DT) values ('2200','5B97C50B04B06110E0404F8189D85213',1,'eDoc.Example1.SuperUsers','KUALI','edoclite documentation uses this. Do not change or delete.','1','Y',to_date('13-NOV-08','DD-MON-RR'));
Insert into KRIM_GRP_T (GRP_ID,OBJ_ID,VER_NBR,GRP_NM,NMSPC_CD,GRP_DESC,KIM_TYP_ID,ACTV_IND,LAST_UPDT_DT) values ('2201','5B97C50B04B16110E0404F8189D85213',1,'eDoc.Example1.defaultExceptions','KUALI','edoclite documentation uses this. Do not change or delete.','1','Y',to_date('13-NOV-08','DD-MON-RR'));
Insert into KRIM_GRP_T (GRP_ID,OBJ_ID,VER_NBR,GRP_NM,NMSPC_CD,GRP_DESC,KIM_TYP_ID,ACTV_IND,LAST_UPDT_DT) values ('2202','5B97C50B04B26110E0404F8189D85213',1,'eDoc.Example1.IUB.Workgroup','KUALI','Edoclite Documentation workgroup for example edoclite named eDoc.Example1','1','Y',to_date('13-NOV-08','DD-MON-RR'));
Insert into KRIM_GRP_T (GRP_ID,OBJ_ID,VER_NBR,GRP_NM,NMSPC_CD,GRP_DESC,KIM_TYP_ID,ACTV_IND,LAST_UPDT_DT) values ('2203','5B97C50B04B36110E0404F8189D85213',1,'eDoc.Example1.IUPUI.Workgroup','KUALI','Edoclite Documentation workgroup for example edoclite named eDoc.Example1','1','Y',to_date('13-NOV-08','DD-MON-RR'));
Insert into KRIM_GRP_T (GRP_ID,OBJ_ID,VER_NBR,GRP_NM,NMSPC_CD,GRP_DESC,KIM_TYP_ID,ACTV_IND,LAST_UPDT_DT) values ('9997','BB5ECDEF-27B7-44DF-F1B4-84406566C899',1,'RecipeMasters','KR-WKFLW','The masters of recipe making.  These people know it all!','1','Y',to_date('15-MAY-09','DD-MON-RR'));
Insert into KRIM_GRP_T (GRP_ID,OBJ_ID,VER_NBR,GRP_NM,NMSPC_CD,GRP_DESC,KIM_TYP_ID,ACTV_IND,LAST_UPDT_DT) values ('9998','988E2790-350E-B816-B4BB-3730F27BCAF4',1,'ChickenRecipeMasters','KR-WKFLW','The masters of chicken recipes.  These people know it all!','1','Y',to_date('15-MAY-09','DD-MON-RR'));
Insert into KRIM_GRP_T (GRP_ID,OBJ_ID,VER_NBR,GRP_NM,NMSPC_CD,GRP_DESC,KIM_TYP_ID,ACTV_IND,LAST_UPDT_DT) values ('9999','E96581EA-4C1B-605B-CE46-2A2EADD755FB',1,'MagazineManagers','KR-WKFLW','The managers of the magazine system.','1','Y',to_date('15-MAY-09','DD-MON-RR'));
 --- INSERTING into KRIM_PERM_ATTR_DATA_T

Insert into KRIM_PERM_ATTR_DATA_T (ATTR_DATA_ID,OBJ_ID,VER_NBR,PERM_ID,KIM_TYP_ID,KIM_ATTR_DEFN_ID,ATTR_VAL) values ('181','5B4F09744A25EF33E0404F8189D84F24',1,'140','12','2','org.kuali.rice.kew.documentoperation.web.DocumentOperationAction');
Insert into KRIM_PERM_ATTR_DATA_T (ATTR_DATA_ID,OBJ_ID,VER_NBR,PERM_ID,KIM_TYP_ID,KIM_ATTR_DEFN_ID,ATTR_VAL) values ('183','5B4F09744A27EF33E0404F8189D84F24',1,'141','12','2','org.kuali.rice.ksb.security.admin.web.JavaSecurityManagementAction');
Insert into KRIM_PERM_ATTR_DATA_T (ATTR_DATA_ID,OBJ_ID,VER_NBR,PERM_ID,KIM_TYP_ID,KIM_ATTR_DEFN_ID,ATTR_VAL) values ('185','5B4F09744A29EF33E0404F8189D84F24',1,'142','12','2','org.kuali.rice.ksb.messaging.web.MessageQueueAction');
Insert into KRIM_PERM_ATTR_DATA_T (ATTR_DATA_ID,OBJ_ID,VER_NBR,PERM_ID,KIM_TYP_ID,KIM_ATTR_DEFN_ID,ATTR_VAL) values ('187','5B4F09744A2BEF33E0404F8189D84F24',1,'143','12','2','org.kuali.rice.ksb.messaging.web.ServiceRegistryAction');
Insert into KRIM_PERM_ATTR_DATA_T (ATTR_DATA_ID,OBJ_ID,VER_NBR,PERM_ID,KIM_TYP_ID,KIM_ATTR_DEFN_ID,ATTR_VAL) values ('189','5B4F09744A2DEF33E0404F8189D84F24',1,'144','12','2','org.kuali.rice.ksb.messaging.web.ThreadPoolAction');
Insert into KRIM_PERM_ATTR_DATA_T (ATTR_DATA_ID,OBJ_ID,VER_NBR,PERM_ID,KIM_TYP_ID,KIM_ATTR_DEFN_ID,ATTR_VAL) values ('191','5B4F09744A2FEF33E0404F8189D84F24',1,'145','12','2','org.kuali.rice.ksb.messaging.web.QuartzQueueAction');
Insert into KRIM_PERM_ATTR_DATA_T (ATTR_DATA_ID,OBJ_ID,VER_NBR,PERM_ID,KIM_TYP_ID,KIM_ATTR_DEFN_ID,ATTR_VAL) values ('192','5B4F09744A30EF33E0404F8189D84F24',1,'146','5','13','RiceDocument');
Insert into KRIM_PERM_ATTR_DATA_T (ATTR_DATA_ID,OBJ_ID,VER_NBR,PERM_ID,KIM_TYP_ID,KIM_ATTR_DEFN_ID,ATTR_VAL) values ('193','5B4F09744A31EF33E0404F8189D84F24',1,'147','3','13','RiceDocument');
Insert into KRIM_PERM_ATTR_DATA_T (ATTR_DATA_ID,OBJ_ID,VER_NBR,PERM_ID,KIM_TYP_ID,KIM_ATTR_DEFN_ID,ATTR_VAL) values ('194','5B4F09744A32EF33E0404F8189D84F24',1,'148','3','13','RiceDocument');
Insert into KRIM_PERM_ATTR_DATA_T (ATTR_DATA_ID,OBJ_ID,VER_NBR,PERM_ID,KIM_TYP_ID,KIM_ATTR_DEFN_ID,ATTR_VAL) values ('195','5B4F09744A33EF33E0404F8189D84F24',1,'149','3','13','RiceDocument');
Insert into KRIM_PERM_ATTR_DATA_T (ATTR_DATA_ID,OBJ_ID,VER_NBR,PERM_ID,KIM_TYP_ID,KIM_ATTR_DEFN_ID,ATTR_VAL) values ('196','5B4F09744A34EF33E0404F8189D84F24',1,'150','18','4','KR*');
Insert into KRIM_PERM_ATTR_DATA_T (ATTR_DATA_ID,OBJ_ID,VER_NBR,PERM_ID,KIM_TYP_ID,KIM_ATTR_DEFN_ID,ATTR_VAL) values ('197','5B4F09744A35EF33E0404F8189D84F24',1,'151','19','4','KR*');
Insert into KRIM_PERM_ATTR_DATA_T (ATTR_DATA_ID,OBJ_ID,VER_NBR,PERM_ID,KIM_TYP_ID,KIM_ATTR_DEFN_ID,ATTR_VAL) values ('198','5B4F09744A36EF33E0404F8189D84F24',1,'152','20','4','KR*');
Insert into KRIM_PERM_ATTR_DATA_T (ATTR_DATA_ID,OBJ_ID,VER_NBR,PERM_ID,KIM_TYP_ID,KIM_ATTR_DEFN_ID,ATTR_VAL) values ('201','5B4F09744A39EF33E0404F8189D84F24',1,'155','21','4','KR*');
Insert into KRIM_PERM_ATTR_DATA_T (ATTR_DATA_ID,OBJ_ID,VER_NBR,PERM_ID,KIM_TYP_ID,KIM_ATTR_DEFN_ID,ATTR_VAL) values ('202','5B4F09744A3AEF33E0404F8189D84F24',1,'156','3','13','RiceDocument');
Insert into KRIM_PERM_ATTR_DATA_T (ATTR_DATA_ID,OBJ_ID,VER_NBR,PERM_ID,KIM_TYP_ID,KIM_ATTR_DEFN_ID,ATTR_VAL) values ('203','5B4F09744A39EF33E0404F8189D84F25',1,'833','21','4','KUALI');
Insert into KRIM_PERM_ATTR_DATA_T (ATTR_DATA_ID,OBJ_ID,VER_NBR,PERM_ID,KIM_TYP_ID,KIM_ATTR_DEFN_ID,ATTR_VAL) values ('204','5B4F09744A39EF33E0404F8189D84F26',1,'834','18','4','KUALI');
Insert into KRIM_PERM_ATTR_DATA_T (ATTR_DATA_ID,OBJ_ID,VER_NBR,PERM_ID,KIM_TYP_ID,KIM_ATTR_DEFN_ID,ATTR_VAL) values ('205','5B4F09744A39EF33E0404F8189D84F27',1,'835','19','4','KUALI');
Insert into KRIM_PERM_ATTR_DATA_T (ATTR_DATA_ID,OBJ_ID,VER_NBR,PERM_ID,KIM_TYP_ID,KIM_ATTR_DEFN_ID,ATTR_VAL) values ('206','5B4F09744A39EF33E0404F8189D84F28',1,'836','20','4','KUALI');
Insert into KRIM_PERM_ATTR_DATA_T (ATTR_DATA_ID,OBJ_ID,VER_NBR,PERM_ID,KIM_TYP_ID,KIM_ATTR_DEFN_ID,ATTR_VAL) values ('211','5B4F09744A43EF33E0404F8189D84F24',1,'161','10','4','KR*');
Insert into KRIM_PERM_ATTR_DATA_T (ATTR_DATA_ID,OBJ_ID,VER_NBR,PERM_ID,KIM_TYP_ID,KIM_ATTR_DEFN_ID,ATTR_VAL) values ('213','5B4F09744A45EF33E0404F8189D84F24',1,'162','10','4','KR*');
Insert into KRIM_PERM_ATTR_DATA_T (ATTR_DATA_ID,OBJ_ID,VER_NBR,PERM_ID,KIM_TYP_ID,KIM_ATTR_DEFN_ID,ATTR_VAL) values ('216','5B4F09744A48EF33E0404F8189D84F24',1,'163','16','4','KR*');
Insert into KRIM_PERM_ATTR_DATA_T (ATTR_DATA_ID,OBJ_ID,VER_NBR,PERM_ID,KIM_TYP_ID,KIM_ATTR_DEFN_ID,ATTR_VAL) values ('217','5B4F09744A49EF33E0404F8189D84F24',1,'164','15','4','KR*');
Insert into KRIM_PERM_ATTR_DATA_T (ATTR_DATA_ID,OBJ_ID,VER_NBR,PERM_ID,KIM_TYP_ID,KIM_ATTR_DEFN_ID,ATTR_VAL) values ('218','5B4F09744A4AEF33E0404F8189D84F24',1,'165','3','13','RiceDocument');
Insert into KRIM_PERM_ATTR_DATA_T (ATTR_DATA_ID,OBJ_ID,VER_NBR,PERM_ID,KIM_TYP_ID,KIM_ATTR_DEFN_ID,ATTR_VAL) values ('219','5B4F09744A4BEF33E0404F8189D84F24',1,'166','12','4','KR*');
Insert into KRIM_PERM_ATTR_DATA_T (ATTR_DATA_ID,OBJ_ID,VER_NBR,PERM_ID,KIM_TYP_ID,KIM_ATTR_DEFN_ID,ATTR_VAL) values ('220','5B4F09744A4CEF33E0404F8189D84F24',1,'167','8','13','KualiDocument');
Insert into KRIM_PERM_ATTR_DATA_T (ATTR_DATA_ID,OBJ_ID,VER_NBR,PERM_ID,KIM_TYP_ID,KIM_ATTR_DEFN_ID,ATTR_VAL) values ('221','5B4F09744A4DEF33E0404F8189D84F24',1,'168','3','13','KualiDocument');
Insert into KRIM_PERM_ATTR_DATA_T (ATTR_DATA_ID,OBJ_ID,VER_NBR,PERM_ID,KIM_TYP_ID,KIM_ATTR_DEFN_ID,ATTR_VAL) values ('222','5B4F09744A4EEF33E0404F8189D84F24',1,'290','8','13','RiceDocument');
Insert into KRIM_PERM_ATTR_DATA_T (ATTR_DATA_ID,OBJ_ID,VER_NBR,PERM_ID,KIM_TYP_ID,KIM_ATTR_DEFN_ID,ATTR_VAL) values ('223','5B4F09744A4FEF33E0404F8189D84F24',1,'170','4','14','A');
Insert into KRIM_PERM_ATTR_DATA_T (ATTR_DATA_ID,OBJ_ID,VER_NBR,PERM_ID,KIM_TYP_ID,KIM_ATTR_DEFN_ID,ATTR_VAL) values ('225','5B4F09744A51EF33E0404F8189D84F24',1,'172','4','14','F');
Insert into KRIM_PERM_ATTR_DATA_T (ATTR_DATA_ID,OBJ_ID,VER_NBR,PERM_ID,KIM_TYP_ID,KIM_ATTR_DEFN_ID,ATTR_VAL) values ('226','5B4F09744A52EF33E0404F8189D84F24',1,'173','4','14','K');
Insert into KRIM_PERM_ATTR_DATA_T (ATTR_DATA_ID,OBJ_ID,VER_NBR,PERM_ID,KIM_TYP_ID,KIM_ATTR_DEFN_ID,ATTR_VAL) values ('237','5B4F09744A5DEF33E0404F8189D84F24',1,'180','8','13','KualiDocument');
Insert into KRIM_PERM_ATTR_DATA_T (ATTR_DATA_ID,OBJ_ID,VER_NBR,PERM_ID,KIM_TYP_ID,KIM_ATTR_DEFN_ID,ATTR_VAL) values ('238','5B4F09744A5EEF33E0404F8189D84F24',1,'180','8','16','PreRoute');
Insert into KRIM_PERM_ATTR_DATA_T (ATTR_DATA_ID,OBJ_ID,VER_NBR,PERM_ID,KIM_TYP_ID,KIM_ATTR_DEFN_ID,ATTR_VAL) values ('239','5B4F09744A5FEF33E0404F8189D84F24',1,'181','8','13','KualiDocument');
Insert into KRIM_PERM_ATTR_DATA_T (ATTR_DATA_ID,OBJ_ID,VER_NBR,PERM_ID,KIM_TYP_ID,KIM_ATTR_DEFN_ID,ATTR_VAL) values ('240','5B4F09744A60EF33E0404F8189D84F24',1,'181','8','15','R');
Insert into KRIM_PERM_ATTR_DATA_T (ATTR_DATA_ID,OBJ_ID,VER_NBR,PERM_ID,KIM_TYP_ID,KIM_ATTR_DEFN_ID,ATTR_VAL) values ('243','5B4F09744A63EF33E0404F8189D84F24',1,'183','11','5','KimPrincipalImpl');
Insert into KRIM_PERM_ATTR_DATA_T (ATTR_DATA_ID,OBJ_ID,VER_NBR,PERM_ID,KIM_TYP_ID,KIM_ATTR_DEFN_ID,ATTR_VAL) values ('244','5B4F09744A64EF33E0404F8189D84F24',1,'183','11','6','password');
Insert into KRIM_PERM_ATTR_DATA_T (ATTR_DATA_ID,OBJ_ID,VER_NBR,PERM_ID,KIM_TYP_ID,KIM_ATTR_DEFN_ID,ATTR_VAL) values ('249','5B6013B3AD121A9CE0404F8189D87094',1,'167','8','16','PreRoute');
Insert into KRIM_PERM_ATTR_DATA_T (ATTR_DATA_ID,OBJ_ID,VER_NBR,PERM_ID,KIM_TYP_ID,KIM_ATTR_DEFN_ID,ATTR_VAL) values ('376','606763510FC496D3E0404F8189D857A2',1,'259','9','13','KualiDocument');
Insert into KRIM_PERM_ATTR_DATA_T (ATTR_DATA_ID,OBJ_ID,VER_NBR,PERM_ID,KIM_TYP_ID,KIM_ATTR_DEFN_ID,ATTR_VAL) values ('379','606763510FC796D3E0404F8189D857A2',1,'261','9','13','KualiDocument');
Insert into KRIM_PERM_ATTR_DATA_T (ATTR_DATA_ID,OBJ_ID,VER_NBR,PERM_ID,KIM_TYP_ID,KIM_ATTR_DEFN_ID,ATTR_VAL) values ('384','606763510FCE96D3E0404F8189D857A2',1,'264','59','13','RiceDocument');
Insert into KRIM_PERM_ATTR_DATA_T (ATTR_DATA_ID,OBJ_ID,VER_NBR,PERM_ID,KIM_TYP_ID,KIM_ATTR_DEFN_ID,ATTR_VAL) values ('385','606763510FCF96D3E0404F8189D857A2',1,'264','59','8','false');
Insert into KRIM_PERM_ATTR_DATA_T (ATTR_DATA_ID,OBJ_ID,VER_NBR,PERM_ID,KIM_TYP_ID,KIM_ATTR_DEFN_ID,ATTR_VAL) values ('431','6314CC58CF59B7B5E0404F8189D84439',1,'306','11','5','IdentityManagementPersonDocument');
Insert into KRIM_PERM_ATTR_DATA_T (ATTR_DATA_ID,OBJ_ID,VER_NBR,PERM_ID,KIM_TYP_ID,KIM_ATTR_DEFN_ID,ATTR_VAL) values ('432','6314CC58CF5AB7B5E0404F8189D84439',1,'306','11','6','taxId');
Insert into KRIM_PERM_ATTR_DATA_T (ATTR_DATA_ID,OBJ_ID,VER_NBR,PERM_ID,KIM_TYP_ID,KIM_ATTR_DEFN_ID,ATTR_VAL) values ('478','662384B381BA67A1E0404F8189D868A6',1,'332','5','13','KualiDocument');
Insert into KRIM_PERM_ATTR_DATA_T (ATTR_DATA_ID,OBJ_ID,VER_NBR,PERM_ID,KIM_TYP_ID,KIM_ATTR_DEFN_ID,ATTR_VAL) values ('479','662384B381BB67A1E0404F8189D868A6',1,'332','5','14','F');
Insert into KRIM_PERM_ATTR_DATA_T (ATTR_DATA_ID,OBJ_ID,VER_NBR,PERM_ID,KIM_TYP_ID,KIM_ATTR_DEFN_ID,ATTR_VAL) values ('480','662384B381BE67A1E0404F8189D868A6',1,'333','5','13','KualiDocument');
Insert into KRIM_PERM_ATTR_DATA_T (ATTR_DATA_ID,OBJ_ID,VER_NBR,PERM_ID,KIM_TYP_ID,KIM_ATTR_DEFN_ID,ATTR_VAL) values ('481','662384B381BF67A1E0404F8189D868A6',1,'333','5','14','K');
Insert into KRIM_PERM_ATTR_DATA_T (ATTR_DATA_ID,OBJ_ID,VER_NBR,PERM_ID,KIM_TYP_ID,KIM_ATTR_DEFN_ID,ATTR_VAL) values ('482','662384B381C267A1E0404F8189D868A6',1,'334','5','13','KualiDocument');
Insert into KRIM_PERM_ATTR_DATA_T (ATTR_DATA_ID,OBJ_ID,VER_NBR,PERM_ID,KIM_TYP_ID,KIM_ATTR_DEFN_ID,ATTR_VAL) values ('483','662384B381C367A1E0404F8189D868A6',1,'334','5','14','A');
Insert into KRIM_PERM_ATTR_DATA_T (ATTR_DATA_ID,OBJ_ID,VER_NBR,PERM_ID,KIM_TYP_ID,KIM_ATTR_DEFN_ID,ATTR_VAL) values ('701','A207FBACC3764793896D0D769F6DBBFF',1,'701','10','5','RuleTemplate');
Insert into KRIM_PERM_ATTR_DATA_T (ATTR_DATA_ID,OBJ_ID,VER_NBR,PERM_ID,KIM_TYP_ID,KIM_ATTR_DEFN_ID,ATTR_VAL) values ('702','37F35D51EE714A8B8A66802F89626C50',1,'702','10','5','EDocLiteStyle');
Insert into KRIM_PERM_ATTR_DATA_T (ATTR_DATA_ID,OBJ_ID,VER_NBR,PERM_ID,KIM_TYP_ID,KIM_ATTR_DEFN_ID,ATTR_VAL) values ('703','950DE6A28C144A9B87CA2CFD9FF337C8',1,'703','10','5','EDocLiteDefinition');
Insert into KRIM_PERM_ATTR_DATA_T (ATTR_DATA_ID,OBJ_ID,VER_NBR,PERM_ID,KIM_TYP_ID,KIM_ATTR_DEFN_ID,ATTR_VAL) values ('707','D270B9BA7E494507AD0B5D184AB13479',1,'707','10','5','RuleAttribute');
Insert into KRIM_PERM_ATTR_DATA_T (ATTR_DATA_ID,OBJ_ID,VER_NBR,PERM_ID,KIM_TYP_ID,KIM_ATTR_DEFN_ID,ATTR_VAL) values ('719','45EEFA6F23FD4015B927D1D19F482888',1,'719','10','5','ParameterDetailType');
Insert into KRIM_PERM_ATTR_DATA_T (ATTR_DATA_ID,OBJ_ID,VER_NBR,PERM_ID,KIM_TYP_ID,KIM_ATTR_DEFN_ID,ATTR_VAL) values ('720','FFF2C6639C6041F1B148AA9901C8A1F7',1,'720','10','5','ParameterNamespace');
Insert into KRIM_PERM_ATTR_DATA_T (ATTR_DATA_ID,OBJ_ID,VER_NBR,PERM_ID,KIM_TYP_ID,KIM_ATTR_DEFN_ID,ATTR_VAL) values ('721','6D489E39C0BC4890803E3A5F412297BE',1,'721','10','5','ParameterType');
Insert into KRIM_PERM_ATTR_DATA_T (ATTR_DATA_ID,OBJ_ID,VER_NBR,PERM_ID,KIM_TYP_ID,KIM_ATTR_DEFN_ID,ATTR_VAL) values ('751','A3142D53EC1541BE92223181852C37CF',1,'701','10','4','KR-WKFLW');
Insert into KRIM_PERM_ATTR_DATA_T (ATTR_DATA_ID,OBJ_ID,VER_NBR,PERM_ID,KIM_TYP_ID,KIM_ATTR_DEFN_ID,ATTR_VAL) values ('752','6250F01B4CA243FCBA64A93FE4EAFE83',1,'702','10','4','KR-WKFLW');
Insert into KRIM_PERM_ATTR_DATA_T (ATTR_DATA_ID,OBJ_ID,VER_NBR,PERM_ID,KIM_TYP_ID,KIM_ATTR_DEFN_ID,ATTR_VAL) values ('753','E0F57E480CF646A585BC92E91AB5FB1D',1,'703','10','4','KR-WKFLW');
Insert into KRIM_PERM_ATTR_DATA_T (ATTR_DATA_ID,OBJ_ID,VER_NBR,PERM_ID,KIM_TYP_ID,KIM_ATTR_DEFN_ID,ATTR_VAL) values ('757','266BD230C3AA40EB9FC8079FBB960DF0',1,'707','10','4','KR-WKFLW');
Insert into KRIM_PERM_ATTR_DATA_T (ATTR_DATA_ID,OBJ_ID,VER_NBR,PERM_ID,KIM_TYP_ID,KIM_ATTR_DEFN_ID,ATTR_VAL) values ('768','160C75C4C8A3411D8856A50F38487EB2',1,'719','10','4','KR-NS');
Insert into KRIM_PERM_ATTR_DATA_T (ATTR_DATA_ID,OBJ_ID,VER_NBR,PERM_ID,KIM_TYP_ID,KIM_ATTR_DEFN_ID,ATTR_VAL) values ('769','992DE7BE4C3C46F8AEDBE7925CBEE6B3',1,'720','10','4','KR-NS');
Insert into KRIM_PERM_ATTR_DATA_T (ATTR_DATA_ID,OBJ_ID,VER_NBR,PERM_ID,KIM_TYP_ID,KIM_ATTR_DEFN_ID,ATTR_VAL) values ('770','330AAEB4459F4A34BBF8FECEA9E23404',1,'721','10','4','KR-NS');
Insert into KRIM_PERM_ATTR_DATA_T (ATTR_DATA_ID,OBJ_ID,VER_NBR,PERM_ID,KIM_TYP_ID,KIM_ATTR_DEFN_ID,ATTR_VAL) values ('800','606763510FD296D3E0404F8189D857A2',1,'801','10','4','KR-WKFLW');
Insert into KRIM_PERM_ATTR_DATA_T (ATTR_DATA_ID,OBJ_ID,VER_NBR,PERM_ID,KIM_TYP_ID,KIM_ATTR_DEFN_ID,ATTR_VAL) values ('801','606763510FD396D3E0404F8189D857A2',1,'801','10','5','RuleTemplate');
Insert into KRIM_PERM_ATTR_DATA_T (ATTR_DATA_ID,OBJ_ID,VER_NBR,PERM_ID,KIM_TYP_ID,KIM_ATTR_DEFN_ID,ATTR_VAL) values ('802','606763510FD596D3E0404F8189D857A2',1,'802','10','4','KR-WKFLW');
Insert into KRIM_PERM_ATTR_DATA_T (ATTR_DATA_ID,OBJ_ID,VER_NBR,PERM_ID,KIM_TYP_ID,KIM_ATTR_DEFN_ID,ATTR_VAL) values ('803','606763510FD696D3E0404F8189D857A2',1,'802','10','5','EDocLiteStyle');
Insert into KRIM_PERM_ATTR_DATA_T (ATTR_DATA_ID,OBJ_ID,VER_NBR,PERM_ID,KIM_TYP_ID,KIM_ATTR_DEFN_ID,ATTR_VAL) values ('804','606763510FD896D3E0404F8189D857A2',1,'803','10','4','KR-WKFLW');
Insert into KRIM_PERM_ATTR_DATA_T (ATTR_DATA_ID,OBJ_ID,VER_NBR,PERM_ID,KIM_TYP_ID,KIM_ATTR_DEFN_ID,ATTR_VAL) values ('805','606763510FD996D3E0404F8189D857A2',1,'803','10','5','EDocLiteDefinition');
Insert into KRIM_PERM_ATTR_DATA_T (ATTR_DATA_ID,OBJ_ID,VER_NBR,PERM_ID,KIM_TYP_ID,KIM_ATTR_DEFN_ID,ATTR_VAL) values ('806','606763510FDB96D3E0404F8189D857A2',1,'807','10','4','KR-WKFLW');
Insert into KRIM_PERM_ATTR_DATA_T (ATTR_DATA_ID,OBJ_ID,VER_NBR,PERM_ID,KIM_TYP_ID,KIM_ATTR_DEFN_ID,ATTR_VAL) values ('807','606763510FDC96D3E0404F8189D857A2',1,'807','10','5','RuleAttribute');
Insert into KRIM_PERM_ATTR_DATA_T (ATTR_DATA_ID,OBJ_ID,VER_NBR,PERM_ID,KIM_TYP_ID,KIM_ATTR_DEFN_ID,ATTR_VAL) values ('814','606763510FE396D3E0404F8189D857A2',1,'814','10','5','PessimisticLock');
Insert into KRIM_PERM_ATTR_DATA_T (ATTR_DATA_ID,OBJ_ID,VER_NBR,PERM_ID,KIM_TYP_ID,KIM_ATTR_DEFN_ID,ATTR_VAL) values ('819','606763510FE696D3E0404F8189D857A2',1,'819','10','5','ParameterDetailType');
Insert into KRIM_PERM_ATTR_DATA_T (ATTR_DATA_ID,OBJ_ID,VER_NBR,PERM_ID,KIM_TYP_ID,KIM_ATTR_DEFN_ID,ATTR_VAL) values ('820','606763510FE996D3E0404F8189D857A2',1,'820','10','5','ParameterNamespace');
Insert into KRIM_PERM_ATTR_DATA_T (ATTR_DATA_ID,OBJ_ID,VER_NBR,PERM_ID,KIM_TYP_ID,KIM_ATTR_DEFN_ID,ATTR_VAL) values ('821','606763510FEC96D3E0404F8189D857A2',1,'821','10','5','ParameterType');
Insert into KRIM_PERM_ATTR_DATA_T (ATTR_DATA_ID,OBJ_ID,VER_NBR,PERM_ID,KIM_TYP_ID,KIM_ATTR_DEFN_ID,ATTR_VAL) values ('864','606763510FE296D3E0404F8189D857A2',1,'814','10','4','KR-NS');
Insert into KRIM_PERM_ATTR_DATA_T (ATTR_DATA_ID,OBJ_ID,VER_NBR,PERM_ID,KIM_TYP_ID,KIM_ATTR_DEFN_ID,ATTR_VAL) values ('868','606763510FE596D3E0404F8189D857A2',1,'819','10','4','KR-NS');
Insert into KRIM_PERM_ATTR_DATA_T (ATTR_DATA_ID,OBJ_ID,VER_NBR,PERM_ID,KIM_TYP_ID,KIM_ATTR_DEFN_ID,ATTR_VAL) values ('869','606763510FE896D3E0404F8189D857A2',1,'820','10','4','KR-NS');
Insert into KRIM_PERM_ATTR_DATA_T (ATTR_DATA_ID,OBJ_ID,VER_NBR,PERM_ID,KIM_TYP_ID,KIM_ATTR_DEFN_ID,ATTR_VAL) values ('870','606763510FEB96D3E0404F8189D857A2',1,'821','10','4','KR-NS');
Insert into KRIM_PERM_ATTR_DATA_T (ATTR_DATA_ID,OBJ_ID,VER_NBR,PERM_ID,KIM_TYP_ID,KIM_ATTR_DEFN_ID,ATTR_VAL) values ('873','606763510FF396D3E0404F8189D857A2',1,'265','12','4','KR-WKFLW');
Insert into KRIM_PERM_ATTR_DATA_T (ATTR_DATA_ID,OBJ_ID,VER_NBR,PERM_ID,KIM_TYP_ID,KIM_ATTR_DEFN_ID,ATTR_VAL) values ('874','606763510FF496D3E0404F8189D857A2',1,'265','12','2','org.kuali.rice.core.web.impex.IngesterAction');
Insert into KRIM_PERM_ATTR_DATA_T (ATTR_DATA_ID,OBJ_ID,VER_NBR,PERM_ID,KIM_TYP_ID,KIM_ATTR_DEFN_ID,ATTR_VAL) values ('880','ECCB8A6C-A0DA-5311-6A57-40F743EA334C',1,'840','12','2','org.kuali.rice.ksb.messaging.web.ConfigViewerAction');
Insert into KRIM_PERM_ATTR_DATA_T (ATTR_DATA_ID,OBJ_ID,VER_NBR,PERM_ID,KIM_TYP_ID,KIM_ATTR_DEFN_ID,ATTR_VAL) values ('881','717e2c18-89e4-11df-98b1-1300c9ee50c1',1,'841','3','13','KualiDocument');
Insert into KRIM_PERM_ATTR_DATA_T (ATTR_DATA_ID,OBJ_ID,VER_NBR,PERM_ID,KIM_TYP_ID,KIM_ATTR_DEFN_ID,ATTR_VAL) values ('882','B6FDEDA86F977F26E0402E0AA9D728AF',1,'842','12','2','org.kuali.rice.core.web.cache.CacheAdminController');
Insert into KRIM_PERM_ATTR_DATA_T (ATTR_DATA_ID,OBJ_ID,VER_NBR,PERM_ID,KIM_TYP_ID,KIM_ATTR_DEFN_ID,ATTR_VAL) values ('883','B7DBFABEFD2C8CBFE0402E0AA9D757C9',1,'843','67','4','KRMS_TEST');
Insert into KRIM_PERM_ATTR_DATA_T (ATTR_DATA_ID,OBJ_ID,VER_NBR,PERM_ID,KIM_TYP_ID,KIM_ATTR_DEFN_ID,ATTR_VAL) values ('884','aa1d1400-6155-4819-8bad-e5dd81f9871b',1,'844','56','13','TermMaintenanceDocument');
Insert into KRIM_PERM_ATTR_DATA_T (ATTR_DATA_ID,OBJ_ID,VER_NBR,PERM_ID,KIM_TYP_ID,KIM_ATTR_DEFN_ID,ATTR_VAL) values ('885','c43bc7f5-949e-4a85-b173-6a53d81f2762',1,'845','56','13','ContextMaintenanceDocument');
Insert into KRIM_PERM_ATTR_DATA_T (ATTR_DATA_ID,OBJ_ID,VER_NBR,PERM_ID,KIM_TYP_ID,KIM_ATTR_DEFN_ID,ATTR_VAL) values ('886','d3e373ca-296b-4834-bd66-ba159ebe733a',1,'846','56','13','TermSpecificationMaintenanceDocument');
Insert into KRIM_PERM_ATTR_DATA_T (ATTR_DATA_ID,OBJ_ID,VER_NBR,PERM_ID,KIM_TYP_ID,KIM_ATTR_DEFN_ID,ATTR_VAL) values ('887','BD74D7B702AC02CEE0402E0AA9D75B2D',1,'847','8','13','*');
Insert into KRIM_PERM_ATTR_DATA_T (ATTR_DATA_ID,OBJ_ID,VER_NBR,PERM_ID,KIM_TYP_ID,KIM_ATTR_DEFN_ID,ATTR_VAL) values ('888','BFCADCB34018249AE0402E0AA9D7065D',1,'848','5','13','KualiDocument');
Insert into KRIM_PERM_ATTR_DATA_T (ATTR_DATA_ID,OBJ_ID,VER_NBR,PERM_ID,KIM_TYP_ID,KIM_ATTR_DEFN_ID,ATTR_VAL) values ('889','BFCADCB34019249AE0402E0AA9D7065D',1,'848','5','14','C');
Insert into KRIM_PERM_ATTR_DATA_T (ATTR_DATA_ID,OBJ_ID,VER_NBR,PERM_ID,KIM_TYP_ID,KIM_ATTR_DEFN_ID,ATTR_VAL) values ('KR1000','D0C2892F47EC9142E0406E0AC31D23D6',1,'KR1000','4','14','C');
Insert into KRIM_PERM_ATTR_DATA_T (ATTR_DATA_ID,OBJ_ID,VER_NBR,PERM_ID,KIM_TYP_ID,KIM_ATTR_DEFN_ID,ATTR_VAL) values ('KRSAP882','CDD8032915D7BF1FE040F90A05B94313',1,'KRSAP10003','71','47','UifCompView*');
Insert into KRIM_PERM_ATTR_DATA_T (ATTR_DATA_ID,OBJ_ID,VER_NBR,PERM_ID,KIM_TYP_ID,KIM_ATTR_DEFN_ID,ATTR_VAL) values ('KRSAP883','CDD8032915D8BF1FE040F90A05B94313',1,'KRSAP10003','71','51','UifCompView-SecureGroupView');
Insert into KRIM_PERM_ATTR_DATA_T (ATTR_DATA_ID,OBJ_ID,VER_NBR,PERM_ID,KIM_TYP_ID,KIM_ATTR_DEFN_ID,ATTR_VAL) values ('KRSAP884','CDD8032915DBBF1FE040F90A05B94313',1,'KRSAP10004','71','47','UifCompView*');
Insert into KRIM_PERM_ATTR_DATA_T (ATTR_DATA_ID,OBJ_ID,VER_NBR,PERM_ID,KIM_TYP_ID,KIM_ATTR_DEFN_ID,ATTR_VAL) values ('KRSAP885','CDD8032915DCBF1FE040F90A05B94313',1,'KRSAP10004','71','51','UifCompView-Page9');
Insert into KRIM_PERM_ATTR_DATA_T (ATTR_DATA_ID,OBJ_ID,VER_NBR,PERM_ID,KIM_TYP_ID,KIM_ATTR_DEFN_ID,ATTR_VAL) values ('KRSAP886','CDD8032915DFBF1FE040F90A05B94313',1,'KRSAP10005','71','47','UifCompView*');
Insert into KRIM_PERM_ATTR_DATA_T (ATTR_DATA_ID,OBJ_ID,VER_NBR,PERM_ID,KIM_TYP_ID,KIM_ATTR_DEFN_ID,ATTR_VAL) values ('KRSAP887','CDD8032915E0BF1FE040F90A05B94313',1,'KRSAP10005','71','51','UifCompView-SecureGroupEdit');
Insert into KRIM_PERM_ATTR_DATA_T (ATTR_DATA_ID,OBJ_ID,VER_NBR,PERM_ID,KIM_TYP_ID,KIM_ATTR_DEFN_ID,ATTR_VAL) values ('KRSAP888','CDD8032915E3BF1FE040F90A05B94313',1,'KRSAP10006','70','47','UifCompView*');
Insert into KRIM_PERM_ATTR_DATA_T (ATTR_DATA_ID,OBJ_ID,VER_NBR,PERM_ID,KIM_TYP_ID,KIM_ATTR_DEFN_ID,ATTR_VAL) values ('KRSAP889','CDD8032915E4BF1FE040F90A05B94313',1,'KRSAP10006','70','6','field6');
Insert into KRIM_PERM_ATTR_DATA_T (ATTR_DATA_ID,OBJ_ID,VER_NBR,PERM_ID,KIM_TYP_ID,KIM_ATTR_DEFN_ID,ATTR_VAL) values ('KRSAP890','CDD8032915E7BF1FE040F90A05B94313',1,'KRSAP10007','70','47','UifCompView*');
Insert into KRIM_PERM_ATTR_DATA_T (ATTR_DATA_ID,OBJ_ID,VER_NBR,PERM_ID,KIM_TYP_ID,KIM_ATTR_DEFN_ID,ATTR_VAL) values ('KRSAP891','CDD8032915E8BF1FE040F90A05B94313',1,'KRSAP10007','70','6','field7');
Insert into KRIM_PERM_ATTR_DATA_T (ATTR_DATA_ID,OBJ_ID,VER_NBR,PERM_ID,KIM_TYP_ID,KIM_ATTR_DEFN_ID,ATTR_VAL) values ('KRSAP892','CDD8032915EBBF1FE040F90A05B94313',1,'KRSAP10008','70','47','UifCompView*');
Insert into KRIM_PERM_ATTR_DATA_T (ATTR_DATA_ID,OBJ_ID,VER_NBR,PERM_ID,KIM_TYP_ID,KIM_ATTR_DEFN_ID,ATTR_VAL) values ('KRSAP893','CDD8032915ECBF1FE040F90A05B94313',1,'KRSAP10008','70','50','UifCompView-SecureFieldGroup1');
Insert into KRIM_PERM_ATTR_DATA_T (ATTR_DATA_ID,OBJ_ID,VER_NBR,PERM_ID,KIM_TYP_ID,KIM_ATTR_DEFN_ID,ATTR_VAL) values ('KRSAP894','CDD8032915EFBF1FE040F90A05B94313',1,'KRSAP10009','70','47','UifCompView*');
Insert into KRIM_PERM_ATTR_DATA_T (ATTR_DATA_ID,OBJ_ID,VER_NBR,PERM_ID,KIM_TYP_ID,KIM_ATTR_DEFN_ID,ATTR_VAL) values ('KRSAP895','CDD8032915F0BF1FE040F90A05B94313',1,'KRSAP10009','70','50','UifCompView-SecureFieldGroup2');
Insert into KRIM_PERM_ATTR_DATA_T (ATTR_DATA_ID,OBJ_ID,VER_NBR,PERM_ID,KIM_TYP_ID,KIM_ATTR_DEFN_ID,ATTR_VAL) values ('KRSAP896','CDD8032915F3BF1FE040F90A05B94313',1,'KRSAP10010','73','47','UifCompView*');
Insert into KRIM_PERM_ATTR_DATA_T (ATTR_DATA_ID,OBJ_ID,VER_NBR,PERM_ID,KIM_TYP_ID,KIM_ATTR_DEFN_ID,ATTR_VAL) values ('KRSAP897','CDD8032915F4BF1FE040F90A05B94313',1,'KRSAP10010','73','48','save');
Insert into KRIM_PERM_ATTR_DATA_T (ATTR_DATA_ID,OBJ_ID,VER_NBR,PERM_ID,KIM_TYP_ID,KIM_ATTR_DEFN_ID,ATTR_VAL) values ('KRSAP898','CDD8032915F7BF1FE040F90A05B94313',1,'KRSAP10011','72','47','UifCompView*');
Insert into KRIM_PERM_ATTR_DATA_T (ATTR_DATA_ID,OBJ_ID,VER_NBR,PERM_ID,KIM_TYP_ID,KIM_ATTR_DEFN_ID,ATTR_VAL) values ('KRSAP899','CDD8032915F8BF1FE040F90A05B94313',1,'KRSAP10011','72','52','UifCompView-SecureWidget');
Insert into KRIM_PERM_ATTR_DATA_T (ATTR_DATA_ID,OBJ_ID,VER_NBR,PERM_ID,KIM_TYP_ID,KIM_ATTR_DEFN_ID,ATTR_VAL) values ('KRSAP900','CDD8032915FBBF1FE040F90A05B94313',1,'KRSAP10012','71','47','UifCompView*');
Insert into KRIM_PERM_ATTR_DATA_T (ATTR_DATA_ID,OBJ_ID,VER_NBR,PERM_ID,KIM_TYP_ID,KIM_ATTR_DEFN_ID,ATTR_VAL) values ('KRSAP901','CDD8032915FCBF1FE040F90A05B94313',1,'KRSAP10012','71','49','list1');
Insert into KRIM_PERM_ATTR_DATA_T (ATTR_DATA_ID,OBJ_ID,VER_NBR,PERM_ID,KIM_TYP_ID,KIM_ATTR_DEFN_ID,ATTR_VAL) values ('KRSAP902','CDD8032915FFBF1FE040F90A05B94313',1,'KRSAP10013','71','47','UifCompView*');
Insert into KRIM_PERM_ATTR_DATA_T (ATTR_DATA_ID,OBJ_ID,VER_NBR,PERM_ID,KIM_TYP_ID,KIM_ATTR_DEFN_ID,ATTR_VAL) values ('KRSAP903','CDD803291600BF1FE040F90A05B94313',1,'KRSAP10013','71','49','list2');
Insert into KRIM_PERM_ATTR_DATA_T (ATTR_DATA_ID,OBJ_ID,VER_NBR,PERM_ID,KIM_TYP_ID,KIM_ATTR_DEFN_ID,ATTR_VAL) values ('KRSAP904','CDD803291603BF1FE040F90A05B94313',1,'KRSAP10014','74','47','UifCompView*');
Insert into KRIM_PERM_ATTR_DATA_T (ATTR_DATA_ID,OBJ_ID,VER_NBR,PERM_ID,KIM_TYP_ID,KIM_ATTR_DEFN_ID,ATTR_VAL) values ('KRSAP905','CDD803291604BF1FE040F90A05B94313',1,'KRSAP10014','74','49','list3');
Insert into KRIM_PERM_ATTR_DATA_T (ATTR_DATA_ID,OBJ_ID,VER_NBR,PERM_ID,KIM_TYP_ID,KIM_ATTR_DEFN_ID,ATTR_VAL) values ('KRSAP906','CDD803291605BF1FE040F90A05B94313',1,'KRSAP10014','74','6','field2');
Insert into KRIM_PERM_ATTR_DATA_T (ATTR_DATA_ID,OBJ_ID,VER_NBR,PERM_ID,KIM_TYP_ID,KIM_ATTR_DEFN_ID,ATTR_VAL) values ('KRSAP907','CDD803291608BF1FE040F90A05B94313',1,'KRSAP10015','74','47','UifCompView*');
Insert into KRIM_PERM_ATTR_DATA_T (ATTR_DATA_ID,OBJ_ID,VER_NBR,PERM_ID,KIM_TYP_ID,KIM_ATTR_DEFN_ID,ATTR_VAL) values ('KRSAP908','CDD803291609BF1FE040F90A05B94313',1,'KRSAP10015','74','49','list3');
Insert into KRIM_PERM_ATTR_DATA_T (ATTR_DATA_ID,OBJ_ID,VER_NBR,PERM_ID,KIM_TYP_ID,KIM_ATTR_DEFN_ID,ATTR_VAL) values ('KRSAP909','CDD80329160ABF1FE040F90A05B94313',1,'KRSAP10015','74','6','field3');
Insert into KRIM_PERM_ATTR_DATA_T (ATTR_DATA_ID,OBJ_ID,VER_NBR,PERM_ID,KIM_TYP_ID,KIM_ATTR_DEFN_ID,ATTR_VAL) values ('KRSAP910','CDD80329160DBF1FE040F90A05B94313',1,'KRSAP10016','75','47','UifCompView*');
Insert into KRIM_PERM_ATTR_DATA_T (ATTR_DATA_ID,OBJ_ID,VER_NBR,PERM_ID,KIM_TYP_ID,KIM_ATTR_DEFN_ID,ATTR_VAL) values ('KRSAP911','CDD80329160EBF1FE040F90A05B94313',1,'KRSAP10016','75','49','list4');
Insert into KRIM_PERM_ATTR_DATA_T (ATTR_DATA_ID,OBJ_ID,VER_NBR,PERM_ID,KIM_TYP_ID,KIM_ATTR_DEFN_ID,ATTR_VAL) values ('KRSAP912','CDD80329160FBF1FE040F90A05B94313',1,'KRSAP10016','75','48','delete');
 --- INSERTING into KRIM_PERM_T

Insert into KRIM_PERM_T (PERM_ID,OBJ_ID,VER_NBR,PERM_TMPL_ID,NMSPC_CD,NM,DESC_TXT,ACTV_IND) values ('140','5B4F09744944EF33E0404F8189D84F24',1,'29','KR-WKFLW','Use Document Operation Screen','Allows users to access the Document Operation screen.','Y');
Insert into KRIM_PERM_T (PERM_ID,OBJ_ID,VER_NBR,PERM_TMPL_ID,NMSPC_CD,NM,DESC_TXT,ACTV_IND) values ('141','5B4F09744945EF33E0404F8189D84F24',1,'29','KR-BUS','Use Java Security Management Screen','Allows users to access the Java Security Management screen.','Y');
Insert into KRIM_PERM_T (PERM_ID,OBJ_ID,VER_NBR,PERM_TMPL_ID,NMSPC_CD,NM,DESC_TXT,ACTV_IND) values ('142','5B4F09744946EF33E0404F8189D84F24',1,'29','KR-BUS','Use Message Queue Screen','Allows users to access the Message Queue screen.','Y');
Insert into KRIM_PERM_T (PERM_ID,OBJ_ID,VER_NBR,PERM_TMPL_ID,NMSPC_CD,NM,DESC_TXT,ACTV_IND) values ('143','5B4F09744947EF33E0404F8189D84F24',1,'29','KR-BUS','Use Service Registry Screen','Allows users to access the Service Registry screen.','Y');
Insert into KRIM_PERM_T (PERM_ID,OBJ_ID,VER_NBR,PERM_TMPL_ID,NMSPC_CD,NM,DESC_TXT,ACTV_IND) values ('144','5B4F09744948EF33E0404F8189D84F24',1,'29','KR-BUS','Use Thread Pool Screen','Allows users to access the Thread Pool screen.','Y');
Insert into KRIM_PERM_T (PERM_ID,OBJ_ID,VER_NBR,PERM_TMPL_ID,NMSPC_CD,NM,DESC_TXT,ACTV_IND) values ('145','5B4F09744949EF33E0404F8189D84F24',1,'29','KR-BUS','Use Quartz Queue Screen','Allows users to access the Quartz Queue screen.','Y');
Insert into KRIM_PERM_T (PERM_ID,OBJ_ID,VER_NBR,PERM_TMPL_ID,NMSPC_CD,NM,DESC_TXT,ACTV_IND) values ('146','5B4F0974494AEF33E0404F8189D84F24',1,'9','KR-SYS','Ad Hoc Review Document','Allows a user to receive ad hoc requests for Documents.','Y');
Insert into KRIM_PERM_T (PERM_ID,OBJ_ID,VER_NBR,PERM_TMPL_ID,NMSPC_CD,NM,DESC_TXT,ACTV_IND) values ('147','5B4F0974494BEF33E0404F8189D84F24',1,'3','KR-SYS','Administer Routing Document','Allows users to open Documents via the Super search option in Document Search and take Administrative workflow actions on them (such as approving the document, approving individual requests, or sending the document to a specified route node).','Y');
Insert into KRIM_PERM_T (PERM_ID,OBJ_ID,VER_NBR,PERM_TMPL_ID,NMSPC_CD,NM,DESC_TXT,ACTV_IND) values ('148','5B4F0974494CEF33E0404F8189D84F24',1,'4','KR-SYS','Blanket Approve Document','Allows access to the Blanket Approval button on Documents.','Y');
Insert into KRIM_PERM_T (PERM_ID,OBJ_ID,VER_NBR,PERM_TMPL_ID,NMSPC_CD,NM,DESC_TXT,ACTV_IND) values ('149','5B4F0974494DEF33E0404F8189D84F24',1,'10','KR-SYS','Initiate Document','Authorizes the initiation of Documents.','Y');
Insert into KRIM_PERM_T (PERM_ID,OBJ_ID,VER_NBR,PERM_TMPL_ID,NMSPC_CD,NM,DESC_TXT,ACTV_IND) values ('150','5B4F0974494EEF33E0404F8189D84F24',1,'35','KR-SYS','Assign Role','Authorizes users to modify the information on the Assignees Tab of the Role Document and the Roles section of the Membership Tab on the Person Document for Roles with a Module Code beginning with KR.','Y');
Insert into KRIM_PERM_T (PERM_ID,OBJ_ID,VER_NBR,PERM_TMPL_ID,NMSPC_CD,NM,DESC_TXT,ACTV_IND) values ('151','5B4F0974494FEF33E0404F8189D84F24',1,'36','KR-SYS','Grant Permission','Authorizes users to modify the information on the Permissions tab of the Role Document for roles with a module code beginning with KR.','Y');
Insert into KRIM_PERM_T (PERM_ID,OBJ_ID,VER_NBR,PERM_TMPL_ID,NMSPC_CD,NM,DESC_TXT,ACTV_IND) values ('152','5B4F09744950EF33E0404F8189D84F24',1,'37','KR-SYS','Grant Responsibility','Authorizes users to modify the information on the Responsibility tab of the Role Document for roles with a Module Code that begins with KR.','Y');
Insert into KRIM_PERM_T (PERM_ID,OBJ_ID,VER_NBR,PERM_TMPL_ID,NMSPC_CD,NM,DESC_TXT,ACTV_IND) values ('155','5B4F09744953EF33E0404F8189D84F24',1,'38','KR-SYS','Populate Group','Authorizes users to modify the information on the Assignees Tab of the Group Document and the Group section of the Membership Tab on the Person Document for groups with namespaces beginning with KR.','Y');
Insert into KRIM_PERM_T (PERM_ID,OBJ_ID,VER_NBR,PERM_TMPL_ID,NMSPC_CD,NM,DESC_TXT,ACTV_IND) values ('156','5B4F09744954EF33E0404F8189D84F24',1,'2','KR-SYS','Copy Document','Authorizes users to copy Documents.','Y');
Insert into KRIM_PERM_T (PERM_ID,OBJ_ID,VER_NBR,PERM_TMPL_ID,NMSPC_CD,NM,DESC_TXT,ACTV_IND) values ('161','5B4F09744959EF33E0404F8189D84F24',1,'24','KR-SYS','Inquire Into Records','Allows users to access Kuali inquiries.','Y');
Insert into KRIM_PERM_T (PERM_ID,OBJ_ID,VER_NBR,PERM_TMPL_ID,NMSPC_CD,NM,DESC_TXT,ACTV_IND) values ('162','5B4F0974495AEF33E0404F8189D84F24',1,'23','KR-SYS','Look Up Records','Allow users to access Kuali lookups.','Y');
Insert into KRIM_PERM_T (PERM_ID,OBJ_ID,VER_NBR,PERM_TMPL_ID,NMSPC_CD,NM,DESC_TXT,ACTV_IND) values ('163','5B4F0974495BEF33E0404F8189D84F24',1,'34','KR-SYS','Maintain System Parameter','Authorizes to initiate and edit the Parameter document for parameters with a module code beginning with KR.','Y');
Insert into KRIM_PERM_T (PERM_ID,OBJ_ID,VER_NBR,PERM_TMPL_ID,NMSPC_CD,NM,DESC_TXT,ACTV_IND) values ('164','5B4F0974495CEF33E0404F8189D84F24',1,'32','KR-SYS','Modify Batch Job','Allows users to access and run Batch Jobs associated with KR modules via the Schedule link.','Y');
Insert into KRIM_PERM_T (PERM_ID,OBJ_ID,VER_NBR,PERM_TMPL_ID,NMSPC_CD,NM,DESC_TXT,ACTV_IND) values ('165','5B4F0974495DEF33E0404F8189D84F24',1,'40','KR-SYS','Open Document','Authorizes users to open Documents.','Y');
Insert into KRIM_PERM_T (PERM_ID,OBJ_ID,VER_NBR,PERM_TMPL_ID,NMSPC_CD,NM,DESC_TXT,ACTV_IND) values ('166','5B4F0974495EEF33E0404F8189D84F24',1,'29','KR-SYS','Use all Screen','Allows users to access all screens.','Y');
Insert into KRIM_PERM_T (PERM_ID,OBJ_ID,VER_NBR,PERM_TMPL_ID,NMSPC_CD,NM,DESC_TXT,ACTV_IND) values ('167','5B4F0974495FEF33E0404F8189D84F24',1,'14','KUALI','Cancel Document','Authorizes users to cancel a document prior to it being submitted for routing.','Y');
Insert into KRIM_PERM_T (PERM_ID,OBJ_ID,VER_NBR,PERM_TMPL_ID,NMSPC_CD,NM,DESC_TXT,ACTV_IND) values ('168','5B4F09744960EF33E0404F8189D84F24',1,'5','KUALI','Route Document','Authorizes users to submit a document for routing.','Y');
Insert into KRIM_PERM_T (PERM_ID,OBJ_ID,VER_NBR,PERM_TMPL_ID,NMSPC_CD,NM,DESC_TXT,ACTV_IND) values ('170','5B4F09744962EF33E0404F8189D84F24',1,'8','KUALI','Take Requested Apprive Action','Authorizes users to take the Approve action on documents routed to them.','Y');
Insert into KRIM_PERM_T (PERM_ID,OBJ_ID,VER_NBR,PERM_TMPL_ID,NMSPC_CD,NM,DESC_TXT,ACTV_IND) values ('172','5B4F09744964EF33E0404F8189D84F24',1,'8','KUALI','Take Requested FYI Action','Authorizes users to take the FYI action on documents routed to them.','Y');
Insert into KRIM_PERM_T (PERM_ID,OBJ_ID,VER_NBR,PERM_TMPL_ID,NMSPC_CD,NM,DESC_TXT,ACTV_IND) values ('173','5B4F09744965EF33E0404F8189D84F24',1,'8','KUALI','Take Requested Acknowledge Action','Authorizes users to take the Acknowledge action on documents routed to them.','Y');
Insert into KRIM_PERM_T (PERM_ID,OBJ_ID,VER_NBR,PERM_TMPL_ID,NMSPC_CD,NM,DESC_TXT,ACTV_IND) values ('174','5B4F09744966EF33E0404F8189D84F24',1,'1','KUALI','Log In Kuali Portal','Authorizes users to login to the Kuali portal.','Y');
Insert into KRIM_PERM_T (PERM_ID,OBJ_ID,VER_NBR,PERM_TMPL_ID,NMSPC_CD,NM,DESC_TXT,ACTV_IND) values ('180','5B4F0974496CEF33E0404F8189D84F24',1,'16','KUALI','Edit Kuali ENROUTE Document Node Name PreRoute','Allows users to edit Kuali documents that are in ENROUTE status.','Y');
Insert into KRIM_PERM_T (PERM_ID,OBJ_ID,VER_NBR,PERM_TMPL_ID,NMSPC_CD,NM,DESC_TXT,ACTV_IND) values ('181','5B4F0974496DEF33E0404F8189D84F24',1,'16','KUALI','Edit Kuali ENROUTE Document Route Status Code R','Allows users to edit Kuali documents that are in ENROUTE status.','Y');
Insert into KRIM_PERM_T (PERM_ID,OBJ_ID,VER_NBR,PERM_TMPL_ID,NMSPC_CD,NM,DESC_TXT,ACTV_IND) values ('183','5B4F0974496FEF33E0404F8189D84F24',1,'27','KR-SYS','Full Unmask Tax Identification Number Payee ACH Document','Authorizes users to view the entire Tax Identification Number on the Payee ACH document and Inquiry.','Y');
Insert into KRIM_PERM_T (PERM_ID,OBJ_ID,VER_NBR,PERM_TMPL_ID,NMSPC_CD,NM,DESC_TXT,ACTV_IND) values ('259','606763510FC396D3E0404F8189D857A2',1,'45','KUALI','Add Note / Attachment Kuali Document','Users who can add notes and attachments to any document answering to the Kuali Document parent document type.','Y');
Insert into KRIM_PERM_T (PERM_ID,OBJ_ID,VER_NBR,PERM_TMPL_ID,NMSPC_CD,NM,DESC_TXT,ACTV_IND) values ('261','606763510FC696D3E0404F8189D857A2',1,'46','KUALI','View Note / Attachment Kuali Document','Authorizes users to view notes and attachments on documents answering to the KualiDocument parent document type.','Y');
Insert into KRIM_PERM_T (PERM_ID,OBJ_ID,VER_NBR,PERM_TMPL_ID,NMSPC_CD,NM,DESC_TXT,ACTV_IND) values ('264','606763510FCD96D3E0404F8189D857A2',1,'47','KR-SYS','Delete Note / Attachment Kuali Document','Authorizes users to delete notes and attachments created by any user on documents answering to the Document parent document type.','Y');
Insert into KRIM_PERM_T (PERM_ID,OBJ_ID,VER_NBR,PERM_TMPL_ID,NMSPC_CD,NM,DESC_TXT,ACTV_IND) values ('265','606763510FF296D3E0404F8189D857A2',1,'29','KR-WKFLW','Use Screen XML Ingester Screen','Allows users to access the XML Ingester screen.','Y');
Insert into KRIM_PERM_T (PERM_ID,OBJ_ID,VER_NBR,PERM_TMPL_ID,NMSPC_CD,NM,DESC_TXT,ACTV_IND) values ('289','611BE30E404E5818E0404F8189D801C2',1,'1','KR-NS','Administer Pessimistic Locking','Administer Pessimistic Locking','Y');
Insert into KRIM_PERM_T (PERM_ID,OBJ_ID,VER_NBR,PERM_TMPL_ID,NMSPC_CD,NM,DESC_TXT,ACTV_IND) values ('290','5B4F09744961EF33E0404F8189D84F24',1,'15','KR-SYS','Save Document','Users who can save documents','Y');
Insert into KRIM_PERM_T (PERM_ID,OBJ_ID,VER_NBR,PERM_TMPL_ID,NMSPC_CD,NM,DESC_TXT,ACTV_IND) values ('298','641E580969E31B49E0404F8189D86190',1,'1','KR-WKFLW','View Other Action List','Authorizes users to access other users action lists via the Help Desk Action List Login.','Y');
Insert into KRIM_PERM_T (PERM_ID,OBJ_ID,VER_NBR,PERM_TMPL_ID,NMSPC_CD,NM,DESC_TXT,ACTV_IND) values ('299','641E580969E51B49E0404F8189D86190',1,'1','KR-WKFLW','Unrestricted Document Search','Users who can perform a document search with no criteria or result limits.','Y');
Insert into KRIM_PERM_T (PERM_ID,OBJ_ID,VER_NBR,PERM_TMPL_ID,NMSPC_CD,NM,DESC_TXT,ACTV_IND) values ('306','6314CC58CF58B7B5E0404F8189D84439',1,'27','KR-SYS','Full Unmask Tax Identification Number Person Document','Authorizes users to view the entire Tax Identification Number on the Person document and inquiry.','Y');
Insert into KRIM_PERM_T (PERM_ID,OBJ_ID,VER_NBR,PERM_TMPL_ID,NMSPC_CD,NM,DESC_TXT,ACTV_IND) values ('307','638DD46953F9BCD5E0404F8189D86240',1,'1','KR-IDM','Modify Entity','Users who can modify entity records in Kuali Identity Management.','Y');
Insert into KRIM_PERM_T (PERM_ID,OBJ_ID,VER_NBR,PERM_TMPL_ID,NMSPC_CD,NM,DESC_TXT,ACTV_IND) values ('332','662384B381B967A1E0404F8189D868A6',1,'49','KR-SYS','Send FYI Request Kuali Document','Authorizes users to send FYI ad hoc requests for Kuali Documents','Y');
Insert into KRIM_PERM_T (PERM_ID,OBJ_ID,VER_NBR,PERM_TMPL_ID,NMSPC_CD,NM,DESC_TXT,ACTV_IND) values ('333','662384B381BD67A1E0404F8189D868A6',1,'49','KR-SYS','Send Acknowledge Request Kuali Document','Authorizes users to send Acknowledge ad hoc requests for Kuali Documents','Y');
Insert into KRIM_PERM_T (PERM_ID,OBJ_ID,VER_NBR,PERM_TMPL_ID,NMSPC_CD,NM,DESC_TXT,ACTV_IND) values ('334','662384B381C167A1E0404F8189D868A6',1,'49','KR-SYS','Send Approve Request Kuali Document','Authorizes users to send Approve ad hoc requests for Kuali Documents','Y');
Insert into KRIM_PERM_T (PERM_ID,OBJ_ID,VER_NBR,PERM_TMPL_ID,NMSPC_CD,NM,DESC_TXT,ACTV_IND) values ('378','5B4F09744953EF33E0404F8189D84F29',1,'1','KR-IDM','Override Entity Privacy Preferences','Allows a user to override entity privacy preferences','Y');
Insert into KRIM_PERM_T (PERM_ID,OBJ_ID,VER_NBR,PERM_TMPL_ID,NMSPC_CD,NM,DESC_TXT,ACTV_IND) values ('701','04C7706012554535AF8DC48DC6CC331C',1,'23','KR-WKFLW','Look Up Rule Template','Allow users to access the Rule Template lookup.','Y');
Insert into KRIM_PERM_T (PERM_ID,OBJ_ID,VER_NBR,PERM_TMPL_ID,NMSPC_CD,NM,DESC_TXT,ACTV_IND) values ('702','471FF4B19A4648D4B84194530AE22158',1,'23','KR-WKFLW','Look Up Stylesheet','Allow users to access the Stylesheet lookup.','Y');
Insert into KRIM_PERM_T (PERM_ID,OBJ_ID,VER_NBR,PERM_TMPL_ID,NMSPC_CD,NM,DESC_TXT,ACTV_IND) values ('703','E6875070DC5B4FD59193F7445C33E7AB',1,'23','KR-WKFLW','Look Up eDocLite','Allow users to access the eDocLite lookup.','Y');
Insert into KRIM_PERM_T (PERM_ID,OBJ_ID,VER_NBR,PERM_TMPL_ID,NMSPC_CD,NM,DESC_TXT,ACTV_IND) values ('707','28CE0127B8A14AB4BFD39920C5398A69',1,'23','KR-WKFLW','Look Up Rule Attribute','Allow users to access the Rule Attribute lookup.','Y');
Insert into KRIM_PERM_T (PERM_ID,OBJ_ID,VER_NBR,PERM_TMPL_ID,NMSPC_CD,NM,DESC_TXT,ACTV_IND) values ('719','45F0E8E1B9784756A3C0582980912991',1,'23','KR-NS','Look Up Parameter Component','Allow users to access the Parameter Component lookup.','Y');
Insert into KRIM_PERM_T (PERM_ID,OBJ_ID,VER_NBR,PERM_TMPL_ID,NMSPC_CD,NM,DESC_TXT,ACTV_IND) values ('720','FFF2C6639C6041F1B148AA9901C8A1F7',1,'23','KR-NS','Look Up Namespace','Allow users to access the Namespace lookup.','Y');
Insert into KRIM_PERM_T (PERM_ID,OBJ_ID,VER_NBR,PERM_TMPL_ID,NMSPC_CD,NM,DESC_TXT,ACTV_IND) values ('721','B1BD57EE64274E62AC9425C7FF185A44',1,'23','KR-NS','Look Up Parameter Type','Allow users to access the Parameter Type lookup.','Y');
Insert into KRIM_PERM_T (PERM_ID,OBJ_ID,VER_NBR,PERM_TMPL_ID,NMSPC_CD,NM,DESC_TXT,ACTV_IND) values ('801','606763510FD196D3E0404F8189D857A2',1,'24','KR-WKFLW','Inquire Into Rule Template','Allow users to access the Rule Template inquiry.','Y');
Insert into KRIM_PERM_T (PERM_ID,OBJ_ID,VER_NBR,PERM_TMPL_ID,NMSPC_CD,NM,DESC_TXT,ACTV_IND) values ('802','606763510FD496D3E0404F8189D857A2',1,'24','KR-WKFLW','Inquire Into Stylesheet','Allow users to access the Stylesheet inquiry.','Y');
Insert into KRIM_PERM_T (PERM_ID,OBJ_ID,VER_NBR,PERM_TMPL_ID,NMSPC_CD,NM,DESC_TXT,ACTV_IND) values ('803','606763510FD796D3E0404F8189D857A2',1,'24','KR-WKFLW','Inquire Into eDocLite','Allow users to access the eDocLite inquiry.','Y');
Insert into KRIM_PERM_T (PERM_ID,OBJ_ID,VER_NBR,PERM_TMPL_ID,NMSPC_CD,NM,DESC_TXT,ACTV_IND) values ('807','606763510FDA96D3E0404F8189D857A2',1,'24','KR-WKFLW','Inquire Into Rule Attribute','Allow users to access the Rule Attribute inquiry.','Y');
Insert into KRIM_PERM_T (PERM_ID,OBJ_ID,VER_NBR,PERM_TMPL_ID,NMSPC_CD,NM,DESC_TXT,ACTV_IND) values ('814','606763510FE196D3E0404F8189D857A2',1,'24','KR-NS','Inquire Into Pessimistic','Allow users to access the Pessimistic Lock inquiry.','Y');
Insert into KRIM_PERM_T (PERM_ID,OBJ_ID,VER_NBR,PERM_TMPL_ID,NMSPC_CD,NM,DESC_TXT,ACTV_IND) values ('819','606763510FE496D3E0404F8189D857A2',1,'24','KR-NS','Inquire Into Parameter Component','Allow users to access the Parameter Component inquiry.','Y');
Insert into KRIM_PERM_T (PERM_ID,OBJ_ID,VER_NBR,PERM_TMPL_ID,NMSPC_CD,NM,DESC_TXT,ACTV_IND) values ('820','606763510FE796D3E0404F8189D857A2',1,'24','KR-NS','Inquire Into Namespace','Allow users to access the Namespace inquiry.','Y');
Insert into KRIM_PERM_T (PERM_ID,OBJ_ID,VER_NBR,PERM_TMPL_ID,NMSPC_CD,NM,DESC_TXT,ACTV_IND) values ('821','606763510FEA96D3E0404F8189D857A2',1,'24','KR-NS','Inquire Into Parameter Type','Allow users to access the Parameter Type inquiry.','Y');
Insert into KRIM_PERM_T (PERM_ID,OBJ_ID,VER_NBR,PERM_TMPL_ID,NMSPC_CD,NM,DESC_TXT,ACTV_IND) values ('833','5B4F09744953EF33E0404F8189D84F25',1,'38','KR-SYS','Populate Group KUALI Namespace','Authorizes users to modify the information on the Assignees Tab of the Group Document and the Group section of the Membership Tab on the Person Document for groups with the KUALI namespace.','Y');
Insert into KRIM_PERM_T (PERM_ID,OBJ_ID,VER_NBR,PERM_TMPL_ID,NMSPC_CD,NM,DESC_TXT,ACTV_IND) values ('834','5B4F09744953EF33E0404F8189D84F26',1,'35','KR-SYS','Assign Role KUALI Namespace','Authorizes users to modify the information on the Assignees Tab of the Role Document and the Roles section of the Membership Tab on the Person Document for Roles with the KUALI namespace.','Y');
Insert into KRIM_PERM_T (PERM_ID,OBJ_ID,VER_NBR,PERM_TMPL_ID,NMSPC_CD,NM,DESC_TXT,ACTV_IND) values ('835','5B4F09744953EF33E0404F8189D84F27',1,'36','KR-SYS','Grant Permission KUALI Namespace','Authorizes users to modify the information on the Permissions tab of the Role Document for roles with the KUALI namespace.','Y');
Insert into KRIM_PERM_T (PERM_ID,OBJ_ID,VER_NBR,PERM_TMPL_ID,NMSPC_CD,NM,DESC_TXT,ACTV_IND) values ('836','5B4F09744953EF33E0404F8189D84F28',1,'37','KR-SYS','Grant Responsibility KUALI Namespace','Authorizes users to modify the information on the Responsibility tab of the Role Document for roles with the KUALI namespace.','Y');
Insert into KRIM_PERM_T (PERM_ID,OBJ_ID,VER_NBR,PERM_TMPL_ID,NMSPC_CD,NM,DESC_TXT,ACTV_IND) values ('840','97469975-D110-9A65-5EE5-F21FD1BEB5B2',1,'29','KR-BUS','Use Configuration Viewer Screen','Allows users to access the Configuration Viewer screen','Y');
Insert into KRIM_PERM_T (PERM_ID,OBJ_ID,VER_NBR,PERM_TMPL_ID,NMSPC_CD,NM,DESC_TXT,ACTV_IND) values ('841','65677409-89e4-11df-98b1-1300c9ee50c1',1,'51','KUALI','Add Message to Route Log',null,'Y');
Insert into KRIM_PERM_T (PERM_ID,OBJ_ID,VER_NBR,PERM_TMPL_ID,NMSPC_CD,NM,DESC_TXT,ACTV_IND) values ('842','B6FDEDA86F967F26E0402E0AA9D728AF',1,'29','KR-SYS','Use Cache Adminstration Screen','Allows use of the cache administration screen','Y');
Insert into KRIM_PERM_T (PERM_ID,OBJ_ID,VER_NBR,PERM_TMPL_ID,NMSPC_CD,NM,DESC_TXT,ACTV_IND) values ('843','B7DBFABEFD2B8CBFE0402E0AA9D757C9',1,'52','KR-RULE-TEST','Maintain KRMS Agenda','Allows creation and modification of agendas via the agenda editor','Y');
Insert into KRIM_PERM_T (PERM_ID,OBJ_ID,VER_NBR,PERM_TMPL_ID,NMSPC_CD,NM,DESC_TXT,ACTV_IND) values ('844','0dbce939-4f22-4e9b-a4bb-1615c0f411a2',1,'42','KR-NS','Create Term Maintenance Document','Allows user to create a new Term maintainence document','Y');
Insert into KRIM_PERM_T (PERM_ID,OBJ_ID,VER_NBR,PERM_TMPL_ID,NMSPC_CD,NM,DESC_TXT,ACTV_IND) values ('845','cefeed6d-b5e2-40aa-9034-137db317b532',1,'42','KR-NS','Create Context Maintenance Document','Allows user to create a new Context maintainence document','Y');
Insert into KRIM_PERM_T (PERM_ID,OBJ_ID,VER_NBR,PERM_TMPL_ID,NMSPC_CD,NM,DESC_TXT,ACTV_IND) values ('846','02bd9acd-48d9-4fec-acbd-6a441c5ea8c2',1,'42','KR-NS','Create TermSpecification Maintenance Document','Allows user to create a new TermSpecification maintainence document','Y');
Insert into KRIM_PERM_T (PERM_ID,OBJ_ID,VER_NBR,PERM_TMPL_ID,NMSPC_CD,NM,DESC_TXT,ACTV_IND) values ('847','BD74D7B702AB02CEE0402E0AA9D75B2D',1,'68','KR-WKFLW','Recall Document',null,'Y');
Insert into KRIM_PERM_T (PERM_ID,OBJ_ID,VER_NBR,PERM_TMPL_ID,NMSPC_CD,NM,DESC_TXT,ACTV_IND) values ('848','BFCADCB34017249AE0402E0AA9D7065D',1,'49','KR-SYS','Send Complete Request Kuali Document','Authorizes users to send Complete ad hoc requests for Kuali Documents','Y');
Insert into KRIM_PERM_T (PERM_ID,OBJ_ID,VER_NBR,PERM_TMPL_ID,NMSPC_CD,NM,DESC_TXT,ACTV_IND) values ('KR1000','D0C2892F47EB9142E0406E0AC31D23D6',1,'8','KUALI','Take Requested Complete Action','Authorizes users to take the Complete action on documents routed to them.','Y');
Insert into KRIM_PERM_T (PERM_ID,OBJ_ID,VER_NBR,PERM_TMPL_ID,NMSPC_CD,NM,DESC_TXT,ACTV_IND) values ('KRSAP10003','CDD8032915D6BF1FE040F90A05B94313',1,'58','KR-SAP','View Kitchen Sink Group','Allows users to view the group in kitchen sink page 9.','Y');
Insert into KRIM_PERM_T (PERM_ID,OBJ_ID,VER_NBR,PERM_TMPL_ID,NMSPC_CD,NM,DESC_TXT,ACTV_IND) values ('KRSAP10004','CDD8032915DABF1FE040F90A05B94313',1,'58','KR-SAP','View Kitchen Sink Page','Allows users to view page 9 in the kitchen sink','Y');
Insert into KRIM_PERM_T (PERM_ID,OBJ_ID,VER_NBR,PERM_TMPL_ID,NMSPC_CD,NM,DESC_TXT,ACTV_IND) values ('KRSAP10005','CDD8032915DEBF1FE040F90A05B94313',1,'59','KR-SAP','Edit Kitchen Sink Group','Allows users to edit the group in page 9 of the kitchen sink','Y');
Insert into KRIM_PERM_T (PERM_ID,OBJ_ID,VER_NBR,PERM_TMPL_ID,NMSPC_CD,NM,DESC_TXT,ACTV_IND) values ('KRSAP10006','CDD8032915E2BF1FE040F90A05B94313',1,'56','KR-SAP','View Kitchen Sink Field','Allows users to view the field in page 9 of the kitchen sink','Y');
Insert into KRIM_PERM_T (PERM_ID,OBJ_ID,VER_NBR,PERM_TMPL_ID,NMSPC_CD,NM,DESC_TXT,ACTV_IND) values ('KRSAP10007','CDD8032915E6BF1FE040F90A05B94313',1,'57','KR-SAP','Edit Kitchen Sink Field','Allows users to edit the field in page 9 of the kitchen sink','Y');
Insert into KRIM_PERM_T (PERM_ID,OBJ_ID,VER_NBR,PERM_TMPL_ID,NMSPC_CD,NM,DESC_TXT,ACTV_IND) values ('KRSAP10008','CDD8032915EABF1FE040F90A05B94313',1,'56','KR-SAP','View Kitchen Sink Field Group','Allows users to view the field group in page 9 of the kitchen sink','Y');
Insert into KRIM_PERM_T (PERM_ID,OBJ_ID,VER_NBR,PERM_TMPL_ID,NMSPC_CD,NM,DESC_TXT,ACTV_IND) values ('KRSAP10009','CDD8032915EEBF1FE040F90A05B94313',1,'57','KR-SAP','Edit Kitchen Sink Field Group','Allows users to edit the field group in page 9 of the kitchen sink','Y');
Insert into KRIM_PERM_T (PERM_ID,OBJ_ID,VER_NBR,PERM_TMPL_ID,NMSPC_CD,NM,DESC_TXT,ACTV_IND) values ('KRSAP10010','CDD8032915F2BF1FE040F90A05B94313',1,'62','KR-SAP','Perform Kitchen Sink Action','Allows users to perform the save action in page 9 of the kitchen sink','Y');
Insert into KRIM_PERM_T (PERM_ID,OBJ_ID,VER_NBR,PERM_TMPL_ID,NMSPC_CD,NM,DESC_TXT,ACTV_IND) values ('KRSAP10011','CDD8032915F6BF1FE040F90A05B94313',1,'60','KR-SAP','View Kitchen Sink Widget','Allows users to view the quickfinder widget in page 9 of the kitchen sink','Y');
Insert into KRIM_PERM_T (PERM_ID,OBJ_ID,VER_NBR,PERM_TMPL_ID,NMSPC_CD,NM,DESC_TXT,ACTV_IND) values ('KRSAP10012','CDD8032915FABF1FE040F90A05B94313',1,'63','KR-SAP','View Kitchen Sink Line','Allows users to view the collection line in page 9 of the kitchen sink','Y');
Insert into KRIM_PERM_T (PERM_ID,OBJ_ID,VER_NBR,PERM_TMPL_ID,NMSPC_CD,NM,DESC_TXT,ACTV_IND) values ('KRSAP10013','CDD8032915FEBF1FE040F90A05B94313',1,'64','KR-SAP','Edit Kitchen Sink Line','Allows users to edit the collection line in page 9 of the kitchen sink','Y');
Insert into KRIM_PERM_T (PERM_ID,OBJ_ID,VER_NBR,PERM_TMPL_ID,NMSPC_CD,NM,DESC_TXT,ACTV_IND) values ('KRSAP10014','CDD803291602BF1FE040F90A05B94313',1,'65','KR-SAP','View Kitchen Sink Line Field','Allows users to view the collection line field in page 9 of the kitchen sink','Y');
Insert into KRIM_PERM_T (PERM_ID,OBJ_ID,VER_NBR,PERM_TMPL_ID,NMSPC_CD,NM,DESC_TXT,ACTV_IND) values ('KRSAP10015','CDD803291607BF1FE040F90A05B94313',1,'66','KR-SAP','Edit Kitchen Sink Line Field','Allows users to edit the collection line field in page 9 of the kitchen sink','Y');
Insert into KRIM_PERM_T (PERM_ID,OBJ_ID,VER_NBR,PERM_TMPL_ID,NMSPC_CD,NM,DESC_TXT,ACTV_IND) values ('KRSAP10016','CDD80329160CBF1FE040F90A05B94313',1,'67','KR-SAP','Perform Kitchen Sink Line Action','Allows users to perform the delete line action in page 9 of the kitchen sink','Y');
 --- INSERTING into KRIM_PERM_TMPL_T

Insert into KRIM_PERM_TMPL_T (PERM_TMPL_ID,OBJ_ID,VER_NBR,NMSPC_CD,NM,DESC_TXT,KIM_TYP_ID,ACTV_IND) values ('1','5ADF18B6D4857954E0404F8189D85002',1,'KUALI','Default',null,'1','Y');
Insert into KRIM_PERM_TMPL_T (PERM_TMPL_ID,OBJ_ID,VER_NBR,NMSPC_CD,NM,DESC_TXT,KIM_TYP_ID,ACTV_IND) values ('10','5ADF18B6D4BF7954E0404F8189D85002',1,'KR-SYS','Initiate Document',null,'3','Y');
Insert into KRIM_PERM_TMPL_T (PERM_TMPL_ID,OBJ_ID,VER_NBR,NMSPC_CD,NM,DESC_TXT,KIM_TYP_ID,ACTV_IND) values ('14','5ADF18B6D4CA7954E0404F8189D85002',1,'KR-WKFLW','Cancel Document',null,'8','Y');
Insert into KRIM_PERM_TMPL_T (PERM_TMPL_ID,OBJ_ID,VER_NBR,NMSPC_CD,NM,DESC_TXT,KIM_TYP_ID,ACTV_IND) values ('15','5ADF18B6D4CB7954E0404F8189D85002',1,'KR-WKFLW','Save Document',null,'8','Y');
Insert into KRIM_PERM_TMPL_T (PERM_TMPL_ID,OBJ_ID,VER_NBR,NMSPC_CD,NM,DESC_TXT,KIM_TYP_ID,ACTV_IND) values ('16','5ADF18B6D4CC7954E0404F8189D85002',1,'KR-NS','Edit Document',null,'8','Y');
Insert into KRIM_PERM_TMPL_T (PERM_TMPL_ID,OBJ_ID,VER_NBR,NMSPC_CD,NM,DESC_TXT,KIM_TYP_ID,ACTV_IND) values ('2','5ADF18B6D4AF7954E0404F8189D85002',1,'KR-NS','Copy Document',null,'3','Y');
Insert into KRIM_PERM_TMPL_T (PERM_TMPL_ID,OBJ_ID,VER_NBR,NMSPC_CD,NM,DESC_TXT,KIM_TYP_ID,ACTV_IND) values ('23','5ADF18B6D4DA7954E0404F8189D85002',1,'KR-NS','Look Up Records',null,'10','Y');
Insert into KRIM_PERM_TMPL_T (PERM_TMPL_ID,OBJ_ID,VER_NBR,NMSPC_CD,NM,DESC_TXT,KIM_TYP_ID,ACTV_IND) values ('24','5ADF18B6D4DB7954E0404F8189D85002',1,'KR-NS','Inquire Into Records',null,'10','Y');
Insert into KRIM_PERM_TMPL_T (PERM_TMPL_ID,OBJ_ID,VER_NBR,NMSPC_CD,NM,DESC_TXT,KIM_TYP_ID,ACTV_IND) values ('25','5ADF18B6D4DF7954E0404F8189D85002',1,'KR-NS','View Inquiry or Maintenance Document Field',null,'11','Y');
Insert into KRIM_PERM_TMPL_T (PERM_TMPL_ID,OBJ_ID,VER_NBR,NMSPC_CD,NM,DESC_TXT,KIM_TYP_ID,ACTV_IND) values ('26','5ADF18B6D4E07954E0404F8189D85002',1,'KR-NS','Modify Maintenance Document Field',null,'11','Y');
Insert into KRIM_PERM_TMPL_T (PERM_TMPL_ID,OBJ_ID,VER_NBR,NMSPC_CD,NM,DESC_TXT,KIM_TYP_ID,ACTV_IND) values ('27','5ADF18B6D4E17954E0404F8189D85002',1,'KR-NS','Full Unmask Field',null,'11','Y');
Insert into KRIM_PERM_TMPL_T (PERM_TMPL_ID,OBJ_ID,VER_NBR,NMSPC_CD,NM,DESC_TXT,KIM_TYP_ID,ACTV_IND) values ('28','5ADF18B6D4E27954E0404F8189D85002',1,'KR-NS','Partial Unmask Field',null,'11','Y');
Insert into KRIM_PERM_TMPL_T (PERM_TMPL_ID,OBJ_ID,VER_NBR,NMSPC_CD,NM,DESC_TXT,KIM_TYP_ID,ACTV_IND) values ('29','5ADF18B6D4E67954E0404F8189D85002',1,'KR-NS','Use Screen',null,'12','Y');
Insert into KRIM_PERM_TMPL_T (PERM_TMPL_ID,OBJ_ID,VER_NBR,NMSPC_CD,NM,DESC_TXT,KIM_TYP_ID,ACTV_IND) values ('3','5ADF18B6D4B07954E0404F8189D85002',1,'KR-WKFLW','Administer Routing for Document',null,'3','Y');
Insert into KRIM_PERM_TMPL_T (PERM_TMPL_ID,OBJ_ID,VER_NBR,NMSPC_CD,NM,DESC_TXT,KIM_TYP_ID,ACTV_IND) values ('30','5ADF18B6D4E97954E0404F8189D85002',1,'KR-NS','Perform Custom Maintenance Document Function',null,'13','Y');
Insert into KRIM_PERM_TMPL_T (PERM_TMPL_ID,OBJ_ID,VER_NBR,NMSPC_CD,NM,DESC_TXT,KIM_TYP_ID,ACTV_IND) values ('31','5ADF18B6D4EC7954E0404F8189D85002',1,'KR-NS','Use Transactional Document',null,'14','Y');
Insert into KRIM_PERM_TMPL_T (PERM_TMPL_ID,OBJ_ID,VER_NBR,NMSPC_CD,NM,DESC_TXT,KIM_TYP_ID,ACTV_IND) values ('32','5ADF18B6D4F07954E0404F8189D85002',1,'KR-NS','Modify Batch Job',null,'15','Y');
Insert into KRIM_PERM_TMPL_T (PERM_TMPL_ID,OBJ_ID,VER_NBR,NMSPC_CD,NM,DESC_TXT,KIM_TYP_ID,ACTV_IND) values ('33','5ADF18B6D4F17954E0404F8189D85002',1,'KR-NS','Upload Batch Input File(s)',null,'15','Y');
Insert into KRIM_PERM_TMPL_T (PERM_TMPL_ID,OBJ_ID,VER_NBR,NMSPC_CD,NM,DESC_TXT,KIM_TYP_ID,ACTV_IND) values ('34','5ADF18B6D4F67954E0404F8189D85002',1,'KR-NS','Maintain System Parameter',null,'16','Y');
Insert into KRIM_PERM_TMPL_T (PERM_TMPL_ID,OBJ_ID,VER_NBR,NMSPC_CD,NM,DESC_TXT,KIM_TYP_ID,ACTV_IND) values ('35','5ADF18B6D4FC7954E0404F8189D85002',1,'KR-IDM','Assign Role',null,'18','Y');
Insert into KRIM_PERM_TMPL_T (PERM_TMPL_ID,OBJ_ID,VER_NBR,NMSPC_CD,NM,DESC_TXT,KIM_TYP_ID,ACTV_IND) values ('36','5ADF18B6D5007954E0404F8189D85002',1,'KR-IDM','Grant Permission',null,'19','Y');
Insert into KRIM_PERM_TMPL_T (PERM_TMPL_ID,OBJ_ID,VER_NBR,NMSPC_CD,NM,DESC_TXT,KIM_TYP_ID,ACTV_IND) values ('37','5ADF18B6D5047954E0404F8189D85002',1,'KR-IDM','Grant Responsibility',null,'20','Y');
Insert into KRIM_PERM_TMPL_T (PERM_TMPL_ID,OBJ_ID,VER_NBR,NMSPC_CD,NM,DESC_TXT,KIM_TYP_ID,ACTV_IND) values ('38','5ADF18B6D5087954E0404F8189D85002',1,'KR-IDM','Populate Group',null,'21','Y');
Insert into KRIM_PERM_TMPL_T (PERM_TMPL_ID,OBJ_ID,VER_NBR,NMSPC_CD,NM,DESC_TXT,KIM_TYP_ID,ACTV_IND) values ('4','5ADF18B6D4B17954E0404F8189D85002',1,'KR-WKFLW','Blanket Approve Document',null,'3','Y');
Insert into KRIM_PERM_TMPL_T (PERM_TMPL_ID,OBJ_ID,VER_NBR,NMSPC_CD,NM,DESC_TXT,KIM_TYP_ID,ACTV_IND) values ('40','5ADF18B6D4AE7954E0404F8189D85002',1,'KR-NS','Open Document',null,'3','Y');
Insert into KRIM_PERM_TMPL_T (PERM_TMPL_ID,OBJ_ID,VER_NBR,NMSPC_CD,NM,DESC_TXT,KIM_TYP_ID,ACTV_IND) values ('42','603B735FA6C4FE21E0404F8189D8083B',1,'KR-NS','Create / Maintain Record(s)',null,'56','Y');
Insert into KRIM_PERM_TMPL_T (PERM_TMPL_ID,OBJ_ID,VER_NBR,NMSPC_CD,NM,DESC_TXT,KIM_TYP_ID,ACTV_IND) values ('43','603B735FA6C0FE21E0404F8189D8083B',1,'KR-NS','View Inquiry or Maintenance Document Section',null,'57','Y');
Insert into KRIM_PERM_TMPL_T (PERM_TMPL_ID,OBJ_ID,VER_NBR,NMSPC_CD,NM,DESC_TXT,KIM_TYP_ID,ACTV_IND) values ('44','603B735FA6C1FE21E0404F8189D8083B',1,'KR-NS','Modify Maintenance Document Section',null,'57','Y');
Insert into KRIM_PERM_TMPL_T (PERM_TMPL_ID,OBJ_ID,VER_NBR,NMSPC_CD,NM,DESC_TXT,KIM_TYP_ID,ACTV_IND) values ('45','606763510FC096D3E0404F8189D857A2',1,'KR-NS','Add Note / Attachment',null,'9','Y');
Insert into KRIM_PERM_TMPL_T (PERM_TMPL_ID,OBJ_ID,VER_NBR,NMSPC_CD,NM,DESC_TXT,KIM_TYP_ID,ACTV_IND) values ('46','606763510FC196D3E0404F8189D857A2',1,'KR-NS','View Note / Attachment',null,'9','Y');
Insert into KRIM_PERM_TMPL_T (PERM_TMPL_ID,OBJ_ID,VER_NBR,NMSPC_CD,NM,DESC_TXT,KIM_TYP_ID,ACTV_IND) values ('47','606763510FC296D3E0404F8189D857A2',1,'KR-NS','Delete Note / Attachment',null,'59','Y');
Insert into KRIM_PERM_TMPL_T (PERM_TMPL_ID,OBJ_ID,VER_NBR,NMSPC_CD,NM,DESC_TXT,KIM_TYP_ID,ACTV_IND) values ('49','662384B381B867A1E0404F8189D868A6',1,'KR-NS','Send Ad Hoc Request',null,'5','Y');
Insert into KRIM_PERM_TMPL_T (PERM_TMPL_ID,OBJ_ID,VER_NBR,NMSPC_CD,NM,DESC_TXT,KIM_TYP_ID,ACTV_IND) values ('5','5ADF18B6D4B27954E0404F8189D85002',1,'KR-WKFLW','Route Document',null,'3','Y');
Insert into KRIM_PERM_TMPL_T (PERM_TMPL_ID,OBJ_ID,VER_NBR,NMSPC_CD,NM,DESC_TXT,KIM_TYP_ID,ACTV_IND) values ('51','430ad531-89e4-11df-98b1-1300c9ee50c1',1,'KR-WKFLW','Add Message to Route Log',null,'3','Y');
Insert into KRIM_PERM_TMPL_T (PERM_TMPL_ID,OBJ_ID,VER_NBR,NMSPC_CD,NM,DESC_TXT,KIM_TYP_ID,ACTV_IND) values ('52','B7DBFABEFD2A8CBFE0402E0AA9D757C9',1,'KR-RULE','KRMS Agenda Permission','View/Maintain Agenda','67','Y');
Insert into KRIM_PERM_TMPL_T (PERM_TMPL_ID,OBJ_ID,VER_NBR,NMSPC_CD,NM,DESC_TXT,KIM_TYP_ID,ACTV_IND) values ('53','B7DBFABEFD578CBFE0402E0AA9D757C9',1,'KR-KRAD','Open View',null,'68','Y');
Insert into KRIM_PERM_TMPL_T (PERM_TMPL_ID,OBJ_ID,VER_NBR,NMSPC_CD,NM,DESC_TXT,KIM_TYP_ID,ACTV_IND) values ('54','B7DBFABEFD588CBFE0402E0AA9D757C9',1,'KR-KRAD','Edit View',null,'68','Y');
Insert into KRIM_PERM_TMPL_T (PERM_TMPL_ID,OBJ_ID,VER_NBR,NMSPC_CD,NM,DESC_TXT,KIM_TYP_ID,ACTV_IND) values ('55','B7DBFABEFD598CBFE0402E0AA9D757C9',1,'KR-KRAD','Use View',null,'69','Y');
Insert into KRIM_PERM_TMPL_T (PERM_TMPL_ID,OBJ_ID,VER_NBR,NMSPC_CD,NM,DESC_TXT,KIM_TYP_ID,ACTV_IND) values ('56','B7DBFABEFD5A8CBFE0402E0AA9D757C9',1,'KR-KRAD','View Field',null,'70','Y');
Insert into KRIM_PERM_TMPL_T (PERM_TMPL_ID,OBJ_ID,VER_NBR,NMSPC_CD,NM,DESC_TXT,KIM_TYP_ID,ACTV_IND) values ('57','B7DBFABEFD5B8CBFE0402E0AA9D757C9',1,'KR-KRAD','Edit Field',null,'70','Y');
Insert into KRIM_PERM_TMPL_T (PERM_TMPL_ID,OBJ_ID,VER_NBR,NMSPC_CD,NM,DESC_TXT,KIM_TYP_ID,ACTV_IND) values ('58','B7DBFABEFD5C8CBFE0402E0AA9D757C9',1,'KR-KRAD','View Group',null,'71','Y');
Insert into KRIM_PERM_TMPL_T (PERM_TMPL_ID,OBJ_ID,VER_NBR,NMSPC_CD,NM,DESC_TXT,KIM_TYP_ID,ACTV_IND) values ('59','B7DBFABEFD5D8CBFE0402E0AA9D757C9',1,'KR-KRAD','Edit Group',null,'71','Y');
Insert into KRIM_PERM_TMPL_T (PERM_TMPL_ID,OBJ_ID,VER_NBR,NMSPC_CD,NM,DESC_TXT,KIM_TYP_ID,ACTV_IND) values ('60','B7DBFABEFD5E8CBFE0402E0AA9D757C9',1,'KR-KRAD','View Widget',null,'72','Y');
Insert into KRIM_PERM_TMPL_T (PERM_TMPL_ID,OBJ_ID,VER_NBR,NMSPC_CD,NM,DESC_TXT,KIM_TYP_ID,ACTV_IND) values ('61','B7DBFABEFD5F8CBFE0402E0AA9D757C9',1,'KR-KRAD','Edit Widget',null,'72','Y');
Insert into KRIM_PERM_TMPL_T (PERM_TMPL_ID,OBJ_ID,VER_NBR,NMSPC_CD,NM,DESC_TXT,KIM_TYP_ID,ACTV_IND) values ('62','B7DBFABEFD608CBFE0402E0AA9D757C9',1,'KR-KRAD','Perform Action',null,'73','Y');
Insert into KRIM_PERM_TMPL_T (PERM_TMPL_ID,OBJ_ID,VER_NBR,NMSPC_CD,NM,DESC_TXT,KIM_TYP_ID,ACTV_IND) values ('63','B7DBFABEFD618CBFE0402E0AA9D757C9',1,'KR-KRAD','View Line',null,'71','Y');
Insert into KRIM_PERM_TMPL_T (PERM_TMPL_ID,OBJ_ID,VER_NBR,NMSPC_CD,NM,DESC_TXT,KIM_TYP_ID,ACTV_IND) values ('64','B7DBFABEFD628CBFE0402E0AA9D757C9',1,'KR-KRAD','Edit Line',null,'71','Y');
Insert into KRIM_PERM_TMPL_T (PERM_TMPL_ID,OBJ_ID,VER_NBR,NMSPC_CD,NM,DESC_TXT,KIM_TYP_ID,ACTV_IND) values ('65','B7DBFABEFD638CBFE0402E0AA9D757C9',1,'KR-KRAD','View Line Field',null,'74','Y');
Insert into KRIM_PERM_TMPL_T (PERM_TMPL_ID,OBJ_ID,VER_NBR,NMSPC_CD,NM,DESC_TXT,KIM_TYP_ID,ACTV_IND) values ('66','B7DBFABEFD648CBFE0402E0AA9D757C9',1,'KR-KRAD','Edit Line Field',null,'74','Y');
Insert into KRIM_PERM_TMPL_T (PERM_TMPL_ID,OBJ_ID,VER_NBR,NMSPC_CD,NM,DESC_TXT,KIM_TYP_ID,ACTV_IND) values ('67','B7DBFABEFD658CBFE0402E0AA9D757C9',1,'KR-KRAD','Perform Line Action',null,'75','Y');
Insert into KRIM_PERM_TMPL_T (PERM_TMPL_ID,OBJ_ID,VER_NBR,NMSPC_CD,NM,DESC_TXT,KIM_TYP_ID,ACTV_IND) values ('68','BC5444677C24328CE0402E0AA9D77D80',1,'KR-WKFLW','Recall Document',null,'8','Y');
Insert into KRIM_PERM_TMPL_T (PERM_TMPL_ID,OBJ_ID,VER_NBR,NMSPC_CD,NM,DESC_TXT,KIM_TYP_ID,ACTV_IND) values ('8','5ADF18B6D4B77954E0404F8189D85002',1,'KR-NS','Take Requested Action',null,'4','Y');
Insert into KRIM_PERM_TMPL_T (PERM_TMPL_ID,OBJ_ID,VER_NBR,NMSPC_CD,NM,DESC_TXT,KIM_TYP_ID,ACTV_IND) values ('9','5ADF18B6D4BB7954E0404F8189D85002',1,'KR-WKFLW','Ad Hoc Review Document',null,'5','Y');
Insert into KRIM_PERM_TMPL_T (PERM_TMPL_ID,OBJ_ID,VER_NBR,NMSPC_CD,NM,DESC_TXT,KIM_TYP_ID,ACTV_IND) values ('KR1000','CDC48BA7E67A87DFE040F90A05B92A31',1,'KR-WKFLW','Super User Approve Single Action Request',null,'KR1000','Y');
Insert into KRIM_PERM_TMPL_T (PERM_TMPL_ID,OBJ_ID,VER_NBR,NMSPC_CD,NM,DESC_TXT,KIM_TYP_ID,ACTV_IND) values ('KR1001','CDC48BA7E67B87DFE040F90A05B92A31',1,'KR-WKFLW','Super User Approve Document',null,'KR1000','Y');
Insert into KRIM_PERM_TMPL_T (PERM_TMPL_ID,OBJ_ID,VER_NBR,NMSPC_CD,NM,DESC_TXT,KIM_TYP_ID,ACTV_IND) values ('KR1002','CDC48BA7E67C87DFE040F90A05B92A31',1,'KR-WKFLW','Super User Disapprove Document',null,'KR1000','Y');
Insert into KRIM_PERM_TMPL_T (PERM_TMPL_ID,OBJ_ID,VER_NBR,NMSPC_CD,NM,DESC_TXT,KIM_TYP_ID,ACTV_IND) values ('KR1003','CEA27F2DB2DC3593E040F90A05B924DB',1,'KR-SYS','Backdoor Restriction','Backdoor Restriction','KR1001','Y');
 --- INSERTING into KRIM_PERSON_DOCUMENT_T

 --- INSERTING into KRIM_PHONE_TYP_T

Insert into KRIM_PHONE_TYP_T (PHONE_TYP_CD,OBJ_ID,VER_NBR,PHONE_TYP_NM,ACTV_IND,DISPLAY_SORT_CD,LAST_UPDT_DT) values ('HM','5B97C50B03906110E0404F8189D85213',1,'Home','Y','b',to_date('13-NOV-08','DD-MON-RR'));
Insert into KRIM_PHONE_TYP_T (PHONE_TYP_CD,OBJ_ID,VER_NBR,PHONE_TYP_NM,ACTV_IND,DISPLAY_SORT_CD,LAST_UPDT_DT) values ('MBL','5B97C50B03916110E0404F8189D85213',1,'Mobile','Y','c',to_date('13-NOV-08','DD-MON-RR'));
Insert into KRIM_PHONE_TYP_T (PHONE_TYP_CD,OBJ_ID,VER_NBR,PHONE_TYP_NM,ACTV_IND,DISPLAY_SORT_CD,LAST_UPDT_DT) values ('OTH','5B97C50B03926110E0404F8189D85213',1,'Other','Y','d',to_date('13-NOV-08','DD-MON-RR'));
Insert into KRIM_PHONE_TYP_T (PHONE_TYP_CD,OBJ_ID,VER_NBR,PHONE_TYP_NM,ACTV_IND,DISPLAY_SORT_CD,LAST_UPDT_DT) values ('WRK','5B97C50B03936110E0404F8189D85213',1,'Work','Y','a',to_date('13-NOV-08','DD-MON-RR'));
 --- INSERTING into KRIM_PND_ADDR_MT

 --- INSERTING into KRIM_PND_AFLTN_MT

 --- INSERTING into KRIM_PND_CTZNSHP_MT

 --- INSERTING into KRIM_PND_DLGN_MBR_ATTR_DATA_T

 --- INSERTING into KRIM_PND_DLGN_MBR_T

 --- INSERTING into KRIM_PND_DLGN_T

 --- INSERTING into KRIM_PND_EMAIL_MT

 --- INSERTING into KRIM_PND_EMP_INFO_MT

 --- INSERTING into KRIM_PND_GRP_ATTR_DATA_T

 --- INSERTING into KRIM_PND_GRP_MBR_T

 --- INSERTING into KRIM_PND_GRP_PRNCPL_MT

 --- INSERTING into KRIM_PND_NM_MT

 --- INSERTING into KRIM_PND_PHONE_MT

 --- INSERTING into KRIM_PND_PRIV_PREF_MT

 --- INSERTING into KRIM_PND_ROLE_MBR_ATTR_DATA_MT

 --- INSERTING into KRIM_PND_ROLE_MBR_MT

 --- INSERTING into KRIM_PND_ROLE_MT

 --- INSERTING into KRIM_PND_ROLE_PERM_T

 --- INSERTING into KRIM_PND_ROLE_RSP_ACTN_MT

 --- INSERTING into KRIM_PND_ROLE_RSP_T

 --- INSERTING into KRIM_PRNCPL_T

Insert into KRIM_PRNCPL_T (PRNCPL_ID,OBJ_ID,VER_NBR,PRNCPL_NM,ENTITY_ID,PRNCPL_PSWD,ACTV_IND,LAST_UPDT_DT) values ('1','5B1B6B919CCA6496E0404F8189D822F2',1,'kr','1',null,'Y',to_date('07-NOV-08','DD-MON-RR'));
Insert into KRIM_PRNCPL_T (PRNCPL_ID,OBJ_ID,VER_NBR,PRNCPL_NM,ENTITY_ID,PRNCPL_PSWD,ACTV_IND,LAST_UPDT_DT) values ('admin','5B97C50B03C56110E0404F8189D85213',1,'admin','1100','admin123','Y',to_date('13-NOV-08','DD-MON-RR'));
Insert into KRIM_PRNCPL_T (PRNCPL_ID,OBJ_ID,VER_NBR,PRNCPL_NM,ENTITY_ID,PRNCPL_PSWD,ACTV_IND,LAST_UPDT_DT) values ('admin1','5B97C50B03C66110E0404F8189D85213',1,'admin1','1125',null,'Y',to_date('13-NOV-08','DD-MON-RR'));
Insert into KRIM_PRNCPL_T (PRNCPL_ID,OBJ_ID,VER_NBR,PRNCPL_NM,ENTITY_ID,PRNCPL_PSWD,ACTV_IND,LAST_UPDT_DT) values ('admin2','5B97C50B03C76110E0404F8189D85213',1,'admin2','1126',null,'Y',to_date('13-NOV-08','DD-MON-RR'));
Insert into KRIM_PRNCPL_T (PRNCPL_ID,OBJ_ID,VER_NBR,PRNCPL_NM,ENTITY_ID,PRNCPL_PSWD,ACTV_IND,LAST_UPDT_DT) values ('dev1','5B97C50B03C86110E0404F8189D85213',1,'dev1','1129',null,'Y',to_date('13-NOV-08','DD-MON-RR'));
Insert into KRIM_PRNCPL_T (PRNCPL_ID,OBJ_ID,VER_NBR,PRNCPL_NM,ENTITY_ID,PRNCPL_PSWD,ACTV_IND,LAST_UPDT_DT) values ('dev2','5B97C50B03C96110E0404F8189D85213',1,'dev2','1130',null,'Y',to_date('13-NOV-08','DD-MON-RR'));
Insert into KRIM_PRNCPL_T (PRNCPL_ID,OBJ_ID,VER_NBR,PRNCPL_NM,ENTITY_ID,PRNCPL_PSWD,ACTV_IND,LAST_UPDT_DT) values ('director','5B97C50B03CA6110E0404F8189D85213',1,'director','1135',null,'Y',to_date('13-NOV-08','DD-MON-RR'));
Insert into KRIM_PRNCPL_T (PRNCPL_ID,OBJ_ID,VER_NBR,PRNCPL_NM,ENTITY_ID,PRNCPL_PSWD,ACTV_IND,LAST_UPDT_DT) values ('doug','5B97C50B03CB6110E0404F8189D85213',1,'doug','1121',null,'Y',to_date('13-NOV-08','DD-MON-RR'));
Insert into KRIM_PRNCPL_T (PRNCPL_ID,OBJ_ID,VER_NBR,PRNCPL_NM,ENTITY_ID,PRNCPL_PSWD,ACTV_IND,LAST_UPDT_DT) values ('earl','5B97C50B03CC6110E0404F8189D85213',1,'earl','1116',null,'Y',to_date('13-NOV-08','DD-MON-RR'));
Insert into KRIM_PRNCPL_T (PRNCPL_ID,OBJ_ID,VER_NBR,PRNCPL_NM,ENTITY_ID,PRNCPL_PSWD,ACTV_IND,LAST_UPDT_DT) values ('edna','5B97C50B03CD6110E0404F8189D85213',1,'edna','1114',null,'Y',to_date('13-NOV-08','DD-MON-RR'));
Insert into KRIM_PRNCPL_T (PRNCPL_ID,OBJ_ID,VER_NBR,PRNCPL_NM,ENTITY_ID,PRNCPL_PSWD,ACTV_IND,LAST_UPDT_DT) values ('employee','5B97C50B03CE6110E0404F8189D85213',1,'employee','1137',null,'Y',to_date('13-NOV-08','DD-MON-RR'));
Insert into KRIM_PRNCPL_T (PRNCPL_ID,OBJ_ID,VER_NBR,PRNCPL_NM,ENTITY_ID,PRNCPL_PSWD,ACTV_IND,LAST_UPDT_DT) values ('eric','5B97C50B03CF6110E0404F8189D85213',1,'eric','1115',null,'Y',to_date('13-NOV-08','DD-MON-RR'));
Insert into KRIM_PRNCPL_T (PRNCPL_ID,OBJ_ID,VER_NBR,PRNCPL_NM,ENTITY_ID,PRNCPL_PSWD,ACTV_IND,LAST_UPDT_DT) values ('erin','5B97C50B03D06110E0404F8189D85213',1,'erin','1117',null,'Y',to_date('13-NOV-08','DD-MON-RR'));
Insert into KRIM_PRNCPL_T (PRNCPL_ID,OBJ_ID,VER_NBR,PRNCPL_NM,ENTITY_ID,PRNCPL_PSWD,ACTV_IND,LAST_UPDT_DT) values ('fran','5B97C50B03D16110E0404F8189D85213',1,'fran','1119',null,'Y',to_date('13-NOV-08','DD-MON-RR'));
Insert into KRIM_PRNCPL_T (PRNCPL_ID,OBJ_ID,VER_NBR,PRNCPL_NM,ENTITY_ID,PRNCPL_PSWD,ACTV_IND,LAST_UPDT_DT) values ('frank','5B97C50B03D26110E0404F8189D85213',1,'frank','1120',null,'Y',to_date('13-NOV-08','DD-MON-RR'));
Insert into KRIM_PRNCPL_T (PRNCPL_ID,OBJ_ID,VER_NBR,PRNCPL_NM,ENTITY_ID,PRNCPL_PSWD,ACTV_IND,LAST_UPDT_DT) values ('fred','5B97C50B03D36110E0404F8189D85213',1,'fred','1118',null,'Y',to_date('13-NOV-08','DD-MON-RR'));
Insert into KRIM_PRNCPL_T (PRNCPL_ID,OBJ_ID,VER_NBR,PRNCPL_NM,ENTITY_ID,PRNCPL_PSWD,ACTV_IND,LAST_UPDT_DT) values ('guest','CADAFF9BD4F44598E040F90A05B96699',1,'guest','KR1000',null,'Y',to_date('29-SEP-12','DD-MON-RR'));
Insert into KRIM_PRNCPL_T (PRNCPL_ID,OBJ_ID,VER_NBR,PRNCPL_NM,ENTITY_ID,PRNCPL_PSWD,ACTV_IND,LAST_UPDT_DT) values ('idm1','5B97C50B03D46110E0404F8189D85213',1,'idm1','1122',null,'Y',to_date('13-NOV-08','DD-MON-RR'));
Insert into KRIM_PRNCPL_T (PRNCPL_ID,OBJ_ID,VER_NBR,PRNCPL_NM,ENTITY_ID,PRNCPL_PSWD,ACTV_IND,LAST_UPDT_DT) values ('idm2','5B97C50B03D56110E0404F8189D85213',1,'idm2','1123',null,'Y',to_date('13-NOV-08','DD-MON-RR'));
Insert into KRIM_PRNCPL_T (PRNCPL_ID,OBJ_ID,VER_NBR,PRNCPL_NM,ENTITY_ID,PRNCPL_PSWD,ACTV_IND,LAST_UPDT_DT) values ('idm3','5B97C50B03D66110E0404F8189D85213',1,'idm3','1124',null,'Y',to_date('13-NOV-08','DD-MON-RR'));
Insert into KRIM_PRNCPL_T (PRNCPL_ID,OBJ_ID,VER_NBR,PRNCPL_NM,ENTITY_ID,PRNCPL_PSWD,ACTV_IND,LAST_UPDT_DT) values ('kuluser','5B97C50B03BA6110E0404F8189D85213',1,'kuluser','1136',null,'Y',to_date('13-NOV-08','DD-MON-RR'));
Insert into KRIM_PRNCPL_T (PRNCPL_ID,OBJ_ID,VER_NBR,PRNCPL_NM,ENTITY_ID,PRNCPL_PSWD,ACTV_IND,LAST_UPDT_DT) values ('newaccountuser','5B97C50B03D76110E0404F8189D85213',1,'newacctusr','1133',null,'Y',to_date('13-NOV-08','DD-MON-RR'));
Insert into KRIM_PRNCPL_T (PRNCPL_ID,OBJ_ID,VER_NBR,PRNCPL_NM,ENTITY_ID,PRNCPL_PSWD,ACTV_IND,LAST_UPDT_DT) values ('notsys','5B97C50B03BB6110E0404F8189D85213',1,'notsys','1131',null,'Y',to_date('13-NOV-08','DD-MON-RR'));
Insert into KRIM_PRNCPL_T (PRNCPL_ID,OBJ_ID,VER_NBR,PRNCPL_NM,ENTITY_ID,PRNCPL_PSWD,ACTV_IND,LAST_UPDT_DT) values ('notsysadm','5B97C50B03BC6110E0404F8189D85213',1,'notsysadm','1132',null,'Y',to_date('13-NOV-08','DD-MON-RR'));
Insert into KRIM_PRNCPL_T (PRNCPL_ID,OBJ_ID,VER_NBR,PRNCPL_NM,ENTITY_ID,PRNCPL_PSWD,ACTV_IND,LAST_UPDT_DT) values ('quickstart','5B97C50B03D86110E0404F8189D85213',1,'quickstart','1109',null,'Y',to_date('13-NOV-08','DD-MON-RR'));
Insert into KRIM_PRNCPL_T (PRNCPL_ID,OBJ_ID,VER_NBR,PRNCPL_NM,ENTITY_ID,PRNCPL_PSWD,ACTV_IND,LAST_UPDT_DT) values ('supervisor','5B97C50B03D96110E0404F8189D85213',1,'supervisr','1134',null,'Y',to_date('13-NOV-08','DD-MON-RR'));
Insert into KRIM_PRNCPL_T (PRNCPL_ID,OBJ_ID,VER_NBR,PRNCPL_NM,ENTITY_ID,PRNCPL_PSWD,ACTV_IND,LAST_UPDT_DT) values ('test1','5B97C50B03DA6110E0404F8189D85213',1,'test1','1127',null,'Y',to_date('13-NOV-08','DD-MON-RR'));
Insert into KRIM_PRNCPL_T (PRNCPL_ID,OBJ_ID,VER_NBR,PRNCPL_NM,ENTITY_ID,PRNCPL_PSWD,ACTV_IND,LAST_UPDT_DT) values ('test2','5B97C50B03DB6110E0404F8189D85213',1,'test2','1128',null,'Y',to_date('13-NOV-08','DD-MON-RR'));
Insert into KRIM_PRNCPL_T (PRNCPL_ID,OBJ_ID,VER_NBR,PRNCPL_NM,ENTITY_ID,PRNCPL_PSWD,ACTV_IND,LAST_UPDT_DT) values ('testadmin1','5B97C50B03BD6110E0404F8189D85213',1,'testadmin1','1101',null,'Y',to_date('13-NOV-08','DD-MON-RR'));
Insert into KRIM_PRNCPL_T (PRNCPL_ID,OBJ_ID,VER_NBR,PRNCPL_NM,ENTITY_ID,PRNCPL_PSWD,ACTV_IND,LAST_UPDT_DT) values ('testadmin2','5B97C50B03BE6110E0404F8189D85213',1,'testadmin2','1102',null,'Y',to_date('13-NOV-08','DD-MON-RR'));
Insert into KRIM_PRNCPL_T (PRNCPL_ID,OBJ_ID,VER_NBR,PRNCPL_NM,ENTITY_ID,PRNCPL_PSWD,ACTV_IND,LAST_UPDT_DT) values ('testuser1','5B97C50B03BF6110E0404F8189D85213',1,'testuser1','1103',null,'Y',to_date('13-NOV-08','DD-MON-RR'));
Insert into KRIM_PRNCPL_T (PRNCPL_ID,OBJ_ID,VER_NBR,PRNCPL_NM,ENTITY_ID,PRNCPL_PSWD,ACTV_IND,LAST_UPDT_DT) values ('testuser2','5B97C50B03C06110E0404F8189D85213',1,'testuser2','1104',null,'Y',to_date('13-NOV-08','DD-MON-RR'));
Insert into KRIM_PRNCPL_T (PRNCPL_ID,OBJ_ID,VER_NBR,PRNCPL_NM,ENTITY_ID,PRNCPL_PSWD,ACTV_IND,LAST_UPDT_DT) values ('testuser3','5B97C50B03C16110E0404F8189D85213',1,'testuser3','1105',null,'Y',to_date('13-NOV-08','DD-MON-RR'));
Insert into KRIM_PRNCPL_T (PRNCPL_ID,OBJ_ID,VER_NBR,PRNCPL_NM,ENTITY_ID,PRNCPL_PSWD,ACTV_IND,LAST_UPDT_DT) values ('testuser4','5B97C50B03C26110E0404F8189D85213',1,'testuser4','1106',null,'Y',to_date('13-NOV-08','DD-MON-RR'));
Insert into KRIM_PRNCPL_T (PRNCPL_ID,OBJ_ID,VER_NBR,PRNCPL_NM,ENTITY_ID,PRNCPL_PSWD,ACTV_IND,LAST_UPDT_DT) values ('testuser5','5B97C50B03C36110E0404F8189D85213',1,'testuser5','1107',null,'Y',to_date('13-NOV-08','DD-MON-RR'));
Insert into KRIM_PRNCPL_T (PRNCPL_ID,OBJ_ID,VER_NBR,PRNCPL_NM,ENTITY_ID,PRNCPL_PSWD,ACTV_IND,LAST_UPDT_DT) values ('testuser6','5B97C50B03C46110E0404F8189D85213',1,'testuser6','1108',null,'Y',to_date('13-NOV-08','DD-MON-RR'));
Insert into KRIM_PRNCPL_T (PRNCPL_ID,OBJ_ID,VER_NBR,PRNCPL_NM,ENTITY_ID,PRNCPL_PSWD,ACTV_IND,LAST_UPDT_DT) values ('user1','5B97C50B03DC6110E0404F8189D85213',1,'user1','1110',null,'Y',to_date('13-NOV-08','DD-MON-RR'));
Insert into KRIM_PRNCPL_T (PRNCPL_ID,OBJ_ID,VER_NBR,PRNCPL_NM,ENTITY_ID,PRNCPL_PSWD,ACTV_IND,LAST_UPDT_DT) values ('user2','5B97C50B03DD6110E0404F8189D85213',1,'user2','1111',null,'Y',to_date('13-NOV-08','DD-MON-RR'));
Insert into KRIM_PRNCPL_T (PRNCPL_ID,OBJ_ID,VER_NBR,PRNCPL_NM,ENTITY_ID,PRNCPL_PSWD,ACTV_IND,LAST_UPDT_DT) values ('user3','5B97C50B03DE6110E0404F8189D85213',1,'user3','1112',null,'Y',to_date('13-NOV-08','DD-MON-RR'));
Insert into KRIM_PRNCPL_T (PRNCPL_ID,OBJ_ID,VER_NBR,PRNCPL_NM,ENTITY_ID,PRNCPL_PSWD,ACTV_IND,LAST_UPDT_DT) values ('user4','5B97C50B03DF6110E0404F8189D85213',1,'user4','1113',null,'Y',to_date('13-NOV-08','DD-MON-RR'));
 --- INSERTING into KRIM_ROLE_DOCUMENT_T

 --- INSERTING into KRIM_ROLE_MBR_ATTR_DATA_T

 --- INSERTING into KRIM_ROLE_MBR_T

Insert into KRIM_ROLE_MBR_T (ROLE_MBR_ID,VER_NBR,OBJ_ID,ROLE_ID,MBR_ID,MBR_TYP_CD,ACTV_FRM_DT,ACTV_TO_DT,LAST_UPDT_DT) values ('1282',1,'5B4B421E43857717E0404F8189D821F7','90','1','P',null,null,to_date('21-AUG-09','DD-MON-RR'));
Insert into KRIM_ROLE_MBR_T (ROLE_MBR_ID,VER_NBR,OBJ_ID,ROLE_ID,MBR_ID,MBR_TYP_CD,ACTV_FRM_DT,ACTV_TO_DT,LAST_UPDT_DT) values ('1283',1,'D0B057F8E7B949EFA94AE8CDA47DE41B','63','admin','P',null,null,to_date('08-DEC-08','DD-MON-RR'));
Insert into KRIM_ROLE_MBR_T (ROLE_MBR_ID,VER_NBR,OBJ_ID,ROLE_ID,MBR_ID,MBR_TYP_CD,ACTV_FRM_DT,ACTV_TO_DT,LAST_UPDT_DT) values ('1284',1,'B7DBFABEFD2E8CBFE0402E0AA9D757C9','98','admin','P',null,null,to_date('31-JAN-12','DD-MON-RR'));
Insert into KRIM_ROLE_MBR_T (ROLE_MBR_ID,VER_NBR,OBJ_ID,ROLE_ID,MBR_ID,MBR_TYP_CD,ACTV_FRM_DT,ACTV_TO_DT,LAST_UPDT_DT) values ('KR1000',1,'CFBAA6F5F0D45D07E0406E0AC31D229B','KR1000','guest','P',null,null,to_date('30-NOV-12','DD-MON-RR'));
Insert into KRIM_ROLE_MBR_T (ROLE_MBR_ID,VER_NBR,OBJ_ID,ROLE_ID,MBR_ID,MBR_TYP_CD,ACTV_FRM_DT,ACTV_TO_DT,LAST_UPDT_DT) values ('KRSAP10003',1,'CDD8032915D2BF1FE040F90A05B94313','KRSAP10003','dev1','P',null,null,to_date('06-NOV-12','DD-MON-RR'));
Insert into KRIM_ROLE_MBR_T (ROLE_MBR_ID,VER_NBR,OBJ_ID,ROLE_ID,MBR_ID,MBR_TYP_CD,ACTV_FRM_DT,ACTV_TO_DT,LAST_UPDT_DT) values ('KRSAP10004',1,'CDD8032915D4BF1FE040F90A05B94313','KRSAP10004','admin','P',null,null,to_date('06-NOV-12','DD-MON-RR'));
Insert into KRIM_ROLE_MBR_T (ROLE_MBR_ID,VER_NBR,OBJ_ID,ROLE_ID,MBR_ID,MBR_TYP_CD,ACTV_FRM_DT,ACTV_TO_DT,LAST_UPDT_DT) values ('KRSAP10005',1,'CDD8032915D5BF1FE040F90A05B94313','KRSAP10004','dev1','P',null,null,to_date('06-NOV-12','DD-MON-RR'));
 --- INSERTING into KRIM_ROLE_PERM_T

Insert into KRIM_ROLE_PERM_T (ROLE_PERM_ID,OBJ_ID,VER_NBR,ROLE_ID,PERM_ID,ACTV_IND) values ('183','5C27A267EF5C7417E0404F8189D830A9',1,'63','140','Y');
Insert into KRIM_ROLE_PERM_T (ROLE_PERM_ID,OBJ_ID,VER_NBR,ROLE_ID,PERM_ID,ACTV_IND) values ('184','5C27A267EF5D7417E0404F8189D830A9',1,'63','141','Y');
Insert into KRIM_ROLE_PERM_T (ROLE_PERM_ID,OBJ_ID,VER_NBR,ROLE_ID,PERM_ID,ACTV_IND) values ('185','5C27A267EF5E7417E0404F8189D830A9',1,'63','142','Y');
Insert into KRIM_ROLE_PERM_T (ROLE_PERM_ID,OBJ_ID,VER_NBR,ROLE_ID,PERM_ID,ACTV_IND) values ('186','5C27A267EF5F7417E0404F8189D830A9',1,'63','143','Y');
Insert into KRIM_ROLE_PERM_T (ROLE_PERM_ID,OBJ_ID,VER_NBR,ROLE_ID,PERM_ID,ACTV_IND) values ('187','5C27A267EF607417E0404F8189D830A9',1,'63','144','Y');
Insert into KRIM_ROLE_PERM_T (ROLE_PERM_ID,OBJ_ID,VER_NBR,ROLE_ID,PERM_ID,ACTV_IND) values ('188','5C27A267EF617417E0404F8189D830A9',1,'63','145','Y');
Insert into KRIM_ROLE_PERM_T (ROLE_PERM_ID,OBJ_ID,VER_NBR,ROLE_ID,PERM_ID,ACTV_IND) values ('189','5C27A267EF627417E0404F8189D830A9',1,'1','146','Y');
Insert into KRIM_ROLE_PERM_T (ROLE_PERM_ID,OBJ_ID,VER_NBR,ROLE_ID,PERM_ID,ACTV_IND) values ('190','5C27A267EF637417E0404F8189D830A9',1,'63','147','Y');
Insert into KRIM_ROLE_PERM_T (ROLE_PERM_ID,OBJ_ID,VER_NBR,ROLE_ID,PERM_ID,ACTV_IND) values ('191','5C27A267EF647417E0404F8189D830A9',1,'63','148','Y');
Insert into KRIM_ROLE_PERM_T (ROLE_PERM_ID,OBJ_ID,VER_NBR,ROLE_ID,PERM_ID,ACTV_IND) values ('193','5C27A267EF667417E0404F8189D830A9',1,'1','149','Y');
Insert into KRIM_ROLE_PERM_T (ROLE_PERM_ID,OBJ_ID,VER_NBR,ROLE_ID,PERM_ID,ACTV_IND) values ('194','5C27A267EF677417E0404F8189D830A9',1,'63','150','Y');
Insert into KRIM_ROLE_PERM_T (ROLE_PERM_ID,OBJ_ID,VER_NBR,ROLE_ID,PERM_ID,ACTV_IND) values ('195','5C27A267EF687417E0404F8189D830A9',1,'63','151','Y');
Insert into KRIM_ROLE_PERM_T (ROLE_PERM_ID,OBJ_ID,VER_NBR,ROLE_ID,PERM_ID,ACTV_IND) values ('196','5C27A267EF697417E0404F8189D830A9',1,'63','152','Y');
Insert into KRIM_ROLE_PERM_T (ROLE_PERM_ID,OBJ_ID,VER_NBR,ROLE_ID,PERM_ID,ACTV_IND) values ('200','5C27A267EF6D7417E0404F8189D830A9',1,'63','155','Y');
Insert into KRIM_ROLE_PERM_T (ROLE_PERM_ID,OBJ_ID,VER_NBR,ROLE_ID,PERM_ID,ACTV_IND) values ('201','5C27A267EF6E7417E0404F8189D830A9',1,'1','156','Y');
Insert into KRIM_ROLE_PERM_T (ROLE_PERM_ID,OBJ_ID,VER_NBR,ROLE_ID,PERM_ID,ACTV_IND) values ('206','5C27A267EF737417E0404F8189D830A9',1,'1','161','Y');
Insert into KRIM_ROLE_PERM_T (ROLE_PERM_ID,OBJ_ID,VER_NBR,ROLE_ID,PERM_ID,ACTV_IND) values ('207','5C27A267EF747417E0404F8189D830A9',1,'1','162','Y');
Insert into KRIM_ROLE_PERM_T (ROLE_PERM_ID,OBJ_ID,VER_NBR,ROLE_ID,PERM_ID,ACTV_IND) values ('208','5C27A267EF757417E0404F8189D830A9',1,'63','163','Y');
Insert into KRIM_ROLE_PERM_T (ROLE_PERM_ID,OBJ_ID,VER_NBR,ROLE_ID,PERM_ID,ACTV_IND) values ('210','5C27A267EF777417E0404F8189D830A9',1,'63','164','Y');
Insert into KRIM_ROLE_PERM_T (ROLE_PERM_ID,OBJ_ID,VER_NBR,ROLE_ID,PERM_ID,ACTV_IND) values ('211','5C27A267EF787417E0404F8189D830A9',1,'1','165','Y');
Insert into KRIM_ROLE_PERM_T (ROLE_PERM_ID,OBJ_ID,VER_NBR,ROLE_ID,PERM_ID,ACTV_IND) values ('212','5C27A267EF797417E0404F8189D830A9',1,'66','167','Y');
Insert into KRIM_ROLE_PERM_T (ROLE_PERM_ID,OBJ_ID,VER_NBR,ROLE_ID,PERM_ID,ACTV_IND) values ('213','5C27A267EF7A7417E0404F8189D830A9',1,'66','168','Y');
Insert into KRIM_ROLE_PERM_T (ROLE_PERM_ID,OBJ_ID,VER_NBR,ROLE_ID,PERM_ID,ACTV_IND) values ('214','5C27A267EF7B7417E0404F8189D830A9',1,'60','290','Y');
Insert into KRIM_ROLE_PERM_T (ROLE_PERM_ID,OBJ_ID,VER_NBR,ROLE_ID,PERM_ID,ACTV_IND) values ('216','5C27A267EF7D7417E0404F8189D830A9',1,'59','170','Y');
Insert into KRIM_ROLE_PERM_T (ROLE_PERM_ID,OBJ_ID,VER_NBR,ROLE_ID,PERM_ID,ACTV_IND) values ('218','5C27A267EF7F7417E0404F8189D830A9',1,'89','172','Y');
Insert into KRIM_ROLE_PERM_T (ROLE_PERM_ID,OBJ_ID,VER_NBR,ROLE_ID,PERM_ID,ACTV_IND) values ('219','5C27A267EF807417E0404F8189D830A9',1,'88','173','Y');
Insert into KRIM_ROLE_PERM_T (ROLE_PERM_ID,OBJ_ID,VER_NBR,ROLE_ID,PERM_ID,ACTV_IND) values ('220','5C27A267EF817417E0404F8189D830A9',1,'1','174','Y');
Insert into KRIM_ROLE_PERM_T (ROLE_PERM_ID,OBJ_ID,VER_NBR,ROLE_ID,PERM_ID,ACTV_IND) values ('226','5C27A267EF877417E0404F8189D830A9',1,'60','180','Y');
Insert into KRIM_ROLE_PERM_T (ROLE_PERM_ID,OBJ_ID,VER_NBR,ROLE_ID,PERM_ID,ACTV_IND) values ('227','5C27A267EF887417E0404F8189D830A9',1,'59','181','Y');
Insert into KRIM_ROLE_PERM_T (ROLE_PERM_ID,OBJ_ID,VER_NBR,ROLE_ID,PERM_ID,ACTV_IND) values ('229','5C27A267EF8A7417E0404F8189D830A9',1,'63','183','Y');
Insert into KRIM_ROLE_PERM_T (ROLE_PERM_ID,OBJ_ID,VER_NBR,ROLE_ID,PERM_ID,ACTV_IND) values ('230','5C27A267EF5C7417E0404F8189D830AA',1,'63','378','Y');
Insert into KRIM_ROLE_PERM_T (ROLE_PERM_ID,OBJ_ID,VER_NBR,ROLE_ID,PERM_ID,ACTV_IND) values ('250','70086A2DF17D62E4E0404F8189D863CD',1,'95','156','Y');
Insert into KRIM_ROLE_PERM_T (ROLE_PERM_ID,OBJ_ID,VER_NBR,ROLE_ID,PERM_ID,ACTV_IND) values ('251','70086A2DF17E62E4E0404F8189D863CD',1,'97','181','Y');
Insert into KRIM_ROLE_PERM_T (ROLE_PERM_ID,OBJ_ID,VER_NBR,ROLE_ID,PERM_ID,ACTV_IND) values ('512','606763510FC596D3E0404F8189D857A2',1,'61','259','Y');
Insert into KRIM_ROLE_PERM_T (ROLE_PERM_ID,OBJ_ID,VER_NBR,ROLE_ID,PERM_ID,ACTV_IND) values ('516','606763510FC896D3E0404F8189D857A2',1,'83','261','Y');
Insert into KRIM_ROLE_PERM_T (ROLE_PERM_ID,OBJ_ID,VER_NBR,ROLE_ID,PERM_ID,ACTV_IND) values ('519','606763510FD096D3E0404F8189D857A2',1,'63','264','Y');
Insert into KRIM_ROLE_PERM_T (ROLE_PERM_ID,OBJ_ID,VER_NBR,ROLE_ID,PERM_ID,ACTV_IND) values ('550','611BE30E404F5818E0404F8189D801C2',1,'63','289','Y');
Insert into KRIM_ROLE_PERM_T (ROLE_PERM_ID,OBJ_ID,VER_NBR,ROLE_ID,PERM_ID,ACTV_IND) values ('552','61815E6C62D3B647E0404F8189D873B3',1,'90','290','Y');
Insert into KRIM_ROLE_PERM_T (ROLE_PERM_ID,OBJ_ID,VER_NBR,ROLE_ID,PERM_ID,ACTV_IND) values ('564','641E580969E41B49E0404F8189D86190',1,'63','298','Y');
Insert into KRIM_ROLE_PERM_T (ROLE_PERM_ID,OBJ_ID,VER_NBR,ROLE_ID,PERM_ID,ACTV_IND) values ('566','641E580969E61B49E0404F8189D86190',1,'63','299','Y');
Insert into KRIM_ROLE_PERM_T (ROLE_PERM_ID,OBJ_ID,VER_NBR,ROLE_ID,PERM_ID,ACTV_IND) values ('578','6314CC58CF5BB7B5E0404F8189D84439',1,'63','306','Y');
Insert into KRIM_ROLE_PERM_T (ROLE_PERM_ID,OBJ_ID,VER_NBR,ROLE_ID,PERM_ID,ACTV_IND) values ('616','662384B381C067A1E0404F8189D868A6',1,'83','333','Y');
Insert into KRIM_ROLE_PERM_T (ROLE_PERM_ID,OBJ_ID,VER_NBR,ROLE_ID,PERM_ID,ACTV_IND) values ('617','662384B381C467A1E0404F8189D868A6',1,'66','334','Y');
Insert into KRIM_ROLE_PERM_T (ROLE_PERM_ID,OBJ_ID,VER_NBR,ROLE_ID,PERM_ID,ACTV_IND) values ('618','662384B381BC67A1E0404F8189D868A6',1,'83','332','Y');
Insert into KRIM_ROLE_PERM_T (ROLE_PERM_ID,OBJ_ID,VER_NBR,ROLE_ID,PERM_ID,ACTV_IND) values ('683','6A869257B306EB49E0404F8189D8697A',1,'59','334','Y');
Insert into KRIM_ROLE_PERM_T (ROLE_PERM_ID,OBJ_ID,VER_NBR,ROLE_ID,PERM_ID,ACTV_IND) values ('701','C7C5063258494135A27DFDA4868F1D8B',1,'63','701','Y');
Insert into KRIM_ROLE_PERM_T (ROLE_PERM_ID,OBJ_ID,VER_NBR,ROLE_ID,PERM_ID,ACTV_IND) values ('702','6F5D842F42DC4018B6D9E8909A841062',1,'63','702','Y');
Insert into KRIM_ROLE_PERM_T (ROLE_PERM_ID,OBJ_ID,VER_NBR,ROLE_ID,PERM_ID,ACTV_IND) values ('703','70D86205B39A411F8A179555254E3737',1,'63','703','Y');
Insert into KRIM_ROLE_PERM_T (ROLE_PERM_ID,OBJ_ID,VER_NBR,ROLE_ID,PERM_ID,ACTV_IND) values ('707','B27306E137C94947BA8AFFD2892722D8',1,'63','707','Y');
Insert into KRIM_ROLE_PERM_T (ROLE_PERM_ID,OBJ_ID,VER_NBR,ROLE_ID,PERM_ID,ACTV_IND) values ('719','4B02BCD0AA764732997C77D139300784',1,'63','719','Y');
Insert into KRIM_ROLE_PERM_T (ROLE_PERM_ID,OBJ_ID,VER_NBR,ROLE_ID,PERM_ID,ACTV_IND) values ('720','7B920FA6145B47F6BF1B67B8EF3E96F4',1,'63','720','Y');
Insert into KRIM_ROLE_PERM_T (ROLE_PERM_ID,OBJ_ID,VER_NBR,ROLE_ID,PERM_ID,ACTV_IND) values ('721','A2794759AE9E47CB970DEABA625EA64C',1,'63','721','Y');
Insert into KRIM_ROLE_PERM_T (ROLE_PERM_ID,OBJ_ID,VER_NBR,ROLE_ID,PERM_ID,ACTV_IND) values ('730','05993B68C8034FD2A758E3441C6AD961',1,'1','161','Y');
Insert into KRIM_ROLE_PERM_T (ROLE_PERM_ID,OBJ_ID,VER_NBR,ROLE_ID,PERM_ID,ACTV_IND) values ('731','25F3589FEFFE4FFCBB4C0577AD722538',1,'1','162','Y');
Insert into KRIM_ROLE_PERM_T (ROLE_PERM_ID,OBJ_ID,VER_NBR,ROLE_ID,PERM_ID,ACTV_IND) values ('732','5AFD381C59B34E9D9BA26B70A739C9A2',1,'1','163','Y');
Insert into KRIM_ROLE_PERM_T (ROLE_PERM_ID,OBJ_ID,VER_NBR,ROLE_ID,PERM_ID,ACTV_IND) values ('808','606763510FDD96D3E0404F8189D857A2',1,'63','801','Y');
Insert into KRIM_ROLE_PERM_T (ROLE_PERM_ID,OBJ_ID,VER_NBR,ROLE_ID,PERM_ID,ACTV_IND) values ('809','606763510FDE96D3E0404F8189D857A2',1,'63','802','Y');
Insert into KRIM_ROLE_PERM_T (ROLE_PERM_ID,OBJ_ID,VER_NBR,ROLE_ID,PERM_ID,ACTV_IND) values ('810','606763510FDF96D3E0404F8189D857A2',1,'63','803','Y');
Insert into KRIM_ROLE_PERM_T (ROLE_PERM_ID,OBJ_ID,VER_NBR,ROLE_ID,PERM_ID,ACTV_IND) values ('811','606763510FE096D3E0404F8189D857A2',1,'63','807','Y');
Insert into KRIM_ROLE_PERM_T (ROLE_PERM_ID,OBJ_ID,VER_NBR,ROLE_ID,PERM_ID,ACTV_IND) values ('814','606763510FED96D3E0404F8189D857A2',1,'63','814','Y');
Insert into KRIM_ROLE_PERM_T (ROLE_PERM_ID,OBJ_ID,VER_NBR,ROLE_ID,PERM_ID,ACTV_IND) values ('819','606763510FEE96D3E0404F8189D857A2',1,'63','819','Y');
Insert into KRIM_ROLE_PERM_T (ROLE_PERM_ID,OBJ_ID,VER_NBR,ROLE_ID,PERM_ID,ACTV_IND) values ('820','606763510FEF96D3E0404F8189D857A2',1,'63','820','Y');
Insert into KRIM_ROLE_PERM_T (ROLE_PERM_ID,OBJ_ID,VER_NBR,ROLE_ID,PERM_ID,ACTV_IND) values ('821','606763510FF096D3E0404F8189D857A2',1,'63','821','Y');
Insert into KRIM_ROLE_PERM_T (ROLE_PERM_ID,OBJ_ID,VER_NBR,ROLE_ID,PERM_ID,ACTV_IND) values ('826','606763510FF196D3E0404F8189D857A2',1,'1','166','Y');
Insert into KRIM_ROLE_PERM_T (ROLE_PERM_ID,OBJ_ID,VER_NBR,ROLE_ID,PERM_ID,ACTV_IND) values ('827','606763510FF596D3E0404F8189D857A2',1,'63','265','Y');
Insert into KRIM_ROLE_PERM_T (ROLE_PERM_ID,OBJ_ID,VER_NBR,ROLE_ID,PERM_ID,ACTV_IND) values ('828','606763510FF696D3E0404F8189D857A2',1,'63','140','Y');
Insert into KRIM_ROLE_PERM_T (ROLE_PERM_ID,OBJ_ID,VER_NBR,ROLE_ID,PERM_ID,ACTV_IND) values ('829','606763510FF796D3E0404F8189D857A2',1,'63','141','Y');
Insert into KRIM_ROLE_PERM_T (ROLE_PERM_ID,OBJ_ID,VER_NBR,ROLE_ID,PERM_ID,ACTV_IND) values ('830','606763510FF896D3E0404F8189D857A2',1,'63','142','Y');
Insert into KRIM_ROLE_PERM_T (ROLE_PERM_ID,OBJ_ID,VER_NBR,ROLE_ID,PERM_ID,ACTV_IND) values ('831','606763510FF996D3E0404F8189D857A2',1,'63','143','Y');
Insert into KRIM_ROLE_PERM_T (ROLE_PERM_ID,OBJ_ID,VER_NBR,ROLE_ID,PERM_ID,ACTV_IND) values ('832','606763510FFA96D3E0404F8189D857A2',1,'63','144','Y');
Insert into KRIM_ROLE_PERM_T (ROLE_PERM_ID,OBJ_ID,VER_NBR,ROLE_ID,PERM_ID,ACTV_IND) values ('833','606763510FFB96D3E0404F8189D857A2',1,'63','145','Y');
Insert into KRIM_ROLE_PERM_T (ROLE_PERM_ID,OBJ_ID,VER_NBR,ROLE_ID,PERM_ID,ACTV_IND) values ('838','5C27A267EF6D7417E0404F8189D830AA',1,'63','833','Y');
Insert into KRIM_ROLE_PERM_T (ROLE_PERM_ID,OBJ_ID,VER_NBR,ROLE_ID,PERM_ID,ACTV_IND) values ('839','5C27A267EF6D7417E0404F8189D830AB',1,'63','834','Y');
Insert into KRIM_ROLE_PERM_T (ROLE_PERM_ID,OBJ_ID,VER_NBR,ROLE_ID,PERM_ID,ACTV_IND) values ('840','5C27A267EF6D7417E0404F8189D830AC',1,'63','835','Y');
Insert into KRIM_ROLE_PERM_T (ROLE_PERM_ID,OBJ_ID,VER_NBR,ROLE_ID,PERM_ID,ACTV_IND) values ('841','5C27A267EF6D7417E0404F8189D830AD',1,'63','835','Y');
Insert into KRIM_ROLE_PERM_T (ROLE_PERM_ID,OBJ_ID,VER_NBR,ROLE_ID,PERM_ID,ACTV_IND) values ('850','70086A2DF17C62E4E0404F8189D863CD',1,'63','307','Y');
Insert into KRIM_ROLE_PERM_T (ROLE_PERM_ID,OBJ_ID,VER_NBR,ROLE_ID,PERM_ID,ACTV_IND) values ('855','E83AB210-EB48-3BDE-2D6F-F6177869AE27',1,'63','840','Y');
Insert into KRIM_ROLE_PERM_T (ROLE_PERM_ID,OBJ_ID,VER_NBR,ROLE_ID,PERM_ID,ACTV_IND) values ('857','B6FDEDA86F987F26E0402E0AA9D728AF',1,'63','842','Y');
Insert into KRIM_ROLE_PERM_T (ROLE_PERM_ID,OBJ_ID,VER_NBR,ROLE_ID,PERM_ID,ACTV_IND) values ('858','B7DBFABEFD2F8CBFE0402E0AA9D757C9',1,'98','843','Y');
Insert into KRIM_ROLE_PERM_T (ROLE_PERM_ID,OBJ_ID,VER_NBR,ROLE_ID,PERM_ID,ACTV_IND) values ('859','45f8f55e-23d9-4278-ade8-ddfc870852e6',1,'98','844','Y');
Insert into KRIM_ROLE_PERM_T (ROLE_PERM_ID,OBJ_ID,VER_NBR,ROLE_ID,PERM_ID,ACTV_IND) values ('860','cd7cbc67-c0b2-4785-afa8-8c8d073b78df',1,'98','845','Y');
Insert into KRIM_ROLE_PERM_T (ROLE_PERM_ID,OBJ_ID,VER_NBR,ROLE_ID,PERM_ID,ACTV_IND) values ('861','83a270a0-1cdb-4440-ab8b-41cd8afc41d9',1,'98','846','Y');
Insert into KRIM_ROLE_PERM_T (ROLE_PERM_ID,OBJ_ID,VER_NBR,ROLE_ID,PERM_ID,ACTV_IND) values ('862','BD74D7B702AD02CEE0402E0AA9D75B2D',1,'60','847','Y');
Insert into KRIM_ROLE_PERM_T (ROLE_PERM_ID,OBJ_ID,VER_NBR,ROLE_ID,PERM_ID,ACTV_IND) values ('863','BFCADCB3401A249AE0402E0AA9D7065D',1,'83','848','Y');
Insert into KRIM_ROLE_PERM_T (ROLE_PERM_ID,OBJ_ID,VER_NBR,ROLE_ID,PERM_ID,ACTV_IND) values ('865','BFCADCB3401C249AE0402E0AA9D7065D',1,'61','167','Y');
Insert into KRIM_ROLE_PERM_T (ROLE_PERM_ID,OBJ_ID,VER_NBR,ROLE_ID,PERM_ID,ACTV_IND) values ('KR1000','D0C2892F47EE9142E0406E0AC31D23D6',1,'KR1001','KR1000','Y');
Insert into KRIM_ROLE_PERM_T (ROLE_PERM_ID,OBJ_ID,VER_NBR,ROLE_ID,PERM_ID,ACTV_IND) values ('KR1001','D0C2892F47EF9142E0406E0AC31D23D6',1,'KR1001','181','Y');
Insert into KRIM_ROLE_PERM_T (ROLE_PERM_ID,OBJ_ID,VER_NBR,ROLE_ID,PERM_ID,ACTV_IND) values ('KRSAP1003','CDD8032915D9BF1FE040F90A05B94313',1,'KRSAP10003','KRSAP10003','Y');
Insert into KRIM_ROLE_PERM_T (ROLE_PERM_ID,OBJ_ID,VER_NBR,ROLE_ID,PERM_ID,ACTV_IND) values ('KRSAP1004','CDD8032915DDBF1FE040F90A05B94313',1,'KRSAP10004','KRSAP10004','Y');
Insert into KRIM_ROLE_PERM_T (ROLE_PERM_ID,OBJ_ID,VER_NBR,ROLE_ID,PERM_ID,ACTV_IND) values ('KRSAP1005','CDD8032915E1BF1FE040F90A05B94313',1,'KRSAP10003','KRSAP10005','Y');
Insert into KRIM_ROLE_PERM_T (ROLE_PERM_ID,OBJ_ID,VER_NBR,ROLE_ID,PERM_ID,ACTV_IND) values ('KRSAP1006','CDD8032915E5BF1FE040F90A05B94313',1,'KRSAP10003','KRSAP10006','Y');
Insert into KRIM_ROLE_PERM_T (ROLE_PERM_ID,OBJ_ID,VER_NBR,ROLE_ID,PERM_ID,ACTV_IND) values ('KRSAP1007','CDD8032915E9BF1FE040F90A05B94313',1,'KRSAP10003','KRSAP10007','Y');
Insert into KRIM_ROLE_PERM_T (ROLE_PERM_ID,OBJ_ID,VER_NBR,ROLE_ID,PERM_ID,ACTV_IND) values ('KRSAP1008','CDD8032915EDBF1FE040F90A05B94313',1,'KRSAP10003','KRSAP10008','Y');
Insert into KRIM_ROLE_PERM_T (ROLE_PERM_ID,OBJ_ID,VER_NBR,ROLE_ID,PERM_ID,ACTV_IND) values ('KRSAP1009','CDD8032915F1BF1FE040F90A05B94313',1,'KRSAP10003','KRSAP10009','Y');
Insert into KRIM_ROLE_PERM_T (ROLE_PERM_ID,OBJ_ID,VER_NBR,ROLE_ID,PERM_ID,ACTV_IND) values ('KRSAP1010','CDD8032915F5BF1FE040F90A05B94313',1,'KRSAP10003','KRSAP10010','Y');
Insert into KRIM_ROLE_PERM_T (ROLE_PERM_ID,OBJ_ID,VER_NBR,ROLE_ID,PERM_ID,ACTV_IND) values ('KRSAP1011','CDD8032915F9BF1FE040F90A05B94313',1,'KRSAP10003','KRSAP10011','Y');
Insert into KRIM_ROLE_PERM_T (ROLE_PERM_ID,OBJ_ID,VER_NBR,ROLE_ID,PERM_ID,ACTV_IND) values ('KRSAP1012','CDD8032915FDBF1FE040F90A05B94313',1,'KRSAP10003','KRSAP10012','Y');
Insert into KRIM_ROLE_PERM_T (ROLE_PERM_ID,OBJ_ID,VER_NBR,ROLE_ID,PERM_ID,ACTV_IND) values ('KRSAP1013','CDD803291601BF1FE040F90A05B94313',1,'KRSAP10003','KRSAP10013','Y');
Insert into KRIM_ROLE_PERM_T (ROLE_PERM_ID,OBJ_ID,VER_NBR,ROLE_ID,PERM_ID,ACTV_IND) values ('KRSAP1014','CDD803291606BF1FE040F90A05B94313',1,'KRSAP10003','KRSAP10014','Y');
Insert into KRIM_ROLE_PERM_T (ROLE_PERM_ID,OBJ_ID,VER_NBR,ROLE_ID,PERM_ID,ACTV_IND) values ('KRSAP1015','CDD80329160BBF1FE040F90A05B94313',1,'KRSAP10003','KRSAP10015','Y');
Insert into KRIM_ROLE_PERM_T (ROLE_PERM_ID,OBJ_ID,VER_NBR,ROLE_ID,PERM_ID,ACTV_IND) values ('KRSAP1016','CDD803291610BF1FE040F90A05B94313',1,'KRSAP10003','KRSAP10016','Y');
 --- INSERTING into KRIM_ROLE_RSP_ACTN_T

 --- INSERTING into KRIM_ROLE_RSP_T

 --- INSERTING into KRIM_ROLE_T

Insert into KRIM_ROLE_T (ROLE_ID,OBJ_ID,VER_NBR,ROLE_NM,NMSPC_CD,DESC_TXT,KIM_TYP_ID,ACTV_IND,LAST_UPDT_DT) values ('1','5ADF18B6D4847954E0404F8189D85002',1,'User','KUALI','This role derives its members from the users in the Principal table. This role gives users high-level permissions to interact with documents and to login to KUALI.','2','Y',to_date('04-NOV-08','DD-MON-RR'));
Insert into KRIM_ROLE_T (ROLE_ID,OBJ_ID,VER_NBR,ROLE_NM,NMSPC_CD,DESC_TXT,KIM_TYP_ID,ACTV_IND,LAST_UPDT_DT) values ('59','5BABFACC4F62A8EEE0404F8189D8770F',1,'Approve Request Recipient','KR-WKFLW','This role derives its members from users with that have received an action request for a given document.','42','Y',to_date('14-NOV-08','DD-MON-RR'));
Insert into KRIM_ROLE_T (ROLE_ID,OBJ_ID,VER_NBR,ROLE_NM,NMSPC_CD,DESC_TXT,KIM_TYP_ID,ACTV_IND,LAST_UPDT_DT) values ('60','5BABFACC4F63A8EEE0404F8189D8770F',1,'Initiator','KR-WKFLW','This role derives its members from the initiator listed within the route log of a given document.','43','Y',to_date('14-NOV-08','DD-MON-RR'));
Insert into KRIM_ROLE_T (ROLE_ID,OBJ_ID,VER_NBR,ROLE_NM,NMSPC_CD,DESC_TXT,KIM_TYP_ID,ACTV_IND,LAST_UPDT_DT) values ('61','5BABFACC4F64A8EEE0404F8189D8770F',1,'Initiator or Reviewer','KR-WKFLW','This role derives its members from the initiator and action request recipients listed within the route log of a given document.','43','Y',to_date('14-NOV-08','DD-MON-RR'));
Insert into KRIM_ROLE_T (ROLE_ID,OBJ_ID,VER_NBR,ROLE_NM,NMSPC_CD,DESC_TXT,KIM_TYP_ID,ACTV_IND,LAST_UPDT_DT) values ('63','5B31640F0105ADF1E0404F8189D84647',1,'Technical Administrator','KR-SYS','This role can take superuser actions and blanket approve documents as well as being able to modify and assign permissions, responsibilities and roles belonging to the KR namespaces.','1','Y',to_date('08-NOV-08','DD-MON-RR'));
Insert into KRIM_ROLE_T (ROLE_ID,OBJ_ID,VER_NBR,ROLE_NM,NMSPC_CD,DESC_TXT,KIM_TYP_ID,ACTV_IND,LAST_UPDT_DT) values ('66','5BABFACC4F61A8EEE0404F8189D8770F',1,'Document Editor','KR-NS','This role derives its members from users with the Edit Document permission for a given document type.,','45','Y',to_date('14-NOV-08','DD-MON-RR'));
Insert into KRIM_ROLE_T (ROLE_ID,OBJ_ID,VER_NBR,ROLE_NM,NMSPC_CD,DESC_TXT,KIM_TYP_ID,ACTV_IND,LAST_UPDT_DT) values ('67','5BABFACC4F65A8EEE0404F8189D8770F',1,'Router','KR-WKFLW','This role derives its members from the user who took the Complete action on a given document.','43','Y',to_date('14-NOV-08','DD-MON-RR'));
Insert into KRIM_ROLE_T (ROLE_ID,OBJ_ID,VER_NBR,ROLE_NM,NMSPC_CD,DESC_TXT,KIM_TYP_ID,ACTV_IND,LAST_UPDT_DT) values ('83','606763510FBF96D3E0404F8189D857A2',1,'Document Opener','KR-NS','This role derives its members from users with the Open Document permission for a given document type.,','60','Y',to_date('13-JAN-09','DD-MON-RR'));
Insert into KRIM_ROLE_T (ROLE_ID,OBJ_ID,VER_NBR,ROLE_NM,NMSPC_CD,DESC_TXT,KIM_TYP_ID,ACTV_IND,LAST_UPDT_DT) values ('88','6102F3FA08CE45CFE0404F8189D8317E',1,'Acknowledge Request Recipient','KR-WKFLW','This role derives its members from users with an acknowledge action request in the route log of a given document.','42','Y',to_date('21-JAN-09','DD-MON-RR'));
Insert into KRIM_ROLE_T (ROLE_ID,OBJ_ID,VER_NBR,ROLE_NM,NMSPC_CD,DESC_TXT,KIM_TYP_ID,ACTV_IND,LAST_UPDT_DT) values ('89','6102F3FA08CF45CFE0404F8189D8317E',1,'FYI Request Recipient','KR-WKFLW','This role derives its members from users with an FYI action request in the route log of a given document.','42','Y',to_date('21-JAN-09','DD-MON-RR'));
Insert into KRIM_ROLE_T (ROLE_ID,OBJ_ID,VER_NBR,ROLE_NM,NMSPC_CD,DESC_TXT,KIM_TYP_ID,ACTV_IND,LAST_UPDT_DT) values ('90','61815E6C62D0B647E0404F8189D873B3',1,'System User','KR-SYS','This role represents the KR System User, that is the user ID uses when it takes programmed actions.','1','Y',to_date('21-AUG-09','DD-MON-RR'));
Insert into KRIM_ROLE_T (ROLE_ID,OBJ_ID,VER_NBR,ROLE_NM,NMSPC_CD,DESC_TXT,KIM_TYP_ID,ACTV_IND,LAST_UPDT_DT) values ('95','67F145466E8B9160E0404F8189D86771',1,'Document Initiator','KR-SYS','This role derives its members from users with the Initiate Document permission for a given document type.','66','Y',to_date('21-AUG-09','DD-MON-RR'));
Insert into KRIM_ROLE_T (ROLE_ID,OBJ_ID,VER_NBR,ROLE_NM,NMSPC_CD,DESC_TXT,KIM_TYP_ID,ACTV_IND,LAST_UPDT_DT) values ('97','67F145466EB09160E0404F8189D86771',1,'Non-Ad Hoc Approve Request Recipient','KR-WKFLW','This role derives its members from users with an Approval action request (that was not generated via the ad-hoc recipients tab) in the route log of a given document.','42','Y',to_date('21-AUG-09','DD-MON-RR'));
Insert into KRIM_ROLE_T (ROLE_ID,OBJ_ID,VER_NBR,ROLE_NM,NMSPC_CD,DESC_TXT,KIM_TYP_ID,ACTV_IND,LAST_UPDT_DT) values ('98','B7DBFABEFD2D8CBFE0402E0AA9D757C9',1,'Kuali Rules Management System Administrator','KR-RULE','This role maintains KRMS agendas and rules.','1','Y',to_date('31-JAN-12','DD-MON-RR'));
Insert into KRIM_ROLE_T (ROLE_ID,OBJ_ID,VER_NBR,ROLE_NM,NMSPC_CD,DESC_TXT,KIM_TYP_ID,ACTV_IND,LAST_UPDT_DT) values ('99','BD82F716EFEFF706E0402E0AA9D70A27',1,'Document Router','KR-WKFLW','This role derives its members from users with the Route Document permission for a given document type.','76','Y',to_date('12-APR-12','DD-MON-RR'));
Insert into KRIM_ROLE_T (ROLE_ID,OBJ_ID,VER_NBR,ROLE_NM,NMSPC_CD,DESC_TXT,KIM_TYP_ID,ACTV_IND,LAST_UPDT_DT) values ('KR1000','CFBAA6F5F0D25D07E0406E0AC31D229B',1,'GuestRole','KUALI','This role is used for no login guest users.','1','Y',to_date('30-NOV-12','DD-MON-RR'));
Insert into KRIM_ROLE_T (ROLE_ID,OBJ_ID,VER_NBR,ROLE_NM,NMSPC_CD,DESC_TXT,KIM_TYP_ID,ACTV_IND,LAST_UPDT_DT) values ('KR1001','D0C2892F47ED9142E0406E0AC31D23D6',1,'Complete Request Recipient','KR-WKFLW','This role derives its members from users with an complete action request in the route log of a given document.','42','Y',to_date('09-MAR-13','DD-MON-RR'));
Insert into KRIM_ROLE_T (ROLE_ID,OBJ_ID,VER_NBR,ROLE_NM,NMSPC_CD,DESC_TXT,KIM_TYP_ID,ACTV_IND,LAST_UPDT_DT) values ('KRSAP10003','CDD8032915D1BF1FE040F90A05B94313',1,'Sample App Admin','KR-SAP','Test role for the sample app','1','Y',to_date('06-NOV-12','DD-MON-RR'));
Insert into KRIM_ROLE_T (ROLE_ID,OBJ_ID,VER_NBR,ROLE_NM,NMSPC_CD,DESC_TXT,KIM_TYP_ID,ACTV_IND,LAST_UPDT_DT) values ('KRSAP10004','CDD8032915D3BF1FE040F90A05B94313',1,'Sample App Users','KR-SAP','Test role for the sample app','1','Y',to_date('06-NOV-12','DD-MON-RR'));
 --- INSERTING into KRIM_RSP_ATTR_DATA_T

 --- INSERTING into KRIM_RSP_T

 --- INSERTING into KRIM_RSP_TMPL_T

Insert into KRIM_RSP_TMPL_T (RSP_TMPL_ID,OBJ_ID,VER_NBR,NMSPC_CD,NM,KIM_TYP_ID,DESC_TXT,ACTV_IND) values ('1','5ADFE172441D6320E0404F8189D85169',1,'KR-WKFLW','Review','7',null,'Y');
Insert into KRIM_RSP_TMPL_T (RSP_TMPL_ID,OBJ_ID,VER_NBR,NMSPC_CD,NM,KIM_TYP_ID,DESC_TXT,ACTV_IND) values ('2','60432A73A6A49F65E0404F8189D86AA4',1,'KR-WKFLW','Resolve Exception','54',null,'Y');
 --- INSERTING into KRIM_TYP_ATTR_T

Insert into KRIM_TYP_ATTR_T (KIM_TYP_ATTR_ID,OBJ_ID,VER_NBR,SORT_CD,KIM_TYP_ID,KIM_ATTR_DEFN_ID,ACTV_IND) values ('1','5ADF18B6D4AD7954E0404F8189D85002',1,'a','3','13','Y');
Insert into KRIM_TYP_ATTR_T (KIM_TYP_ATTR_ID,OBJ_ID,VER_NBR,SORT_CD,KIM_TYP_ID,KIM_ATTR_DEFN_ID,ACTV_IND) values ('10','5ADF18B6D4C87954E0404F8189D85002',1,'c','8','15','Y');
Insert into KRIM_TYP_ATTR_T (KIM_TYP_ATTR_ID,OBJ_ID,VER_NBR,SORT_CD,KIM_TYP_ID,KIM_ATTR_DEFN_ID,ACTV_IND) values ('101','603B735FA6BBFE21E0404F8189D8083B',1,'a','56','13','Y');
Insert into KRIM_TYP_ATTR_T (KIM_TYP_ATTR_ID,OBJ_ID,VER_NBR,SORT_CD,KIM_TYP_ID,KIM_ATTR_DEFN_ID,ACTV_IND) values ('102','603B735FA6C2FE21E0404F8189D8083B',1,'b','56','7','Y');
Insert into KRIM_TYP_ATTR_T (KIM_TYP_ATTR_ID,OBJ_ID,VER_NBR,SORT_CD,KIM_TYP_ID,KIM_ATTR_DEFN_ID,ACTV_IND) values ('103','603B735FA6BEFE21E0404F8189D8083B',1,'a','57','5','Y');
Insert into KRIM_TYP_ATTR_T (KIM_TYP_ATTR_ID,OBJ_ID,VER_NBR,SORT_CD,KIM_TYP_ID,KIM_ATTR_DEFN_ID,ACTV_IND) values ('104','603B735FA6BFFE21E0404F8189D8083B',1,'b','57','44','Y');
Insert into KRIM_TYP_ATTR_T (KIM_TYP_ATTR_ID,OBJ_ID,VER_NBR,SORT_CD,KIM_TYP_ID,KIM_ATTR_DEFN_ID,ACTV_IND) values ('107','60432A73A6A39F65E0404F8189D86AA4',1,'a','54','13','Y');
Insert into KRIM_TYP_ATTR_T (KIM_TYP_ATTR_ID,OBJ_ID,VER_NBR,SORT_CD,KIM_TYP_ID,KIM_ATTR_DEFN_ID,ACTV_IND) values ('108','606763510FBD96D3E0404F8189D857A2',1,'a','59','13','Y');
Insert into KRIM_TYP_ATTR_T (KIM_TYP_ATTR_ID,OBJ_ID,VER_NBR,SORT_CD,KIM_TYP_ID,KIM_ATTR_DEFN_ID,ACTV_IND) values ('109','606763510FBE96D3E0404F8189D857A2',1,'b','59','8','Y');
Insert into KRIM_TYP_ATTR_T (KIM_TYP_ATTR_ID,OBJ_ID,VER_NBR,SORT_CD,KIM_TYP_ID,KIM_ATTR_DEFN_ID,ACTV_IND) values ('11','5ADF18B6D4C97954E0404F8189D85002',1,'b','8','16','Y');
Insert into KRIM_TYP_ATTR_T (KIM_TYP_ATTR_ID,OBJ_ID,VER_NBR,SORT_CD,KIM_TYP_ID,KIM_ATTR_DEFN_ID,ACTV_IND) values ('111','67F145466E909160E0404F8189D86771',1,'a','67','4','Y');
Insert into KRIM_TYP_ATTR_T (KIM_TYP_ATTR_ID,OBJ_ID,VER_NBR,SORT_CD,KIM_TYP_ID,KIM_ATTR_DEFN_ID,ACTV_IND) values ('112','67F145466E959160E0404F8189D86771',1,'b','14','13','Y');
Insert into KRIM_TYP_ATTR_T (KIM_TYP_ATTR_ID,OBJ_ID,VER_NBR,SORT_CD,KIM_TYP_ID,KIM_ATTR_DEFN_ID,ACTV_IND) values ('113','B7DBFABEFD3F8CBFE0402E0AA9D757C9',1,'a','68','47','Y');
Insert into KRIM_TYP_ATTR_T (KIM_TYP_ATTR_ID,OBJ_ID,VER_NBR,SORT_CD,KIM_TYP_ID,KIM_ATTR_DEFN_ID,ACTV_IND) values ('114','B7DBFABEFD408CBFE0402E0AA9D757C9',1,'a','69','47','Y');
Insert into KRIM_TYP_ATTR_T (KIM_TYP_ATTR_ID,OBJ_ID,VER_NBR,SORT_CD,KIM_TYP_ID,KIM_ATTR_DEFN_ID,ACTV_IND) values ('115','B7DBFABEFD418CBFE0402E0AA9D757C9',1,'b','69','10','Y');
Insert into KRIM_TYP_ATTR_T (KIM_TYP_ATTR_ID,OBJ_ID,VER_NBR,SORT_CD,KIM_TYP_ID,KIM_ATTR_DEFN_ID,ACTV_IND) values ('116','B7DBFABEFD428CBFE0402E0AA9D757C9',1,'a','70','47','Y');
Insert into KRIM_TYP_ATTR_T (KIM_TYP_ATTR_ID,OBJ_ID,VER_NBR,SORT_CD,KIM_TYP_ID,KIM_ATTR_DEFN_ID,ACTV_IND) values ('117','B7DBFABEFD438CBFE0402E0AA9D757C9',1,'b','70','50','Y');
Insert into KRIM_TYP_ATTR_T (KIM_TYP_ATTR_ID,OBJ_ID,VER_NBR,SORT_CD,KIM_TYP_ID,KIM_ATTR_DEFN_ID,ACTV_IND) values ('118','B7DBFABEFD448CBFE0402E0AA9D757C9',1,'c','70','6','Y');
Insert into KRIM_TYP_ATTR_T (KIM_TYP_ATTR_ID,OBJ_ID,VER_NBR,SORT_CD,KIM_TYP_ID,KIM_ATTR_DEFN_ID,ACTV_IND) values ('119','B7DBFABEFD458CBFE0402E0AA9D757C9',1,'a','71','47','Y');
Insert into KRIM_TYP_ATTR_T (KIM_TYP_ATTR_ID,OBJ_ID,VER_NBR,SORT_CD,KIM_TYP_ID,KIM_ATTR_DEFN_ID,ACTV_IND) values ('12','5ADF18B6D4CE7954E0404F8189D85002',1,'a','9','13','Y');
Insert into KRIM_TYP_ATTR_T (KIM_TYP_ATTR_ID,OBJ_ID,VER_NBR,SORT_CD,KIM_TYP_ID,KIM_ATTR_DEFN_ID,ACTV_IND) values ('120','B7DBFABEFD468CBFE0402E0AA9D757C9',1,'b','71','51','Y');
Insert into KRIM_TYP_ATTR_T (KIM_TYP_ATTR_ID,OBJ_ID,VER_NBR,SORT_CD,KIM_TYP_ID,KIM_ATTR_DEFN_ID,ACTV_IND) values ('121','B7DBFABEFD478CBFE0402E0AA9D757C9',1,'c','71','50','Y');
Insert into KRIM_TYP_ATTR_T (KIM_TYP_ATTR_ID,OBJ_ID,VER_NBR,SORT_CD,KIM_TYP_ID,KIM_ATTR_DEFN_ID,ACTV_IND) values ('122','B7DBFABEFD488CBFE0402E0AA9D757C9',1,'a','72','47','Y');
Insert into KRIM_TYP_ATTR_T (KIM_TYP_ATTR_ID,OBJ_ID,VER_NBR,SORT_CD,KIM_TYP_ID,KIM_ATTR_DEFN_ID,ACTV_IND) values ('123','B7DBFABEFD498CBFE0402E0AA9D757C9',1,'b','72','52','Y');
Insert into KRIM_TYP_ATTR_T (KIM_TYP_ATTR_ID,OBJ_ID,VER_NBR,SORT_CD,KIM_TYP_ID,KIM_ATTR_DEFN_ID,ACTV_IND) values ('124','B7DBFABEFD4A8CBFE0402E0AA9D757C9',1,'a','73','47','Y');
Insert into KRIM_TYP_ATTR_T (KIM_TYP_ATTR_ID,OBJ_ID,VER_NBR,SORT_CD,KIM_TYP_ID,KIM_ATTR_DEFN_ID,ACTV_IND) values ('125','B7DBFABEFD4B8CBFE0402E0AA9D757C9',1,'b','73','53','Y');
Insert into KRIM_TYP_ATTR_T (KIM_TYP_ATTR_ID,OBJ_ID,VER_NBR,SORT_CD,KIM_TYP_ID,KIM_ATTR_DEFN_ID,ACTV_IND) values ('126','B7DBFABEFD4C8CBFE0402E0AA9D757C9',1,'c','73','48','Y');
Insert into KRIM_TYP_ATTR_T (KIM_TYP_ATTR_ID,OBJ_ID,VER_NBR,SORT_CD,KIM_TYP_ID,KIM_ATTR_DEFN_ID,ACTV_IND) values ('127','B7DBFABEFD4D8CBFE0402E0AA9D757C9',1,'a','74','47','Y');
Insert into KRIM_TYP_ATTR_T (KIM_TYP_ATTR_ID,OBJ_ID,VER_NBR,SORT_CD,KIM_TYP_ID,KIM_ATTR_DEFN_ID,ACTV_IND) values ('128','B7DBFABEFD4E8CBFE0402E0AA9D757C9',1,'b','74','51','Y');
Insert into KRIM_TYP_ATTR_T (KIM_TYP_ATTR_ID,OBJ_ID,VER_NBR,SORT_CD,KIM_TYP_ID,KIM_ATTR_DEFN_ID,ACTV_IND) values ('129','B7DBFABEFD4F8CBFE0402E0AA9D757C9',1,'c','74','49','Y');
Insert into KRIM_TYP_ATTR_T (KIM_TYP_ATTR_ID,OBJ_ID,VER_NBR,SORT_CD,KIM_TYP_ID,KIM_ATTR_DEFN_ID,ACTV_IND) values ('130','B7DBFABEFD508CBFE0402E0AA9D757C9',1,'d','74','50','Y');
Insert into KRIM_TYP_ATTR_T (KIM_TYP_ATTR_ID,OBJ_ID,VER_NBR,SORT_CD,KIM_TYP_ID,KIM_ATTR_DEFN_ID,ACTV_IND) values ('131','B7DBFABEFD518CBFE0402E0AA9D757C9',1,'e','74','6','Y');
Insert into KRIM_TYP_ATTR_T (KIM_TYP_ATTR_ID,OBJ_ID,VER_NBR,SORT_CD,KIM_TYP_ID,KIM_ATTR_DEFN_ID,ACTV_IND) values ('132','B7DBFABEFD528CBFE0402E0AA9D757C9',1,'a','75','47','Y');
Insert into KRIM_TYP_ATTR_T (KIM_TYP_ATTR_ID,OBJ_ID,VER_NBR,SORT_CD,KIM_TYP_ID,KIM_ATTR_DEFN_ID,ACTV_IND) values ('133','B7DBFABEFD538CBFE0402E0AA9D757C9',1,'b','75','51','Y');
Insert into KRIM_TYP_ATTR_T (KIM_TYP_ATTR_ID,OBJ_ID,VER_NBR,SORT_CD,KIM_TYP_ID,KIM_ATTR_DEFN_ID,ACTV_IND) values ('134','B7DBFABEFD548CBFE0402E0AA9D757C9',1,'c','75','49','Y');
Insert into KRIM_TYP_ATTR_T (KIM_TYP_ATTR_ID,OBJ_ID,VER_NBR,SORT_CD,KIM_TYP_ID,KIM_ATTR_DEFN_ID,ACTV_IND) values ('135','B7DBFABEFD558CBFE0402E0AA9D757C9',1,'d','75','53','Y');
Insert into KRIM_TYP_ATTR_T (KIM_TYP_ATTR_ID,OBJ_ID,VER_NBR,SORT_CD,KIM_TYP_ID,KIM_ATTR_DEFN_ID,ACTV_IND) values ('136','B7DBFABEFD568CBFE0402E0AA9D757C9',1,'e','75','48','Y');
Insert into KRIM_TYP_ATTR_T (KIM_TYP_ATTR_ID,OBJ_ID,VER_NBR,SORT_CD,KIM_TYP_ID,KIM_ATTR_DEFN_ID,ACTV_IND) values ('137','BC5444677C23328CE0402E0AA9D77D80',1,'a','8','54','Y');
Insert into KRIM_TYP_ATTR_T (KIM_TYP_ATTR_ID,OBJ_ID,VER_NBR,SORT_CD,KIM_TYP_ID,KIM_ATTR_DEFN_ID,ACTV_IND) values ('138','69FA55ACC2EE2598E0404F8189D86880',1,'e','7','46','Y');
Insert into KRIM_TYP_ATTR_T (KIM_TYP_ATTR_ID,OBJ_ID,VER_NBR,SORT_CD,KIM_TYP_ID,KIM_ATTR_DEFN_ID,ACTV_IND) values ('14','5ADF18B6D4D07954E0404F8189D85002',1,'b','9','9','Y');
Insert into KRIM_TYP_ATTR_T (KIM_TYP_ATTR_ID,OBJ_ID,VER_NBR,SORT_CD,KIM_TYP_ID,KIM_ATTR_DEFN_ID,ACTV_IND) values ('15','5ADF18B6D4D87954E0404F8189D85002',1,'a','10','4','Y');
Insert into KRIM_TYP_ATTR_T (KIM_TYP_ATTR_ID,OBJ_ID,VER_NBR,SORT_CD,KIM_TYP_ID,KIM_ATTR_DEFN_ID,ACTV_IND) values ('16','5ADF18B6D4D97954E0404F8189D85002',1,'b','10','5','Y');
Insert into KRIM_TYP_ATTR_T (KIM_TYP_ATTR_ID,OBJ_ID,VER_NBR,SORT_CD,KIM_TYP_ID,KIM_ATTR_DEFN_ID,ACTV_IND) values ('17','5ADF18B6D4DD7954E0404F8189D85002',1,'a','11','5','Y');
Insert into KRIM_TYP_ATTR_T (KIM_TYP_ATTR_ID,OBJ_ID,VER_NBR,SORT_CD,KIM_TYP_ID,KIM_ATTR_DEFN_ID,ACTV_IND) values ('18','5ADF18B6D4DE7954E0404F8189D85002',1,'b','11','6','Y');
Insert into KRIM_TYP_ATTR_T (KIM_TYP_ATTR_ID,OBJ_ID,VER_NBR,SORT_CD,KIM_TYP_ID,KIM_ATTR_DEFN_ID,ACTV_IND) values ('19','5ADF18B6D4E47954E0404F8189D85002',1,'a','12','4','Y');
Insert into KRIM_TYP_ATTR_T (KIM_TYP_ATTR_ID,OBJ_ID,VER_NBR,SORT_CD,KIM_TYP_ID,KIM_ATTR_DEFN_ID,ACTV_IND) values ('2','5ADF18B6D4B67954E0404F8189D85002',1,'a','4','14','Y');
Insert into KRIM_TYP_ATTR_T (KIM_TYP_ATTR_ID,OBJ_ID,VER_NBR,SORT_CD,KIM_TYP_ID,KIM_ATTR_DEFN_ID,ACTV_IND) values ('20','5ADF18B6D4E57954E0404F8189D85002',1,'b','12','2','Y');
Insert into KRIM_TYP_ATTR_T (KIM_TYP_ATTR_ID,OBJ_ID,VER_NBR,SORT_CD,KIM_TYP_ID,KIM_ATTR_DEFN_ID,ACTV_IND) values ('21','5ADF18B6D4E87954E0404F8189D85002',1,'a','13','3','Y');
Insert into KRIM_TYP_ATTR_T (KIM_TYP_ATTR_ID,OBJ_ID,VER_NBR,SORT_CD,KIM_TYP_ID,KIM_ATTR_DEFN_ID,ACTV_IND) values ('22','5ADF18B6D4EB7954E0404F8189D85002',1,'a','14','10','Y');
Insert into KRIM_TYP_ATTR_T (KIM_TYP_ATTR_ID,OBJ_ID,VER_NBR,SORT_CD,KIM_TYP_ID,KIM_ATTR_DEFN_ID,ACTV_IND) values ('23','5ADF18B6D4EE7954E0404F8189D85002',1,'a','15','4','Y');
Insert into KRIM_TYP_ATTR_T (KIM_TYP_ATTR_ID,OBJ_ID,VER_NBR,SORT_CD,KIM_TYP_ID,KIM_ATTR_DEFN_ID,ACTV_IND) values ('24','5ADF18B6D4EF7954E0404F8189D85002',1,'b','15','1','Y');
Insert into KRIM_TYP_ATTR_T (KIM_TYP_ATTR_ID,OBJ_ID,VER_NBR,SORT_CD,KIM_TYP_ID,KIM_ATTR_DEFN_ID,ACTV_IND) values ('25','5ADF18B6D4F37954E0404F8189D85002',1,'a','16','4','Y');
Insert into KRIM_TYP_ATTR_T (KIM_TYP_ATTR_ID,OBJ_ID,VER_NBR,SORT_CD,KIM_TYP_ID,KIM_ATTR_DEFN_ID,ACTV_IND) values ('26','5ADF18B6D4F47954E0404F8189D85002',1,'b','16','5','Y');
Insert into KRIM_TYP_ATTR_T (KIM_TYP_ATTR_ID,OBJ_ID,VER_NBR,SORT_CD,KIM_TYP_ID,KIM_ATTR_DEFN_ID,ACTV_IND) values ('27','5ADF18B6D4F57954E0404F8189D85002',1,'c','16','11','Y');
Insert into KRIM_TYP_ATTR_T (KIM_TYP_ATTR_ID,OBJ_ID,VER_NBR,SORT_CD,KIM_TYP_ID,KIM_ATTR_DEFN_ID,ACTV_IND) values ('28','5ADF18B6D4F87954E0404F8189D85002',1,'a','17','12','Y');
Insert into KRIM_TYP_ATTR_T (KIM_TYP_ATTR_ID,OBJ_ID,VER_NBR,SORT_CD,KIM_TYP_ID,KIM_ATTR_DEFN_ID,ACTV_IND) values ('29','5ADF18B6D4FA7954E0404F8189D85002',1,'a','18','4','Y');
Insert into KRIM_TYP_ATTR_T (KIM_TYP_ATTR_ID,OBJ_ID,VER_NBR,SORT_CD,KIM_TYP_ID,KIM_ATTR_DEFN_ID,ACTV_IND) values ('3','5ADF18B6D4B97954E0404F8189D85002',1,'a','5','13','Y');
Insert into KRIM_TYP_ATTR_T (KIM_TYP_ATTR_ID,OBJ_ID,VER_NBR,SORT_CD,KIM_TYP_ID,KIM_ATTR_DEFN_ID,ACTV_IND) values ('30','5ADF18B6D4FB7954E0404F8189D85002',1,'b','18','18','Y');
Insert into KRIM_TYP_ATTR_T (KIM_TYP_ATTR_ID,OBJ_ID,VER_NBR,SORT_CD,KIM_TYP_ID,KIM_ATTR_DEFN_ID,ACTV_IND) values ('31','5ADF18B6D4FE7954E0404F8189D85002',1,'a','19','4','Y');
Insert into KRIM_TYP_ATTR_T (KIM_TYP_ATTR_ID,OBJ_ID,VER_NBR,SORT_CD,KIM_TYP_ID,KIM_ATTR_DEFN_ID,ACTV_IND) values ('32','5ADF18B6D4FF7954E0404F8189D85002',1,'b','19','19','Y');
Insert into KRIM_TYP_ATTR_T (KIM_TYP_ATTR_ID,OBJ_ID,VER_NBR,SORT_CD,KIM_TYP_ID,KIM_ATTR_DEFN_ID,ACTV_IND) values ('33','5ADF18B6D5027954E0404F8189D85002',1,'a','20','4','Y');
Insert into KRIM_TYP_ATTR_T (KIM_TYP_ATTR_ID,OBJ_ID,VER_NBR,SORT_CD,KIM_TYP_ID,KIM_ATTR_DEFN_ID,ACTV_IND) values ('34','5ADF18B6D5037954E0404F8189D85002',1,'b','20','20','Y');
Insert into KRIM_TYP_ATTR_T (KIM_TYP_ATTR_ID,OBJ_ID,VER_NBR,SORT_CD,KIM_TYP_ID,KIM_ATTR_DEFN_ID,ACTV_IND) values ('35','5ADF18B6D5067954E0404F8189D85002',1,'a','21','4','Y');
Insert into KRIM_TYP_ATTR_T (KIM_TYP_ATTR_ID,OBJ_ID,VER_NBR,SORT_CD,KIM_TYP_ID,KIM_ATTR_DEFN_ID,ACTV_IND) values ('36','5ADF18B6D5077954E0404F8189D85002',1,'b','21','21','Y');
Insert into KRIM_TYP_ATTR_T (KIM_TYP_ATTR_ID,OBJ_ID,VER_NBR,SORT_CD,KIM_TYP_ID,KIM_ATTR_DEFN_ID,ACTV_IND) values ('4','5ADF18B6D4BA7954E0404F8189D85002',1,'b','5','14','Y');
Insert into KRIM_TYP_ATTR_T (KIM_TYP_ATTR_ID,OBJ_ID,VER_NBR,SORT_CD,KIM_TYP_ID,KIM_ATTR_DEFN_ID,ACTV_IND) values ('7','5ADF18B6D4C17954E0404F8189D85002',1,'a','7','13','Y');
Insert into KRIM_TYP_ATTR_T (KIM_TYP_ATTR_ID,OBJ_ID,VER_NBR,SORT_CD,KIM_TYP_ID,KIM_ATTR_DEFN_ID,ACTV_IND) values ('8','5ADF18B6D4C27954E0404F8189D85002',1,'b','7','16','Y');
Insert into KRIM_TYP_ATTR_T (KIM_TYP_ATTR_ID,OBJ_ID,VER_NBR,SORT_CD,KIM_TYP_ID,KIM_ATTR_DEFN_ID,ACTV_IND) values ('80','5C4970B2B2E18277E0404F8189D80B30',1,'c','7','40','Y');
Insert into KRIM_TYP_ATTR_T (KIM_TYP_ATTR_ID,OBJ_ID,VER_NBR,SORT_CD,KIM_TYP_ID,KIM_ATTR_DEFN_ID,ACTV_IND) values ('81','5C4970B2B2E28277E0404F8189D80B30',1,'d','7','41','Y');
Insert into KRIM_TYP_ATTR_T (KIM_TYP_ATTR_ID,OBJ_ID,VER_NBR,SORT_CD,KIM_TYP_ID,KIM_ATTR_DEFN_ID,ACTV_IND) values ('89','5C7D997640695002E0404F8189D86F11',1,'a','42','42','Y');
Insert into KRIM_TYP_ATTR_T (KIM_TYP_ATTR_ID,OBJ_ID,VER_NBR,SORT_CD,KIM_TYP_ID,KIM_ATTR_DEFN_ID,ACTV_IND) values ('9','5ADF18B6D4C77954E0404F8189D85002',1,'a','8','13','Y');
Insert into KRIM_TYP_ATTR_T (KIM_TYP_ATTR_ID,OBJ_ID,VER_NBR,SORT_CD,KIM_TYP_ID,KIM_ATTR_DEFN_ID,ACTV_IND) values ('91','5C7D9976406B5002E0404F8189D86F11',1,'a','43','42','Y');
Insert into KRIM_TYP_ATTR_T (KIM_TYP_ATTR_ID,OBJ_ID,VER_NBR,SORT_CD,KIM_TYP_ID,KIM_ATTR_DEFN_ID,ACTV_IND) values ('95','5C997D14EAC3FE40E0404F8189D87DC5',1,'a','52','13','Y');
Insert into KRIM_TYP_ATTR_T (KIM_TYP_ATTR_ID,OBJ_ID,VER_NBR,SORT_CD,KIM_TYP_ID,KIM_ATTR_DEFN_ID,ACTV_IND) values ('96','5C997D14EAC4FE40E0404F8189D87DC5',1,'b','52','16','Y');
Insert into KRIM_TYP_ATTR_T (KIM_TYP_ATTR_ID,OBJ_ID,VER_NBR,SORT_CD,KIM_TYP_ID,KIM_ATTR_DEFN_ID,ACTV_IND) values ('97','5C997D14EAC5FE40E0404F8189D87DC5',1,'c','52','6','Y');
Insert into KRIM_TYP_ATTR_T (KIM_TYP_ATTR_ID,OBJ_ID,VER_NBR,SORT_CD,KIM_TYP_ID,KIM_ATTR_DEFN_ID,ACTV_IND) values ('KR1000','CDC48BA7E67787DFE040F90A05B92A31',1,'a','KR1000','13','Y');
Insert into KRIM_TYP_ATTR_T (KIM_TYP_ATTR_ID,OBJ_ID,VER_NBR,SORT_CD,KIM_TYP_ID,KIM_ATTR_DEFN_ID,ACTV_IND) values ('KR1001','CDC48BA7E67887DFE040F90A05B92A31',1,'b','KR1000','16','Y');
Insert into KRIM_TYP_ATTR_T (KIM_TYP_ATTR_ID,OBJ_ID,VER_NBR,SORT_CD,KIM_TYP_ID,KIM_ATTR_DEFN_ID,ACTV_IND) values ('KR1002','CDC48BA7E67987DFE040F90A05B92A31',1,'c','KR1000','15','Y');
Insert into KRIM_TYP_ATTR_T (KIM_TYP_ATTR_ID,OBJ_ID,VER_NBR,SORT_CD,KIM_TYP_ID,KIM_ATTR_DEFN_ID,ACTV_IND) values ('KR1003','CEA27F2DB2DB3593E040F90A05B924DB',1,'A','KR1001','KR1000','Y');
Insert into KRIM_TYP_ATTR_T (KIM_TYP_ATTR_ID,OBJ_ID,VER_NBR,SORT_CD,KIM_TYP_ID,KIM_ATTR_DEFN_ID,ACTV_IND) values ('KR1004','CEA27F2DB2DE3593E040F90A05B924DB',1,'b','21','KR1001','Y');
 --- INSERTING into KRIM_TYP_T

Insert into KRIM_TYP_T (KIM_TYP_ID,OBJ_ID,VER_NBR,NM,SRVC_NM,ACTV_IND,NMSPC_CD) values ('1','5ADF18B6D4827954E0404F8189D85002',1,'Default',null,'Y','KUALI');
Insert into KRIM_TYP_T (KIM_TYP_ID,OBJ_ID,VER_NBR,NM,SRVC_NM,ACTV_IND,NMSPC_CD) values ('10','5ADF18B6D4D77954E0404F8189D85002',1,'Namespace or Component','namespaceOrComponentPermissionTypeService','Y','KR-NS');
Insert into KRIM_TYP_T (KIM_TYP_ID,OBJ_ID,VER_NBR,NM,SRVC_NM,ACTV_IND,NMSPC_CD) values ('11','5ADF18B6D4DC7954E0404F8189D85002',1,'Component Field','componentFieldPermissionTypeService','Y','KR-NS');
Insert into KRIM_TYP_T (KIM_TYP_ID,OBJ_ID,VER_NBR,NM,SRVC_NM,ACTV_IND,NMSPC_CD) values ('12','5ADF18B6D4E37954E0404F8189D85002',1,'Namespace or Action','namespaceOrActionPermissionTypeService','Y','KR-NS');
Insert into KRIM_TYP_T (KIM_TYP_ID,OBJ_ID,VER_NBR,NM,SRVC_NM,ACTV_IND,NMSPC_CD) values ('13','5ADF18B6D4E77954E0404F8189D85002',1,'Button','buttonPermissionTypeService','Y','KR-NS');
Insert into KRIM_TYP_T (KIM_TYP_ID,OBJ_ID,VER_NBR,NM,SRVC_NM,ACTV_IND,NMSPC_CD) values ('14','5ADF18B6D4EA7954E0404F8189D85002',1,'Edit Mode & Document Type','documentTypeAndEditModePermissionTypeService','Y','KR-NS');
Insert into KRIM_TYP_T (KIM_TYP_ID,OBJ_ID,VER_NBR,NM,SRVC_NM,ACTV_IND,NMSPC_CD) values ('15','5ADF18B6D4ED7954E0404F8189D85002',1,'Batch Feed or Job','batchFeedOrJobPermissionTypeService','Y','KR-NS');
Insert into KRIM_TYP_T (KIM_TYP_ID,OBJ_ID,VER_NBR,NM,SRVC_NM,ACTV_IND,NMSPC_CD) values ('16','5ADF18B6D4F27954E0404F8189D85002',1,'Parameter','parameterPermissionTypeService','Y','KR-NS');
Insert into KRIM_TYP_T (KIM_TYP_ID,OBJ_ID,VER_NBR,NM,SRVC_NM,ACTV_IND,NMSPC_CD) values ('17','5ADF18B6D4F77954E0404F8189D85002',1,'Campus','campusRoleService','Y','KR-NS');
Insert into KRIM_TYP_T (KIM_TYP_ID,OBJ_ID,VER_NBR,NM,SRVC_NM,ACTV_IND,NMSPC_CD) values ('18','5ADF18B6D4F97954E0404F8189D85002',1,'Role','rolePermissionTypeService','Y','KR-IDM');
Insert into KRIM_TYP_T (KIM_TYP_ID,OBJ_ID,VER_NBR,NM,SRVC_NM,ACTV_IND,NMSPC_CD) values ('19','5ADF18B6D4FD7954E0404F8189D85002',1,'Permission','permissionPermissionTypeService','Y','KR-IDM');
Insert into KRIM_TYP_T (KIM_TYP_ID,OBJ_ID,VER_NBR,NM,SRVC_NM,ACTV_IND,NMSPC_CD) values ('2','5ADF18B6D4837954E0404F8189D85002',1,'Derived Role: Principal','activePrincipalRoleTypeService','Y','KR-IDM');
Insert into KRIM_TYP_T (KIM_TYP_ID,OBJ_ID,VER_NBR,NM,SRVC_NM,ACTV_IND,NMSPC_CD) values ('20','5ADF18B6D5017954E0404F8189D85002',1,'Responsibility','responsibilityPermissionTypeService','Y','KR-IDM');
Insert into KRIM_TYP_T (KIM_TYP_ID,OBJ_ID,VER_NBR,NM,SRVC_NM,ACTV_IND,NMSPC_CD) values ('21','5ADF18B6D5057954E0404F8189D85002',1,'Group','groupPermissionTypeService','Y','KR-IDM');
Insert into KRIM_TYP_T (KIM_TYP_ID,OBJ_ID,VER_NBR,NM,SRVC_NM,ACTV_IND,NMSPC_CD) values ('3','5ADF18B6D4AC7954E0404F8189D85002',1,'Document Type (Permission)','documentTypePermissionTypeService','Y','KR-SYS');
Insert into KRIM_TYP_T (KIM_TYP_ID,OBJ_ID,VER_NBR,NM,SRVC_NM,ACTV_IND,NMSPC_CD) values ('4','5ADF18B6D4B57954E0404F8189D85002',1,'Action Request Type','actionRequestTypePermissionTypeService','Y','KR-WKFLW');
Insert into KRIM_TYP_T (KIM_TYP_ID,OBJ_ID,VER_NBR,NM,SRVC_NM,ACTV_IND,NMSPC_CD) values ('42','5ADF18B6D53B7954E0404F8189D85002',1,'Derived Role: Action Request','actionRequestDerivedRoleTypeService','Y','KR-WKFLW');
Insert into KRIM_TYP_T (KIM_TYP_ID,OBJ_ID,VER_NBR,NM,SRVC_NM,ACTV_IND,NMSPC_CD) values ('43','5ADF18B6D53C7954E0404F8189D85002',1,'Derived Role: Route Log','routeLogDerivedRoleTypeService','Y','KR-WKFLW');
Insert into KRIM_TYP_T (KIM_TYP_ID,OBJ_ID,VER_NBR,NM,SRVC_NM,ACTV_IND,NMSPC_CD) values ('45','5B6013B3AD131A9CE0404F8189D87094',1,'Derived Role: Permission (Edit Document)','documentEditorRoleTypeService','Y','KR-NS');
Insert into KRIM_TYP_T (KIM_TYP_ID,OBJ_ID,VER_NBR,NM,SRVC_NM,ACTV_IND,NMSPC_CD) values ('5','5ADF18B6D4B87954E0404F8189D85002',1,'Ad Hoc Review','adhocReviewPermissionTypeService','Y','KR-WKFLW');
Insert into KRIM_TYP_T (KIM_TYP_ID,OBJ_ID,VER_NBR,NM,SRVC_NM,ACTV_IND,NMSPC_CD) values ('52','5C997D14EAC2FE40E0404F8189D87DC5',1,'Document Type, Routing Node & Field(s)','documentTypeAndNodeAndFieldsPermissionTypeService','Y','KR-SYS');
Insert into KRIM_TYP_T (KIM_TYP_ID,OBJ_ID,VER_NBR,NM,SRVC_NM,ACTV_IND,NMSPC_CD) values ('54','60432A73A6A29F65E0404F8189D86AA4',1,'Document Type (Responsibility)','documentTypeResponsibilityTypeService','Y','KR-KEW');
Insert into KRIM_TYP_T (KIM_TYP_ID,OBJ_ID,VER_NBR,NM,SRVC_NM,ACTV_IND,NMSPC_CD) values ('56','603B735FA6B9FE21E0404F8189D8083B',1,'Document Type & Existing Records Only','documentTypeAndExistingRecordsOnlyPermissionTypeService','Y','KR-NS');
Insert into KRIM_TYP_T (KIM_TYP_ID,OBJ_ID,VER_NBR,NM,SRVC_NM,ACTV_IND,NMSPC_CD) values ('57','603B735FA6BDFE21E0404F8189D8083B',1,'Component Section','componentSectionPermissionTypeService','Y','KR-NS');
Insert into KRIM_TYP_T (KIM_TYP_ID,OBJ_ID,VER_NBR,NM,SRVC_NM,ACTV_IND,NMSPC_CD) values ('59','606763510FBB96D3E0404F8189D857A2',1,'Document Type & Relationship to Note Author','documentTypeAndRelationshipToNoteAuthorPermissionTypeService','Y','KR-NS');
Insert into KRIM_TYP_T (KIM_TYP_ID,OBJ_ID,VER_NBR,NM,SRVC_NM,ACTV_IND,NMSPC_CD) values ('60','606763510FBC96D3E0404F8189D857A2',1,'Derived Role: Permission (Open Document)','documentOpenerRoleTypeService','Y','KR-NS');
Insert into KRIM_TYP_T (KIM_TYP_ID,OBJ_ID,VER_NBR,NM,SRVC_NM,ACTV_IND,NMSPC_CD) values ('66','67F145466E8A9160E0404F8189D86771',1,'Derived Role: Permission (Initiate Document)','documentInitiatorRoleTypeService','Y','KR-SYS');
Insert into KRIM_TYP_T (KIM_TYP_ID,OBJ_ID,VER_NBR,NM,SRVC_NM,ACTV_IND,NMSPC_CD) values ('67','67F145466E8F9160E0404F8189D86771',1,'Namespace','namespacePermissionTypeService','Y','KR-NS');
Insert into KRIM_TYP_T (KIM_TYP_ID,OBJ_ID,VER_NBR,NM,SRVC_NM,ACTV_IND,NMSPC_CD) values ('68','B7DBFABEFD378CBFE0402E0AA9D757C9',1,'View','viewPermissionTypeService','Y','KR-KRAD');
Insert into KRIM_TYP_T (KIM_TYP_ID,OBJ_ID,VER_NBR,NM,SRVC_NM,ACTV_IND,NMSPC_CD) values ('69','B7DBFABEFD388CBFE0402E0AA9D757C9',1,'View Edit Mode','viewEditModePermissionTypeService','Y','KR-KRAD');
Insert into KRIM_TYP_T (KIM_TYP_ID,OBJ_ID,VER_NBR,NM,SRVC_NM,ACTV_IND,NMSPC_CD) values ('7','5ADF18B6D4C07954E0404F8189D85002',1,'Document Type, Routing Node & Action Information','reviewResponsibilityTypeService','Y','KR-WKFLW');
Insert into KRIM_TYP_T (KIM_TYP_ID,OBJ_ID,VER_NBR,NM,SRVC_NM,ACTV_IND,NMSPC_CD) values ('70','B7DBFABEFD398CBFE0402E0AA9D757C9',1,'View Field','viewFieldPermissionTypeService','Y','KR-KRAD');
Insert into KRIM_TYP_T (KIM_TYP_ID,OBJ_ID,VER_NBR,NM,SRVC_NM,ACTV_IND,NMSPC_CD) values ('71','B7DBFABEFD3A8CBFE0402E0AA9D757C9',1,'View Group','viewGroupPermissionTypeService','Y','KR-KRAD');
Insert into KRIM_TYP_T (KIM_TYP_ID,OBJ_ID,VER_NBR,NM,SRVC_NM,ACTV_IND,NMSPC_CD) values ('72','B7DBFABEFD3B8CBFE0402E0AA9D757C9',1,'View Widget','viewWidgetPermissionTypeService','Y','KR-KRAD');
Insert into KRIM_TYP_T (KIM_TYP_ID,OBJ_ID,VER_NBR,NM,SRVC_NM,ACTV_IND,NMSPC_CD) values ('73','B7DBFABEFD3C8CBFE0402E0AA9D757C9',1,'View Action','viewActionPermissionTypeService','Y','KR-KRAD');
Insert into KRIM_TYP_T (KIM_TYP_ID,OBJ_ID,VER_NBR,NM,SRVC_NM,ACTV_IND,NMSPC_CD) values ('74','B7DBFABEFD3D8CBFE0402E0AA9D757C9',1,'View Line Field','viewLineFieldPermissionTypeService','Y','KR-KRAD');
Insert into KRIM_TYP_T (KIM_TYP_ID,OBJ_ID,VER_NBR,NM,SRVC_NM,ACTV_IND,NMSPC_CD) values ('75','B7DBFABEFD3E8CBFE0402E0AA9D757C9',1,'View Line Action','viewLineActionPermissionTypeService','Y','KR-KRAD');
Insert into KRIM_TYP_T (KIM_TYP_ID,OBJ_ID,VER_NBR,NM,SRVC_NM,ACTV_IND,NMSPC_CD) values ('76','BD82F716EFEEF706E0402E0AA9D70A27',1,'Derived Role: Permission (Route Document)','documentRouterRoleTypeService','Y','KR-WKFLW');
Insert into KRIM_TYP_T (KIM_TYP_ID,OBJ_ID,VER_NBR,NM,SRVC_NM,ACTV_IND,NMSPC_CD) values ('8','5ADF18B6D4C67954E0404F8189D85002',1,'Document Type & Routing Node or State','documentTypeAndNodeOrStatePermissionTypeService','Y','KR-SYS');
Insert into KRIM_TYP_T (KIM_TYP_ID,OBJ_ID,VER_NBR,NM,SRVC_NM,ACTV_IND,NMSPC_CD) values ('9','5ADF18B6D4CD7954E0404F8189D85002',1,'Document Type & Attachment Type','documentTypeAndAttachmentTypePermissionTypeService','Y','KR-NS');
Insert into KRIM_TYP_T (KIM_TYP_ID,OBJ_ID,VER_NBR,NM,SRVC_NM,ACTV_IND,NMSPC_CD) values ('KR1000','CDC48BA7E67687DFE040F90A05B92A31',1,'Document Type, Route Node, and Route Status','documentTypeAndNodeAndRouteStatusPermissionTypeService','Y','KR-SYS');
Insert into KRIM_TYP_T (KIM_TYP_ID,OBJ_ID,VER_NBR,NM,SRVC_NM,ACTV_IND,NMSPC_CD) values ('KR1001','CEA27F2DB2D93593E040F90A05B924DB',1,'Backdoor Restriction','backdoorRestrictionPermissionTypeService','Y','KR-SYS');
 --- INSERTING into KRLC_CMP_T

Insert into KRLC_CMP_T (CAMPUS_CD,CAMPUS_NM,CAMPUS_SHRT_NM,CAMPUS_TYP_CD,OBJ_ID,VER_NBR,ACTV_IND) values ('BL','BLOOMINGTON','BLOOMINGTON','B','014F3DB2478DA448E043814FD28EA448',1,'Y');
Insert into KRLC_CMP_T (CAMPUS_CD,CAMPUS_NM,CAMPUS_SHRT_NM,CAMPUS_TYP_CD,OBJ_ID,VER_NBR,ACTV_IND) values ('BX','BLGTN OFF CAMPUS','BLGTN OFF CA','P','014F3DB24798A448E043814FD28EA448',1,'Y');
Insert into KRLC_CMP_T (CAMPUS_CD,CAMPUS_NM,CAMPUS_SHRT_NM,CAMPUS_TYP_CD,OBJ_ID,VER_NBR,ACTV_IND) values ('CO','COLUMBUS','COLUMBUS','F','014F3DB2478EA448E043814FD28EA448',1,'Y');
Insert into KRLC_CMP_T (CAMPUS_CD,CAMPUS_NM,CAMPUS_SHRT_NM,CAMPUS_TYP_CD,OBJ_ID,VER_NBR,ACTV_IND) values ('EA','EAST-RICHMOND','EA-RICHMOND','B','014F3DB2478FA448E043814FD28EA448',1,'Y');
Insert into KRLC_CMP_T (CAMPUS_CD,CAMPUS_NM,CAMPUS_SHRT_NM,CAMPUS_TYP_CD,OBJ_ID,VER_NBR,ACTV_IND) values ('FW','FORT WAYNE','FORT WAYNE','B','014F3DB24790A448E043814FD28EA448',1,'Y');
Insert into KRLC_CMP_T (CAMPUS_CD,CAMPUS_NM,CAMPUS_SHRT_NM,CAMPUS_TYP_CD,OBJ_ID,VER_NBR,ACTV_IND) values ('IN','INDIANAPOLIS','INDIANAPOLIS','B','014F3DB24791A448E043814FD28EA448',1,'Y');
Insert into KRLC_CMP_T (CAMPUS_CD,CAMPUS_NM,CAMPUS_SHRT_NM,CAMPUS_TYP_CD,OBJ_ID,VER_NBR,ACTV_IND) values ('KO','KOKOMO','KOKOMO','B','014F3DB24792A448E043814FD28EA448',1,'Y');
Insert into KRLC_CMP_T (CAMPUS_CD,CAMPUS_NM,CAMPUS_SHRT_NM,CAMPUS_TYP_CD,OBJ_ID,VER_NBR,ACTV_IND) values ('NW','NORTHWEST-GARY','NW-GARY','B','014F3DB24793A448E043814FD28EA448',1,'Y');
Insert into KRLC_CMP_T (CAMPUS_CD,CAMPUS_NM,CAMPUS_SHRT_NM,CAMPUS_TYP_CD,OBJ_ID,VER_NBR,ACTV_IND) values ('OC','OFF CAMPUS','OFF CAMPUS','F','014F3DB24794A448E043814FD28EA448',1,'Y');
Insert into KRLC_CMP_T (CAMPUS_CD,CAMPUS_NM,CAMPUS_SHRT_NM,CAMPUS_TYP_CD,OBJ_ID,VER_NBR,ACTV_IND) values ('SB','SOUTH BEND','SOUTH BEND','B','014F3DB24795A448E043814FD28EA448',1,'Y');
Insert into KRLC_CMP_T (CAMPUS_CD,CAMPUS_NM,CAMPUS_SHRT_NM,CAMPUS_TYP_CD,OBJ_ID,VER_NBR,ACTV_IND) values ('SE','SOUTHEAST-NEW ALBANY','SE-NEW ALBNY','B','014F3DB24796A448E043814FD28EA448',1,'Y');
Insert into KRLC_CMP_T (CAMPUS_CD,CAMPUS_NM,CAMPUS_SHRT_NM,CAMPUS_TYP_CD,OBJ_ID,VER_NBR,ACTV_IND) values ('UA','UNIVERSITY ADMINISTRATION','UNIVER ADMIN','F','014F3DB24797A448E043814FD28EA448',1,'Y');
 --- INSERTING into KRLC_CMP_TYP_T

Insert into KRLC_CMP_TYP_T (CAMPUS_TYP_CD,CMP_TYP_NM,OBJ_ID,VER_NBR,ACTV_IND) values ('B','BOTH','1EFD72846DC90024E043814FD8810024',1,'Y');
Insert into KRLC_CMP_TYP_T (CAMPUS_TYP_CD,CMP_TYP_NM,OBJ_ID,VER_NBR,ACTV_IND) values ('F','FISCAL','1EFD72846DCA0024E043814FD8810024',1,'Y');
Insert into KRLC_CMP_TYP_T (CAMPUS_TYP_CD,CMP_TYP_NM,OBJ_ID,VER_NBR,ACTV_IND) values ('P','PHYSICAL','1EFD72846DCB0024E043814FD8810024',1,'Y');
 --- INSERTING into KRLC_CNTRY_T

Insert into KRLC_CNTRY_T (POSTAL_CNTRY_CD,OBJ_ID,VER_NBR,POSTAL_CNTRY_NM,PSTL_CNTRY_RSTRC_IND,ACTV_IND,ALT_POSTAL_CNTRY_CD) values ('AD','56908AA37904661BE0404F8189D81F46',1,'Andorra','N','Y','AND');
Insert into KRLC_CNTRY_T (POSTAL_CNTRY_CD,OBJ_ID,VER_NBR,POSTAL_CNTRY_NM,PSTL_CNTRY_RSTRC_IND,ACTV_IND,ALT_POSTAL_CNTRY_CD) values ('AE','56908AA379DE661BE0404F8189D81F46',1,'United Arab Emirates','N','Y','ARE');
Insert into KRLC_CNTRY_T (POSTAL_CNTRY_CD,OBJ_ID,VER_NBR,POSTAL_CNTRY_NM,PSTL_CNTRY_RSTRC_IND,ACTV_IND,ALT_POSTAL_CNTRY_CD) values ('AF','56908AA378FF661BE0404F8189D81F46',1,'Afghanistan','N','Y','AFG');
Insert into KRLC_CNTRY_T (POSTAL_CNTRY_CD,OBJ_ID,VER_NBR,POSTAL_CNTRY_NM,PSTL_CNTRY_RSTRC_IND,ACTV_IND,ALT_POSTAL_CNTRY_CD) values ('AG','56908AA378FE661BE0404F8189D81F46',1,'Antigua and Barbuda','N','Y','ATG');
Insert into KRLC_CNTRY_T (POSTAL_CNTRY_CD,OBJ_ID,VER_NBR,POSTAL_CNTRY_NM,PSTL_CNTRY_RSTRC_IND,ACTV_IND,ALT_POSTAL_CNTRY_CD) values ('AI','56908AA3790B661BE0404F8189D81F46',1,'Anguilla','N','Y','AIA');
Insert into KRLC_CNTRY_T (POSTAL_CNTRY_CD,OBJ_ID,VER_NBR,POSTAL_CNTRY_NM,PSTL_CNTRY_RSTRC_IND,ACTV_IND,ALT_POSTAL_CNTRY_CD) values ('AL','56908AA37902661BE0404F8189D81F46',1,'Albania','N','Y','ALB');
Insert into KRLC_CNTRY_T (POSTAL_CNTRY_CD,OBJ_ID,VER_NBR,POSTAL_CNTRY_NM,PSTL_CNTRY_RSTRC_IND,ACTV_IND,ALT_POSTAL_CNTRY_CD) values ('AM','56908AA37903661BE0404F8189D81F46',1,'Armenia','N','Y','ARM');
Insert into KRLC_CNTRY_T (POSTAL_CNTRY_CD,OBJ_ID,VER_NBR,POSTAL_CNTRY_NM,PSTL_CNTRY_RSTRC_IND,ACTV_IND,ALT_POSTAL_CNTRY_CD) values ('AN','56908AA379A7661BE0404F8189D81F46',1,'Netherlands Antilles','N','Y','ANT');
Insert into KRLC_CNTRY_T (POSTAL_CNTRY_CD,OBJ_ID,VER_NBR,POSTAL_CNTRY_NM,PSTL_CNTRY_RSTRC_IND,ACTV_IND,ALT_POSTAL_CNTRY_CD) values ('AO','56908AA37905661BE0404F8189D81F46',1,'Angola','N','Y','AGO');
Insert into KRLC_CNTRY_T (POSTAL_CNTRY_CD,OBJ_ID,VER_NBR,POSTAL_CNTRY_NM,PSTL_CNTRY_RSTRC_IND,ACTV_IND,ALT_POSTAL_CNTRY_CD) values ('AQ','56908AA3790C661BE0404F8189D81F46',1,'Antarctica','N','Y','ATA');
Insert into KRLC_CNTRY_T (POSTAL_CNTRY_CD,OBJ_ID,VER_NBR,POSTAL_CNTRY_NM,PSTL_CNTRY_RSTRC_IND,ACTV_IND,ALT_POSTAL_CNTRY_CD) values ('AR','56908AA37907661BE0404F8189D81F46',1,'Argentina','N','Y','ARG');
Insert into KRLC_CNTRY_T (POSTAL_CNTRY_CD,OBJ_ID,VER_NBR,POSTAL_CNTRY_NM,PSTL_CNTRY_RSTRC_IND,ACTV_IND,ALT_POSTAL_CNTRY_CD) values ('AS','56908AA37906661BE0404F8189D81F46',1,'American Samoa','N','Y','ASM');
Insert into KRLC_CNTRY_T (POSTAL_CNTRY_CD,OBJ_ID,VER_NBR,POSTAL_CNTRY_NM,PSTL_CNTRY_RSTRC_IND,ACTV_IND,ALT_POSTAL_CNTRY_CD) values ('AT','56908AA3790A661BE0404F8189D81F46',1,'Austria','N','Y','AUT');
Insert into KRLC_CNTRY_T (POSTAL_CNTRY_CD,OBJ_ID,VER_NBR,POSTAL_CNTRY_NM,PSTL_CNTRY_RSTRC_IND,ACTV_IND,ALT_POSTAL_CNTRY_CD) values ('AU','56908AA37908661BE0404F8189D81F46',1,'Australia','N','Y','AUS');
Insert into KRLC_CNTRY_T (POSTAL_CNTRY_CD,OBJ_ID,VER_NBR,POSTAL_CNTRY_NM,PSTL_CNTRY_RSTRC_IND,ACTV_IND,ALT_POSTAL_CNTRY_CD) values ('AW','56908AA378FD661BE0404F8189D81F46',1,'Aruba','N','Y','ABW');
Insert into KRLC_CNTRY_T (POSTAL_CNTRY_CD,OBJ_ID,VER_NBR,POSTAL_CNTRY_NM,PSTL_CNTRY_RSTRC_IND,ACTV_IND,ALT_POSTAL_CNTRY_CD) values ('AX','56908AA3794E661BE0404F8189D81F46',1,'land Islands','N','Y','ALA');
Insert into KRLC_CNTRY_T (POSTAL_CNTRY_CD,OBJ_ID,VER_NBR,POSTAL_CNTRY_NM,PSTL_CNTRY_RSTRC_IND,ACTV_IND,ALT_POSTAL_CNTRY_CD) values ('AZ','56908AA37901661BE0404F8189D81F46',1,'Azerbaijan','N','Y','AZE');
Insert into KRLC_CNTRY_T (POSTAL_CNTRY_CD,OBJ_ID,VER_NBR,POSTAL_CNTRY_NM,PSTL_CNTRY_RSTRC_IND,ACTV_IND,ALT_POSTAL_CNTRY_CD) values ('BA','56908AA37915661BE0404F8189D81F46',1,'Bosnia and Herzegovina','N','Y','BIH');
Insert into KRLC_CNTRY_T (POSTAL_CNTRY_CD,OBJ_ID,VER_NBR,POSTAL_CNTRY_NM,PSTL_CNTRY_RSTRC_IND,ACTV_IND,ALT_POSTAL_CNTRY_CD) values ('BB','56908AA3790E661BE0404F8189D81F46',1,'Barbados','N','Y','BRB');
Insert into KRLC_CNTRY_T (POSTAL_CNTRY_CD,OBJ_ID,VER_NBR,POSTAL_CNTRY_NM,PSTL_CNTRY_RSTRC_IND,ACTV_IND,ALT_POSTAL_CNTRY_CD) values ('BD','56908AA37913661BE0404F8189D81F46',1,'Bangladesh','N','Y','BGD');
Insert into KRLC_CNTRY_T (POSTAL_CNTRY_CD,OBJ_ID,VER_NBR,POSTAL_CNTRY_NM,PSTL_CNTRY_RSTRC_IND,ACTV_IND,ALT_POSTAL_CNTRY_CD) values ('BE','56908AA37911661BE0404F8189D81F46',1,'Belgium','N','Y','BEL');
Insert into KRLC_CNTRY_T (POSTAL_CNTRY_CD,OBJ_ID,VER_NBR,POSTAL_CNTRY_NM,PSTL_CNTRY_RSTRC_IND,ACTV_IND,ALT_POSTAL_CNTRY_CD) values ('BF','56908AA37909661BE0404F8189D81F46',1,'Burkina Faso','N','Y','BFA');
Insert into KRLC_CNTRY_T (POSTAL_CNTRY_CD,OBJ_ID,VER_NBR,POSTAL_CNTRY_NM,PSTL_CNTRY_RSTRC_IND,ACTV_IND,ALT_POSTAL_CNTRY_CD) values ('BG','56908AA3791F661BE0404F8189D81F46',1,'Bulgaria','N','Y','BGR');
Insert into KRLC_CNTRY_T (POSTAL_CNTRY_CD,OBJ_ID,VER_NBR,POSTAL_CNTRY_NM,PSTL_CNTRY_RSTRC_IND,ACTV_IND,ALT_POSTAL_CNTRY_CD) values ('BH','56908AA3790D661BE0404F8189D81F46',1,'Bahrain','N','Y','BHR');
Insert into KRLC_CNTRY_T (POSTAL_CNTRY_CD,OBJ_ID,VER_NBR,POSTAL_CNTRY_NM,PSTL_CNTRY_RSTRC_IND,ACTV_IND,ALT_POSTAL_CNTRY_CD) values ('BI','56908AA37922661BE0404F8189D81F46',1,'Burundi','N','Y','BDI');
Insert into KRLC_CNTRY_T (POSTAL_CNTRY_CD,OBJ_ID,VER_NBR,POSTAL_CNTRY_NM,PSTL_CNTRY_RSTRC_IND,ACTV_IND,ALT_POSTAL_CNTRY_CD) values ('BJ','56908AA37918661BE0404F8189D81F46',1,'Benin','N','Y','BEN');
Insert into KRLC_CNTRY_T (POSTAL_CNTRY_CD,OBJ_ID,VER_NBR,POSTAL_CNTRY_NM,PSTL_CNTRY_RSTRC_IND,ACTV_IND,ALT_POSTAL_CNTRY_CD) values ('BL','56908AA3791B661BE0404F8189D81F46',1,'Saint Barthlemy','N','Y','BLM');
Insert into KRLC_CNTRY_T (POSTAL_CNTRY_CD,OBJ_ID,VER_NBR,POSTAL_CNTRY_NM,PSTL_CNTRY_RSTRC_IND,ACTV_IND,ALT_POSTAL_CNTRY_CD) values ('BM','56908AA37910661BE0404F8189D81F46',1,'Bermuda','N','Y','BMU');
Insert into KRLC_CNTRY_T (POSTAL_CNTRY_CD,OBJ_ID,VER_NBR,POSTAL_CNTRY_NM,PSTL_CNTRY_RSTRC_IND,ACTV_IND,ALT_POSTAL_CNTRY_CD) values ('BN','56908AA37921661BE0404F8189D81F46',1,'Brunei Darussalam','N','Y','BRN');
Insert into KRLC_CNTRY_T (POSTAL_CNTRY_CD,OBJ_ID,VER_NBR,POSTAL_CNTRY_NM,PSTL_CNTRY_RSTRC_IND,ACTV_IND,ALT_POSTAL_CNTRY_CD) values ('BO','56908AA37916661BE0404F8189D81F46',1,'Bolivia, Plurinational State Of','N','Y','BOL');
Insert into KRLC_CNTRY_T (POSTAL_CNTRY_CD,OBJ_ID,VER_NBR,POSTAL_CNTRY_NM,PSTL_CNTRY_RSTRC_IND,ACTV_IND,ALT_POSTAL_CNTRY_CD) values ('BR','56908AA3791C661BE0404F8189D81F46',1,'Brazil','N','Y','BRA');
Insert into KRLC_CNTRY_T (POSTAL_CNTRY_CD,OBJ_ID,VER_NBR,POSTAL_CNTRY_NM,PSTL_CNTRY_RSTRC_IND,ACTV_IND,ALT_POSTAL_CNTRY_CD) values ('BS','56908AA37912661BE0404F8189D81F46',1,'Bahamas','N','Y','BHS');
Insert into KRLC_CNTRY_T (POSTAL_CNTRY_CD,OBJ_ID,VER_NBR,POSTAL_CNTRY_NM,PSTL_CNTRY_RSTRC_IND,ACTV_IND,ALT_POSTAL_CNTRY_CD) values ('BT','56908AA3791E661BE0404F8189D81F46',1,'Bhutan','N','Y','BTN');
Insert into KRLC_CNTRY_T (POSTAL_CNTRY_CD,OBJ_ID,VER_NBR,POSTAL_CNTRY_NM,PSTL_CNTRY_RSTRC_IND,ACTV_IND,ALT_POSTAL_CNTRY_CD) values ('BV','56908AA37920661BE0404F8189D81F46',1,'Bouvet Island','N','Y','BVT');
Insert into KRLC_CNTRY_T (POSTAL_CNTRY_CD,OBJ_ID,VER_NBR,POSTAL_CNTRY_NM,PSTL_CNTRY_RSTRC_IND,ACTV_IND,ALT_POSTAL_CNTRY_CD) values ('BW','56908AA3790F661BE0404F8189D81F46',1,'Botswana','N','Y','BWA');
Insert into KRLC_CNTRY_T (POSTAL_CNTRY_CD,OBJ_ID,VER_NBR,POSTAL_CNTRY_NM,PSTL_CNTRY_RSTRC_IND,ACTV_IND,ALT_POSTAL_CNTRY_CD) values ('BY','56908AA37919661BE0404F8189D81F46',1,'Belarus','N','Y','BLR');
Insert into KRLC_CNTRY_T (POSTAL_CNTRY_CD,OBJ_ID,VER_NBR,POSTAL_CNTRY_NM,PSTL_CNTRY_RSTRC_IND,ACTV_IND,ALT_POSTAL_CNTRY_CD) values ('BZ','56908AA37914661BE0404F8189D81F46',1,'Belize','N','Y','BLZ');
Insert into KRLC_CNTRY_T (POSTAL_CNTRY_CD,OBJ_ID,VER_NBR,POSTAL_CNTRY_NM,PSTL_CNTRY_RSTRC_IND,ACTV_IND,ALT_POSTAL_CNTRY_CD) values ('CA','56908AA37923661BE0404F8189D81F46',1,'Canada','N','Y','CAN');
Insert into KRLC_CNTRY_T (POSTAL_CNTRY_CD,OBJ_ID,VER_NBR,POSTAL_CNTRY_NM,PSTL_CNTRY_RSTRC_IND,ACTV_IND,ALT_POSTAL_CNTRY_CD) values ('CC','56908AA3792C661BE0404F8189D81F46',1,'Cocos (Keeling) Islands','N','Y','CCK');
Insert into KRLC_CNTRY_T (POSTAL_CNTRY_CD,OBJ_ID,VER_NBR,POSTAL_CNTRY_NM,PSTL_CNTRY_RSTRC_IND,ACTV_IND,ALT_POSTAL_CNTRY_CD) values ('CD','56908AA37928661BE0404F8189D81F46',1,'Congo, The Democratic Republic Of The','N','Y','COD');
Insert into KRLC_CNTRY_T (POSTAL_CNTRY_CD,OBJ_ID,VER_NBR,POSTAL_CNTRY_NM,PSTL_CNTRY_RSTRC_IND,ACTV_IND,ALT_POSTAL_CNTRY_CD) values ('CF','56908AA37933661BE0404F8189D81F46',1,'Central African Republic','N','Y','CAF');
Insert into KRLC_CNTRY_T (POSTAL_CNTRY_CD,OBJ_ID,VER_NBR,POSTAL_CNTRY_NM,PSTL_CNTRY_RSTRC_IND,ACTV_IND,ALT_POSTAL_CNTRY_CD) values ('CG','56908AA37927661BE0404F8189D81F46',1,'Congo','N','Y','COG');
Insert into KRLC_CNTRY_T (POSTAL_CNTRY_CD,OBJ_ID,VER_NBR,POSTAL_CNTRY_NM,PSTL_CNTRY_RSTRC_IND,ACTV_IND,ALT_POSTAL_CNTRY_CD) values ('CH','56908AA379DD661BE0404F8189D81F46',1,'Switzerland','N','Y','CHE');
Insert into KRLC_CNTRY_T (POSTAL_CNTRY_CD,OBJ_ID,VER_NBR,POSTAL_CNTRY_NM,PSTL_CNTRY_RSTRC_IND,ACTV_IND,ALT_POSTAL_CNTRY_CD) values ('CI','56908AA37973661BE0404F8189D81F46',1,'Cte D''Ivoire','N','Y','CIV');
Insert into KRLC_CNTRY_T (POSTAL_CNTRY_CD,OBJ_ID,VER_NBR,POSTAL_CNTRY_NM,PSTL_CNTRY_RSTRC_IND,ACTV_IND,ALT_POSTAL_CNTRY_CD) values ('CK','56908AA37936661BE0404F8189D81F46',1,'Cook Islands','N','Y','COK');
Insert into KRLC_CNTRY_T (POSTAL_CNTRY_CD,OBJ_ID,VER_NBR,POSTAL_CNTRY_NM,PSTL_CNTRY_RSTRC_IND,ACTV_IND,ALT_POSTAL_CNTRY_CD) values ('CL','56908AA3792A661BE0404F8189D81F46',1,'Chile','N','Y','CHL');
Insert into KRLC_CNTRY_T (POSTAL_CNTRY_CD,OBJ_ID,VER_NBR,POSTAL_CNTRY_NM,PSTL_CNTRY_RSTRC_IND,ACTV_IND,ALT_POSTAL_CNTRY_CD) values ('CM','56908AA3792D661BE0404F8189D81F46',1,'Cameroon','N','Y','CMR');
Insert into KRLC_CNTRY_T (POSTAL_CNTRY_CD,OBJ_ID,VER_NBR,POSTAL_CNTRY_NM,PSTL_CNTRY_RSTRC_IND,ACTV_IND,ALT_POSTAL_CNTRY_CD) values ('CN','56908AA37929661BE0404F8189D81F46',1,'China','N','Y','CHN');
Insert into KRLC_CNTRY_T (POSTAL_CNTRY_CD,OBJ_ID,VER_NBR,POSTAL_CNTRY_NM,PSTL_CNTRY_RSTRC_IND,ACTV_IND,ALT_POSTAL_CNTRY_CD) values ('CO','56908AA3792F661BE0404F8189D81F46',1,'Colombia','N','Y','COL');
Insert into KRLC_CNTRY_T (POSTAL_CNTRY_CD,OBJ_ID,VER_NBR,POSTAL_CNTRY_NM,PSTL_CNTRY_RSTRC_IND,ACTV_IND,ALT_POSTAL_CNTRY_CD) values ('CR','56908AA37932661BE0404F8189D81F46',1,'Costa Rica','N','Y','CRI');
Insert into KRLC_CNTRY_T (POSTAL_CNTRY_CD,OBJ_ID,VER_NBR,POSTAL_CNTRY_NM,PSTL_CNTRY_RSTRC_IND,ACTV_IND,ALT_POSTAL_CNTRY_CD) values ('CU','56908AA37934661BE0404F8189D81F46',1,'Cuba','N','Y','CUB');
Insert into KRLC_CNTRY_T (POSTAL_CNTRY_CD,OBJ_ID,VER_NBR,POSTAL_CNTRY_NM,PSTL_CNTRY_RSTRC_IND,ACTV_IND,ALT_POSTAL_CNTRY_CD) values ('CV','56908AA37935661BE0404F8189D81F46',1,'Cape Verde','N','Y','CPV');
Insert into KRLC_CNTRY_T (POSTAL_CNTRY_CD,OBJ_ID,VER_NBR,POSTAL_CNTRY_NM,PSTL_CNTRY_RSTRC_IND,ACTV_IND,ALT_POSTAL_CNTRY_CD) values ('CX','56908AA37983661BE0404F8189D81F46',1,'Christmas Island','N','Y','CXR');
Insert into KRLC_CNTRY_T (POSTAL_CNTRY_CD,OBJ_ID,VER_NBR,POSTAL_CNTRY_NM,PSTL_CNTRY_RSTRC_IND,ACTV_IND,ALT_POSTAL_CNTRY_CD) values ('CY','56908AA37937661BE0404F8189D81F46',1,'Cyprus','N','Y','CYP');
Insert into KRLC_CNTRY_T (POSTAL_CNTRY_CD,OBJ_ID,VER_NBR,POSTAL_CNTRY_NM,PSTL_CNTRY_RSTRC_IND,ACTV_IND,ALT_POSTAL_CNTRY_CD) values ('CZ','56908AA37946661BE0404F8189D81F46',1,'Czech Republic','N','Y','CZE');
Insert into KRLC_CNTRY_T (POSTAL_CNTRY_CD,OBJ_ID,VER_NBR,POSTAL_CNTRY_NM,PSTL_CNTRY_RSTRC_IND,ACTV_IND,ALT_POSTAL_CNTRY_CD) values ('DE','56908AA3795A661BE0404F8189D81F46',1,'Germany','N','Y','DEU');
Insert into KRLC_CNTRY_T (POSTAL_CNTRY_CD,OBJ_ID,VER_NBR,POSTAL_CNTRY_NM,PSTL_CNTRY_RSTRC_IND,ACTV_IND,ALT_POSTAL_CNTRY_CD) values ('DJ','56908AA3793A661BE0404F8189D81F46',1,'Djibouti','N','Y','DJI');
Insert into KRLC_CNTRY_T (POSTAL_CNTRY_CD,OBJ_ID,VER_NBR,POSTAL_CNTRY_NM,PSTL_CNTRY_RSTRC_IND,ACTV_IND,ALT_POSTAL_CNTRY_CD) values ('DK','56908AA37939661BE0404F8189D81F46',1,'Denmark','N','Y','DNK');
Insert into KRLC_CNTRY_T (POSTAL_CNTRY_CD,OBJ_ID,VER_NBR,POSTAL_CNTRY_NM,PSTL_CNTRY_RSTRC_IND,ACTV_IND,ALT_POSTAL_CNTRY_CD) values ('DM','56908AA3793B661BE0404F8189D81F46',1,'Dominica','N','Y','DMA');
Insert into KRLC_CNTRY_T (POSTAL_CNTRY_CD,OBJ_ID,VER_NBR,POSTAL_CNTRY_NM,PSTL_CNTRY_RSTRC_IND,ACTV_IND,ALT_POSTAL_CNTRY_CD) values ('DO','56908AA3793C661BE0404F8189D81F46',1,'Dominican Republic','N','Y','DOM');
Insert into KRLC_CNTRY_T (POSTAL_CNTRY_CD,OBJ_ID,VER_NBR,POSTAL_CNTRY_NM,PSTL_CNTRY_RSTRC_IND,ACTV_IND,ALT_POSTAL_CNTRY_CD) values ('DZ','56908AA37900661BE0404F8189D81F46',1,'Algeria','N','Y','DZA');
Insert into KRLC_CNTRY_T (POSTAL_CNTRY_CD,OBJ_ID,VER_NBR,POSTAL_CNTRY_NM,PSTL_CNTRY_RSTRC_IND,ACTV_IND,ALT_POSTAL_CNTRY_CD) values ('EC','56908AA3793D661BE0404F8189D81F46',1,'Ecuador','N','Y','ECU');
Insert into KRLC_CNTRY_T (POSTAL_CNTRY_CD,OBJ_ID,VER_NBR,POSTAL_CNTRY_NM,PSTL_CNTRY_RSTRC_IND,ACTV_IND,ALT_POSTAL_CNTRY_CD) values ('EE','56908AA37941661BE0404F8189D81F46',1,'Estonia','N','Y','EST');
Insert into KRLC_CNTRY_T (POSTAL_CNTRY_CD,OBJ_ID,VER_NBR,POSTAL_CNTRY_NM,PSTL_CNTRY_RSTRC_IND,ACTV_IND,ALT_POSTAL_CNTRY_CD) values ('EG','56908AA3793E661BE0404F8189D81F46',1,'Egypt','N','Y','EGY');
Insert into KRLC_CNTRY_T (POSTAL_CNTRY_CD,OBJ_ID,VER_NBR,POSTAL_CNTRY_NM,PSTL_CNTRY_RSTRC_IND,ACTV_IND,ALT_POSTAL_CNTRY_CD) values ('EH','56908AA379FE661BE0404F8189D81F46',1,'Western Sahara','N','Y','ESH');
Insert into KRLC_CNTRY_T (POSTAL_CNTRY_CD,OBJ_ID,VER_NBR,POSTAL_CNTRY_NM,PSTL_CNTRY_RSTRC_IND,ACTV_IND,ALT_POSTAL_CNTRY_CD) values ('ER','56908AA37942661BE0404F8189D81F46',1,'Eritrea','N','Y','ERI');
Insert into KRLC_CNTRY_T (POSTAL_CNTRY_CD,OBJ_ID,VER_NBR,POSTAL_CNTRY_NM,PSTL_CNTRY_RSTRC_IND,ACTV_IND,ALT_POSTAL_CNTRY_CD) values ('ES','56908AA379D6661BE0404F8189D81F46',1,'Spain','N','Y','ESP');
Insert into KRLC_CNTRY_T (POSTAL_CNTRY_CD,OBJ_ID,VER_NBR,POSTAL_CNTRY_NM,PSTL_CNTRY_RSTRC_IND,ACTV_IND,ALT_POSTAL_CNTRY_CD) values ('ET','56908AA37944661BE0404F8189D81F46',1,'Ethiopia','N','Y','ETH');
Insert into KRLC_CNTRY_T (POSTAL_CNTRY_CD,OBJ_ID,VER_NBR,POSTAL_CNTRY_NM,PSTL_CNTRY_RSTRC_IND,ACTV_IND,ALT_POSTAL_CNTRY_CD) values ('FI','56908AA37949661BE0404F8189D81F46',1,'Finland','N','Y','FIN');
Insert into KRLC_CNTRY_T (POSTAL_CNTRY_CD,OBJ_ID,VER_NBR,POSTAL_CNTRY_NM,PSTL_CNTRY_RSTRC_IND,ACTV_IND,ALT_POSTAL_CNTRY_CD) values ('FJ','56908AA3794A661BE0404F8189D81F46',1,'Fiji','N','Y','FJI');
Insert into KRLC_CNTRY_T (POSTAL_CNTRY_CD,OBJ_ID,VER_NBR,POSTAL_CNTRY_NM,PSTL_CNTRY_RSTRC_IND,ACTV_IND,ALT_POSTAL_CNTRY_CD) values ('FK','56908AA37947661BE0404F8189D81F46',1,'Falkland Islands (Malvinas)','N','Y','FLK');
Insert into KRLC_CNTRY_T (POSTAL_CNTRY_CD,OBJ_ID,VER_NBR,POSTAL_CNTRY_NM,PSTL_CNTRY_RSTRC_IND,ACTV_IND,ALT_POSTAL_CNTRY_CD) values ('FM','56908AA3794B661BE0404F8189D81F46',1,'Micronesia, Federated States Of','N','Y','FSM');
Insert into KRLC_CNTRY_T (POSTAL_CNTRY_CD,OBJ_ID,VER_NBR,POSTAL_CNTRY_NM,PSTL_CNTRY_RSTRC_IND,ACTV_IND,ALT_POSTAL_CNTRY_CD) values ('FO','56908AA3794C661BE0404F8189D81F46',1,'Faroe Islands','N','Y','FRO');
Insert into KRLC_CNTRY_T (POSTAL_CNTRY_CD,OBJ_ID,VER_NBR,POSTAL_CNTRY_NM,PSTL_CNTRY_RSTRC_IND,ACTV_IND,ALT_POSTAL_CNTRY_CD) values ('FR','56908AA3794F661BE0404F8189D81F46',1,'France','N','Y','FRA');
Insert into KRLC_CNTRY_T (POSTAL_CNTRY_CD,OBJ_ID,VER_NBR,POSTAL_CNTRY_NM,PSTL_CNTRY_RSTRC_IND,ACTV_IND,ALT_POSTAL_CNTRY_CD) values ('GA','56908AA37952661BE0404F8189D81F46',1,'Gabon','N','Y','GAB');
Insert into KRLC_CNTRY_T (POSTAL_CNTRY_CD,OBJ_ID,VER_NBR,POSTAL_CNTRY_NM,PSTL_CNTRY_RSTRC_IND,ACTV_IND,ALT_POSTAL_CNTRY_CD) values ('GB','56908AA379EF661BE0404F8189D81F46',1,'United Kingdom','N','Y','GBR');
Insert into KRLC_CNTRY_T (POSTAL_CNTRY_CD,OBJ_ID,VER_NBR,POSTAL_CNTRY_NM,PSTL_CNTRY_RSTRC_IND,ACTV_IND,ALT_POSTAL_CNTRY_CD) values ('GD','56908AA37957661BE0404F8189D81F46',1,'Grenada','N','Y','GRD');
Insert into KRLC_CNTRY_T (POSTAL_CNTRY_CD,OBJ_ID,VER_NBR,POSTAL_CNTRY_NM,PSTL_CNTRY_RSTRC_IND,ACTV_IND,ALT_POSTAL_CNTRY_CD) values ('GE','56908AA37954661BE0404F8189D81F46',1,'Georgia','N','Y','GEO');
Insert into KRLC_CNTRY_T (POSTAL_CNTRY_CD,OBJ_ID,VER_NBR,POSTAL_CNTRY_NM,PSTL_CNTRY_RSTRC_IND,ACTV_IND,ALT_POSTAL_CNTRY_CD) values ('GF','56908AA37948661BE0404F8189D81F46',1,'French Guiana','N','Y','GUF');
Insert into KRLC_CNTRY_T (POSTAL_CNTRY_CD,OBJ_ID,VER_NBR,POSTAL_CNTRY_NM,PSTL_CNTRY_RSTRC_IND,ACTV_IND,ALT_POSTAL_CNTRY_CD) values ('GG','56908AA37958661BE0404F8189D81F46',1,'Guernsey','N','Y','GGY');
Insert into KRLC_CNTRY_T (POSTAL_CNTRY_CD,OBJ_ID,VER_NBR,POSTAL_CNTRY_NM,PSTL_CNTRY_RSTRC_IND,ACTV_IND,ALT_POSTAL_CNTRY_CD) values ('GH','56908AA37955661BE0404F8189D81F46',1,'Ghana','N','Y','GHA');
Insert into KRLC_CNTRY_T (POSTAL_CNTRY_CD,OBJ_ID,VER_NBR,POSTAL_CNTRY_NM,PSTL_CNTRY_RSTRC_IND,ACTV_IND,ALT_POSTAL_CNTRY_CD) values ('GI','56908AA37956661BE0404F8189D81F46',1,'Gibraltar','N','Y','GIB');
Insert into KRLC_CNTRY_T (POSTAL_CNTRY_CD,OBJ_ID,VER_NBR,POSTAL_CNTRY_NM,PSTL_CNTRY_RSTRC_IND,ACTV_IND,ALT_POSTAL_CNTRY_CD) values ('GL','56908AA37959661BE0404F8189D81F46',1,'Greenland','N','Y','GRL');
Insert into KRLC_CNTRY_T (POSTAL_CNTRY_CD,OBJ_ID,VER_NBR,POSTAL_CNTRY_NM,PSTL_CNTRY_RSTRC_IND,ACTV_IND,ALT_POSTAL_CNTRY_CD) values ('GM','56908AA37951661BE0404F8189D81F46',1,'Gambia','N','Y','GMB');
Insert into KRLC_CNTRY_T (POSTAL_CNTRY_CD,OBJ_ID,VER_NBR,POSTAL_CNTRY_NM,PSTL_CNTRY_RSTRC_IND,ACTV_IND,ALT_POSTAL_CNTRY_CD) values ('GN','56908AA37960661BE0404F8189D81F46',1,'Guinea','N','Y','GIN');
Insert into KRLC_CNTRY_T (POSTAL_CNTRY_CD,OBJ_ID,VER_NBR,POSTAL_CNTRY_NM,PSTL_CNTRY_RSTRC_IND,ACTV_IND,ALT_POSTAL_CNTRY_CD) values ('GP','56908AA3795C661BE0404F8189D81F46',1,'Guadeloupe','N','Y','GLP');
Insert into KRLC_CNTRY_T (POSTAL_CNTRY_CD,OBJ_ID,VER_NBR,POSTAL_CNTRY_NM,PSTL_CNTRY_RSTRC_IND,ACTV_IND,ALT_POSTAL_CNTRY_CD) values ('GQ','56908AA37940661BE0404F8189D81F46',1,'Equatorial Guinea','N','Y','GNQ');
Insert into KRLC_CNTRY_T (POSTAL_CNTRY_CD,OBJ_ID,VER_NBR,POSTAL_CNTRY_NM,PSTL_CNTRY_RSTRC_IND,ACTV_IND,ALT_POSTAL_CNTRY_CD) values ('GR','56908AA3795E661BE0404F8189D81F46',1,'Greece','N','Y','GRC');
Insert into KRLC_CNTRY_T (POSTAL_CNTRY_CD,OBJ_ID,VER_NBR,POSTAL_CNTRY_NM,PSTL_CNTRY_RSTRC_IND,ACTV_IND,ALT_POSTAL_CNTRY_CD) values ('GS','56908AA37931661BE0404F8189D81F46',1,'South Georgia and South Sandwich Islands','N','Y','SGS');
Insert into KRLC_CNTRY_T (POSTAL_CNTRY_CD,OBJ_ID,VER_NBR,POSTAL_CNTRY_NM,PSTL_CNTRY_RSTRC_IND,ACTV_IND,ALT_POSTAL_CNTRY_CD) values ('GT','56908AA3795F661BE0404F8189D81F46',1,'Guatemala','N','Y','GTM');
Insert into KRLC_CNTRY_T (POSTAL_CNTRY_CD,OBJ_ID,VER_NBR,POSTAL_CNTRY_NM,PSTL_CNTRY_RSTRC_IND,ACTV_IND,ALT_POSTAL_CNTRY_CD) values ('GU','56908AA3795D661BE0404F8189D81F46',1,'Guam','N','Y','GUM');
Insert into KRLC_CNTRY_T (POSTAL_CNTRY_CD,OBJ_ID,VER_NBR,POSTAL_CNTRY_NM,PSTL_CNTRY_RSTRC_IND,ACTV_IND,ALT_POSTAL_CNTRY_CD) values ('GW','56908AA379C1661BE0404F8189D81F46',1,'Guinea-Bissau','N','Y','GNB');
Insert into KRLC_CNTRY_T (POSTAL_CNTRY_CD,OBJ_ID,VER_NBR,POSTAL_CNTRY_NM,PSTL_CNTRY_RSTRC_IND,ACTV_IND,ALT_POSTAL_CNTRY_CD) values ('GY','56908AA37961661BE0404F8189D81F46',1,'Guyana','N','Y','GUY');
Insert into KRLC_CNTRY_T (POSTAL_CNTRY_CD,OBJ_ID,VER_NBR,POSTAL_CNTRY_NM,PSTL_CNTRY_RSTRC_IND,ACTV_IND,ALT_POSTAL_CNTRY_CD) values ('HK','56908AA37964661BE0404F8189D81F46',1,'Hong Kong','N','Y','HKG');
Insert into KRLC_CNTRY_T (POSTAL_CNTRY_CD,OBJ_ID,VER_NBR,POSTAL_CNTRY_NM,PSTL_CNTRY_RSTRC_IND,ACTV_IND,ALT_POSTAL_CNTRY_CD) values ('HM','56908AA37965661BE0404F8189D81F46',1,'Heard and McDonald Islands','N','Y','HMD');
Insert into KRLC_CNTRY_T (POSTAL_CNTRY_CD,OBJ_ID,VER_NBR,POSTAL_CNTRY_NM,PSTL_CNTRY_RSTRC_IND,ACTV_IND,ALT_POSTAL_CNTRY_CD) values ('HN','56908AA37966661BE0404F8189D81F46',1,'Honduras','N','Y','HND');
Insert into KRLC_CNTRY_T (POSTAL_CNTRY_CD,OBJ_ID,VER_NBR,POSTAL_CNTRY_NM,PSTL_CNTRY_RSTRC_IND,ACTV_IND,ALT_POSTAL_CNTRY_CD) values ('HR','56908AA37968661BE0404F8189D81F46',1,'Croatia','N','Y','HRV');
Insert into KRLC_CNTRY_T (POSTAL_CNTRY_CD,OBJ_ID,VER_NBR,POSTAL_CNTRY_NM,PSTL_CNTRY_RSTRC_IND,ACTV_IND,ALT_POSTAL_CNTRY_CD) values ('HT','56908AA37963661BE0404F8189D81F46',1,'Haiti','N','Y','HTI');
Insert into KRLC_CNTRY_T (POSTAL_CNTRY_CD,OBJ_ID,VER_NBR,POSTAL_CNTRY_NM,PSTL_CNTRY_RSTRC_IND,ACTV_IND,ALT_POSTAL_CNTRY_CD) values ('HU','56908AA37969661BE0404F8189D81F46',1,'Hungary','N','Y','HUN');
Insert into KRLC_CNTRY_T (POSTAL_CNTRY_CD,OBJ_ID,VER_NBR,POSTAL_CNTRY_NM,PSTL_CNTRY_RSTRC_IND,ACTV_IND,ALT_POSTAL_CNTRY_CD) values ('ID','56908AA3796B661BE0404F8189D81F46',1,'Indonesia','N','Y','IDN');
Insert into KRLC_CNTRY_T (POSTAL_CNTRY_CD,OBJ_ID,VER_NBR,POSTAL_CNTRY_NM,PSTL_CNTRY_RSTRC_IND,ACTV_IND,ALT_POSTAL_CNTRY_CD) values ('IE','56908AA3793F661BE0404F8189D81F46',1,'Ireland','N','Y','IRL');
Insert into KRLC_CNTRY_T (POSTAL_CNTRY_CD,OBJ_ID,VER_NBR,POSTAL_CNTRY_NM,PSTL_CNTRY_RSTRC_IND,ACTV_IND,ALT_POSTAL_CNTRY_CD) values ('IL','56908AA37971661BE0404F8189D81F46',1,'Israel','N','Y','ISR');
Insert into KRLC_CNTRY_T (POSTAL_CNTRY_CD,OBJ_ID,VER_NBR,POSTAL_CNTRY_NM,PSTL_CNTRY_RSTRC_IND,ACTV_IND,ALT_POSTAL_CNTRY_CD) values ('IM','56908AA3796C661BE0404F8189D81F46',1,'Isle of Man','N','Y','IMN');
Insert into KRLC_CNTRY_T (POSTAL_CNTRY_CD,OBJ_ID,VER_NBR,POSTAL_CNTRY_NM,PSTL_CNTRY_RSTRC_IND,ACTV_IND,ALT_POSTAL_CNTRY_CD) values ('IN','56908AA3796D661BE0404F8189D81F46',1,'India','N','Y','IND');
Insert into KRLC_CNTRY_T (POSTAL_CNTRY_CD,OBJ_ID,VER_NBR,POSTAL_CNTRY_NM,PSTL_CNTRY_RSTRC_IND,ACTV_IND,ALT_POSTAL_CNTRY_CD) values ('IO','56908AA3796E661BE0404F8189D81F46',1,'British Indian Ocean Territory','N','Y','IOT');
Insert into KRLC_CNTRY_T (POSTAL_CNTRY_CD,OBJ_ID,VER_NBR,POSTAL_CNTRY_NM,PSTL_CNTRY_RSTRC_IND,ACTV_IND,ALT_POSTAL_CNTRY_CD) values ('IQ','56908AA37975661BE0404F8189D81F46',1,'Iraq','N','Y','IRQ');
Insert into KRLC_CNTRY_T (POSTAL_CNTRY_CD,OBJ_ID,VER_NBR,POSTAL_CNTRY_NM,PSTL_CNTRY_RSTRC_IND,ACTV_IND,ALT_POSTAL_CNTRY_CD) values ('IR','56908AA37970661BE0404F8189D81F46',1,'Iran, Islamic Republic Of','N','Y','IRN');
Insert into KRLC_CNTRY_T (POSTAL_CNTRY_CD,OBJ_ID,VER_NBR,POSTAL_CNTRY_NM,PSTL_CNTRY_RSTRC_IND,ACTV_IND,ALT_POSTAL_CNTRY_CD) values ('IS','56908AA3796A661BE0404F8189D81F46',1,'Iceland','N','Y','ISL');
Insert into KRLC_CNTRY_T (POSTAL_CNTRY_CD,OBJ_ID,VER_NBR,POSTAL_CNTRY_NM,PSTL_CNTRY_RSTRC_IND,ACTV_IND,ALT_POSTAL_CNTRY_CD) values ('IT','56908AA37972661BE0404F8189D81F46',1,'Italy','N','Y','ITA');
Insert into KRLC_CNTRY_T (POSTAL_CNTRY_CD,OBJ_ID,VER_NBR,POSTAL_CNTRY_NM,PSTL_CNTRY_RSTRC_IND,ACTV_IND,ALT_POSTAL_CNTRY_CD) values ('JE','56908AA37977661BE0404F8189D81F46',1,'Jersey','N','Y','JEY');
Insert into KRLC_CNTRY_T (POSTAL_CNTRY_CD,OBJ_ID,VER_NBR,POSTAL_CNTRY_NM,PSTL_CNTRY_RSTRC_IND,ACTV_IND,ALT_POSTAL_CNTRY_CD) values ('JM','56908AA37978661BE0404F8189D81F46',1,'Jamaica','N','Y','JAM');
Insert into KRLC_CNTRY_T (POSTAL_CNTRY_CD,OBJ_ID,VER_NBR,POSTAL_CNTRY_NM,PSTL_CNTRY_RSTRC_IND,ACTV_IND,ALT_POSTAL_CNTRY_CD) values ('JO','56908AA3797A661BE0404F8189D81F46',1,'Jordan','N','Y','JOR');
Insert into KRLC_CNTRY_T (POSTAL_CNTRY_CD,OBJ_ID,VER_NBR,POSTAL_CNTRY_NM,PSTL_CNTRY_RSTRC_IND,ACTV_IND,ALT_POSTAL_CNTRY_CD) values ('JP','56908AA37976661BE0404F8189D81F46',1,'Japan','N','Y','JPN');
Insert into KRLC_CNTRY_T (POSTAL_CNTRY_CD,OBJ_ID,VER_NBR,POSTAL_CNTRY_NM,PSTL_CNTRY_RSTRC_IND,ACTV_IND,ALT_POSTAL_CNTRY_CD) values ('KE','56908AA3797D661BE0404F8189D81F46',1,'Kenya','N','Y','KEN');
Insert into KRLC_CNTRY_T (POSTAL_CNTRY_CD,OBJ_ID,VER_NBR,POSTAL_CNTRY_NM,PSTL_CNTRY_RSTRC_IND,ACTV_IND,ALT_POSTAL_CNTRY_CD) values ('KG','56908AA3797E661BE0404F8189D81F46',1,'Kyrgyzstan','N','Y','KGZ');
Insert into KRLC_CNTRY_T (POSTAL_CNTRY_CD,OBJ_ID,VER_NBR,POSTAL_CNTRY_NM,PSTL_CNTRY_RSTRC_IND,ACTV_IND,ALT_POSTAL_CNTRY_CD) values ('KH','56908AA37924661BE0404F8189D81F46',1,'Cambodia','N','Y','KHM');
Insert into KRLC_CNTRY_T (POSTAL_CNTRY_CD,OBJ_ID,VER_NBR,POSTAL_CNTRY_NM,PSTL_CNTRY_RSTRC_IND,ACTV_IND,ALT_POSTAL_CNTRY_CD) values ('KI','56908AA37981661BE0404F8189D81F46',1,'Kiribati','N','Y','KIR');
Insert into KRLC_CNTRY_T (POSTAL_CNTRY_CD,OBJ_ID,VER_NBR,POSTAL_CNTRY_NM,PSTL_CNTRY_RSTRC_IND,ACTV_IND,ALT_POSTAL_CNTRY_CD) values ('KM','56908AA3792E661BE0404F8189D81F46',1,'Comoros','N','Y','COM');
Insert into KRLC_CNTRY_T (POSTAL_CNTRY_CD,OBJ_ID,VER_NBR,POSTAL_CNTRY_NM,PSTL_CNTRY_RSTRC_IND,ACTV_IND,ALT_POSTAL_CNTRY_CD) values ('KN','56908AA379CC661BE0404F8189D81F46',1,'Saint Kitts And Nevis','N','Y','KNA');
Insert into KRLC_CNTRY_T (POSTAL_CNTRY_CD,OBJ_ID,VER_NBR,POSTAL_CNTRY_NM,PSTL_CNTRY_RSTRC_IND,ACTV_IND,ALT_POSTAL_CNTRY_CD) values ('KP','56908AA3797F661BE0404F8189D81F46',1,'Korea, Democratic People''s Republic Of','N','Y','PRK');
Insert into KRLC_CNTRY_T (POSTAL_CNTRY_CD,OBJ_ID,VER_NBR,POSTAL_CNTRY_NM,PSTL_CNTRY_RSTRC_IND,ACTV_IND,ALT_POSTAL_CNTRY_CD) values ('KR','56908AA37982661BE0404F8189D81F46',1,'Korea, Republic of','N','Y','KOR');
Insert into KRLC_CNTRY_T (POSTAL_CNTRY_CD,OBJ_ID,VER_NBR,POSTAL_CNTRY_NM,PSTL_CNTRY_RSTRC_IND,ACTV_IND,ALT_POSTAL_CNTRY_CD) values ('KW','56908AA37984661BE0404F8189D81F46',1,'Kuwait','N','Y','KWT');
Insert into KRLC_CNTRY_T (POSTAL_CNTRY_CD,OBJ_ID,VER_NBR,POSTAL_CNTRY_NM,PSTL_CNTRY_RSTRC_IND,ACTV_IND,ALT_POSTAL_CNTRY_CD) values ('KY','56908AA3792B661BE0404F8189D81F46',1,'Cayman Islands','N','Y','CYM');
Insert into KRLC_CNTRY_T (POSTAL_CNTRY_CD,OBJ_ID,VER_NBR,POSTAL_CNTRY_NM,PSTL_CNTRY_RSTRC_IND,ACTV_IND,ALT_POSTAL_CNTRY_CD) values ('KZ','56908AA37985661BE0404F8189D81F46',1,'Kazakhstan','N','Y','KAZ');
Insert into KRLC_CNTRY_T (POSTAL_CNTRY_CD,OBJ_ID,VER_NBR,POSTAL_CNTRY_NM,PSTL_CNTRY_RSTRC_IND,ACTV_IND,ALT_POSTAL_CNTRY_CD) values ('LA','56908AA37986661BE0404F8189D81F46',1,'Lao People''s Democratic Republic','N','Y','LAO');
Insert into KRLC_CNTRY_T (POSTAL_CNTRY_CD,OBJ_ID,VER_NBR,POSTAL_CNTRY_NM,PSTL_CNTRY_RSTRC_IND,ACTV_IND,ALT_POSTAL_CNTRY_CD) values ('LB','56908AA37987661BE0404F8189D81F46',1,'Lebanon','N','Y','LBN');
Insert into KRLC_CNTRY_T (POSTAL_CNTRY_CD,OBJ_ID,VER_NBR,POSTAL_CNTRY_NM,PSTL_CNTRY_RSTRC_IND,ACTV_IND,ALT_POSTAL_CNTRY_CD) values ('LC','56908AA379D8661BE0404F8189D81F46',1,'Saint Lucia','N','Y','LCA');
Insert into KRLC_CNTRY_T (POSTAL_CNTRY_CD,OBJ_ID,VER_NBR,POSTAL_CNTRY_NM,PSTL_CNTRY_RSTRC_IND,ACTV_IND,ALT_POSTAL_CNTRY_CD) values ('LI','56908AA3798D661BE0404F8189D81F46',1,'Liechtenstein','N','Y','LIE');
Insert into KRLC_CNTRY_T (POSTAL_CNTRY_CD,OBJ_ID,VER_NBR,POSTAL_CNTRY_NM,PSTL_CNTRY_RSTRC_IND,ACTV_IND,ALT_POSTAL_CNTRY_CD) values ('LK','56908AA37926661BE0404F8189D81F46',1,'Sri Lanka','N','Y','LKA');
Insert into KRLC_CNTRY_T (POSTAL_CNTRY_CD,OBJ_ID,VER_NBR,POSTAL_CNTRY_NM,PSTL_CNTRY_RSTRC_IND,ACTV_IND,ALT_POSTAL_CNTRY_CD) values ('LR','56908AA3798A661BE0404F8189D81F46',1,'Liberia','N','Y','LBR');
Insert into KRLC_CNTRY_T (POSTAL_CNTRY_CD,OBJ_ID,VER_NBR,POSTAL_CNTRY_NM,PSTL_CNTRY_RSTRC_IND,ACTV_IND,ALT_POSTAL_CNTRY_CD) values ('LS','56908AA3798E661BE0404F8189D81F46',1,'Lesotho','N','Y','LSO');
Insert into KRLC_CNTRY_T (POSTAL_CNTRY_CD,OBJ_ID,VER_NBR,POSTAL_CNTRY_NM,PSTL_CNTRY_RSTRC_IND,ACTV_IND,ALT_POSTAL_CNTRY_CD) values ('LT','56908AA37989661BE0404F8189D81F46',1,'Lithuania','N','Y','LTU');
Insert into KRLC_CNTRY_T (POSTAL_CNTRY_CD,OBJ_ID,VER_NBR,POSTAL_CNTRY_NM,PSTL_CNTRY_RSTRC_IND,ACTV_IND,ALT_POSTAL_CNTRY_CD) values ('LU','56908AA3798F661BE0404F8189D81F46',1,'Luxembourg','N','Y','LUX');
Insert into KRLC_CNTRY_T (POSTAL_CNTRY_CD,OBJ_ID,VER_NBR,POSTAL_CNTRY_NM,PSTL_CNTRY_RSTRC_IND,ACTV_IND,ALT_POSTAL_CNTRY_CD) values ('LV','56908AA37988661BE0404F8189D81F46',1,'Latvia','N','Y','LVA');
Insert into KRLC_CNTRY_T (POSTAL_CNTRY_CD,OBJ_ID,VER_NBR,POSTAL_CNTRY_NM,PSTL_CNTRY_RSTRC_IND,ACTV_IND,ALT_POSTAL_CNTRY_CD) values ('LY','56908AA37990661BE0404F8189D81F46',1,'Libyan Arab Jamahiriya','N','Y','LBY');
Insert into KRLC_CNTRY_T (POSTAL_CNTRY_CD,OBJ_ID,VER_NBR,POSTAL_CNTRY_NM,PSTL_CNTRY_RSTRC_IND,ACTV_IND,ALT_POSTAL_CNTRY_CD) values ('MA','56908AA3799C661BE0404F8189D81F46',1,'Morocco','N','Y','MAR');
Insert into KRLC_CNTRY_T (POSTAL_CNTRY_CD,OBJ_ID,VER_NBR,POSTAL_CNTRY_NM,PSTL_CNTRY_RSTRC_IND,ACTV_IND,ALT_POSTAL_CNTRY_CD) values ('MC','56908AA3799B661BE0404F8189D81F46',1,'Monaco','N','Y','MCO');
Insert into KRLC_CNTRY_T (POSTAL_CNTRY_CD,OBJ_ID,VER_NBR,POSTAL_CNTRY_NM,PSTL_CNTRY_RSTRC_IND,ACTV_IND,ALT_POSTAL_CNTRY_CD) values ('MD','56908AA37994661BE0404F8189D81F46',1,'Moldova, Republic of','N','Y','MDA');
Insert into KRLC_CNTRY_T (POSTAL_CNTRY_CD,OBJ_ID,VER_NBR,POSTAL_CNTRY_NM,PSTL_CNTRY_RSTRC_IND,ACTV_IND,ALT_POSTAL_CNTRY_CD) values ('ME','56908AA379A3661BE0404F8189D81F46',1,'Montenegro','N','Y','MNE');
Insert into KRLC_CNTRY_T (POSTAL_CNTRY_CD,OBJ_ID,VER_NBR,POSTAL_CNTRY_NM,PSTL_CNTRY_RSTRC_IND,ACTV_IND,ALT_POSTAL_CNTRY_CD) values ('MF','56908AA3791D661BE0404F8189D81F46',1,'Saint Martin','N','Y','MAF');
Insert into KRLC_CNTRY_T (POSTAL_CNTRY_CD,OBJ_ID,VER_NBR,POSTAL_CNTRY_NM,PSTL_CNTRY_RSTRC_IND,ACTV_IND,ALT_POSTAL_CNTRY_CD) values ('MG','56908AA37991661BE0404F8189D81F46',1,'Madagascar','N','Y','MDG');
Insert into KRLC_CNTRY_T (POSTAL_CNTRY_CD,OBJ_ID,VER_NBR,POSTAL_CNTRY_NM,PSTL_CNTRY_RSTRC_IND,ACTV_IND,ALT_POSTAL_CNTRY_CD) values ('MH','56908AA379C4661BE0404F8189D81F46',1,'Marshall Islands','N','Y','MHL');
Insert into KRLC_CNTRY_T (POSTAL_CNTRY_CD,OBJ_ID,VER_NBR,POSTAL_CNTRY_NM,PSTL_CNTRY_RSTRC_IND,ACTV_IND,ALT_POSTAL_CNTRY_CD) values ('MK','56908AA37999661BE0404F8189D81F46',1,'Macedonia, the Fmr. Yugoslav Republic Of','N','Y','MKD');
Insert into KRLC_CNTRY_T (POSTAL_CNTRY_CD,OBJ_ID,VER_NBR,POSTAL_CNTRY_NM,PSTL_CNTRY_RSTRC_IND,ACTV_IND,ALT_POSTAL_CNTRY_CD) values ('ML','56908AA3799A661BE0404F8189D81F46',1,'Mali','N','Y','MLI');
Insert into KRLC_CNTRY_T (POSTAL_CNTRY_CD,OBJ_ID,VER_NBR,POSTAL_CNTRY_NM,PSTL_CNTRY_RSTRC_IND,ACTV_IND,ALT_POSTAL_CNTRY_CD) values ('MM','56908AA37917661BE0404F8189D81F46',1,'Myanmar','N','Y','MMR');
Insert into KRLC_CNTRY_T (POSTAL_CNTRY_CD,OBJ_ID,VER_NBR,POSTAL_CNTRY_NM,PSTL_CNTRY_RSTRC_IND,ACTV_IND,ALT_POSTAL_CNTRY_CD) values ('MN','56908AA37996661BE0404F8189D81F46',1,'Mongolia','N','Y','MNG');
Insert into KRLC_CNTRY_T (POSTAL_CNTRY_CD,OBJ_ID,VER_NBR,POSTAL_CNTRY_NM,PSTL_CNTRY_RSTRC_IND,ACTV_IND,ALT_POSTAL_CNTRY_CD) values ('MO','56908AA37993661BE0404F8189D81F46',1,'Macao','N','Y','MAC');
Insert into KRLC_CNTRY_T (POSTAL_CNTRY_CD,OBJ_ID,VER_NBR,POSTAL_CNTRY_NM,PSTL_CNTRY_RSTRC_IND,ACTV_IND,ALT_POSTAL_CNTRY_CD) values ('MP','56908AA37930661BE0404F8189D81F46',1,'Northern Mariana Islands','N','Y','MNP');
Insert into KRLC_CNTRY_T (POSTAL_CNTRY_CD,OBJ_ID,VER_NBR,POSTAL_CNTRY_NM,PSTL_CNTRY_RSTRC_IND,ACTV_IND,ALT_POSTAL_CNTRY_CD) values ('MQ','56908AA37992661BE0404F8189D81F46',1,'Martinique','N','Y','MTQ');
Insert into KRLC_CNTRY_T (POSTAL_CNTRY_CD,OBJ_ID,VER_NBR,POSTAL_CNTRY_NM,PSTL_CNTRY_RSTRC_IND,ACTV_IND,ALT_POSTAL_CNTRY_CD) values ('MR','56908AA3799F661BE0404F8189D81F46',1,'Mauritania','N','Y','MRT');
Insert into KRLC_CNTRY_T (POSTAL_CNTRY_CD,OBJ_ID,VER_NBR,POSTAL_CNTRY_NM,PSTL_CNTRY_RSTRC_IND,ACTV_IND,ALT_POSTAL_CNTRY_CD) values ('MS','56908AA37997661BE0404F8189D81F46',1,'Montserrat','N','Y','MSR');
Insert into KRLC_CNTRY_T (POSTAL_CNTRY_CD,OBJ_ID,VER_NBR,POSTAL_CNTRY_NM,PSTL_CNTRY_RSTRC_IND,ACTV_IND,ALT_POSTAL_CNTRY_CD) values ('MT','56908AA379A0661BE0404F8189D81F46',1,'Malta','N','Y','MLT');
Insert into KRLC_CNTRY_T (POSTAL_CNTRY_CD,OBJ_ID,VER_NBR,POSTAL_CNTRY_NM,PSTL_CNTRY_RSTRC_IND,ACTV_IND,ALT_POSTAL_CNTRY_CD) values ('MU','56908AA3799D661BE0404F8189D81F46',1,'Mauritius','N','Y','MUS');
Insert into KRLC_CNTRY_T (POSTAL_CNTRY_CD,OBJ_ID,VER_NBR,POSTAL_CNTRY_NM,PSTL_CNTRY_RSTRC_IND,ACTV_IND,ALT_POSTAL_CNTRY_CD) values ('MV','56908AA379A2661BE0404F8189D81F46',1,'Maldives','N','Y','MDV');
Insert into KRLC_CNTRY_T (POSTAL_CNTRY_CD,OBJ_ID,VER_NBR,POSTAL_CNTRY_NM,PSTL_CNTRY_RSTRC_IND,ACTV_IND,ALT_POSTAL_CNTRY_CD) values ('MW','56908AA37998661BE0404F8189D81F46',1,'Malawi','N','Y','MWI');
Insert into KRLC_CNTRY_T (POSTAL_CNTRY_CD,OBJ_ID,VER_NBR,POSTAL_CNTRY_NM,PSTL_CNTRY_RSTRC_IND,ACTV_IND,ALT_POSTAL_CNTRY_CD) values ('MX','56908AA379A4661BE0404F8189D81F46',1,'Mexico','N','Y','MEX');
Insert into KRLC_CNTRY_T (POSTAL_CNTRY_CD,OBJ_ID,VER_NBR,POSTAL_CNTRY_NM,PSTL_CNTRY_RSTRC_IND,ACTV_IND,ALT_POSTAL_CNTRY_CD) values ('MY','56908AA379A5661BE0404F8189D81F46',1,'Malaysia','N','Y','MYS');
Insert into KRLC_CNTRY_T (POSTAL_CNTRY_CD,OBJ_ID,VER_NBR,POSTAL_CNTRY_NM,PSTL_CNTRY_RSTRC_IND,ACTV_IND,ALT_POSTAL_CNTRY_CD) values ('MZ','56908AA379A6661BE0404F8189D81F46',1,'Mozambique','N','Y','MOZ');
Insert into KRLC_CNTRY_T (POSTAL_CNTRY_CD,OBJ_ID,VER_NBR,POSTAL_CNTRY_NM,PSTL_CNTRY_RSTRC_IND,ACTV_IND,ALT_POSTAL_CNTRY_CD) values ('NA','56908AA379FB661BE0404F8189D81F46',1,'Namibia','N','Y','NAM');
Insert into KRLC_CNTRY_T (POSTAL_CNTRY_CD,OBJ_ID,VER_NBR,POSTAL_CNTRY_NM,PSTL_CNTRY_RSTRC_IND,ACTV_IND,ALT_POSTAL_CNTRY_CD) values ('NC','56908AA379A8661BE0404F8189D81F46',1,'New Caledonia','N','Y','NCL');
Insert into KRLC_CNTRY_T (POSTAL_CNTRY_CD,OBJ_ID,VER_NBR,POSTAL_CNTRY_NM,PSTL_CNTRY_RSTRC_IND,ACTV_IND,ALT_POSTAL_CNTRY_CD) values ('NE','56908AA379AB661BE0404F8189D81F46',1,'Niger','N','Y','NER');
Insert into KRLC_CNTRY_T (POSTAL_CNTRY_CD,OBJ_ID,VER_NBR,POSTAL_CNTRY_NM,PSTL_CNTRY_RSTRC_IND,ACTV_IND,ALT_POSTAL_CNTRY_CD) values ('NF','56908AA379AA661BE0404F8189D81F46',1,'Norfolk Island','N','Y','NFK');
Insert into KRLC_CNTRY_T (POSTAL_CNTRY_CD,OBJ_ID,VER_NBR,POSTAL_CNTRY_NM,PSTL_CNTRY_RSTRC_IND,ACTV_IND,ALT_POSTAL_CNTRY_CD) values ('NG','56908AA379AD661BE0404F8189D81F46',1,'Nigeria','N','Y','NGA');
Insert into KRLC_CNTRY_T (POSTAL_CNTRY_CD,OBJ_ID,VER_NBR,POSTAL_CNTRY_NM,PSTL_CNTRY_RSTRC_IND,ACTV_IND,ALT_POSTAL_CNTRY_CD) values ('NI','56908AA379B3661BE0404F8189D81F46',1,'Nicaragua','N','Y','NIC');
Insert into KRLC_CNTRY_T (POSTAL_CNTRY_CD,OBJ_ID,VER_NBR,POSTAL_CNTRY_NM,PSTL_CNTRY_RSTRC_IND,ACTV_IND,ALT_POSTAL_CNTRY_CD) values ('NL','56908AA379AE661BE0404F8189D81F46',1,'Netherlands','N','Y','NLD');
Insert into KRLC_CNTRY_T (POSTAL_CNTRY_CD,OBJ_ID,VER_NBR,POSTAL_CNTRY_NM,PSTL_CNTRY_RSTRC_IND,ACTV_IND,ALT_POSTAL_CNTRY_CD) values ('NO','56908AA379AF661BE0404F8189D81F46',1,'Norway','N','Y','NOR');
Insert into KRLC_CNTRY_T (POSTAL_CNTRY_CD,OBJ_ID,VER_NBR,POSTAL_CNTRY_NM,PSTL_CNTRY_RSTRC_IND,ACTV_IND,ALT_POSTAL_CNTRY_CD) values ('NP','56908AA379B0661BE0404F8189D81F46',1,'Nepal','N','Y','NPL');
Insert into KRLC_CNTRY_T (POSTAL_CNTRY_CD,OBJ_ID,VER_NBR,POSTAL_CNTRY_NM,PSTL_CNTRY_RSTRC_IND,ACTV_IND,ALT_POSTAL_CNTRY_CD) values ('NR','56908AA379B1661BE0404F8189D81F46',1,'Nauru','N','Y','NRU');
Insert into KRLC_CNTRY_T (POSTAL_CNTRY_CD,OBJ_ID,VER_NBR,POSTAL_CNTRY_NM,PSTL_CNTRY_RSTRC_IND,ACTV_IND,ALT_POSTAL_CNTRY_CD) values ('NU','56908AA379A9661BE0404F8189D81F46',1,'Niue','N','Y','NIU');
Insert into KRLC_CNTRY_T (POSTAL_CNTRY_CD,OBJ_ID,VER_NBR,POSTAL_CNTRY_NM,PSTL_CNTRY_RSTRC_IND,ACTV_IND,ALT_POSTAL_CNTRY_CD) values ('NZ','56908AA379B4661BE0404F8189D81F46',1,'New Zealand','N','Y','NZL');
Insert into KRLC_CNTRY_T (POSTAL_CNTRY_CD,OBJ_ID,VER_NBR,POSTAL_CNTRY_NM,PSTL_CNTRY_RSTRC_IND,ACTV_IND,ALT_POSTAL_CNTRY_CD) values ('OM','56908AA379A1661BE0404F8189D81F46',1,'Oman','N','Y','OMN');
Insert into KRLC_CNTRY_T (POSTAL_CNTRY_CD,OBJ_ID,VER_NBR,POSTAL_CNTRY_NM,PSTL_CNTRY_RSTRC_IND,ACTV_IND,ALT_POSTAL_CNTRY_CD) values ('PA','56908AA379BD661BE0404F8189D81F46',1,'Panama','N','Y','PAN');
Insert into KRLC_CNTRY_T (POSTAL_CNTRY_CD,OBJ_ID,VER_NBR,POSTAL_CNTRY_NM,PSTL_CNTRY_RSTRC_IND,ACTV_IND,ALT_POSTAL_CNTRY_CD) values ('PE','56908AA379B8661BE0404F8189D81F46',1,'Peru','N','Y','PER');
Insert into KRLC_CNTRY_T (POSTAL_CNTRY_CD,OBJ_ID,VER_NBR,POSTAL_CNTRY_NM,PSTL_CNTRY_RSTRC_IND,ACTV_IND,ALT_POSTAL_CNTRY_CD) values ('PF','56908AA3794D661BE0404F8189D81F46',1,'French Polynesia','N','Y','PYF');
Insert into KRLC_CNTRY_T (POSTAL_CNTRY_CD,OBJ_ID,VER_NBR,POSTAL_CNTRY_NM,PSTL_CNTRY_RSTRC_IND,ACTV_IND,ALT_POSTAL_CNTRY_CD) values ('PG','56908AA379BF661BE0404F8189D81F46',1,'Papua New Guinea','N','Y','PNG');
Insert into KRLC_CNTRY_T (POSTAL_CNTRY_CD,OBJ_ID,VER_NBR,POSTAL_CNTRY_NM,PSTL_CNTRY_RSTRC_IND,ACTV_IND,ALT_POSTAL_CNTRY_CD) values ('PH','56908AA379C6661BE0404F8189D81F46',1,'Philippines','N','Y','PHL');
Insert into KRLC_CNTRY_T (POSTAL_CNTRY_CD,OBJ_ID,VER_NBR,POSTAL_CNTRY_NM,PSTL_CNTRY_RSTRC_IND,ACTV_IND,ALT_POSTAL_CNTRY_CD) values ('PK','56908AA379BB661BE0404F8189D81F46',1,'Pakistan','N','Y','PAK');
Insert into KRLC_CNTRY_T (POSTAL_CNTRY_CD,OBJ_ID,VER_NBR,POSTAL_CNTRY_NM,PSTL_CNTRY_RSTRC_IND,ACTV_IND,ALT_POSTAL_CNTRY_CD) values ('PL','56908AA379BC661BE0404F8189D81F46',1,'Poland','N','Y','POL');
Insert into KRLC_CNTRY_T (POSTAL_CNTRY_CD,OBJ_ID,VER_NBR,POSTAL_CNTRY_NM,PSTL_CNTRY_RSTRC_IND,ACTV_IND,ALT_POSTAL_CNTRY_CD) values ('PM','56908AA379CB661BE0404F8189D81F46',1,'Saint Pierre And Miquelon','N','Y','SPM');
Insert into KRLC_CNTRY_T (POSTAL_CNTRY_CD,OBJ_ID,VER_NBR,POSTAL_CNTRY_NM,PSTL_CNTRY_RSTRC_IND,ACTV_IND,ALT_POSTAL_CNTRY_CD) values ('PN','56908AA379B7661BE0404F8189D81F46',1,'Pitcairn','N','Y','PCN');
Insert into KRLC_CNTRY_T (POSTAL_CNTRY_CD,OBJ_ID,VER_NBR,POSTAL_CNTRY_NM,PSTL_CNTRY_RSTRC_IND,ACTV_IND,ALT_POSTAL_CNTRY_CD) values ('PR','56908AA379C7661BE0404F8189D81F46',1,'Puerto Rico','N','Y','PRI');
Insert into KRLC_CNTRY_T (POSTAL_CNTRY_CD,OBJ_ID,VER_NBR,POSTAL_CNTRY_NM,PSTL_CNTRY_RSTRC_IND,ACTV_IND,ALT_POSTAL_CNTRY_CD) values ('PS','56908AA37962661BE0404F8189D81F46',1,'Palestinian Territory, Occupied','N','Y','PSE');
Insert into KRLC_CNTRY_T (POSTAL_CNTRY_CD,OBJ_ID,VER_NBR,POSTAL_CNTRY_NM,PSTL_CNTRY_RSTRC_IND,ACTV_IND,ALT_POSTAL_CNTRY_CD) values ('PT','56908AA379BE661BE0404F8189D81F46',1,'Portugal','N','Y','PRT');
Insert into KRLC_CNTRY_T (POSTAL_CNTRY_CD,OBJ_ID,VER_NBR,POSTAL_CNTRY_NM,PSTL_CNTRY_RSTRC_IND,ACTV_IND,ALT_POSTAL_CNTRY_CD) values ('PW','56908AA379C0661BE0404F8189D81F46',1,'Palau','N','Y','PLW');
Insert into KRLC_CNTRY_T (POSTAL_CNTRY_CD,OBJ_ID,VER_NBR,POSTAL_CNTRY_NM,PSTL_CNTRY_RSTRC_IND,ACTV_IND,ALT_POSTAL_CNTRY_CD) values ('PY','56908AA379B6661BE0404F8189D81F46',1,'Paraguay','N','Y','PRY');
Insert into KRLC_CNTRY_T (POSTAL_CNTRY_CD,OBJ_ID,VER_NBR,POSTAL_CNTRY_NM,PSTL_CNTRY_RSTRC_IND,ACTV_IND,ALT_POSTAL_CNTRY_CD) values ('QA','56908AA379C2661BE0404F8189D81F46',1,'Qatar','N','Y','QAT');
Insert into KRLC_CNTRY_T (POSTAL_CNTRY_CD,OBJ_ID,VER_NBR,POSTAL_CNTRY_NM,PSTL_CNTRY_RSTRC_IND,ACTV_IND,ALT_POSTAL_CNTRY_CD) values ('RE','56908AA379C3661BE0404F8189D81F46',1,'Runion','N','Y','REU');
Insert into KRLC_CNTRY_T (POSTAL_CNTRY_CD,OBJ_ID,VER_NBR,POSTAL_CNTRY_NM,PSTL_CNTRY_RSTRC_IND,ACTV_IND,ALT_POSTAL_CNTRY_CD) values ('RO','56908AA379C5661BE0404F8189D81F46',1,'Romania','N','Y','ROU');
Insert into KRLC_CNTRY_T (POSTAL_CNTRY_CD,OBJ_ID,VER_NBR,POSTAL_CNTRY_NM,PSTL_CNTRY_RSTRC_IND,ACTV_IND,ALT_POSTAL_CNTRY_CD) values ('RS','56908AA379D7661BE0404F8189D81F46',1,'Serbia','N','Y','SRB');
Insert into KRLC_CNTRY_T (POSTAL_CNTRY_CD,OBJ_ID,VER_NBR,POSTAL_CNTRY_NM,PSTL_CNTRY_RSTRC_IND,ACTV_IND,ALT_POSTAL_CNTRY_CD) values ('RU','56908AA379C8661BE0404F8189D81F46',1,'Russian Federation','N','Y','RUS');
Insert into KRLC_CNTRY_T (POSTAL_CNTRY_CD,OBJ_ID,VER_NBR,POSTAL_CNTRY_NM,PSTL_CNTRY_RSTRC_IND,ACTV_IND,ALT_POSTAL_CNTRY_CD) values ('RW','56908AA379C9661BE0404F8189D81F46',1,'Rwanda','N','Y','RWA');
Insert into KRLC_CNTRY_T (POSTAL_CNTRY_CD,OBJ_ID,VER_NBR,POSTAL_CNTRY_NM,PSTL_CNTRY_RSTRC_IND,ACTV_IND,ALT_POSTAL_CNTRY_CD) values ('SA','56908AA379CA661BE0404F8189D81F46',1,'Saudi Arabia','N','Y','SAU');
Insert into KRLC_CNTRY_T (POSTAL_CNTRY_CD,OBJ_ID,VER_NBR,POSTAL_CNTRY_NM,PSTL_CNTRY_RSTRC_IND,ACTV_IND,ALT_POSTAL_CNTRY_CD) values ('SB','56908AA3791A661BE0404F8189D81F46',1,'Solomon Islands','N','Y','SLB');
Insert into KRLC_CNTRY_T (POSTAL_CNTRY_CD,OBJ_ID,VER_NBR,POSTAL_CNTRY_NM,PSTL_CNTRY_RSTRC_IND,ACTV_IND,ALT_POSTAL_CNTRY_CD) values ('SC','56908AA379CD661BE0404F8189D81F46',1,'Seychelles','N','Y','SYC');
Insert into KRLC_CNTRY_T (POSTAL_CNTRY_CD,OBJ_ID,VER_NBR,POSTAL_CNTRY_NM,PSTL_CNTRY_RSTRC_IND,ACTV_IND,ALT_POSTAL_CNTRY_CD) values ('SD','56908AA379D9661BE0404F8189D81F46',1,'Sudan','N','Y','SDN');
Insert into KRLC_CNTRY_T (POSTAL_CNTRY_CD,OBJ_ID,VER_NBR,POSTAL_CNTRY_NM,PSTL_CNTRY_RSTRC_IND,ACTV_IND,ALT_POSTAL_CNTRY_CD) values ('SE','56908AA379DB661BE0404F8189D81F46',1,'Sweden','N','Y','SWE');
Insert into KRLC_CNTRY_T (POSTAL_CNTRY_CD,OBJ_ID,VER_NBR,POSTAL_CNTRY_NM,PSTL_CNTRY_RSTRC_IND,ACTV_IND,ALT_POSTAL_CNTRY_CD) values ('SG','56908AA379D4661BE0404F8189D81F46',1,'Singapore','N','Y','SGP');
Insert into KRLC_CNTRY_T (POSTAL_CNTRY_CD,OBJ_ID,VER_NBR,POSTAL_CNTRY_NM,PSTL_CNTRY_RSTRC_IND,ACTV_IND,ALT_POSTAL_CNTRY_CD) values ('SH','56908AA379D0661BE0404F8189D81F46',1,'St. Helena, Ascension, Tristan Da Cunha','N','Y','SHN');
Insert into KRLC_CNTRY_T (POSTAL_CNTRY_CD,OBJ_ID,VER_NBR,POSTAL_CNTRY_NM,PSTL_CNTRY_RSTRC_IND,ACTV_IND,ALT_POSTAL_CNTRY_CD) values ('SI','56908AA379D1661BE0404F8189D81F46',1,'Slovenia','N','Y','SVN');
Insert into KRLC_CNTRY_T (POSTAL_CNTRY_CD,OBJ_ID,VER_NBR,POSTAL_CNTRY_NM,PSTL_CNTRY_RSTRC_IND,ACTV_IND,ALT_POSTAL_CNTRY_CD) values ('SJ','56908AA379DA661BE0404F8189D81F46',1,'Svalbard And Jan Mayen','N','Y','SJM');
Insert into KRLC_CNTRY_T (POSTAL_CNTRY_CD,OBJ_ID,VER_NBR,POSTAL_CNTRY_NM,PSTL_CNTRY_RSTRC_IND,ACTV_IND,ALT_POSTAL_CNTRY_CD) values ('SK','56908AA3798B661BE0404F8189D81F46',1,'Slovakia','N','Y','SVK');
Insert into KRLC_CNTRY_T (POSTAL_CNTRY_CD,OBJ_ID,VER_NBR,POSTAL_CNTRY_NM,PSTL_CNTRY_RSTRC_IND,ACTV_IND,ALT_POSTAL_CNTRY_CD) values ('SL','56908AA379D2661BE0404F8189D81F46',1,'Sierra Leone','N','Y','SLE');
Insert into KRLC_CNTRY_T (POSTAL_CNTRY_CD,OBJ_ID,VER_NBR,POSTAL_CNTRY_NM,PSTL_CNTRY_RSTRC_IND,ACTV_IND,ALT_POSTAL_CNTRY_CD) values ('SM','56908AA379D3661BE0404F8189D81F46',1,'San Marino','N','Y','SMR');
Insert into KRLC_CNTRY_T (POSTAL_CNTRY_CD,OBJ_ID,VER_NBR,POSTAL_CNTRY_NM,PSTL_CNTRY_RSTRC_IND,ACTV_IND,ALT_POSTAL_CNTRY_CD) values ('SN','56908AA379CF661BE0404F8189D81F46',1,'Senegal','N','Y','SEN');
Insert into KRLC_CNTRY_T (POSTAL_CNTRY_CD,OBJ_ID,VER_NBR,POSTAL_CNTRY_NM,PSTL_CNTRY_RSTRC_IND,ACTV_IND,ALT_POSTAL_CNTRY_CD) values ('SO','56908AA379D5661BE0404F8189D81F46',1,'Somalia','N','Y','SOM');
Insert into KRLC_CNTRY_T (POSTAL_CNTRY_CD,OBJ_ID,VER_NBR,POSTAL_CNTRY_NM,PSTL_CNTRY_RSTRC_IND,ACTV_IND,ALT_POSTAL_CNTRY_CD) values ('SR','56908AA379B2661BE0404F8189D81F46',1,'Suriname','N','Y','SUR');
Insert into KRLC_CNTRY_T (POSTAL_CNTRY_CD,OBJ_ID,VER_NBR,POSTAL_CNTRY_NM,PSTL_CNTRY_RSTRC_IND,ACTV_IND,ALT_POSTAL_CNTRY_CD) values ('ST','56908AA379E7661BE0404F8189D81F46',1,'Sao Tome and Principe','N','Y','STP');
Insert into KRLC_CNTRY_T (POSTAL_CNTRY_CD,OBJ_ID,VER_NBR,POSTAL_CNTRY_NM,PSTL_CNTRY_RSTRC_IND,ACTV_IND,ALT_POSTAL_CNTRY_CD) values ('SV','56908AA37943661BE0404F8189D81F46',1,'El Salvador','N','Y','SLV');
Insert into KRLC_CNTRY_T (POSTAL_CNTRY_CD,OBJ_ID,VER_NBR,POSTAL_CNTRY_NM,PSTL_CNTRY_RSTRC_IND,ACTV_IND,ALT_POSTAL_CNTRY_CD) values ('SY','56908AA379DC661BE0404F8189D81F46',1,'Syrian Arab Republic','N','Y','SYR');
Insert into KRLC_CNTRY_T (POSTAL_CNTRY_CD,OBJ_ID,VER_NBR,POSTAL_CNTRY_NM,PSTL_CNTRY_RSTRC_IND,ACTV_IND,ALT_POSTAL_CNTRY_CD) values ('SZ','56908AA37A01661BE0404F8189D81F46',1,'Swaziland','N','Y','SWZ');
Insert into KRLC_CNTRY_T (POSTAL_CNTRY_CD,OBJ_ID,VER_NBR,POSTAL_CNTRY_NM,PSTL_CNTRY_RSTRC_IND,ACTV_IND,ALT_POSTAL_CNTRY_CD) values ('TC','56908AA379E3661BE0404F8189D81F46',1,'Turks and Caicos Islands','N','Y','TCA');
Insert into KRLC_CNTRY_T (POSTAL_CNTRY_CD,OBJ_ID,VER_NBR,POSTAL_CNTRY_NM,PSTL_CNTRY_RSTRC_IND,ACTV_IND,ALT_POSTAL_CNTRY_CD) values ('TD','56908AA37925661BE0404F8189D81F46',1,'Chad','N','Y','TCD');
Insert into KRLC_CNTRY_T (POSTAL_CNTRY_CD,OBJ_ID,VER_NBR,POSTAL_CNTRY_NM,PSTL_CNTRY_RSTRC_IND,ACTV_IND,ALT_POSTAL_CNTRY_CD) values ('TF','56908AA37950661BE0404F8189D81F46',1,'French Southern Territories','N','Y','ATF');
Insert into KRLC_CNTRY_T (POSTAL_CNTRY_CD,OBJ_ID,VER_NBR,POSTAL_CNTRY_NM,PSTL_CNTRY_RSTRC_IND,ACTV_IND,ALT_POSTAL_CNTRY_CD) values ('TG','56908AA379E6661BE0404F8189D81F46',1,'Togo','N','Y','TGO');
Insert into KRLC_CNTRY_T (POSTAL_CNTRY_CD,OBJ_ID,VER_NBR,POSTAL_CNTRY_NM,PSTL_CNTRY_RSTRC_IND,ACTV_IND,ALT_POSTAL_CNTRY_CD) values ('TH','56908AA379E1661BE0404F8189D81F46',1,'Thailand','N','Y','THA');
Insert into KRLC_CNTRY_T (POSTAL_CNTRY_CD,OBJ_ID,VER_NBR,POSTAL_CNTRY_NM,PSTL_CNTRY_RSTRC_IND,ACTV_IND,ALT_POSTAL_CNTRY_CD) values ('TJ','56908AA379E2661BE0404F8189D81F46',1,'Tajikistan','N','Y','TJK');
Insert into KRLC_CNTRY_T (POSTAL_CNTRY_CD,OBJ_ID,VER_NBR,POSTAL_CNTRY_NM,PSTL_CNTRY_RSTRC_IND,ACTV_IND,ALT_POSTAL_CNTRY_CD) values ('TK','56908AA379E4661BE0404F8189D81F46',1,'Tokelau','N','Y','TKL');
Insert into KRLC_CNTRY_T (POSTAL_CNTRY_CD,OBJ_ID,VER_NBR,POSTAL_CNTRY_NM,PSTL_CNTRY_RSTRC_IND,ACTV_IND,ALT_POSTAL_CNTRY_CD) values ('TL','56908AA37945661BE0404F8189D81F46',1,'Timor-Leste','N','Y','TLS');
Insert into KRLC_CNTRY_T (POSTAL_CNTRY_CD,OBJ_ID,VER_NBR,POSTAL_CNTRY_NM,PSTL_CNTRY_RSTRC_IND,ACTV_IND,ALT_POSTAL_CNTRY_CD) values ('TM','56908AA379EC661BE0404F8189D81F46',1,'Turkmenistan','N','Y','TKM');
Insert into KRLC_CNTRY_T (POSTAL_CNTRY_CD,OBJ_ID,VER_NBR,POSTAL_CNTRY_NM,PSTL_CNTRY_RSTRC_IND,ACTV_IND,ALT_POSTAL_CNTRY_CD) values ('TN','56908AA379E8661BE0404F8189D81F46',1,'Tunisia','N','Y','TUN');
Insert into KRLC_CNTRY_T (POSTAL_CNTRY_CD,OBJ_ID,VER_NBR,POSTAL_CNTRY_NM,PSTL_CNTRY_RSTRC_IND,ACTV_IND,ALT_POSTAL_CNTRY_CD) values ('TO','56908AA379E5661BE0404F8189D81F46',1,'Tonga','N','Y','TON');
Insert into KRLC_CNTRY_T (POSTAL_CNTRY_CD,OBJ_ID,VER_NBR,POSTAL_CNTRY_NM,PSTL_CNTRY_RSTRC_IND,ACTV_IND,ALT_POSTAL_CNTRY_CD) values ('TR','56908AA379E9661BE0404F8189D81F46',1,'Turkey','N','Y','TUR');
Insert into KRLC_CNTRY_T (POSTAL_CNTRY_CD,OBJ_ID,VER_NBR,POSTAL_CNTRY_NM,PSTL_CNTRY_RSTRC_IND,ACTV_IND,ALT_POSTAL_CNTRY_CD) values ('TT','56908AA379DF661BE0404F8189D81F46',1,'Trinidad and Tobago','N','Y','TTO');
Insert into KRLC_CNTRY_T (POSTAL_CNTRY_CD,OBJ_ID,VER_NBR,POSTAL_CNTRY_NM,PSTL_CNTRY_RSTRC_IND,ACTV_IND,ALT_POSTAL_CNTRY_CD) values ('TV','56908AA379EA661BE0404F8189D81F46',1,'Tuvalu','N','Y','TUV');
Insert into KRLC_CNTRY_T (POSTAL_CNTRY_CD,OBJ_ID,VER_NBR,POSTAL_CNTRY_NM,PSTL_CNTRY_RSTRC_IND,ACTV_IND,ALT_POSTAL_CNTRY_CD) values ('TW','56908AA379EB661BE0404F8189D81F46',1,'Taiwan, Province Of China','N','Y','TWN');
Insert into KRLC_CNTRY_T (POSTAL_CNTRY_CD,OBJ_ID,VER_NBR,POSTAL_CNTRY_NM,PSTL_CNTRY_RSTRC_IND,ACTV_IND,ALT_POSTAL_CNTRY_CD) values ('TZ','56908AA379ED661BE0404F8189D81F46',1,'Tanzania, United Republic of','N','Y','TZA');
Insert into KRLC_CNTRY_T (POSTAL_CNTRY_CD,OBJ_ID,VER_NBR,POSTAL_CNTRY_NM,PSTL_CNTRY_RSTRC_IND,ACTV_IND,ALT_POSTAL_CNTRY_CD) values ('UA','56908AA379F0661BE0404F8189D81F46',1,'Ukraine','N','Y','UKR');
Insert into KRLC_CNTRY_T (POSTAL_CNTRY_CD,OBJ_ID,VER_NBR,POSTAL_CNTRY_NM,PSTL_CNTRY_RSTRC_IND,ACTV_IND,ALT_POSTAL_CNTRY_CD) values ('UG','56908AA379EE661BE0404F8189D81F46',1,'Uganda','N','Y','UGA');
Insert into KRLC_CNTRY_T (POSTAL_CNTRY_CD,OBJ_ID,VER_NBR,POSTAL_CNTRY_NM,PSTL_CNTRY_RSTRC_IND,ACTV_IND,ALT_POSTAL_CNTRY_CD) values ('UM','56908AA3799E661BE0404F8189D81F46',1,'United States Minor Outlying Islands','N','Y','UMI');
Insert into KRLC_CNTRY_T (POSTAL_CNTRY_CD,OBJ_ID,VER_NBR,POSTAL_CNTRY_NM,PSTL_CNTRY_RSTRC_IND,ACTV_IND,ALT_POSTAL_CNTRY_CD) values ('US','56908AA379F2661BE0404F8189D81F46',1,'United States','N','Y','USA');
Insert into KRLC_CNTRY_T (POSTAL_CNTRY_CD,OBJ_ID,VER_NBR,POSTAL_CNTRY_NM,PSTL_CNTRY_RSTRC_IND,ACTV_IND,ALT_POSTAL_CNTRY_CD) values ('UY','56908AA379F3661BE0404F8189D81F46',1,'Uruguay','N','Y','URY');
Insert into KRLC_CNTRY_T (POSTAL_CNTRY_CD,OBJ_ID,VER_NBR,POSTAL_CNTRY_NM,PSTL_CNTRY_RSTRC_IND,ACTV_IND,ALT_POSTAL_CNTRY_CD) values ('UZ','56908AA379F4661BE0404F8189D81F46',1,'Uzbekistan','N','Y','UZB');
Insert into KRLC_CNTRY_T (POSTAL_CNTRY_CD,OBJ_ID,VER_NBR,POSTAL_CNTRY_NM,PSTL_CNTRY_RSTRC_IND,ACTV_IND,ALT_POSTAL_CNTRY_CD) values ('VA','56908AA379FA661BE0404F8189D81F46',1,'Holy See (Vatican City State)','N','Y','VAT');
Insert into KRLC_CNTRY_T (POSTAL_CNTRY_CD,OBJ_ID,VER_NBR,POSTAL_CNTRY_NM,PSTL_CNTRY_RSTRC_IND,ACTV_IND,ALT_POSTAL_CNTRY_CD) values ('VC','56908AA379F5661BE0404F8189D81F46',1,'Saint Vincent And The Grenedines','N','Y','VCT');
Insert into KRLC_CNTRY_T (POSTAL_CNTRY_CD,OBJ_ID,VER_NBR,POSTAL_CNTRY_NM,PSTL_CNTRY_RSTRC_IND,ACTV_IND,ALT_POSTAL_CNTRY_CD) values ('VE','56908AA379F6661BE0404F8189D81F46',1,'Venezuela, Bolivarian Republic of','N','Y','VEN');
Insert into KRLC_CNTRY_T (POSTAL_CNTRY_CD,OBJ_ID,VER_NBR,POSTAL_CNTRY_NM,PSTL_CNTRY_RSTRC_IND,ACTV_IND,ALT_POSTAL_CNTRY_CD) values ('VG','56908AA379F7661BE0404F8189D81F46',1,'Virgin Islands, British','N','Y','VGB');
Insert into KRLC_CNTRY_T (POSTAL_CNTRY_CD,OBJ_ID,VER_NBR,POSTAL_CNTRY_NM,PSTL_CNTRY_RSTRC_IND,ACTV_IND,ALT_POSTAL_CNTRY_CD) values ('VI','56908AA379F9661BE0404F8189D81F46',1,'Virgin Islands, U.S.','N','Y','VIR');
Insert into KRLC_CNTRY_T (POSTAL_CNTRY_CD,OBJ_ID,VER_NBR,POSTAL_CNTRY_NM,PSTL_CNTRY_RSTRC_IND,ACTV_IND,ALT_POSTAL_CNTRY_CD) values ('VN','56908AA379F8661BE0404F8189D81F46',1,'Viet Nam','N','Y','VNM');
Insert into KRLC_CNTRY_T (POSTAL_CNTRY_CD,OBJ_ID,VER_NBR,POSTAL_CNTRY_NM,PSTL_CNTRY_RSTRC_IND,ACTV_IND,ALT_POSTAL_CNTRY_CD) values ('VU','56908AA379AC661BE0404F8189D81F46',1,'Vanuatu','N','Y','VUT');
Insert into KRLC_CNTRY_T (POSTAL_CNTRY_CD,OBJ_ID,VER_NBR,POSTAL_CNTRY_NM,PSTL_CNTRY_RSTRC_IND,ACTV_IND,ALT_POSTAL_CNTRY_CD) values ('WF','56908AA379FD661BE0404F8189D81F46',1,'Wallis and Futuna','N','Y','WLF');
Insert into KRLC_CNTRY_T (POSTAL_CNTRY_CD,OBJ_ID,VER_NBR,POSTAL_CNTRY_NM,PSTL_CNTRY_RSTRC_IND,ACTV_IND,ALT_POSTAL_CNTRY_CD) values ('WS','56908AA37A00661BE0404F8189D81F46',1,'Samoa','N','Y','WSM');
Insert into KRLC_CNTRY_T (POSTAL_CNTRY_CD,OBJ_ID,VER_NBR,POSTAL_CNTRY_NM,PSTL_CNTRY_RSTRC_IND,ACTV_IND,ALT_POSTAL_CNTRY_CD) values ('YE','56908AA37A02661BE0404F8189D81F46',1,'Yemen','N','Y','YEM');
Insert into KRLC_CNTRY_T (POSTAL_CNTRY_CD,OBJ_ID,VER_NBR,POSTAL_CNTRY_NM,PSTL_CNTRY_RSTRC_IND,ACTV_IND,ALT_POSTAL_CNTRY_CD) values ('YT','56908AA37995661BE0404F8189D81F46',1,'Mayotte','N','Y','MYT');
Insert into KRLC_CNTRY_T (POSTAL_CNTRY_CD,OBJ_ID,VER_NBR,POSTAL_CNTRY_NM,PSTL_CNTRY_RSTRC_IND,ACTV_IND,ALT_POSTAL_CNTRY_CD) values ('ZA','56908AA379CE661BE0404F8189D81F46',1,'South Africa','N','Y','ZAF');
Insert into KRLC_CNTRY_T (POSTAL_CNTRY_CD,OBJ_ID,VER_NBR,POSTAL_CNTRY_NM,PSTL_CNTRY_RSTRC_IND,ACTV_IND,ALT_POSTAL_CNTRY_CD) values ('ZM','56908AA37A04661BE0404F8189D81F46',1,'Zambia','N','Y','ZMB');
Insert into KRLC_CNTRY_T (POSTAL_CNTRY_CD,OBJ_ID,VER_NBR,POSTAL_CNTRY_NM,PSTL_CNTRY_RSTRC_IND,ACTV_IND,ALT_POSTAL_CNTRY_CD) values ('ZW','56908AA37A05661BE0404F8189D81F46',1,'Zimbabwe','N','Y','ZWE');
Insert into KRLC_CNTRY_T (POSTAL_CNTRY_CD,OBJ_ID,VER_NBR,POSTAL_CNTRY_NM,PSTL_CNTRY_RSTRC_IND,ACTV_IND,ALT_POSTAL_CNTRY_CD) values ('ZZ','56908AA379B5661BE0404F8189D81F46',1,'Other Countries','N','Y','ZZZ');
 --- INSERTING into KRLC_CNTY_T

 --- INSERTING into KRLC_PSTL_CD_T

 --- INSERTING into KRLC_ST_T

Insert into KRLC_ST_T (POSTAL_STATE_CD,POSTAL_CNTRY_CD,OBJ_ID,VER_NBR,POSTAL_STATE_NM,ACTV_IND) values ('--','US','56908AA37A06661BE0404F8189D81F46',1,'OUT OF COUNTRY','Y');
Insert into KRLC_ST_T (POSTAL_STATE_CD,POSTAL_CNTRY_CD,OBJ_ID,VER_NBR,POSTAL_STATE_NM,ACTV_IND) values ('AA','US','56908AA37A3B661BE0404F8189D81F46',1,'ARMED FORCES AMERICAS (EXCEPT CANADA)','Y');
Insert into KRLC_ST_T (POSTAL_STATE_CD,POSTAL_CNTRY_CD,OBJ_ID,VER_NBR,POSTAL_STATE_NM,ACTV_IND) values ('AE','US','56908AA37A3C661BE0404F8189D81F46',1,'ARMED FORCES EURO/CANADA/AFRICA/MID EAST','Y');
Insert into KRLC_ST_T (POSTAL_STATE_CD,POSTAL_CNTRY_CD,OBJ_ID,VER_NBR,POSTAL_STATE_NM,ACTV_IND) values ('AK','US','56908AA37A07661BE0404F8189D81F46',1,'ALASKA','Y');
Insert into KRLC_ST_T (POSTAL_STATE_CD,POSTAL_CNTRY_CD,OBJ_ID,VER_NBR,POSTAL_STATE_NM,ACTV_IND) values ('AL','US','56908AA37A08661BE0404F8189D81F46',1,'ALABAMA','Y');
Insert into KRLC_ST_T (POSTAL_STATE_CD,POSTAL_CNTRY_CD,OBJ_ID,VER_NBR,POSTAL_STATE_NM,ACTV_IND) values ('AP','US','56908AA37A3D661BE0404F8189D81F46',1,'ARMED FORCES PACIFIC','Y');
Insert into KRLC_ST_T (POSTAL_STATE_CD,POSTAL_CNTRY_CD,OBJ_ID,VER_NBR,POSTAL_STATE_NM,ACTV_IND) values ('AR','US','56908AA37A09661BE0404F8189D81F46',1,'ARKANSAS','Y');
Insert into KRLC_ST_T (POSTAL_STATE_CD,POSTAL_CNTRY_CD,OBJ_ID,VER_NBR,POSTAL_STATE_NM,ACTV_IND) values ('AS','US','56908AA37A3E661BE0404F8189D81F46',1,'AMERICAN SAMOA','Y');
Insert into KRLC_ST_T (POSTAL_STATE_CD,POSTAL_CNTRY_CD,OBJ_ID,VER_NBR,POSTAL_STATE_NM,ACTV_IND) values ('AZ','US','56908AA37A0A661BE0404F8189D81F46',1,'ARIZONA','Y');
Insert into KRLC_ST_T (POSTAL_STATE_CD,POSTAL_CNTRY_CD,OBJ_ID,VER_NBR,POSTAL_STATE_NM,ACTV_IND) values ('CA','US','56908AA37A0B661BE0404F8189D81F46',1,'CALIFORNIA','Y');
Insert into KRLC_ST_T (POSTAL_STATE_CD,POSTAL_CNTRY_CD,OBJ_ID,VER_NBR,POSTAL_STATE_NM,ACTV_IND) values ('CO','US','56908AA37A0C661BE0404F8189D81F46',1,'COLORADO','Y');
Insert into KRLC_ST_T (POSTAL_STATE_CD,POSTAL_CNTRY_CD,OBJ_ID,VER_NBR,POSTAL_STATE_NM,ACTV_IND) values ('CT','US','56908AA37A0D661BE0404F8189D81F46',1,'CONNECTICUT','Y');
Insert into KRLC_ST_T (POSTAL_STATE_CD,POSTAL_CNTRY_CD,OBJ_ID,VER_NBR,POSTAL_STATE_NM,ACTV_IND) values ('DC','US','56908AA37A0E661BE0404F8189D81F46',1,'DISTRICT OF COLUMBIA','Y');
Insert into KRLC_ST_T (POSTAL_STATE_CD,POSTAL_CNTRY_CD,OBJ_ID,VER_NBR,POSTAL_STATE_NM,ACTV_IND) values ('DE','US','56908AA37A0F661BE0404F8189D81F46',1,'DELAWARE','Y');
Insert into KRLC_ST_T (POSTAL_STATE_CD,POSTAL_CNTRY_CD,OBJ_ID,VER_NBR,POSTAL_STATE_NM,ACTV_IND) values ('FL','US','56908AA37A10661BE0404F8189D81F46',1,'FLORIDA','Y');
Insert into KRLC_ST_T (POSTAL_STATE_CD,POSTAL_CNTRY_CD,OBJ_ID,VER_NBR,POSTAL_STATE_NM,ACTV_IND) values ('FM','US','56908AA37A3F661BE0404F8189D81F46',1,'FEDERATED STATES OF MICRONESIA','Y');
Insert into KRLC_ST_T (POSTAL_STATE_CD,POSTAL_CNTRY_CD,OBJ_ID,VER_NBR,POSTAL_STATE_NM,ACTV_IND) values ('GA','US','56908AA37A11661BE0404F8189D81F46',1,'GEORGIA','Y');
Insert into KRLC_ST_T (POSTAL_STATE_CD,POSTAL_CNTRY_CD,OBJ_ID,VER_NBR,POSTAL_STATE_NM,ACTV_IND) values ('GU','US','56908AA37A40661BE0404F8189D81F46',1,'GUAM','Y');
Insert into KRLC_ST_T (POSTAL_STATE_CD,POSTAL_CNTRY_CD,OBJ_ID,VER_NBR,POSTAL_STATE_NM,ACTV_IND) values ('HI','US','56908AA37A12661BE0404F8189D81F46',1,'HAWAII','Y');
Insert into KRLC_ST_T (POSTAL_STATE_CD,POSTAL_CNTRY_CD,OBJ_ID,VER_NBR,POSTAL_STATE_NM,ACTV_IND) values ('IA','US','56908AA37A13661BE0404F8189D81F46',1,'IOWA','Y');
Insert into KRLC_ST_T (POSTAL_STATE_CD,POSTAL_CNTRY_CD,OBJ_ID,VER_NBR,POSTAL_STATE_NM,ACTV_IND) values ('ID','US','56908AA37A14661BE0404F8189D81F46',1,'IDAHO','Y');
Insert into KRLC_ST_T (POSTAL_STATE_CD,POSTAL_CNTRY_CD,OBJ_ID,VER_NBR,POSTAL_STATE_NM,ACTV_IND) values ('IL','US','56908AA37A15661BE0404F8189D81F46',1,'ILLINOIS','Y');
Insert into KRLC_ST_T (POSTAL_STATE_CD,POSTAL_CNTRY_CD,OBJ_ID,VER_NBR,POSTAL_STATE_NM,ACTV_IND) values ('IN','US','56908AA37A16661BE0404F8189D81F46',1,'INDIANA','Y');
Insert into KRLC_ST_T (POSTAL_STATE_CD,POSTAL_CNTRY_CD,OBJ_ID,VER_NBR,POSTAL_STATE_NM,ACTV_IND) values ('KS','US','56908AA37A17661BE0404F8189D81F46',1,'KANSAS','Y');
Insert into KRLC_ST_T (POSTAL_STATE_CD,POSTAL_CNTRY_CD,OBJ_ID,VER_NBR,POSTAL_STATE_NM,ACTV_IND) values ('KY','US','56908AA37A18661BE0404F8189D81F46',1,'KENTUCKY','Y');
Insert into KRLC_ST_T (POSTAL_STATE_CD,POSTAL_CNTRY_CD,OBJ_ID,VER_NBR,POSTAL_STATE_NM,ACTV_IND) values ('LA','US','56908AA37A19661BE0404F8189D81F46',1,'LOUISIANA','Y');
Insert into KRLC_ST_T (POSTAL_STATE_CD,POSTAL_CNTRY_CD,OBJ_ID,VER_NBR,POSTAL_STATE_NM,ACTV_IND) values ('MA','US','56908AA37A1A661BE0404F8189D81F46',1,'MASSACHUSETTS','Y');
Insert into KRLC_ST_T (POSTAL_STATE_CD,POSTAL_CNTRY_CD,OBJ_ID,VER_NBR,POSTAL_STATE_NM,ACTV_IND) values ('MD','US','56908AA37A1B661BE0404F8189D81F46',1,'MARYLAND','Y');
Insert into KRLC_ST_T (POSTAL_STATE_CD,POSTAL_CNTRY_CD,OBJ_ID,VER_NBR,POSTAL_STATE_NM,ACTV_IND) values ('ME','US','56908AA37A1C661BE0404F8189D81F46',1,'MAINE','Y');
Insert into KRLC_ST_T (POSTAL_STATE_CD,POSTAL_CNTRY_CD,OBJ_ID,VER_NBR,POSTAL_STATE_NM,ACTV_IND) values ('MH','US','56908AA37A41661BE0404F8189D81F46',1,'MARSHALL ISLANDS','Y');
Insert into KRLC_ST_T (POSTAL_STATE_CD,POSTAL_CNTRY_CD,OBJ_ID,VER_NBR,POSTAL_STATE_NM,ACTV_IND) values ('MI','US','56908AA37A1D661BE0404F8189D81F46',1,'MICHIGAN','Y');
Insert into KRLC_ST_T (POSTAL_STATE_CD,POSTAL_CNTRY_CD,OBJ_ID,VER_NBR,POSTAL_STATE_NM,ACTV_IND) values ('MN','US','56908AA37A1E661BE0404F8189D81F46',1,'MINNESOTA','Y');
Insert into KRLC_ST_T (POSTAL_STATE_CD,POSTAL_CNTRY_CD,OBJ_ID,VER_NBR,POSTAL_STATE_NM,ACTV_IND) values ('MO','US','56908AA37A1F661BE0404F8189D81F46',1,'MISSOURI','Y');
Insert into KRLC_ST_T (POSTAL_STATE_CD,POSTAL_CNTRY_CD,OBJ_ID,VER_NBR,POSTAL_STATE_NM,ACTV_IND) values ('MP','US','56908AA37A42661BE0404F8189D81F46',1,'NORTHERN MARIANA ISLANDS','Y');
Insert into KRLC_ST_T (POSTAL_STATE_CD,POSTAL_CNTRY_CD,OBJ_ID,VER_NBR,POSTAL_STATE_NM,ACTV_IND) values ('MS','US','56908AA37A20661BE0404F8189D81F46',1,'MISSISSIPPI','Y');
Insert into KRLC_ST_T (POSTAL_STATE_CD,POSTAL_CNTRY_CD,OBJ_ID,VER_NBR,POSTAL_STATE_NM,ACTV_IND) values ('MT','US','56908AA37A21661BE0404F8189D81F46',1,'MONTANA','Y');
Insert into KRLC_ST_T (POSTAL_STATE_CD,POSTAL_CNTRY_CD,OBJ_ID,VER_NBR,POSTAL_STATE_NM,ACTV_IND) values ('NC','US','56908AA37A22661BE0404F8189D81F46',1,'NORTH CAROLINA','Y');
Insert into KRLC_ST_T (POSTAL_STATE_CD,POSTAL_CNTRY_CD,OBJ_ID,VER_NBR,POSTAL_STATE_NM,ACTV_IND) values ('ND','US','56908AA37A23661BE0404F8189D81F46',1,'NORTH DAKOTA','Y');
Insert into KRLC_ST_T (POSTAL_STATE_CD,POSTAL_CNTRY_CD,OBJ_ID,VER_NBR,POSTAL_STATE_NM,ACTV_IND) values ('NE','US','56908AA37A24661BE0404F8189D81F46',1,'NEBRASKA','Y');
Insert into KRLC_ST_T (POSTAL_STATE_CD,POSTAL_CNTRY_CD,OBJ_ID,VER_NBR,POSTAL_STATE_NM,ACTV_IND) values ('NH','US','56908AA37A25661BE0404F8189D81F46',1,'NEW HAMPSHIRE','Y');
Insert into KRLC_ST_T (POSTAL_STATE_CD,POSTAL_CNTRY_CD,OBJ_ID,VER_NBR,POSTAL_STATE_NM,ACTV_IND) values ('NJ','US','56908AA37A26661BE0404F8189D81F46',1,'NEW JERSEY','Y');
Insert into KRLC_ST_T (POSTAL_STATE_CD,POSTAL_CNTRY_CD,OBJ_ID,VER_NBR,POSTAL_STATE_NM,ACTV_IND) values ('NM','US','56908AA37A27661BE0404F8189D81F46',1,'NEW MEXICO','Y');
Insert into KRLC_ST_T (POSTAL_STATE_CD,POSTAL_CNTRY_CD,OBJ_ID,VER_NBR,POSTAL_STATE_NM,ACTV_IND) values ('NV','US','56908AA37A28661BE0404F8189D81F46',1,'NEVADA','Y');
Insert into KRLC_ST_T (POSTAL_STATE_CD,POSTAL_CNTRY_CD,OBJ_ID,VER_NBR,POSTAL_STATE_NM,ACTV_IND) values ('NY','US','56908AA37A29661BE0404F8189D81F46',1,'NEW YORK','Y');
Insert into KRLC_ST_T (POSTAL_STATE_CD,POSTAL_CNTRY_CD,OBJ_ID,VER_NBR,POSTAL_STATE_NM,ACTV_IND) values ('OH','US','56908AA37A2A661BE0404F8189D81F46',1,'OHIO','Y');
Insert into KRLC_ST_T (POSTAL_STATE_CD,POSTAL_CNTRY_CD,OBJ_ID,VER_NBR,POSTAL_STATE_NM,ACTV_IND) values ('OK','US','56908AA37A2B661BE0404F8189D81F46',1,'OKLAHOMA','Y');
Insert into KRLC_ST_T (POSTAL_STATE_CD,POSTAL_CNTRY_CD,OBJ_ID,VER_NBR,POSTAL_STATE_NM,ACTV_IND) values ('OR','US','56908AA37A2C661BE0404F8189D81F46',1,'OREGON','Y');
Insert into KRLC_ST_T (POSTAL_STATE_CD,POSTAL_CNTRY_CD,OBJ_ID,VER_NBR,POSTAL_STATE_NM,ACTV_IND) values ('PA','US','56908AA37A2D661BE0404F8189D81F46',1,'PENNSYLVANIA','Y');
Insert into KRLC_ST_T (POSTAL_STATE_CD,POSTAL_CNTRY_CD,OBJ_ID,VER_NBR,POSTAL_STATE_NM,ACTV_IND) values ('PR','US','56908AA37A2E661BE0404F8189D81F46',1,'PUERTO RICO','Y');
Insert into KRLC_ST_T (POSTAL_STATE_CD,POSTAL_CNTRY_CD,OBJ_ID,VER_NBR,POSTAL_STATE_NM,ACTV_IND) values ('PW','US','56908AA37A43661BE0404F8189D81F46',1,'PALAU','Y');
Insert into KRLC_ST_T (POSTAL_STATE_CD,POSTAL_CNTRY_CD,OBJ_ID,VER_NBR,POSTAL_STATE_NM,ACTV_IND) values ('RI','US','56908AA37A2F661BE0404F8189D81F46',1,'RHODE ISLAND','Y');
Insert into KRLC_ST_T (POSTAL_STATE_CD,POSTAL_CNTRY_CD,OBJ_ID,VER_NBR,POSTAL_STATE_NM,ACTV_IND) values ('SC','US','56908AA37A30661BE0404F8189D81F46',1,'SOUTH CAROLINA','Y');
Insert into KRLC_ST_T (POSTAL_STATE_CD,POSTAL_CNTRY_CD,OBJ_ID,VER_NBR,POSTAL_STATE_NM,ACTV_IND) values ('SD','US','56908AA37A31661BE0404F8189D81F46',1,'SOUTH DAKOTA','Y');
Insert into KRLC_ST_T (POSTAL_STATE_CD,POSTAL_CNTRY_CD,OBJ_ID,VER_NBR,POSTAL_STATE_NM,ACTV_IND) values ('TN','US','56908AA37A32661BE0404F8189D81F46',1,'TENNESSEE','Y');
Insert into KRLC_ST_T (POSTAL_STATE_CD,POSTAL_CNTRY_CD,OBJ_ID,VER_NBR,POSTAL_STATE_NM,ACTV_IND) values ('TX','US','56908AA37A33661BE0404F8189D81F46',1,'TEXAS','Y');
Insert into KRLC_ST_T (POSTAL_STATE_CD,POSTAL_CNTRY_CD,OBJ_ID,VER_NBR,POSTAL_STATE_NM,ACTV_IND) values ('UT','US','56908AA37A34661BE0404F8189D81F46',1,'UTAH','Y');
Insert into KRLC_ST_T (POSTAL_STATE_CD,POSTAL_CNTRY_CD,OBJ_ID,VER_NBR,POSTAL_STATE_NM,ACTV_IND) values ('VA','US','56908AA37A35661BE0404F8189D81F46',1,'VIRGINIA','Y');
Insert into KRLC_ST_T (POSTAL_STATE_CD,POSTAL_CNTRY_CD,OBJ_ID,VER_NBR,POSTAL_STATE_NM,ACTV_IND) values ('VI','US','56908AA37A44661BE0404F8189D81F46',1,'VIRGIN ISLANDS','Y');
Insert into KRLC_ST_T (POSTAL_STATE_CD,POSTAL_CNTRY_CD,OBJ_ID,VER_NBR,POSTAL_STATE_NM,ACTV_IND) values ('VT','US','56908AA37A36661BE0404F8189D81F46',1,'VERMONT','Y');
Insert into KRLC_ST_T (POSTAL_STATE_CD,POSTAL_CNTRY_CD,OBJ_ID,VER_NBR,POSTAL_STATE_NM,ACTV_IND) values ('WA','US','56908AA37A37661BE0404F8189D81F46',1,'WASHINGTON','Y');
Insert into KRLC_ST_T (POSTAL_STATE_CD,POSTAL_CNTRY_CD,OBJ_ID,VER_NBR,POSTAL_STATE_NM,ACTV_IND) values ('WI','US','56908AA37A38661BE0404F8189D81F46',1,'WISCONSIN','Y');
Insert into KRLC_ST_T (POSTAL_STATE_CD,POSTAL_CNTRY_CD,OBJ_ID,VER_NBR,POSTAL_STATE_NM,ACTV_IND) values ('WV','US','56908AA37A39661BE0404F8189D81F46',1,'WEST VIRGINIA','Y');
Insert into KRLC_ST_T (POSTAL_STATE_CD,POSTAL_CNTRY_CD,OBJ_ID,VER_NBR,POSTAL_STATE_NM,ACTV_IND) values ('WY','US','56908AA37A3A661BE0404F8189D81F46',1,'WYOMING','Y');
 --- INSERTING into KRMS_ACTN_ATTR_T

 --- INSERTING into KRMS_ACTN_T

Insert into KRMS_ACTN_T (ACTN_ID,NM,DESC_TXT,TYP_ID,RULE_ID,SEQ_NO,VER_NBR,NMSPC_CD) values ('T1000','testAction','Action Stub for Testing','T1002','T1000',1,1,'KR-RULE-TEST');
 --- INSERTING into KRMS_AGENDA_ATTR_T

 --- INSERTING into KRMS_AGENDA_ITM_T

Insert into KRMS_AGENDA_ITM_T (AGENDA_ITM_ID,RULE_ID,SUB_AGENDA_ID,AGENDA_ID,VER_NBR,WHEN_TRUE,WHEN_FALSE,ALWAYS) values ('T1000','T1000',null,'T1000',1,'T1001','T1004','T1005');
Insert into KRMS_AGENDA_ITM_T (AGENDA_ITM_ID,RULE_ID,SUB_AGENDA_ID,AGENDA_ID,VER_NBR,WHEN_TRUE,WHEN_FALSE,ALWAYS) values ('T1001','T1001',null,'T1000',1,null,null,'T1002');
Insert into KRMS_AGENDA_ITM_T (AGENDA_ITM_ID,RULE_ID,SUB_AGENDA_ID,AGENDA_ID,VER_NBR,WHEN_TRUE,WHEN_FALSE,ALWAYS) values ('T1002','T1002',null,'T1000',1,null,'T1006','T1003');
Insert into KRMS_AGENDA_ITM_T (AGENDA_ITM_ID,RULE_ID,SUB_AGENDA_ID,AGENDA_ID,VER_NBR,WHEN_TRUE,WHEN_FALSE,ALWAYS) values ('T1003','T1003',null,'T1000',1,null,null,null);
Insert into KRMS_AGENDA_ITM_T (AGENDA_ITM_ID,RULE_ID,SUB_AGENDA_ID,AGENDA_ID,VER_NBR,WHEN_TRUE,WHEN_FALSE,ALWAYS) values ('T1004','T1004',null,'T1000',1,null,null,null);
Insert into KRMS_AGENDA_ITM_T (AGENDA_ITM_ID,RULE_ID,SUB_AGENDA_ID,AGENDA_ID,VER_NBR,WHEN_TRUE,WHEN_FALSE,ALWAYS) values ('T1005','T1005',null,'T1000',1,null,null,null);
Insert into KRMS_AGENDA_ITM_T (AGENDA_ITM_ID,RULE_ID,SUB_AGENDA_ID,AGENDA_ID,VER_NBR,WHEN_TRUE,WHEN_FALSE,ALWAYS) values ('T1006','T1006',null,'T1000',1,null,null,null);
Insert into KRMS_AGENDA_ITM_T (AGENDA_ITM_ID,RULE_ID,SUB_AGENDA_ID,AGENDA_ID,VER_NBR,WHEN_TRUE,WHEN_FALSE,ALWAYS) values ('T1007','T1007',null,'T1001',1,null,null,null);
Insert into KRMS_AGENDA_ITM_T (AGENDA_ITM_ID,RULE_ID,SUB_AGENDA_ID,AGENDA_ID,VER_NBR,WHEN_TRUE,WHEN_FALSE,ALWAYS) values ('T1008','T1008',null,'T1002',1,null,null,null);
 --- INSERTING into KRMS_AGENDA_T

Insert into KRMS_AGENDA_T (AGENDA_ID,NM,CNTXT_ID,INIT_AGENDA_ITM_ID,TYP_ID,ACTV,VER_NBR) values ('T1000','My Fabulous Agenda','CONTEXT1','T1000',null,'Y',1);
Insert into KRMS_AGENDA_T (AGENDA_ID,NM,CNTXT_ID,INIT_AGENDA_ITM_ID,TYP_ID,ACTV,VER_NBR) values ('T1001','SimpleAgendaCompoundProp','CONTEXT1','T1007','T1004','Y',1);
Insert into KRMS_AGENDA_T (AGENDA_ID,NM,CNTXT_ID,INIT_AGENDA_ITM_ID,TYP_ID,ACTV,VER_NBR) values ('T1002','One Big Rule','CONTEXT1','T1008','T1004','Y',1);
 --- INSERTING into KRMS_ATTR_DEFN_T

Insert into KRMS_ATTR_DEFN_T (ATTR_DEFN_ID,NM,NMSPC_CD,LBL,ACTV,CMPNT_NM,VER_NBR,DESC_TXT) values ('1000','peopleFlowId','KR-RULE','PeopleFlow','Y',null,0,'An identifier for a PeopleFlow');
Insert into KRMS_ATTR_DEFN_T (ATTR_DEFN_ID,NM,NMSPC_CD,LBL,ACTV,CMPNT_NM,VER_NBR,DESC_TXT) values ('1001','ruleTypeCode','KR-RULE','Invalid Rule','Y',null,1,'If true, execute the action');
Insert into KRMS_ATTR_DEFN_T (ATTR_DEFN_ID,NM,NMSPC_CD,LBL,ACTV,CMPNT_NM,VER_NBR,DESC_TXT) values ('1004','actionTypeCode','KR-RULE','Error Action','Y',null,1,'Error');
Insert into KRMS_ATTR_DEFN_T (ATTR_DEFN_ID,NM,NMSPC_CD,LBL,ACTV,CMPNT_NM,VER_NBR,DESC_TXT) values ('1005','actionMessage','KR-RULE','Action Message','Y',null,1,'Message validation action returns');
Insert into KRMS_ATTR_DEFN_T (ATTR_DEFN_ID,NM,NMSPC_CD,LBL,ACTV,CMPNT_NM,VER_NBR,DESC_TXT) values ('1006','peopleFlowName','KR_RULE','PeopleFlow Name','Y',null,1,'PeopleFlow Name');
Insert into KRMS_ATTR_DEFN_T (ATTR_DEFN_ID,NM,NMSPC_CD,LBL,ACTV,CMPNT_NM,VER_NBR,DESC_TXT) values ('T1000','Context1Qualifier','KR-RULE-TEST','Context 1 Qualifier','Y',null,1,'null');
Insert into KRMS_ATTR_DEFN_T (ATTR_DEFN_ID,NM,NMSPC_CD,LBL,ACTV,CMPNT_NM,VER_NBR,DESC_TXT) values ('T1001','Event','KR-RULE-TEST','Event Name','Y',null,1,'null');
Insert into KRMS_ATTR_DEFN_T (ATTR_DEFN_ID,NM,NMSPC_CD,LBL,ACTV,CMPNT_NM,VER_NBR,DESC_TXT) values ('T1002','Optional Test Attribute','KR-RULE-TEST','label','Y',null,0,'this is an optional attribute for testing');
Insert into KRMS_ATTR_DEFN_T (ATTR_DEFN_ID,NM,NMSPC_CD,LBL,ACTV,CMPNT_NM,VER_NBR,DESC_TXT) values ('T1003','Campus','KR-RULE-TEST','campus label','Y',null,0,'the campus which this agenda is valid for');
 --- INSERTING into KRMS_CMPND_PROP_PROPS_T

Insert into KRMS_CMPND_PROP_PROPS_T (CMPND_PROP_ID,PROP_ID) values ('T1007','T1008');
Insert into KRMS_CMPND_PROP_PROPS_T (CMPND_PROP_ID,PROP_ID) values ('T1007','T1009');
Insert into KRMS_CMPND_PROP_PROPS_T (CMPND_PROP_ID,PROP_ID) values ('T1007','T1010');
Insert into KRMS_CMPND_PROP_PROPS_T (CMPND_PROP_ID,PROP_ID) values ('T1011','T1012');
Insert into KRMS_CMPND_PROP_PROPS_T (CMPND_PROP_ID,PROP_ID) values ('T1011','T1013');
Insert into KRMS_CMPND_PROP_PROPS_T (CMPND_PROP_ID,PROP_ID) values ('T1011','T1014');
Insert into KRMS_CMPND_PROP_PROPS_T (CMPND_PROP_ID,PROP_ID) values ('T1013','T1015');
Insert into KRMS_CMPND_PROP_PROPS_T (CMPND_PROP_ID,PROP_ID) values ('T1013','T1016');
Insert into KRMS_CMPND_PROP_PROPS_T (CMPND_PROP_ID,PROP_ID) values ('T1013','T1017');
Insert into KRMS_CMPND_PROP_PROPS_T (CMPND_PROP_ID,PROP_ID) values ('T1014','T1018');
Insert into KRMS_CMPND_PROP_PROPS_T (CMPND_PROP_ID,PROP_ID) values ('T1014','T1019');
 --- INSERTING into KRMS_CNTXT_ATTR_T

Insert into KRMS_CNTXT_ATTR_T (CNTXT_ATTR_ID,CNTXT_ID,ATTR_VAL,ATTR_DEFN_ID,VER_NBR) values ('T1000','CONTEXT1','BLAH','T1000',1);
 --- INSERTING into KRMS_CNTXT_T

Insert into KRMS_CNTXT_T (CNTXT_ID,NMSPC_CD,NM,TYP_ID,ACTV,VER_NBR,DESC_TXT) values ('CONTEXT1','KR-RULE-TEST','Context1','T1003','Y',1,'null');
Insert into KRMS_CNTXT_T (CNTXT_ID,NMSPC_CD,NM,TYP_ID,ACTV,VER_NBR,DESC_TXT) values ('CONTEXT_NO_PERMISSION','KRMS_TEST_VOID','Context with no premissions','T1003','Y',1,'null');
Insert into KRMS_CNTXT_T (CNTXT_ID,NMSPC_CD,NM,TYP_ID,ACTV,VER_NBR,DESC_TXT) values ('trav-acct-test-ctxt','KR-SAP','Travel Account','T4','Y',1,'null');
 --- INSERTING into KRMS_CNTXT_VLD_ACTN_TYP_T

Insert into KRMS_CNTXT_VLD_ACTN_TYP_T (CNTXT_VLD_ACTN_ID,CNTXT_ID,ACTN_TYP_ID,VER_NBR) values ('T1000','CONTEXT1','T1002',1);
Insert into KRMS_CNTXT_VLD_ACTN_TYP_T (CNTXT_VLD_ACTN_ID,CNTXT_ID,ACTN_TYP_ID,VER_NBR) values ('T1001','CONTEXT1','1000',1);
Insert into KRMS_CNTXT_VLD_ACTN_TYP_T (CNTXT_VLD_ACTN_ID,CNTXT_ID,ACTN_TYP_ID,VER_NBR) values ('T1002','CONTEXT1','1001',1);
Insert into KRMS_CNTXT_VLD_ACTN_TYP_T (CNTXT_VLD_ACTN_ID,CNTXT_ID,ACTN_TYP_ID,VER_NBR) values ('T1003','CONTEXT1','1003',1);
 --- INSERTING into KRMS_CNTXT_VLD_AGENDA_TYP_T

Insert into KRMS_CNTXT_VLD_AGENDA_TYP_T (CNTXT_VLD_AGENDA_ID,CNTXT_ID,AGENDA_TYP_ID,VER_NBR) values ('T1000','CONTEXT1','T1005',1);
 --- INSERTING into KRMS_CNTXT_VLD_FUNC_T

 --- INSERTING into KRMS_CNTXT_VLD_RULE_TYP_T

Insert into KRMS_CNTXT_VLD_RULE_TYP_T (CNTXT_VLD_RULE_ID,CNTXT_ID,RULE_TYP_ID,VER_NBR) values ('T1000','CONTEXT1','1002',1);
 --- INSERTING into KRMS_CNTXT_VLD_TERM_SPEC_T

Insert into KRMS_CNTXT_VLD_TERM_SPEC_T (CNTXT_TERM_SPEC_PREREQ_ID,CNTXT_ID,TERM_SPEC_ID,PREREQ) values ('T1000','CONTEXT1','T1002','N');
Insert into KRMS_CNTXT_VLD_TERM_SPEC_T (CNTXT_TERM_SPEC_PREREQ_ID,CNTXT_ID,TERM_SPEC_ID,PREREQ) values ('T1001','CONTEXT1','T1003','N');
Insert into KRMS_CNTXT_VLD_TERM_SPEC_T (CNTXT_TERM_SPEC_PREREQ_ID,CNTXT_ID,TERM_SPEC_ID,PREREQ) values ('T1002','CONTEXT1','T1004','N');
Insert into KRMS_CNTXT_VLD_TERM_SPEC_T (CNTXT_TERM_SPEC_PREREQ_ID,CNTXT_ID,TERM_SPEC_ID,PREREQ) values ('T1003','CONTEXT1','T1005','N');
Insert into KRMS_CNTXT_VLD_TERM_SPEC_T (CNTXT_TERM_SPEC_PREREQ_ID,CNTXT_ID,TERM_SPEC_ID,PREREQ) values ('T1004','CONTEXT1','T1006','N');
Insert into KRMS_CNTXT_VLD_TERM_SPEC_T (CNTXT_TERM_SPEC_PREREQ_ID,CNTXT_ID,TERM_SPEC_ID,PREREQ) values ('T1005','CONTEXT1','T1007','N');
Insert into KRMS_CNTXT_VLD_TERM_SPEC_T (CNTXT_TERM_SPEC_PREREQ_ID,CNTXT_ID,TERM_SPEC_ID,PREREQ) values ('T1006','CONTEXT1','T1000','N');
Insert into KRMS_CNTXT_VLD_TERM_SPEC_T (CNTXT_TERM_SPEC_PREREQ_ID,CNTXT_ID,TERM_SPEC_ID,PREREQ) values ('T1007','CONTEXT1','T1001','N');
 --- INSERTING into KRMS_CTGRY_T

Insert into KRMS_CTGRY_T (CTGRY_ID,NM,NMSPC_CD,VER_NBR) values ('T1000','misc','KR-RULE-TEST',0);
 --- INSERTING into KRMS_FUNC_CTGRY_T

 --- INSERTING into KRMS_FUNC_PARM_T

 --- INSERTING into KRMS_FUNC_T

 --- INSERTING into KRMS_NL_TMPL_ATTR_T

 --- INSERTING into KRMS_NL_TMPL_T

 --- INSERTING into KRMS_NL_USAGE_ATTR_T

 --- INSERTING into KRMS_NL_USAGE_T

 --- INSERTING into KRMS_PROP_PARM_T

Insert into KRMS_PROP_PARM_T (PROP_PARM_ID,PROP_ID,PARM_VAL,PARM_TYP_CD,SEQ_NO,VER_NBR) values ('T1000','T1000','T1002','T',1,1);
Insert into KRMS_PROP_PARM_T (PROP_PARM_ID,PROP_ID,PARM_VAL,PARM_TYP_CD,SEQ_NO,VER_NBR) values ('T1001','T1000','BL','C',2,1);
Insert into KRMS_PROP_PARM_T (PROP_PARM_ID,PROP_ID,PARM_VAL,PARM_TYP_CD,SEQ_NO,VER_NBR) values ('T1002','T1000','=','O',3,1);
Insert into KRMS_PROP_PARM_T (PROP_PARM_ID,PROP_ID,PARM_VAL,PARM_TYP_CD,SEQ_NO,VER_NBR) values ('T1003','T1001','T1002','T',1,1);
Insert into KRMS_PROP_PARM_T (PROP_PARM_ID,PROP_ID,PARM_VAL,PARM_TYP_CD,SEQ_NO,VER_NBR) values ('T1004','T1001','BL','C',2,1);
Insert into KRMS_PROP_PARM_T (PROP_PARM_ID,PROP_ID,PARM_VAL,PARM_TYP_CD,SEQ_NO,VER_NBR) values ('T1005','T1001','=','O',3,1);
Insert into KRMS_PROP_PARM_T (PROP_PARM_ID,PROP_ID,PARM_VAL,PARM_TYP_CD,SEQ_NO,VER_NBR) values ('T1006','T1002','T1002','T',1,1);
Insert into KRMS_PROP_PARM_T (PROP_PARM_ID,PROP_ID,PARM_VAL,PARM_TYP_CD,SEQ_NO,VER_NBR) values ('T1007','T1002','BL','C',2,1);
Insert into KRMS_PROP_PARM_T (PROP_PARM_ID,PROP_ID,PARM_VAL,PARM_TYP_CD,SEQ_NO,VER_NBR) values ('T1008','T1002','=','O',3,1);
Insert into KRMS_PROP_PARM_T (PROP_PARM_ID,PROP_ID,PARM_VAL,PARM_TYP_CD,SEQ_NO,VER_NBR) values ('T1009','T1003','T1002','T',1,1);
Insert into KRMS_PROP_PARM_T (PROP_PARM_ID,PROP_ID,PARM_VAL,PARM_TYP_CD,SEQ_NO,VER_NBR) values ('T1010','T1003','BL','C',2,1);
Insert into KRMS_PROP_PARM_T (PROP_PARM_ID,PROP_ID,PARM_VAL,PARM_TYP_CD,SEQ_NO,VER_NBR) values ('T1011','T1003','=','O',3,1);
Insert into KRMS_PROP_PARM_T (PROP_PARM_ID,PROP_ID,PARM_VAL,PARM_TYP_CD,SEQ_NO,VER_NBR) values ('T1012','T1004','T1002','T',1,1);
Insert into KRMS_PROP_PARM_T (PROP_PARM_ID,PROP_ID,PARM_VAL,PARM_TYP_CD,SEQ_NO,VER_NBR) values ('T1013','T1004','BL','C',2,1);
Insert into KRMS_PROP_PARM_T (PROP_PARM_ID,PROP_ID,PARM_VAL,PARM_TYP_CD,SEQ_NO,VER_NBR) values ('T1014','T1004','=','O',3,1);
Insert into KRMS_PROP_PARM_T (PROP_PARM_ID,PROP_ID,PARM_VAL,PARM_TYP_CD,SEQ_NO,VER_NBR) values ('T1015','T1005','T1002','T',1,1);
Insert into KRMS_PROP_PARM_T (PROP_PARM_ID,PROP_ID,PARM_VAL,PARM_TYP_CD,SEQ_NO,VER_NBR) values ('T1016','T1005','BL','C',2,1);
Insert into KRMS_PROP_PARM_T (PROP_PARM_ID,PROP_ID,PARM_VAL,PARM_TYP_CD,SEQ_NO,VER_NBR) values ('T1017','T1005','=','O',3,1);
Insert into KRMS_PROP_PARM_T (PROP_PARM_ID,PROP_ID,PARM_VAL,PARM_TYP_CD,SEQ_NO,VER_NBR) values ('T1018','T1006','T1002','T',1,1);
Insert into KRMS_PROP_PARM_T (PROP_PARM_ID,PROP_ID,PARM_VAL,PARM_TYP_CD,SEQ_NO,VER_NBR) values ('T1019','T1006','BL','C',2,1);
Insert into KRMS_PROP_PARM_T (PROP_PARM_ID,PROP_ID,PARM_VAL,PARM_TYP_CD,SEQ_NO,VER_NBR) values ('T1020','T1006','=','O',3,1);
Insert into KRMS_PROP_PARM_T (PROP_PARM_ID,PROP_ID,PARM_VAL,PARM_TYP_CD,SEQ_NO,VER_NBR) values ('T1021','T1008','T1002','T',1,1);
Insert into KRMS_PROP_PARM_T (PROP_PARM_ID,PROP_ID,PARM_VAL,PARM_TYP_CD,SEQ_NO,VER_NBR) values ('T1022','T1008','Muir','C',2,1);
Insert into KRMS_PROP_PARM_T (PROP_PARM_ID,PROP_ID,PARM_VAL,PARM_TYP_CD,SEQ_NO,VER_NBR) values ('T1023','T1008','=','O',3,1);
Insert into KRMS_PROP_PARM_T (PROP_PARM_ID,PROP_ID,PARM_VAL,PARM_TYP_CD,SEQ_NO,VER_NBR) values ('T1024','T1009','T1002','T',1,1);
Insert into KRMS_PROP_PARM_T (PROP_PARM_ID,PROP_ID,PARM_VAL,PARM_TYP_CD,SEQ_NO,VER_NBR) values ('T1025','T1009','Revelle','C',2,1);
Insert into KRMS_PROP_PARM_T (PROP_PARM_ID,PROP_ID,PARM_VAL,PARM_TYP_CD,SEQ_NO,VER_NBR) values ('T1026','T1009','=','O',3,1);
Insert into KRMS_PROP_PARM_T (PROP_PARM_ID,PROP_ID,PARM_VAL,PARM_TYP_CD,SEQ_NO,VER_NBR) values ('T1027','T1010','T1002','T',1,1);
Insert into KRMS_PROP_PARM_T (PROP_PARM_ID,PROP_ID,PARM_VAL,PARM_TYP_CD,SEQ_NO,VER_NBR) values ('T1028','T1010','Warren','C',2,1);
Insert into KRMS_PROP_PARM_T (PROP_PARM_ID,PROP_ID,PARM_VAL,PARM_TYP_CD,SEQ_NO,VER_NBR) values ('T1029','T1010','=','O',3,1);
Insert into KRMS_PROP_PARM_T (PROP_PARM_ID,PROP_ID,PARM_VAL,PARM_TYP_CD,SEQ_NO,VER_NBR) values ('T1030','T1012','T1004','T',1,1);
Insert into KRMS_PROP_PARM_T (PROP_PARM_ID,PROP_ID,PARM_VAL,PARM_TYP_CD,SEQ_NO,VER_NBR) values ('T1031','T1012','5500.00','C',2,1);
Insert into KRMS_PROP_PARM_T (PROP_PARM_ID,PROP_ID,PARM_VAL,PARM_TYP_CD,SEQ_NO,VER_NBR) values ('T1032','T1012','>','O',3,1);
Insert into KRMS_PROP_PARM_T (PROP_PARM_ID,PROP_ID,PARM_VAL,PARM_TYP_CD,SEQ_NO,VER_NBR) values ('T1033','T1015','T1005','T',1,1);
Insert into KRMS_PROP_PARM_T (PROP_PARM_ID,PROP_ID,PARM_VAL,PARM_TYP_CD,SEQ_NO,VER_NBR) values ('T1034','T1015','ANIMAL','C',2,1);
Insert into KRMS_PROP_PARM_T (PROP_PARM_ID,PROP_ID,PARM_VAL,PARM_TYP_CD,SEQ_NO,VER_NBR) values ('T1035','T1015','=','O',3,1);
Insert into KRMS_PROP_PARM_T (PROP_PARM_ID,PROP_ID,PARM_VAL,PARM_TYP_CD,SEQ_NO,VER_NBR) values ('T1036','T1016','T1005','T',1,1);
Insert into KRMS_PROP_PARM_T (PROP_PARM_ID,PROP_ID,PARM_VAL,PARM_TYP_CD,SEQ_NO,VER_NBR) values ('T1037','T1016','RADIOACTIVE','C',2,1);
Insert into KRMS_PROP_PARM_T (PROP_PARM_ID,PROP_ID,PARM_VAL,PARM_TYP_CD,SEQ_NO,VER_NBR) values ('T1038','T1016','=','O',3,1);
Insert into KRMS_PROP_PARM_T (PROP_PARM_ID,PROP_ID,PARM_VAL,PARM_TYP_CD,SEQ_NO,VER_NBR) values ('T1039','T1017','T1005','T',1,1);
Insert into KRMS_PROP_PARM_T (PROP_PARM_ID,PROP_ID,PARM_VAL,PARM_TYP_CD,SEQ_NO,VER_NBR) values ('T1040','T1017','ALCOHOL BEVERAGE','C',2,1);
Insert into KRMS_PROP_PARM_T (PROP_PARM_ID,PROP_ID,PARM_VAL,PARM_TYP_CD,SEQ_NO,VER_NBR) values ('T1041','T1017','=','O',3,1);
Insert into KRMS_PROP_PARM_T (PROP_PARM_ID,PROP_ID,PARM_VAL,PARM_TYP_CD,SEQ_NO,VER_NBR) values ('T1042','T1018','T1006','T',1,1);
Insert into KRMS_PROP_PARM_T (PROP_PARM_ID,PROP_ID,PARM_VAL,PARM_TYP_CD,SEQ_NO,VER_NBR) values ('T1043','T1018','KUALI SLUSH FUND','C',2,1);
Insert into KRMS_PROP_PARM_T (PROP_PARM_ID,PROP_ID,PARM_VAL,PARM_TYP_CD,SEQ_NO,VER_NBR) values ('T1044','T1018','=','O',3,1);
Insert into KRMS_PROP_PARM_T (PROP_PARM_ID,PROP_ID,PARM_VAL,PARM_TYP_CD,SEQ_NO,VER_NBR) values ('T1045','T1019','T1007','T',1,1);
Insert into KRMS_PROP_PARM_T (PROP_PARM_ID,PROP_ID,PARM_VAL,PARM_TYP_CD,SEQ_NO,VER_NBR) values ('T1046','T1019','Christmas Party','C',2,1);
Insert into KRMS_PROP_PARM_T (PROP_PARM_ID,PROP_ID,PARM_VAL,PARM_TYP_CD,SEQ_NO,VER_NBR) values ('T1047','T1019','=','O',3,1);
 --- INSERTING into KRMS_PROP_T

Insert into KRMS_PROP_T (PROP_ID,DESC_TXT,TYP_ID,DSCRM_TYP_CD,CMPND_OP_CD,RULE_ID,VER_NBR,CMPND_SEQ_NO) values ('T1000','is campus bloomington',null,'S',null,'T1000',1,null);
Insert into KRMS_PROP_T (PROP_ID,DESC_TXT,TYP_ID,DSCRM_TYP_CD,CMPND_OP_CD,RULE_ID,VER_NBR,CMPND_SEQ_NO) values ('T1001','is campus bloomington',null,'S',null,'T1001',1,null);
Insert into KRMS_PROP_T (PROP_ID,DESC_TXT,TYP_ID,DSCRM_TYP_CD,CMPND_OP_CD,RULE_ID,VER_NBR,CMPND_SEQ_NO) values ('T1002','is campus bloomington',null,'S',null,'T1002',1,null);
Insert into KRMS_PROP_T (PROP_ID,DESC_TXT,TYP_ID,DSCRM_TYP_CD,CMPND_OP_CD,RULE_ID,VER_NBR,CMPND_SEQ_NO) values ('T1003','is campus bloomington',null,'S',null,'T1003',1,null);
Insert into KRMS_PROP_T (PROP_ID,DESC_TXT,TYP_ID,DSCRM_TYP_CD,CMPND_OP_CD,RULE_ID,VER_NBR,CMPND_SEQ_NO) values ('T1004','is campus bloomington',null,'S',null,'T1004',1,null);
Insert into KRMS_PROP_T (PROP_ID,DESC_TXT,TYP_ID,DSCRM_TYP_CD,CMPND_OP_CD,RULE_ID,VER_NBR,CMPND_SEQ_NO) values ('T1005','is campus bloomington',null,'S',null,'T1005',1,null);
Insert into KRMS_PROP_T (PROP_ID,DESC_TXT,TYP_ID,DSCRM_TYP_CD,CMPND_OP_CD,RULE_ID,VER_NBR,CMPND_SEQ_NO) values ('T1006','is campus bloomington',null,'S',null,'T1006',1,null);
Insert into KRMS_PROP_T (PROP_ID,DESC_TXT,TYP_ID,DSCRM_TYP_CD,CMPND_OP_CD,RULE_ID,VER_NBR,CMPND_SEQ_NO) values ('T1007','a compound prop',null,'C','&','T1007',1,null);
Insert into KRMS_PROP_T (PROP_ID,DESC_TXT,TYP_ID,DSCRM_TYP_CD,CMPND_OP_CD,RULE_ID,VER_NBR,CMPND_SEQ_NO) values ('T1008','a simple child to a compound prop',null,'S',null,'T1007',1,null);
Insert into KRMS_PROP_T (PROP_ID,DESC_TXT,TYP_ID,DSCRM_TYP_CD,CMPND_OP_CD,RULE_ID,VER_NBR,CMPND_SEQ_NO) values ('T1009','2nd simple child to a compound prop ',null,'S',null,'T1007',1,2);
Insert into KRMS_PROP_T (PROP_ID,DESC_TXT,TYP_ID,DSCRM_TYP_CD,CMPND_OP_CD,RULE_ID,VER_NBR,CMPND_SEQ_NO) values ('T1010','3nd simple child to a compound prop ',null,'S',null,'T1007',1,3);
Insert into KRMS_PROP_T (PROP_ID,DESC_TXT,TYP_ID,DSCRM_TYP_CD,CMPND_OP_CD,RULE_ID,VER_NBR,CMPND_SEQ_NO) values ('T1011','is purchase special',null,'C','&','T1008',1,null);
Insert into KRMS_PROP_T (PROP_ID,DESC_TXT,TYP_ID,DSCRM_TYP_CD,CMPND_OP_CD,RULE_ID,VER_NBR,CMPND_SEQ_NO) values ('T1012','is purchase order value large',null,'S',null,'T1008',1,null);
Insert into KRMS_PROP_T (PROP_ID,DESC_TXT,TYP_ID,DSCRM_TYP_CD,CMPND_OP_CD,RULE_ID,VER_NBR,CMPND_SEQ_NO) values ('T1013','is purchased item controlled',null,'C','|','T1008',1,null);
Insert into KRMS_PROP_T (PROP_ID,DESC_TXT,TYP_ID,DSCRM_TYP_CD,CMPND_OP_CD,RULE_ID,VER_NBR,CMPND_SEQ_NO) values ('T1014','is it for a special event',null,'C','&','T1008',1,null);
Insert into KRMS_PROP_T (PROP_ID,DESC_TXT,TYP_ID,DSCRM_TYP_CD,CMPND_OP_CD,RULE_ID,VER_NBR,CMPND_SEQ_NO) values ('T1015','is item purchased animal',null,'S',null,'T1008',1,null);
Insert into KRMS_PROP_T (PROP_ID,DESC_TXT,TYP_ID,DSCRM_TYP_CD,CMPND_OP_CD,RULE_ID,VER_NBR,CMPND_SEQ_NO) values ('T1016','is purchased item radioactive',null,'S',null,'T1008',1,null);
Insert into KRMS_PROP_T (PROP_ID,DESC_TXT,TYP_ID,DSCRM_TYP_CD,CMPND_OP_CD,RULE_ID,VER_NBR,CMPND_SEQ_NO) values ('T1017','is it medicinal',null,'S',null,'T1008',1,3);
Insert into KRMS_PROP_T (PROP_ID,DESC_TXT,TYP_ID,DSCRM_TYP_CD,CMPND_OP_CD,RULE_ID,VER_NBR,CMPND_SEQ_NO) values ('T1018','charged to Kuali',null,'S',null,'T1008',1,null);
Insert into KRMS_PROP_T (PROP_ID,DESC_TXT,TYP_ID,DSCRM_TYP_CD,CMPND_OP_CD,RULE_ID,VER_NBR,CMPND_SEQ_NO) values ('T1019','Party at Travis House',null,'S',null,'T1008',1,null);
 --- INSERTING into KRMS_REF_OBJ_KRMS_OBJ_T

 --- INSERTING into KRMS_RULE_ATTR_T

 --- INSERTING into KRMS_RULE_T

Insert into KRMS_RULE_T (RULE_ID,NMSPC_CD,NM,TYP_ID,PROP_ID,ACTV,VER_NBR,DESC_TXT) values ('T1000','KR-RULE-TEST','Rule1',null,'T1000','Y',1,'stub rule lorem ipsum');
Insert into KRMS_RULE_T (RULE_ID,NMSPC_CD,NM,TYP_ID,PROP_ID,ACTV,VER_NBR,DESC_TXT) values ('T1001','KR-RULE-TEST','Rule2',null,'T1001','Y',1,'Frog specimens bogus rule foo');
Insert into KRMS_RULE_T (RULE_ID,NMSPC_CD,NM,TYP_ID,PROP_ID,ACTV,VER_NBR,DESC_TXT) values ('T1002','KR-RULE-TEST','Rule3',null,'T1002','Y',1,'Bloomington campus code rule');
Insert into KRMS_RULE_T (RULE_ID,NMSPC_CD,NM,TYP_ID,PROP_ID,ACTV,VER_NBR,DESC_TXT) values ('T1003','KR-RULE-TEST','Rule4',null,'T1003','Y',1,'check for possible BBQ ingiter hazard');
Insert into KRMS_RULE_T (RULE_ID,NMSPC_CD,NM,TYP_ID,PROP_ID,ACTV,VER_NBR,DESC_TXT) values ('T1004','KR-RULE-TEST','Rule5',null,'T1004','Y',1,'remembered to wear socks');
Insert into KRMS_RULE_T (RULE_ID,NMSPC_CD,NM,TYP_ID,PROP_ID,ACTV,VER_NBR,DESC_TXT) values ('T1005','KR-RULE-TEST','Rule6',null,'T1005','Y',1,'good behavior at carnival');
Insert into KRMS_RULE_T (RULE_ID,NMSPC_CD,NM,TYP_ID,PROP_ID,ACTV,VER_NBR,DESC_TXT) values ('T1006','KR-RULE-TEST','Rule7',null,'T1006','Y',1,'is KRMS in da haus');
Insert into KRMS_RULE_T (RULE_ID,NMSPC_CD,NM,TYP_ID,PROP_ID,ACTV,VER_NBR,DESC_TXT) values ('T1007','KR-RULE-TEST','CmpdTestRule',null,'T1007','Y',1,'For testing compound props');
Insert into KRMS_RULE_T (RULE_ID,NMSPC_CD,NM,TYP_ID,PROP_ID,ACTV,VER_NBR,DESC_TXT) values ('T1008','KR-RULE-TEST','Going Away Party for Travis',null,'T1011','Y',1,'Does PO require my approval');
 --- INSERTING into KRMS_TERM_PARM_T

Insert into KRMS_TERM_PARM_T (TERM_PARM_ID,TERM_ID,NM,VAL,VER_NBR) values ('T1000','T1000','Campus Code','BL',1);
 --- INSERTING into KRMS_TERM_RSLVR_ATTR_T

 --- INSERTING into KRMS_TERM_RSLVR_INPUT_SPEC_T

 --- INSERTING into KRMS_TERM_RSLVR_PARM_SPEC_T

Insert into KRMS_TERM_RSLVR_PARM_SPEC_T (TERM_RSLVR_PARM_SPEC_ID,TERM_RSLVR_ID,NM,VER_NBR) values ('T1000','T1000','Campus Code',1);
Insert into KRMS_TERM_RSLVR_PARM_SPEC_T (TERM_RSLVR_PARM_SPEC_ID,TERM_RSLVR_ID,NM,VER_NBR) values ('T1001','T1001','Org Code',1);
Insert into KRMS_TERM_RSLVR_PARM_SPEC_T (TERM_RSLVR_PARM_SPEC_ID,TERM_RSLVR_ID,NM,VER_NBR) values ('T1002','T1001','Principal ID',1);
 --- INSERTING into KRMS_TERM_RSLVR_T

Insert into KRMS_TERM_RSLVR_T (TERM_RSLVR_ID,NMSPC_CD,NM,TYP_ID,OUTPUT_TERM_SPEC_ID,ACTV,VER_NBR) values ('T1000','KR-RULE-TEST','campusSizeResolver','T1000','T1000','Y',1);
Insert into KRMS_TERM_RSLVR_T (TERM_RSLVR_ID,NMSPC_CD,NM,TYP_ID,OUTPUT_TERM_SPEC_ID,ACTV,VER_NBR) values ('T1001','KR-RULE-TEST','orgMemberResolver','T1000','T1001','Y',1);
 --- INSERTING into KRMS_TERM_SPEC_CTGRY_T

 --- INSERTING into KRMS_TERM_SPEC_T

Insert into KRMS_TERM_SPEC_T (TERM_SPEC_ID,NM,TYP,ACTV,VER_NBR,DESC_TXT,NMSPC_CD) values ('T1000','campusSize','java.lang.Integer','Y',1,'Size in # of students of the campus','KR-RULE-TEST');
Insert into KRMS_TERM_SPEC_T (TERM_SPEC_ID,NM,TYP,ACTV,VER_NBR,DESC_TXT,NMSPC_CD) values ('T1001','orgMember','java.lang.Boolean','Y',1,'is the principal in the organization','KR-RULE-TEST');
Insert into KRMS_TERM_SPEC_T (TERM_SPEC_ID,NM,TYP,ACTV,VER_NBR,DESC_TXT,NMSPC_CD) values ('T1002','Campus Code','java.lang.String','Y',1,'null','KR-RULE-TEST');
Insert into KRMS_TERM_SPEC_T (TERM_SPEC_ID,NM,TYP,ACTV,VER_NBR,DESC_TXT,NMSPC_CD) values ('T1003','bogusFundTermSpec','java.lang.String','Y',1,'null','KR-RULE-TEST');
Insert into KRMS_TERM_SPEC_T (TERM_SPEC_ID,NM,TYP,ACTV,VER_NBR,DESC_TXT,NMSPC_CD) values ('T1004','PO Value','java.lang.Integer','Y',1,'Purchase Order Value','KR-RULE-TEST');
Insert into KRMS_TERM_SPEC_T (TERM_SPEC_ID,NM,TYP,ACTV,VER_NBR,DESC_TXT,NMSPC_CD) values ('T1005','PO Item Type','java.lang.String','Y',1,'Purchased Item Type','KR-RULE-TEST');
Insert into KRMS_TERM_SPEC_T (TERM_SPEC_ID,NM,TYP,ACTV,VER_NBR,DESC_TXT,NMSPC_CD) values ('T1006','Account','java.lang.String','Y',1,'Charged To Account','KR-RULE-TEST');
Insert into KRMS_TERM_SPEC_T (TERM_SPEC_ID,NM,TYP,ACTV,VER_NBR,DESC_TXT,NMSPC_CD) values ('T1007','Occasion','java.lang.String','Y',1,'Special Event','KR-RULE-TEST');
Insert into KRMS_TERM_SPEC_T (TERM_SPEC_ID,NM,TYP,ACTV,VER_NBR,DESC_TXT,NMSPC_CD) values ('T1008','campusCode','java.lang.String','Y',1,'null','KR-RULE-TEST');
 --- INSERTING into KRMS_TERM_T

Insert into KRMS_TERM_T (TERM_ID,TERM_SPEC_ID,VER_NBR,DESC_TXT) values ('T1000','T1000',1,'Bloomington Campus Size');
Insert into KRMS_TERM_T (TERM_ID,TERM_SPEC_ID,VER_NBR,DESC_TXT) values ('T1002','T1002',1,'null');
Insert into KRMS_TERM_T (TERM_ID,TERM_SPEC_ID,VER_NBR,DESC_TXT) values ('T1003','T1003',1,'Fund Name');
Insert into KRMS_TERM_T (TERM_ID,TERM_SPEC_ID,VER_NBR,DESC_TXT) values ('T1004','T1004',1,'PO Value');
Insert into KRMS_TERM_T (TERM_ID,TERM_SPEC_ID,VER_NBR,DESC_TXT) values ('T1005','T1005',1,'PO Item Type');
Insert into KRMS_TERM_T (TERM_ID,TERM_SPEC_ID,VER_NBR,DESC_TXT) values ('T1006','T1006',1,'Account');
Insert into KRMS_TERM_T (TERM_ID,TERM_SPEC_ID,VER_NBR,DESC_TXT) values ('T1007','T1007',1,'Occasion');
 --- INSERTING into KRMS_TYP_ATTR_T

Insert into KRMS_TYP_ATTR_T (TYP_ATTR_ID,SEQ_NO,TYP_ID,ATTR_DEFN_ID,ACTV,VER_NBR) values ('1000',1,'1000','1000','Y',0);
Insert into KRMS_TYP_ATTR_T (TYP_ATTR_ID,SEQ_NO,TYP_ID,ATTR_DEFN_ID,ACTV,VER_NBR) values ('1001',1,'1001','1000','Y',0);
Insert into KRMS_TYP_ATTR_T (TYP_ATTR_ID,SEQ_NO,TYP_ID,ATTR_DEFN_ID,ACTV,VER_NBR) values ('1002',1,'1002','1001','Y',1);
Insert into KRMS_TYP_ATTR_T (TYP_ATTR_ID,SEQ_NO,TYP_ID,ATTR_DEFN_ID,ACTV,VER_NBR) values ('1005',2,'1003','1004','Y',1);
Insert into KRMS_TYP_ATTR_T (TYP_ATTR_ID,SEQ_NO,TYP_ID,ATTR_DEFN_ID,ACTV,VER_NBR) values ('1006',3,'1003','1005','Y',1);
Insert into KRMS_TYP_ATTR_T (TYP_ATTR_ID,SEQ_NO,TYP_ID,ATTR_DEFN_ID,ACTV,VER_NBR) values ('1007',3,'1000','1006','Y',1);
Insert into KRMS_TYP_ATTR_T (TYP_ATTR_ID,SEQ_NO,TYP_ID,ATTR_DEFN_ID,ACTV,VER_NBR) values ('1008',3,'1001','1006','Y',1);
Insert into KRMS_TYP_ATTR_T (TYP_ATTR_ID,SEQ_NO,TYP_ID,ATTR_DEFN_ID,ACTV,VER_NBR) values ('T1000',1,'T1003','T1000','Y',1);
Insert into KRMS_TYP_ATTR_T (TYP_ATTR_ID,SEQ_NO,TYP_ID,ATTR_DEFN_ID,ACTV,VER_NBR) values ('T1001',2,'T1005','T1002','Y',0);
Insert into KRMS_TYP_ATTR_T (TYP_ATTR_ID,SEQ_NO,TYP_ID,ATTR_DEFN_ID,ACTV,VER_NBR) values ('T1002',1,'T1005','T1003','Y',0);
 --- INSERTING into KRMS_TYP_RELN_T

 --- INSERTING into KRMS_TYP_T

Insert into KRMS_TYP_T (TYP_ID,NM,NMSPC_CD,SRVC_NM,ACTV,VER_NBR) values ('1000','Notify PeopleFlow','KR-RULE','notificationPeopleFlowActionTypeService','Y',1);
Insert into KRMS_TYP_T (TYP_ID,NM,NMSPC_CD,SRVC_NM,ACTV,VER_NBR) values ('1001','Route to PeopleFlow','KR-RULE','approvalPeopleFlowActionTypeService','Y',1);
Insert into KRMS_TYP_T (TYP_ID,NM,NMSPC_CD,SRVC_NM,ACTV,VER_NBR) values ('1002','Validation Rule','KR-RULE','validationRuleTypeService','Y',1);
Insert into KRMS_TYP_T (TYP_ID,NM,NMSPC_CD,SRVC_NM,ACTV,VER_NBR) values ('1003','Validation Action','KR-RULE','validationActionTypeService','Y',1);
Insert into KRMS_TYP_T (TYP_ID,NM,NMSPC_CD,SRVC_NM,ACTV,VER_NBR) values ('T1000','TermResolver','KR-RULE-TEST',null,'Y',1);
Insert into KRMS_TYP_T (TYP_ID,NM,NMSPC_CD,SRVC_NM,ACTV,VER_NBR) values ('T1001','CAMPUS','KR-RULE-TEST','myCampusService','Y',1);
Insert into KRMS_TYP_T (TYP_ID,NM,NMSPC_CD,SRVC_NM,ACTV,VER_NBR) values ('T1002','KrmsActionResolverType','KR-RULE-TEST','testActionTypeService','Y',1);
Insert into KRMS_TYP_T (TYP_ID,NM,NMSPC_CD,SRVC_NM,ACTV,VER_NBR) values ('T1003','CONTEXT','KR-RULE-TEST',null,'Y',1);
Insert into KRMS_TYP_T (TYP_ID,NM,NMSPC_CD,SRVC_NM,ACTV,VER_NBR) values ('T1004','AGENDA','KR-RULE-TEST',null,'Y',1);
Insert into KRMS_TYP_T (TYP_ID,NM,NMSPC_CD,SRVC_NM,ACTV,VER_NBR) values ('T1005','Campus Agenda','KR-RULE-TEST','campusAgendaTypeService','Y',1);
 --- INSERTING into KRNS_ADHOC_RTE_ACTN_RECIP_T

 --- INSERTING into KRNS_ATT_T

 --- INSERTING into KRNS_DOC_HDR_T

 --- INSERTING into KRNS_LOOKUP_RSLT_T

 --- INSERTING into KRNS_LOOKUP_SEL_T

 --- INSERTING into KRNS_MAINT_DOC_ATT_LST_T

 --- INSERTING into KRNS_MAINT_DOC_ATT_T

 --- INSERTING into KRNS_MAINT_DOC_T

 --- INSERTING into KRNS_MAINT_LOCK_T

 --- INSERTING into KRNS_NTE_T

 --- INSERTING into KRNS_NTE_TYP_T

Insert into KRNS_NTE_TYP_T (NTE_TYP_CD,OBJ_ID,VER_NBR,TYP_DESC_TXT,ACTV_IND) values ('BO','53680C68F5A9AD9BE0404F8189D80A6C',1,'DOCUMENT BUSINESS OBJECT','Y');
Insert into KRNS_NTE_TYP_T (NTE_TYP_CD,OBJ_ID,VER_NBR,TYP_DESC_TXT,ACTV_IND) values ('DH','53680C68F5AAAD9BE0404F8189D80A6C',1,'DOCUMENT HEADER','Y');
 --- INSERTING into KRNS_PESSIMISTIC_LOCK_T

 --- INSERTING into KRNS_SESN_DOC_T

 --- INSERTING into KRSB_BAM_PARM_T

 --- INSERTING into KRSB_BAM_T

 --- INSERTING into KRSB_MSG_PYLD_T

 --- INSERTING into KRSB_MSG_QUE_T

 --- INSERTING into KRSB_QRTZ_BLOB_TRIGGERS

 --- INSERTING into KRSB_QRTZ_CALENDARS

 --- INSERTING into KRSB_QRTZ_CRON_TRIGGERS

 --- INSERTING into KRSB_QRTZ_FIRED_TRIGGERS

 --- INSERTING into KRSB_QRTZ_JOB_DETAILS

 --- INSERTING into KRSB_QRTZ_JOB_LISTENERS

 --- INSERTING into KRSB_QRTZ_LOCKS

Insert into KRSB_QRTZ_LOCKS (LOCK_NAME) values ('CALENDAR_ACCESS');
Insert into KRSB_QRTZ_LOCKS (LOCK_NAME) values ('JOB_ACCESS');
Insert into KRSB_QRTZ_LOCKS (LOCK_NAME) values ('MISFIRE_ACCESS');
Insert into KRSB_QRTZ_LOCKS (LOCK_NAME) values ('STATE_ACCESS');
Insert into KRSB_QRTZ_LOCKS (LOCK_NAME) values ('TRIGGER_ACCESS');
 --- INSERTING into KRSB_QRTZ_PAUSED_TRIGGER_GRPS

 --- INSERTING into KRSB_QRTZ_SCHEDULER_STATE

 --- INSERTING into KRSB_QRTZ_SIMPLE_TRIGGERS

 --- INSERTING into KRSB_QRTZ_TRIGGERS

 --- INSERTING into KRSB_QRTZ_TRIGGER_LISTENERS

 --- INSERTING into KRSB_SVC_DEF_T

Insert into KRSB_SVC_DEF_T (SVC_DEF_ID,SVC_NM,SVC_URL,INSTN_ID,APPL_ID,SRVR_IP,TYP_CD,SVC_VER,STAT_CD,SVC_DSCRPTR_ID,CHKSM,VER_NBR) values ('10105','{http://rice.kuali.org/ksb/v2_0}serviceRegistry','http://localhost:8080/ksa/remoting/soap/ksb/v2_0/serviceRegistry','KSA-192.168.10.144','KSA','192.168.10.144','SOAP','2.3.0-M2','A','10105','IsX+xaBXzslCYaPwA4HRsHhvkUc=',9);
Insert into KRSB_SVC_DEF_T (SVC_DEF_ID,SVC_NM,SVC_URL,INSTN_ID,APPL_ID,SRVR_IP,TYP_CD,SVC_VER,STAT_CD,SVC_DSCRPTR_ID,CHKSM,VER_NBR) values ('10106','{http://rice.kuali.org/kim/v2_0}permissionService','http://localhost:8080/ksa/remoting/soap/kim/v2_0/permissionService','KSA-192.168.10.144','KSA','192.168.10.144','SOAP','2.3.0-M2','A','10106','9Ky+jhw9uFzgkKl0ceOxMHedhCE=',9);
Insert into KRSB_SVC_DEF_T (SVC_DEF_ID,SVC_NM,SVC_URL,INSTN_ID,APPL_ID,SRVR_IP,TYP_CD,SVC_VER,STAT_CD,SVC_DSCRPTR_ID,CHKSM,VER_NBR) values ('10107','{http://rice.kuali.org/kim/v2_0}identityService','http://localhost:8080/ksa/remoting/soap/kim/v2_0/identityService','KSA-192.168.10.144','KSA','192.168.10.144','SOAP','2.3.0-M2','A','10107','R5bMhL+b3FK/rCQ/gqtN7bHlxDA=',9);
Insert into KRSB_SVC_DEF_T (SVC_DEF_ID,SVC_NM,SVC_URL,INSTN_ID,APPL_ID,SRVR_IP,TYP_CD,SVC_VER,STAT_CD,SVC_DSCRPTR_ID,CHKSM,VER_NBR) values ('10108','{http://rice.kuali.org/kew/v2_0}documentRefreshQueue','http://localhost:8080/ksa/remoting/soap/kew/v2_0/documentRefreshQueue','KSA-192.168.10.144','KSA','192.168.10.144','SOAP','2.3.0-M2','A','10108','E2ZLu76Cx2hfu7QH5K2cB7eEquo=',9);
Insert into KRSB_SVC_DEF_T (SVC_DEF_ID,SVC_NM,SVC_URL,INSTN_ID,APPL_ID,SRVR_IP,TYP_CD,SVC_VER,STAT_CD,SVC_DSCRPTR_ID,CHKSM,VER_NBR) values ('10109','{http://rice.kuali.org/kew/v2_0}documentSearchCustomizationHandlerService','http://localhost:8080/ksa/remoting/soap/kew/v2_0/documentSearchCustomizationHandlerService','KSA-192.168.10.144','KSA','192.168.10.144','SOAP','2.3.0-M2','A','10109','PEeAL7FT+nI10BV9dzpLv/lcLF8=',9);
Insert into KRSB_SVC_DEF_T (SVC_DEF_ID,SVC_NM,SVC_URL,INSTN_ID,APPL_ID,SRVR_IP,TYP_CD,SVC_VER,STAT_CD,SVC_DSCRPTR_ID,CHKSM,VER_NBR) values ('10110','{http://rice.kuali.org/kew/v2_0}backdoorRestrictionPermissionTypeService','http://localhost:8080/ksa/remoting/soap/kew/v2_0/backdoorRestrictionPermissionTypeService','KSA-192.168.10.144','KSA','192.168.10.144','SOAP','2.3.0-M2','A','10110','bEt3G+hU6rMLRmFJfjBopcn5sqw=',9);
Insert into KRSB_SVC_DEF_T (SVC_DEF_ID,SVC_NM,SVC_URL,INSTN_ID,APPL_ID,SRVR_IP,TYP_CD,SVC_VER,STAT_CD,SVC_DSCRPTR_ID,CHKSM,VER_NBR) values ('10111','{http://rice.kuali.org/kim/v2_0}responsibilityService','http://localhost:8080/ksa/remoting/soap/kim/v2_0/responsibilityService','KSA-192.168.10.144','KSA','192.168.10.144','SOAP','2.3.0-M2','A','10111','3PZ65CwEScgCbpEcktRCu42G+I4=',9);
Insert into KRSB_SVC_DEF_T (SVC_DEF_ID,SVC_NM,SVC_URL,INSTN_ID,APPL_ID,SRVR_IP,TYP_CD,SVC_VER,STAT_CD,SVC_DSCRPTR_ID,CHKSM,VER_NBR) values ('10112','{http://rice.kuali.org/core/v2_0}coreServiceCacheAdminService','http://localhost:8080/ksa/remoting/soap/core/v2_0/coreServiceCacheAdminService','KSA-192.168.10.144','KSA','192.168.10.144','SOAP','2.3.0-M2','A','10112','KCswQVL6gt33sbFVe69iZaSzOHk=',9);
Insert into KRSB_SVC_DEF_T (SVC_DEF_ID,SVC_NM,SVC_URL,INSTN_ID,APPL_ID,SRVR_IP,TYP_CD,SVC_VER,STAT_CD,SVC_DSCRPTR_ID,CHKSM,VER_NBR) values ('10113','{http://rice.kuali.org/kew/v2_0}peopleFlowService','http://localhost:8080/ksa/remoting/soap/kew/v2_0/peopleFlowService','KSA-192.168.10.144','KSA','192.168.10.144','SOAP','2.3.0-M2','A','10113','EAdgsfOZ/+z0uiiUrDLWBpGbpJw=',9);
Insert into KRSB_SVC_DEF_T (SVC_DEF_ID,SVC_NM,SVC_URL,INSTN_ID,APPL_ID,SRVR_IP,TYP_CD,SVC_VER,STAT_CD,SVC_DSCRPTR_ID,CHKSM,VER_NBR) values ('10114','{http://rice.kuali.org/kew/v2_0}actionInvocationQueue','http://localhost:8080/ksa/remoting/soap/kew/v2_0/actionInvocationQueue','KSA-192.168.10.144','KSA','192.168.10.144','SOAP','2.3.0-M2','A','10114','6OnwmPFNeYk/1LF7akv0FU9aTT4=',9);
Insert into KRSB_SVC_DEF_T (SVC_DEF_ID,SVC_NM,SVC_URL,INSTN_ID,APPL_ID,SRVR_IP,TYP_CD,SVC_VER,STAT_CD,SVC_DSCRPTR_ID,CHKSM,VER_NBR) values ('10115','{http://rice.kuali.org/kew/v2_0}ruleService','http://localhost:8080/ksa/remoting/soap/kew/v2_0/ruleService','KSA-192.168.10.144','KSA','192.168.10.144','SOAP','2.3.0-M2','A','10115','rP4m4cPWJpSvll5EHJ4SY2cFs3U=',9);
Insert into KRSB_SVC_DEF_T (SVC_DEF_ID,SVC_NM,SVC_URL,INSTN_ID,APPL_ID,SRVR_IP,TYP_CD,SVC_VER,STAT_CD,SVC_DSCRPTR_ID,CHKSM,VER_NBR) values ('10116','{http://rice.kuali.org/kew/v2_0}preferencesService','http://localhost:8080/ksa/remoting/soap/kew/v2_0/preferencesService','KSA-192.168.10.144','KSA','192.168.10.144','SOAP','2.3.0-M2','A','10116','3pgQ48dGG7EtNmZTifyeJPR4s+0=',9);
Insert into KRSB_SVC_DEF_T (SVC_DEF_ID,SVC_NM,SVC_URL,INSTN_ID,APPL_ID,SRVR_IP,TYP_CD,SVC_VER,STAT_CD,SVC_DSCRPTR_ID,CHKSM,VER_NBR) values ('10117','{http://rice.kuali.org/location/v2_0}stateService','http://localhost:8080/ksa/remoting/soap/location/v2_0/stateService','KSA-192.168.10.144','KSA','192.168.10.144','SOAP','2.3.0-M2','A','10117','mQAsmqggzBSVukmFtYbWnVnNHs8=',9);
Insert into KRSB_SVC_DEF_T (SVC_DEF_ID,SVC_NM,SVC_URL,INSTN_ID,APPL_ID,SRVR_IP,TYP_CD,SVC_VER,STAT_CD,SVC_DSCRPTR_ID,CHKSM,VER_NBR) values ('10118','{http://rice.kuali.org/kew/v2_0}rolePokerQueue','http://localhost:8080/ksa/remoting/soap/kew/v2_0/rolePokerQueue','KSA-192.168.10.144','KSA','192.168.10.144','SOAP','2.3.0-M2','A','10118','H57t6YCengb++jR+UztqdGJV5OM=',9);
Insert into KRSB_SVC_DEF_T (SVC_DEF_ID,SVC_NM,SVC_URL,INSTN_ID,APPL_ID,SRVR_IP,TYP_CD,SVC_VER,STAT_CD,SVC_DSCRPTR_ID,CHKSM,VER_NBR) values ('10119','{http://sigmasys.com/ksa}transactionImportService','http://localhost:8080/ksa/remoting/transactionImportService','KSA-192.168.10.144','KSA','192.168.10.144','SOAP','unspecifiedVersion','A','10119','rGf7MI6s1peSjuNz8pA5HakBM30=',21);
Insert into KRSB_SVC_DEF_T (SVC_DEF_ID,SVC_NM,SVC_URL,INSTN_ID,APPL_ID,SRVR_IP,TYP_CD,SVC_VER,STAT_CD,SVC_DSCRPTR_ID,CHKSM,VER_NBR) values ('10120','{http://rice.kuali.org/kew/v2_0}documentSecurityHandlerService','http://localhost:8080/ksa/remoting/soap/kew/v2_0/documentSecurityHandlerService','KSA-192.168.10.144','KSA','192.168.10.144','SOAP','2.3.0-M2','A','10120','EoohF/7s1dZFM1Dps28ddWXVyWg=',9);
Insert into KRSB_SVC_DEF_T (SVC_DEF_ID,SVC_NM,SVC_URL,INSTN_ID,APPL_ID,SRVR_IP,TYP_CD,SVC_VER,STAT_CD,SVC_DSCRPTR_ID,CHKSM,VER_NBR) values ('10121','{http://rice.kuali.org/kew/v2_0}documentAttributeIndexingQueue','http://localhost:8080/ksa/remoting/soap/kew/v2_0/documentAttributeIndexingQueue','KSA-192.168.10.144','KSA','192.168.10.144','SOAP','2.3.0-M2','A','10121','GVXyPt2bkSBFunMmSb6gdFVL5LA=',9);
Insert into KRSB_SVC_DEF_T (SVC_DEF_ID,SVC_NM,SVC_URL,INSTN_ID,APPL_ID,SRVR_IP,TYP_CD,SVC_VER,STAT_CD,SVC_DSCRPTR_ID,CHKSM,VER_NBR) values ('10122','{http://rice.kuali.org/core/v2_0}namespaceService','http://localhost:8080/ksa/remoting/soap/core/v2_0/namespaceService','KSA-192.168.10.144','KSA','192.168.10.144','SOAP','2.3.0-M2','A','10122','+wPczsMJ/eyaQt1KhdeZbI9+cFA=',9);
Insert into KRSB_SVC_DEF_T (SVC_DEF_ID,SVC_NM,SVC_URL,INSTN_ID,APPL_ID,SRVR_IP,TYP_CD,SVC_VER,STAT_CD,SVC_DSCRPTR_ID,CHKSM,VER_NBR) values ('10123','{http://rice.kuali.org/kew/v2_0}workflowDocumentActionsService','http://localhost:8080/ksa/remoting/soap/kew/v2_0/workflowDocumentActionsService','KSA-192.168.10.144','KSA','192.168.10.144','SOAP','2.3.0-M2','A','10123','DB/pR56O2+d+kNagCbGTr/z5K7U=',9);
Insert into KRSB_SVC_DEF_T (SVC_DEF_ID,SVC_NM,SVC_URL,INSTN_ID,APPL_ID,SRVR_IP,TYP_CD,SVC_VER,STAT_CD,SVC_DSCRPTR_ID,CHKSM,VER_NBR) values ('10124','{http://sigmasys.com/ksa}accountService','http://localhost:8080/ksa/remoting/accountService','KSA-192.168.10.144','KSA','192.168.10.144','SOAP','unspecifiedVersion','A','10124','4liW6INaHfXE3L3BB6u+8LJGOOw=',21);
Insert into KRSB_SVC_DEF_T (SVC_DEF_ID,SVC_NM,SVC_URL,INSTN_ID,APPL_ID,SRVR_IP,TYP_CD,SVC_VER,STAT_CD,SVC_DSCRPTR_ID,CHKSM,VER_NBR) values ('10125','{http://rice.kuali.org/kew/v2_0}documentTypeService','http://localhost:8080/ksa/remoting/soap/kew/v2_0/documentTypeService','KSA-192.168.10.144','KSA','192.168.10.144','SOAP','2.3.0-M2','A','10125','xfUu5f5aehLU/S6NlRlNZ8YAO50=',9);
Insert into KRSB_SVC_DEF_T (SVC_DEF_ID,SVC_NM,SVC_URL,INSTN_ID,APPL_ID,SRVR_IP,TYP_CD,SVC_VER,STAT_CD,SVC_DSCRPTR_ID,CHKSM,VER_NBR) values ('10126','{http://rice.kuali.org/core/v2_0}styleRepositoryService','http://localhost:8080/ksa/remoting/soap/core/v2_0/styleRepositoryService','KSA-192.168.10.144','KSA','192.168.10.144','SOAP','2.3.0-M2','A','10126','piTvUabLxDheiorT5Ezc6HfmJ8A=',9);
Insert into KRSB_SVC_DEF_T (SVC_DEF_ID,SVC_NM,SVC_URL,INSTN_ID,APPL_ID,SRVR_IP,TYP_CD,SVC_VER,STAT_CD,SVC_DSCRPTR_ID,CHKSM,VER_NBR) values ('10127','{http://rice.kuali.org/kew/v2_0}kewCacheAdminService','http://localhost:8080/ksa/remoting/soap/kew/v2_0/kewCacheAdminService','KSA-192.168.10.144','KSA','192.168.10.144','SOAP','2.3.0-M2','A','10127','OLzRS6ctAzhuD7hPz/vGoWMUGmg=',9);
Insert into KRSB_SVC_DEF_T (SVC_DEF_ID,SVC_NM,SVC_URL,INSTN_ID,APPL_ID,SRVR_IP,TYP_CD,SVC_VER,STAT_CD,SVC_DSCRPTR_ID,CHKSM,VER_NBR) values ('10128','{http://rice.kuali.org/kew/v2_0}groupMembershipChangeQueue','http://localhost:8080/ksa/remoting/soap/kew/v2_0/groupMembershipChangeQueue','KSA-192.168.10.144','KSA','192.168.10.144','SOAP','2.3.0-M2','A','10128','zSLF/sOLWOUKChvyNFPwdY8dqn4=',9);
Insert into KRSB_SVC_DEF_T (SVC_DEF_ID,SVC_NM,SVC_URL,INSTN_ID,APPL_ID,SRVR_IP,TYP_CD,SVC_VER,STAT_CD,SVC_DSCRPTR_ID,CHKSM,VER_NBR) values ('10129','{http://rice.kuali.org/kew/v2_0}documentOrchestrationQueue','http://localhost:8080/ksa/remoting/soap/kew/v2_0/documentOrchestrationQueue','KSA-192.168.10.144','KSA','192.168.10.144','SOAP','2.3.0-M2','A','10129','uofsMfRkiDqsyGjA75ap8qw2dbg=',9);
Insert into KRSB_SVC_DEF_T (SVC_DEF_ID,SVC_NM,SVC_URL,INSTN_ID,APPL_ID,SRVR_IP,TYP_CD,SVC_VER,STAT_CD,SVC_DSCRPTR_ID,CHKSM,VER_NBR) values ('10130','{http://rice.kuali.org/kew/v2_0}responsibilityChangeQueue','http://localhost:8080/ksa/remoting/soap/kew/v2_0/responsibilityChangeQueue','KSA-192.168.10.144','KSA','192.168.10.144','SOAP','2.3.0-M2','A','10130','4bAFrP0dJTZClQF4VyQclX/0jUw=',9);
Insert into KRSB_SVC_DEF_T (SVC_DEF_ID,SVC_NM,SVC_URL,INSTN_ID,APPL_ID,SRVR_IP,TYP_CD,SVC_VER,STAT_CD,SVC_DSCRPTR_ID,CHKSM,VER_NBR) values ('10131','{http://rice.kuali.org/kew/v2_0}workflowDocumentService','http://localhost:8080/ksa/remoting/soap/kew/v2_0/workflowDocumentService','KSA-192.168.10.144','KSA','192.168.10.144','SOAP','2.3.0-M2','A','10131','MDQNoEu0bYqDH/lEcuiE2HETcpQ=',9);
Insert into KRSB_SVC_DEF_T (SVC_DEF_ID,SVC_NM,SVC_URL,INSTN_ID,APPL_ID,SRVR_IP,TYP_CD,SVC_VER,STAT_CD,SVC_DSCRPTR_ID,CHKSM,VER_NBR) values ('10132','{http://rice.kuali.org/kew/v2_0}actionListCustomizationHandlerService','http://localhost:8080/ksa/remoting/soap/kew/v2_0/actionListCustomizationHandlerService','KSA-192.168.10.144','KSA','192.168.10.144','SOAP','2.3.0-M2','A','10132','jgW6QL2zH2Z8JK5+a33A7qgaLGw=',9);
Insert into KRSB_SVC_DEF_T (SVC_DEF_ID,SVC_NM,SVC_URL,INSTN_ID,APPL_ID,SRVR_IP,TYP_CD,SVC_VER,STAT_CD,SVC_DSCRPTR_ID,CHKSM,VER_NBR) values ('10133','{http://rice.kuali.org/kim/v2_0}groupService','http://localhost:8080/ksa/remoting/soap/kim/v2_0/groupService','KSA-192.168.10.144','KSA','192.168.10.144','SOAP','2.3.0-M2','A','10133','49KwyvkFfEWLzov4VnFAWdzTQqs=',9);
Insert into KRSB_SVC_DEF_T (SVC_DEF_ID,SVC_NM,SVC_URL,INSTN_ID,APPL_ID,SRVR_IP,TYP_CD,SVC_VER,STAT_CD,SVC_DSCRPTR_ID,CHKSM,VER_NBR) values ('10134','{http://rice.kuali.org/location/v2_0}countyService','http://localhost:8080/ksa/remoting/soap/location/v2_0/countyService','KSA-192.168.10.144','KSA','192.168.10.144','SOAP','2.3.0-M2','A','10134','946EADdKtd6amrPQZDd567DAASw=',9);
Insert into KRSB_SVC_DEF_T (SVC_DEF_ID,SVC_NM,SVC_URL,INSTN_ID,APPL_ID,SRVR_IP,TYP_CD,SVC_VER,STAT_CD,SVC_DSCRPTR_ID,CHKSM,VER_NBR) values ('10135','{http://rice.kuali.org/kew/v2_0}immediateEmailReminderQueue','http://localhost:8080/ksa/remoting/soap/kew/v2_0/immediateEmailReminderQueue','KSA-192.168.10.144','KSA','192.168.10.144','SOAP','2.3.0-M2','A','10135','oM+9LWgkXpk5h3iI0YYbsooettU=',9);
Insert into KRSB_SVC_DEF_T (SVC_DEF_ID,SVC_NM,SVC_URL,INSTN_ID,APPL_ID,SRVR_IP,TYP_CD,SVC_VER,STAT_CD,SVC_DSCRPTR_ID,CHKSM,VER_NBR) values ('10136','{http://rice.kuali.org/core/v2_0}componentService','http://localhost:8080/ksa/remoting/soap/core/v2_0/componentService','KSA-192.168.10.144','KSA','192.168.10.144','SOAP','2.3.0-M2','A','10136','cxrwpZm7EKLR/JJygOqxkgZBvas=',9);
Insert into KRSB_SVC_DEF_T (SVC_DEF_ID,SVC_NM,SVC_URL,INSTN_ID,APPL_ID,SRVR_IP,TYP_CD,SVC_VER,STAT_CD,SVC_DSCRPTR_ID,CHKSM,VER_NBR) values ('10137','{http://sigmasys.com/ksa}transactionService','http://localhost:8080/ksa/remoting/transactionService','KSA-192.168.10.144','KSA','192.168.10.144','SOAP','unspecifiedVersion','A','10137','faVErvT04TKNEzFtlorjZBKUaZU=',21);
Insert into KRSB_SVC_DEF_T (SVC_DEF_ID,SVC_NM,SVC_URL,INSTN_ID,APPL_ID,SRVR_IP,TYP_CD,SVC_VER,STAT_CD,SVC_DSCRPTR_ID,CHKSM,VER_NBR) values ('10138','{http://rice.kuali.org/kim/v2_0}kimCacheDistributionQueue','http://localhost:8080/ksa/remoting/soap/kim/v2_0/kimCacheDistributionQueue','KSA-192.168.10.144','KSA','192.168.10.144','SOAP','2.3.0-M2','A','10138','zwou4KcSa2RoACFflp77Pcjf55Y=',9);
Insert into KRSB_SVC_DEF_T (SVC_DEF_ID,SVC_NM,SVC_URL,INSTN_ID,APPL_ID,SRVR_IP,TYP_CD,SVC_VER,STAT_CD,SVC_DSCRPTR_ID,CHKSM,VER_NBR) values ('10139','{http://rice.kuali.org/location/v2_0}locationCacheAdminService','http://localhost:8080/ksa/remoting/soap/location/v2_0/locationCacheAdminService','KSA-192.168.10.144','KSA','192.168.10.144','SOAP','2.3.0-M2','A','10139','0BIVkFKJC9pL0+tdvtS6oedUfCs=',9);
Insert into KRSB_SVC_DEF_T (SVC_DEF_ID,SVC_NM,SVC_URL,INSTN_ID,APPL_ID,SRVR_IP,TYP_CD,SVC_VER,STAT_CD,SVC_DSCRPTR_ID,CHKSM,VER_NBR) values ('10140','{http://rice.kuali.org/kew/v2_0}extensionRepositoryService','http://localhost:8080/ksa/remoting/soap/kew/v2_0/extensionRepositoryService','KSA-192.168.10.144','KSA','192.168.10.144','SOAP','2.3.0-M2','A','10140','LftQYDAyiTyks5zYA7Q8h6RY24Q=',9);
Insert into KRSB_SVC_DEF_T (SVC_DEF_ID,SVC_NM,SVC_URL,INSTN_ID,APPL_ID,SRVR_IP,TYP_CD,SVC_VER,STAT_CD,SVC_DSCRPTR_ID,CHKSM,VER_NBR) values ('10141','{http://rice.kuali.org/kew/v2_0}actionListService','http://localhost:8080/ksa/remoting/soap/kew/v2_0/actionListService','KSA-192.168.10.144','KSA','192.168.10.144','SOAP','2.3.0-M2','A','10141','1VZtd3Ahy2X+YSnStAJkZ9o6Dbw=',9);
Insert into KRSB_SVC_DEF_T (SVC_DEF_ID,SVC_NM,SVC_URL,INSTN_ID,APPL_ID,SRVR_IP,TYP_CD,SVC_VER,STAT_CD,SVC_DSCRPTR_ID,CHKSM,VER_NBR) values ('10142','{http://rice.kuali.org/kew/v2_0}noteService','http://localhost:8080/ksa/remoting/soap/kew/v2_0/noteService','KSA-192.168.10.144','KSA','192.168.10.144','SOAP','2.3.0-M2','A','10142','XO0dV5VUwRnfjOcDXXCWX6YINiU=',9);
Insert into KRSB_SVC_DEF_T (SVC_DEF_ID,SVC_NM,SVC_URL,INSTN_ID,APPL_ID,SRVR_IP,TYP_CD,SVC_VER,STAT_CD,SVC_DSCRPTR_ID,CHKSM,VER_NBR) values ('10143','{http://rice.kuali.org/kim/v2_0}kimCacheAdminService','http://localhost:8080/ksa/remoting/soap/kim/v2_0/kimCacheAdminService','KSA-192.168.10.144','KSA','192.168.10.144','SOAP','2.3.0-M2','A','10143','scgPIoGvxMc3Tgcc7e6o6OmFu5Y=',9);
Insert into KRSB_SVC_DEF_T (SVC_DEF_ID,SVC_NM,SVC_URL,INSTN_ID,APPL_ID,SRVR_IP,TYP_CD,SVC_VER,STAT_CD,SVC_DSCRPTR_ID,CHKSM,VER_NBR) values ('10144','{http://rice.kuali.org/kim/v2_0}typeInfoService','http://localhost:8080/ksa/remoting/soap/kim/v2_0/typeInfoService','KSA-192.168.10.144','KSA','192.168.10.144','SOAP','2.3.0-M2','A','10144','6BwsR21AgsZS1iWaapZ9bG6S3NI=',9);
Insert into KRSB_SVC_DEF_T (SVC_DEF_ID,SVC_NM,SVC_URL,INSTN_ID,APPL_ID,SRVR_IP,TYP_CD,SVC_VER,STAT_CD,SVC_DSCRPTR_ID,CHKSM,VER_NBR) values ('10145','{http://rice.kuali.org/core/v2_0}parameterRepositoryService','http://localhost:8080/ksa/remoting/soap/core/v2_0/parameterRepositoryService','KSA-192.168.10.144','KSA','192.168.10.144','SOAP','2.3.0-M2','A','10145','9YvzN3/aqh/byj13s5E7VsxZP+M=',9);
Insert into KRSB_SVC_DEF_T (SVC_DEF_ID,SVC_NM,SVC_URL,INSTN_ID,APPL_ID,SRVR_IP,TYP_CD,SVC_VER,STAT_CD,SVC_DSCRPTR_ID,CHKSM,VER_NBR) values ('10146','{http://sigmasys.com/ksa}localizationService','http://localhost:8080/ksa/remoting/localizationService','KSA-192.168.10.144','KSA','192.168.10.144','SOAP','unspecifiedVersion','A','10146','1aizbHMpCCnDuY6SH+CyPsNaYnQ=',21);
Insert into KRSB_SVC_DEF_T (SVC_DEF_ID,SVC_NM,SVC_URL,INSTN_ID,APPL_ID,SRVR_IP,TYP_CD,SVC_VER,STAT_CD,SVC_DSCRPTR_ID,CHKSM,VER_NBR) values ('10147','{http://rice.kuali.org/location/v2_0}postalCodeService','http://localhost:8080/ksa/remoting/soap/location/v2_0/postalCodeService','KSA-192.168.10.144','KSA','192.168.10.144','SOAP','2.3.0-M2','A','10147','Bu+TD33xjOvTLTvtbfWpOiRl70E=',9);
Insert into KRSB_SVC_DEF_T (SVC_DEF_ID,SVC_NM,SVC_URL,INSTN_ID,APPL_ID,SRVR_IP,TYP_CD,SVC_VER,STAT_CD,SVC_DSCRPTR_ID,CHKSM,VER_NBR) values ('10148','{http://rice.kuali.org/kew/v2_0}documentProcessingQueue','http://localhost:8080/ksa/remoting/soap/kew/v2_0/documentProcessingQueue','KSA-192.168.10.144','KSA','192.168.10.144','SOAP','2.3.0-M2','A','10148','EeARCZDYafFu4TT08oo1RQy+83M=',9);
Insert into KRSB_SVC_DEF_T (SVC_DEF_ID,SVC_NM,SVC_URL,INSTN_ID,APPL_ID,SRVR_IP,TYP_CD,SVC_VER,STAT_CD,SVC_DSCRPTR_ID,CHKSM,VER_NBR) values ('10149','{http://rice.kuali.org/kew/v2_0}kewCacheDistributionQueue','http://localhost:8080/ksa/remoting/soap/kew/v2_0/kewCacheDistributionQueue','KSA-192.168.10.144','KSA','192.168.10.144','SOAP','2.3.0-M2','A','10149','x1Za1CMVRHaRdqSlLAu0y1oMvfw=',9);
Insert into KRSB_SVC_DEF_T (SVC_DEF_ID,SVC_NM,SVC_URL,INSTN_ID,APPL_ID,SRVR_IP,TYP_CD,SVC_VER,STAT_CD,SVC_DSCRPTR_ID,CHKSM,VER_NBR) values ('10150','{http://rice.kuali.org/location/v2_0}countryService','http://localhost:8080/ksa/remoting/soap/location/v2_0/countryService','KSA-192.168.10.144','KSA','192.168.10.144','SOAP','2.3.0-M2','A','10150','gVHPGVumquhLrqNprnUuGUm7YEA=',9);
Insert into KRSB_SVC_DEF_T (SVC_DEF_ID,SVC_NM,SVC_URL,INSTN_ID,APPL_ID,SRVR_IP,TYP_CD,SVC_VER,STAT_CD,SVC_DSCRPTR_ID,CHKSM,VER_NBR) values ('10151','{http://rice.kuali.org/kew/v2_0}ruleValidationAttributeExporterService','http://localhost:8080/ksa/remoting/soap/kew/v2_0/ruleValidationAttributeExporterService','KSA-192.168.10.144','KSA','192.168.10.144','SOAP','2.3.0-M2','A','10151','8wBnlpKpnc66WuDgIuOS16xRWMg=',9);
Insert into KRSB_SVC_DEF_T (SVC_DEF_ID,SVC_NM,SVC_URL,INSTN_ID,APPL_ID,SRVR_IP,TYP_CD,SVC_VER,STAT_CD,SVC_DSCRPTR_ID,CHKSM,VER_NBR) values ('10152','{http://rice.kuali.org/kew/v2_0}kewTypeRepositoryService','http://localhost:8080/ksa/remoting/soap/kew/v2_0/kewTypeRepositoryService','KSA-192.168.10.144','KSA','192.168.10.144','SOAP','2.3.0-M2','A','10152','Adnk/kttqqt0oMnAyXRuviknZi8=',9);
Insert into KRSB_SVC_DEF_T (SVC_DEF_ID,SVC_NM,SVC_URL,INSTN_ID,APPL_ID,SRVR_IP,TYP_CD,SVC_VER,STAT_CD,SVC_DSCRPTR_ID,CHKSM,VER_NBR) values ('10153','{http://rice.kuali.org/location/v2_0}campusService','http://localhost:8080/ksa/remoting/soap/location/v2_0/campusService','KSA-192.168.10.144','KSA','192.168.10.144','SOAP','2.3.0-M2','A','10153','d4gI5+ngPhylx2DkTObUZzhhb2g=',9);
Insert into KRSB_SVC_DEF_T (SVC_DEF_ID,SVC_NM,SVC_URL,INSTN_ID,APPL_ID,SRVR_IP,TYP_CD,SVC_VER,STAT_CD,SVC_DSCRPTR_ID,CHKSM,VER_NBR) values ('10154','{http://rice.kuali.org/kew/v2_0}workflowRuleAttributeHandlerService','http://localhost:8080/ksa/remoting/soap/kew/v2_0/workflowRuleAttributeHandlerService','KSA-192.168.10.144','KSA','192.168.10.144','SOAP','2.3.0-M2','A','10154','SEUHt621V4Utid099WAqegcMW44=',9);
Insert into KRSB_SVC_DEF_T (SVC_DEF_ID,SVC_NM,SVC_URL,INSTN_ID,APPL_ID,SRVR_IP,TYP_CD,SVC_VER,STAT_CD,SVC_DSCRPTR_ID,CHKSM,VER_NBR) values ('10155','{http://rice.kuali.org/kim/v2_0}roleService','http://localhost:8080/ksa/remoting/soap/kim/v2_0/roleService','KSA-192.168.10.144','KSA','192.168.10.144','SOAP','2.3.0-M2','A','10155','Z/q4Vkgf8zYNO2FoUWj9sHxDamw=',9);
Insert into KRSB_SVC_DEF_T (SVC_DEF_ID,SVC_NM,SVC_URL,INSTN_ID,APPL_ID,SRVR_IP,TYP_CD,SVC_VER,STAT_CD,SVC_DSCRPTR_ID,CHKSM,VER_NBR) values ('10164','{http://rice.kuali.org/ksb/v2_0}serviceBusAdminService','http://localhost:8080/ksa/remoting/soap/ksb/v2_0/serviceBusAdminService','KSA-192.168.10.144','KSA','192.168.10.144','SOAP','2.3.0-M2','A','10164','EBvvpgZZbOI7y0Y5eOSI61Px/VA=',1);
 --- INSERTING into KRSB_SVC_DSCRPTR_T

Insert into KRSB_SVC_DSCRPTR_T (SVC_DSCRPTR_ID) values ('10105');
Insert into KRSB_SVC_DSCRPTR_T (SVC_DSCRPTR_ID) values ('10106');
Insert into KRSB_SVC_DSCRPTR_T (SVC_DSCRPTR_ID) values ('10107');
Insert into KRSB_SVC_DSCRPTR_T (SVC_DSCRPTR_ID) values ('10108');
Insert into KRSB_SVC_DSCRPTR_T (SVC_DSCRPTR_ID) values ('10109');
Insert into KRSB_SVC_DSCRPTR_T (SVC_DSCRPTR_ID) values ('10110');
Insert into KRSB_SVC_DSCRPTR_T (SVC_DSCRPTR_ID) values ('10111');
Insert into KRSB_SVC_DSCRPTR_T (SVC_DSCRPTR_ID) values ('10112');
Insert into KRSB_SVC_DSCRPTR_T (SVC_DSCRPTR_ID) values ('10113');
Insert into KRSB_SVC_DSCRPTR_T (SVC_DSCRPTR_ID) values ('10114');
Insert into KRSB_SVC_DSCRPTR_T (SVC_DSCRPTR_ID) values ('10115');
Insert into KRSB_SVC_DSCRPTR_T (SVC_DSCRPTR_ID) values ('10116');
Insert into KRSB_SVC_DSCRPTR_T (SVC_DSCRPTR_ID) values ('10117');
Insert into KRSB_SVC_DSCRPTR_T (SVC_DSCRPTR_ID) values ('10118');
Insert into KRSB_SVC_DSCRPTR_T (SVC_DSCRPTR_ID) values ('10119');
Insert into KRSB_SVC_DSCRPTR_T (SVC_DSCRPTR_ID) values ('10120');
Insert into KRSB_SVC_DSCRPTR_T (SVC_DSCRPTR_ID) values ('10121');
Insert into KRSB_SVC_DSCRPTR_T (SVC_DSCRPTR_ID) values ('10122');
Insert into KRSB_SVC_DSCRPTR_T (SVC_DSCRPTR_ID) values ('10123');
Insert into KRSB_SVC_DSCRPTR_T (SVC_DSCRPTR_ID) values ('10124');
Insert into KRSB_SVC_DSCRPTR_T (SVC_DSCRPTR_ID) values ('10125');
Insert into KRSB_SVC_DSCRPTR_T (SVC_DSCRPTR_ID) values ('10126');
Insert into KRSB_SVC_DSCRPTR_T (SVC_DSCRPTR_ID) values ('10127');
Insert into KRSB_SVC_DSCRPTR_T (SVC_DSCRPTR_ID) values ('10128');
Insert into KRSB_SVC_DSCRPTR_T (SVC_DSCRPTR_ID) values ('10129');
Insert into KRSB_SVC_DSCRPTR_T (SVC_DSCRPTR_ID) values ('10130');
Insert into KRSB_SVC_DSCRPTR_T (SVC_DSCRPTR_ID) values ('10131');
Insert into KRSB_SVC_DSCRPTR_T (SVC_DSCRPTR_ID) values ('10132');
Insert into KRSB_SVC_DSCRPTR_T (SVC_DSCRPTR_ID) values ('10133');
Insert into KRSB_SVC_DSCRPTR_T (SVC_DSCRPTR_ID) values ('10134');
Insert into KRSB_SVC_DSCRPTR_T (SVC_DSCRPTR_ID) values ('10135');
Insert into KRSB_SVC_DSCRPTR_T (SVC_DSCRPTR_ID) values ('10136');
Insert into KRSB_SVC_DSCRPTR_T (SVC_DSCRPTR_ID) values ('10137');
Insert into KRSB_SVC_DSCRPTR_T (SVC_DSCRPTR_ID) values ('10138');
Insert into KRSB_SVC_DSCRPTR_T (SVC_DSCRPTR_ID) values ('10139');
Insert into KRSB_SVC_DSCRPTR_T (SVC_DSCRPTR_ID) values ('10140');
Insert into KRSB_SVC_DSCRPTR_T (SVC_DSCRPTR_ID) values ('10141');
Insert into KRSB_SVC_DSCRPTR_T (SVC_DSCRPTR_ID) values ('10142');
Insert into KRSB_SVC_DSCRPTR_T (SVC_DSCRPTR_ID) values ('10143');
Insert into KRSB_SVC_DSCRPTR_T (SVC_DSCRPTR_ID) values ('10144');
Insert into KRSB_SVC_DSCRPTR_T (SVC_DSCRPTR_ID) values ('10145');
Insert into KRSB_SVC_DSCRPTR_T (SVC_DSCRPTR_ID) values ('10146');
Insert into KRSB_SVC_DSCRPTR_T (SVC_DSCRPTR_ID) values ('10147');
Insert into KRSB_SVC_DSCRPTR_T (SVC_DSCRPTR_ID) values ('10148');
Insert into KRSB_SVC_DSCRPTR_T (SVC_DSCRPTR_ID) values ('10149');
Insert into KRSB_SVC_DSCRPTR_T (SVC_DSCRPTR_ID) values ('10150');
Insert into KRSB_SVC_DSCRPTR_T (SVC_DSCRPTR_ID) values ('10151');
Insert into KRSB_SVC_DSCRPTR_T (SVC_DSCRPTR_ID) values ('10152');
Insert into KRSB_SVC_DSCRPTR_T (SVC_DSCRPTR_ID) values ('10153');
Insert into KRSB_SVC_DSCRPTR_T (SVC_DSCRPTR_ID) values ('10154');
Insert into KRSB_SVC_DSCRPTR_T (SVC_DSCRPTR_ID) values ('10155');
Insert into KRSB_SVC_DSCRPTR_T (SVC_DSCRPTR_ID) values ('10164');
 --- INSERTING into KR_KIM_TEST_BO

 --- INSERTING into TRAV_DOC_2_ACCOUNTS

Insert into TRAV_DOC_2_ACCOUNTS (FDOC_NBR,ACCT_NUM) values ('2123','a2');
Insert into TRAV_DOC_2_ACCOUNTS (FDOC_NBR,ACCT_NUM) values ('2387','a2');
Insert into TRAV_DOC_2_ACCOUNTS (FDOC_NBR,ACCT_NUM) values ('2387','a3');
Insert into TRAV_DOC_2_ACCOUNTS (FDOC_NBR,ACCT_NUM) values ('2388','a1');
Insert into TRAV_DOC_2_ACCOUNTS (FDOC_NBR,ACCT_NUM) values ('2388','a2');
Insert into TRAV_DOC_2_ACCOUNTS (FDOC_NBR,ACCT_NUM) values ('2389','a1');
Insert into TRAV_DOC_2_ACCOUNTS (FDOC_NBR,ACCT_NUM) values ('2389','a2');
Insert into TRAV_DOC_2_ACCOUNTS (FDOC_NBR,ACCT_NUM) values ('2390','a1');
Insert into TRAV_DOC_2_ACCOUNTS (FDOC_NBR,ACCT_NUM) values ('2390','a2');
Insert into TRAV_DOC_2_ACCOUNTS (FDOC_NBR,ACCT_NUM) values ('2391','a1');
Insert into TRAV_DOC_2_ACCOUNTS (FDOC_NBR,ACCT_NUM) values ('2391','a2');
Insert into TRAV_DOC_2_ACCOUNTS (FDOC_NBR,ACCT_NUM) values ('2393','a1');
Insert into TRAV_DOC_2_ACCOUNTS (FDOC_NBR,ACCT_NUM) values ('2393','a2');
Insert into TRAV_DOC_2_ACCOUNTS (FDOC_NBR,ACCT_NUM) values ('2396','a1');
Insert into TRAV_DOC_2_ACCOUNTS (FDOC_NBR,ACCT_NUM) values ('2396','a2');
Insert into TRAV_DOC_2_ACCOUNTS (FDOC_NBR,ACCT_NUM) values ('2400','a1');
Insert into TRAV_DOC_2_ACCOUNTS (FDOC_NBR,ACCT_NUM) values ('2400','a2');
Insert into TRAV_DOC_2_ACCOUNTS (FDOC_NBR,ACCT_NUM) values ('2401','a1');
Insert into TRAV_DOC_2_ACCOUNTS (FDOC_NBR,ACCT_NUM) values ('2401','a2');
Insert into TRAV_DOC_2_ACCOUNTS (FDOC_NBR,ACCT_NUM) values ('2402','a1');
Insert into TRAV_DOC_2_ACCOUNTS (FDOC_NBR,ACCT_NUM) values ('2402','a2');
Insert into TRAV_DOC_2_ACCOUNTS (FDOC_NBR,ACCT_NUM) values ('2403','a1');
Insert into TRAV_DOC_2_ACCOUNTS (FDOC_NBR,ACCT_NUM) values ('2403','a2');
Insert into TRAV_DOC_2_ACCOUNTS (FDOC_NBR,ACCT_NUM) values ('2404','a1');
Insert into TRAV_DOC_2_ACCOUNTS (FDOC_NBR,ACCT_NUM) values ('2404','a2');
Insert into TRAV_DOC_2_ACCOUNTS (FDOC_NBR,ACCT_NUM) values ('2405','a1');
Insert into TRAV_DOC_2_ACCOUNTS (FDOC_NBR,ACCT_NUM) values ('2405','a2');
Insert into TRAV_DOC_2_ACCOUNTS (FDOC_NBR,ACCT_NUM) values ('2407','a1');
Insert into TRAV_DOC_2_ACCOUNTS (FDOC_NBR,ACCT_NUM) values ('2407','a2');
Insert into TRAV_DOC_2_ACCOUNTS (FDOC_NBR,ACCT_NUM) values ('2480','a3');
Insert into TRAV_DOC_2_ACCOUNTS (FDOC_NBR,ACCT_NUM) values ('2480','a9');
Insert into TRAV_DOC_2_ACCOUNTS (FDOC_NBR,ACCT_NUM) values ('2481','a1');
Insert into TRAV_DOC_2_ACCOUNTS (FDOC_NBR,ACCT_NUM) values ('2481','a2');
Insert into TRAV_DOC_2_ACCOUNTS (FDOC_NBR,ACCT_NUM) values ('2482','a1');
Insert into TRAV_DOC_2_ACCOUNTS (FDOC_NBR,ACCT_NUM) values ('2482','a2');
Insert into TRAV_DOC_2_ACCOUNTS (FDOC_NBR,ACCT_NUM) values ('2483','a1');
Insert into TRAV_DOC_2_ACCOUNTS (FDOC_NBR,ACCT_NUM) values ('2483','a2');
Insert into TRAV_DOC_2_ACCOUNTS (FDOC_NBR,ACCT_NUM) values ('2484','a1');
Insert into TRAV_DOC_2_ACCOUNTS (FDOC_NBR,ACCT_NUM) values ('2500','a1');
Insert into TRAV_DOC_2_ACCOUNTS (FDOC_NBR,ACCT_NUM) values ('2500','a2');
Insert into TRAV_DOC_2_ACCOUNTS (FDOC_NBR,ACCT_NUM) values ('2501','a1');
Insert into TRAV_DOC_2_ACCOUNTS (FDOC_NBR,ACCT_NUM) values ('2501','a2');
Insert into TRAV_DOC_2_ACCOUNTS (FDOC_NBR,ACCT_NUM) values ('2520','a1');
Insert into TRAV_DOC_2_ACCOUNTS (FDOC_NBR,ACCT_NUM) values ('2520','a2');
Insert into TRAV_DOC_2_ACCOUNTS (FDOC_NBR,ACCT_NUM) values ('2521','a1');
Insert into TRAV_DOC_2_ACCOUNTS (FDOC_NBR,ACCT_NUM) values ('2521','a2');
Insert into TRAV_DOC_2_ACCOUNTS (FDOC_NBR,ACCT_NUM) values ('2522','a1');
Insert into TRAV_DOC_2_ACCOUNTS (FDOC_NBR,ACCT_NUM) values ('2522','a2');
Insert into TRAV_DOC_2_ACCOUNTS (FDOC_NBR,ACCT_NUM) values ('2584','a6');
Insert into TRAV_DOC_2_ACCOUNTS (FDOC_NBR,ACCT_NUM) values ('2600','a6');
Insert into TRAV_DOC_2_ACCOUNTS (FDOC_NBR,ACCT_NUM) values ('2601','a6');
Insert into TRAV_DOC_2_ACCOUNTS (FDOC_NBR,ACCT_NUM) values ('2621','a6');
Insert into TRAV_DOC_2_ACCOUNTS (FDOC_NBR,ACCT_NUM) values ('2622','a6');
Insert into TRAV_DOC_2_ACCOUNTS (FDOC_NBR,ACCT_NUM) values ('2623','a6');
Insert into TRAV_DOC_2_ACCOUNTS (FDOC_NBR,ACCT_NUM) values ('2640','a1');
Insert into TRAV_DOC_2_ACCOUNTS (FDOC_NBR,ACCT_NUM) values ('2640','a2');
Insert into TRAV_DOC_2_ACCOUNTS (FDOC_NBR,ACCT_NUM) values ('2692','a1');
Insert into TRAV_DOC_2_ACCOUNTS (FDOC_NBR,ACCT_NUM) values ('2693','a1');
Insert into TRAV_DOC_2_ACCOUNTS (FDOC_NBR,ACCT_NUM) values ('2694','a1');
Insert into TRAV_DOC_2_ACCOUNTS (FDOC_NBR,ACCT_NUM) values ('2695','a1');
Insert into TRAV_DOC_2_ACCOUNTS (FDOC_NBR,ACCT_NUM) values ('2701','a1');
 --- INSERTING into TRVL_AUTH_DOC_T

 --- INSERTING into TRVL_PER_DIEM_T

 --- INSERTING into TRVL_TRIP_TYP_T

 --- INSERTING into TRV_ACCT

Insert into TRV_ACCT (ACCT_NUM,ACCT_NAME,ACCT_TYPE,ACCT_FO_ID,OBJ_ID,VER_NBR,SUB_ACCT,SUB_ACCT_NAME,CREATE_DT,SUBSIDIZED_PCT) values ('a1','a1',null,1,null,0,null,null,null,null);
Insert into TRV_ACCT (ACCT_NUM,ACCT_NAME,ACCT_TYPE,ACCT_FO_ID,OBJ_ID,VER_NBR,SUB_ACCT,SUB_ACCT_NAME,CREATE_DT,SUBSIDIZED_PCT) values ('a14','a14',null,2,null,0,null,null,null,null);
Insert into TRV_ACCT (ACCT_NUM,ACCT_NAME,ACCT_TYPE,ACCT_FO_ID,OBJ_ID,VER_NBR,SUB_ACCT,SUB_ACCT_NAME,CREATE_DT,SUBSIDIZED_PCT) values ('a2','a2',null,2,null,0,null,null,null,null);
Insert into TRV_ACCT (ACCT_NUM,ACCT_NAME,ACCT_TYPE,ACCT_FO_ID,OBJ_ID,VER_NBR,SUB_ACCT,SUB_ACCT_NAME,CREATE_DT,SUBSIDIZED_PCT) values ('a3','a3',null,3,null,0,null,null,null,null);
Insert into TRV_ACCT (ACCT_NUM,ACCT_NAME,ACCT_TYPE,ACCT_FO_ID,OBJ_ID,VER_NBR,SUB_ACCT,SUB_ACCT_NAME,CREATE_DT,SUBSIDIZED_PCT) values ('a6','a6',null,2,null,0,null,null,null,null);
Insert into TRV_ACCT (ACCT_NUM,ACCT_NAME,ACCT_TYPE,ACCT_FO_ID,OBJ_ID,VER_NBR,SUB_ACCT,SUB_ACCT_NAME,CREATE_DT,SUBSIDIZED_PCT) values ('a8','a8',null,2,null,0,null,null,null,null);
Insert into TRV_ACCT (ACCT_NUM,ACCT_NAME,ACCT_TYPE,ACCT_FO_ID,OBJ_ID,VER_NBR,SUB_ACCT,SUB_ACCT_NAME,CREATE_DT,SUBSIDIZED_PCT) values ('a9','a9',null,2,null,0,null,null,null,null);
Insert into TRV_ACCT (ACCT_NUM,ACCT_NAME,ACCT_TYPE,ACCT_FO_ID,OBJ_ID,VER_NBR,SUB_ACCT,SUB_ACCT_NAME,CREATE_DT,SUBSIDIZED_PCT) values ('a1','a1',null,1,null,0,null,null,null,null);
Insert into TRV_ACCT (ACCT_NUM,ACCT_NAME,ACCT_TYPE,ACCT_FO_ID,OBJ_ID,VER_NBR,SUB_ACCT,SUB_ACCT_NAME,CREATE_DT,SUBSIDIZED_PCT) values ('a14','a14',null,2,null,0,null,null,null,null);
Insert into TRV_ACCT (ACCT_NUM,ACCT_NAME,ACCT_TYPE,ACCT_FO_ID,OBJ_ID,VER_NBR,SUB_ACCT,SUB_ACCT_NAME,CREATE_DT,SUBSIDIZED_PCT) values ('a2','a2',null,2,null,0,null,null,null,null);
Insert into TRV_ACCT (ACCT_NUM,ACCT_NAME,ACCT_TYPE,ACCT_FO_ID,OBJ_ID,VER_NBR,SUB_ACCT,SUB_ACCT_NAME,CREATE_DT,SUBSIDIZED_PCT) values ('a3','a3',null,3,null,0,null,null,null,null);
Insert into TRV_ACCT (ACCT_NUM,ACCT_NAME,ACCT_TYPE,ACCT_FO_ID,OBJ_ID,VER_NBR,SUB_ACCT,SUB_ACCT_NAME,CREATE_DT,SUBSIDIZED_PCT) values ('a6','a6',null,2,null,0,null,null,null,null);
Insert into TRV_ACCT (ACCT_NUM,ACCT_NAME,ACCT_TYPE,ACCT_FO_ID,OBJ_ID,VER_NBR,SUB_ACCT,SUB_ACCT_NAME,CREATE_DT,SUBSIDIZED_PCT) values ('a8','a8',null,2,null,0,null,null,null,null);
Insert into TRV_ACCT (ACCT_NUM,ACCT_NAME,ACCT_TYPE,ACCT_FO_ID,OBJ_ID,VER_NBR,SUB_ACCT,SUB_ACCT_NAME,CREATE_DT,SUBSIDIZED_PCT) values ('a9','a9',null,2,null,0,null,null,null,null);
 --- INSERTING into TRV_ACCT_EXT

Insert into TRV_ACCT_EXT (ACCT_NUM,ACCT_TYPE,OBJ_ID,VER_NBR) values ('a1','IAT',null,0);
Insert into TRV_ACCT_EXT (ACCT_NUM,ACCT_TYPE,OBJ_ID,VER_NBR) values ('a14','CAT',null,0);
Insert into TRV_ACCT_EXT (ACCT_NUM,ACCT_TYPE,OBJ_ID,VER_NBR) values ('a2','EAT',null,0);
Insert into TRV_ACCT_EXT (ACCT_NUM,ACCT_TYPE,OBJ_ID,VER_NBR) values ('a3','IAT',null,0);
Insert into TRV_ACCT_EXT (ACCT_NUM,ACCT_TYPE,OBJ_ID,VER_NBR) values ('a6','CAT',null,0);
Insert into TRV_ACCT_EXT (ACCT_NUM,ACCT_TYPE,OBJ_ID,VER_NBR) values ('a8','EAT',null,0);
Insert into TRV_ACCT_EXT (ACCT_NUM,ACCT_TYPE,OBJ_ID,VER_NBR) values ('a9','CAT',null,0);
 --- INSERTING into TRV_ACCT_FO

Insert into TRV_ACCT_FO (ACCT_FO_ID,ACCT_FO_USER_NAME,OBJ_ID,VER_NBR) values (1,'fred',null,0);
Insert into TRV_ACCT_FO (ACCT_FO_ID,ACCT_FO_USER_NAME,OBJ_ID,VER_NBR) values (2,'fran',null,0);
Insert into TRV_ACCT_FO (ACCT_FO_ID,ACCT_FO_USER_NAME,OBJ_ID,VER_NBR) values (3,'frank',null,0);
 --- INSERTING into TRV_ACCT_TYPE

Insert into TRV_ACCT_TYPE (ACCT_TYPE,ACCT_TYPE_NAME,OBJ_ID,VER_NBR) values ('CAT','Clearing Account Type',null,0);
Insert into TRV_ACCT_TYPE (ACCT_TYPE,ACCT_TYPE_NAME,OBJ_ID,VER_NBR) values ('EAT','Expense Account Type',null,0);
Insert into TRV_ACCT_TYPE (ACCT_TYPE,ACCT_TYPE_NAME,OBJ_ID,VER_NBR) values ('IAT',' Income Account Type',null,0);
 --- INSERTING into TRV_ACCT_USE_RT_T

 --- INSERTING into TRV_ATT_SAMPLE

 --- INSERTING into TRV_DOC_2

Insert into TRV_DOC_2 (FDOC_NBR,OBJ_ID,VER_NBR,FDOC_EXPLAIN_TXT,REQUEST_TRAV,TRAVELER,ORG,DEST) values ('2123','7BE537BD-643C-9F20-8A66-2FE1D398BADA',4,null,'TRT2','Eric','eb','dre');
Insert into TRV_DOC_2 (FDOC_NBR,OBJ_ID,VER_NBR,FDOC_EXPLAIN_TXT,REQUEST_TRAV,TRAVELER,ORG,DEST) values ('2387','44C40877-A234-D6C5-1D3B-EFC98A11A8BF',2,null,'TRT2','nate','here','there');
Insert into TRV_DOC_2 (FDOC_NBR,OBJ_ID,VER_NBR,FDOC_EXPLAIN_TXT,REQUEST_TRAV,TRAVELER,ORG,DEST) values ('2388','B2120A67-431C-1A9B-7B63-65DD544E910B',2,null,'TRT2','nate','here','there');
Insert into TRV_DOC_2 (FDOC_NBR,OBJ_ID,VER_NBR,FDOC_EXPLAIN_TXT,REQUEST_TRAV,TRAVELER,ORG,DEST) values ('2389','86594949-89E0-8D63-AF50-B7E13D568B09',2,null,'TRT1','nate','here','there');
Insert into TRV_DOC_2 (FDOC_NBR,OBJ_ID,VER_NBR,FDOC_EXPLAIN_TXT,REQUEST_TRAV,TRAVELER,ORG,DEST) values ('2390','9CFEB3AC-A4F5-4585-FCAB-0018F282364C',2,null,'TRT1','nate','here','there');
Insert into TRV_DOC_2 (FDOC_NBR,OBJ_ID,VER_NBR,FDOC_EXPLAIN_TXT,REQUEST_TRAV,TRAVELER,ORG,DEST) values ('2391','5299F048-19E5-D56D-14EE-568EE3F85BA3',3,null,'TRT1','nate','here','there');
Insert into TRV_DOC_2 (FDOC_NBR,OBJ_ID,VER_NBR,FDOC_EXPLAIN_TXT,REQUEST_TRAV,TRAVELER,ORG,DEST) values ('2393','5D5E1CFD-EE46-73B4-700A-A9DD8E498EC2',2,null,'TRT1','nate','here','there');
Insert into TRV_DOC_2 (FDOC_NBR,OBJ_ID,VER_NBR,FDOC_EXPLAIN_TXT,REQUEST_TRAV,TRAVELER,ORG,DEST) values ('2396','1D299A9B-C473-375A-69C4-C1E03CFBFC68',2,null,'TRT2','nate','here','there');
Insert into TRV_DOC_2 (FDOC_NBR,OBJ_ID,VER_NBR,FDOC_EXPLAIN_TXT,REQUEST_TRAV,TRAVELER,ORG,DEST) values ('2400','3625336D-1D41-F979-B899-E8D7CF9E68AC',2,null,'TRT1','nate','here','there');
Insert into TRV_DOC_2 (FDOC_NBR,OBJ_ID,VER_NBR,FDOC_EXPLAIN_TXT,REQUEST_TRAV,TRAVELER,ORG,DEST) values ('2401','D74C0680-F93C-7D41-62F3-E2C455AFC102',2,null,'TRT2','nate','here','there');
Insert into TRV_DOC_2 (FDOC_NBR,OBJ_ID,VER_NBR,FDOC_EXPLAIN_TXT,REQUEST_TRAV,TRAVELER,ORG,DEST) values ('2402','55C56249-11AC-EE98-0256-5B71D5CAE40D',2,null,'TRT1','sadf','here','there');
Insert into TRV_DOC_2 (FDOC_NBR,OBJ_ID,VER_NBR,FDOC_EXPLAIN_TXT,REQUEST_TRAV,TRAVELER,ORG,DEST) values ('2403','BADEA3CA-19C7-BC2B-4E88-2A4777F11A55',2,null,'TRT1','asdf','dsffr','dsfgdsf');
Insert into TRV_DOC_2 (FDOC_NBR,OBJ_ID,VER_NBR,FDOC_EXPLAIN_TXT,REQUEST_TRAV,TRAVELER,ORG,DEST) values ('2404','38CC4CD9-A1F3-78DD-1E2C-35A81E989739',2,null,'TRT2','nate','here','there');
Insert into TRV_DOC_2 (FDOC_NBR,OBJ_ID,VER_NBR,FDOC_EXPLAIN_TXT,REQUEST_TRAV,TRAVELER,ORG,DEST) values ('2405','A412B4FF-7D46-9212-05DA-B774F4370944',4,null,'TRT2','sdf','sdfq','h');
Insert into TRV_DOC_2 (FDOC_NBR,OBJ_ID,VER_NBR,FDOC_EXPLAIN_TXT,REQUEST_TRAV,TRAVELER,ORG,DEST) values ('2407','D4556EA2-EDA7-6BF9-1855-3040F14816CB',4,null,'TRT2','asdf','klj','dkl');
Insert into TRV_DOC_2 (FDOC_NBR,OBJ_ID,VER_NBR,FDOC_EXPLAIN_TXT,REQUEST_TRAV,TRAVELER,ORG,DEST) values ('2480','CA80CCD3-8C01-3D68-3830-A449AF528952',2,null,'TRT2','1','2','3');
Insert into TRV_DOC_2 (FDOC_NBR,OBJ_ID,VER_NBR,FDOC_EXPLAIN_TXT,REQUEST_TRAV,TRAVELER,ORG,DEST) values ('2481','16422C26-6BEB-8AD7-0F51-9FEBADD37D0A',2,null,'TRT1','sdf','kj','lkj');
Insert into TRV_DOC_2 (FDOC_NBR,OBJ_ID,VER_NBR,FDOC_EXPLAIN_TXT,REQUEST_TRAV,TRAVELER,ORG,DEST) values ('2482','56EA88B6-A372-1D39-831D-5B962962CA78',4,null,'TRT2','dsf','sadf','sdf');
Insert into TRV_DOC_2 (FDOC_NBR,OBJ_ID,VER_NBR,FDOC_EXPLAIN_TXT,REQUEST_TRAV,TRAVELER,ORG,DEST) values ('2483','C3C6C93C-5358-A267-F8AE-91E38BA39F05',4,null,'TRT2','dsf','jkh','jkh');
Insert into TRV_DOC_2 (FDOC_NBR,OBJ_ID,VER_NBR,FDOC_EXPLAIN_TXT,REQUEST_TRAV,TRAVELER,ORG,DEST) values ('2484','577CA8E5-1140-37BB-695E-0EB011E77D81',4,null,'TRT1','dsf','sadf','sdfs');
Insert into TRV_DOC_2 (FDOC_NBR,OBJ_ID,VER_NBR,FDOC_EXPLAIN_TXT,REQUEST_TRAV,TRAVELER,ORG,DEST) values ('2500','E92080BD-902C-B68D-ECB4-C9D7DAFC4D86',2,null,'TRT2','safd','dfgqdfg','dfg');
Insert into TRV_DOC_2 (FDOC_NBR,OBJ_ID,VER_NBR,FDOC_EXPLAIN_TXT,REQUEST_TRAV,TRAVELER,ORG,DEST) values ('2501','1E53D48D-BFBA-FBF9-4B9F-1677CAD28B2E',4,null,'TRT2','asdf','sdf','saf');
Insert into TRV_DOC_2 (FDOC_NBR,OBJ_ID,VER_NBR,FDOC_EXPLAIN_TXT,REQUEST_TRAV,TRAVELER,ORG,DEST) values ('2520','78085595-7BFC-A0CF-65E4-D1499166ECD8',2,null,'TRT2','dsf','dfgqdfg','df');
Insert into TRV_DOC_2 (FDOC_NBR,OBJ_ID,VER_NBR,FDOC_EXPLAIN_TXT,REQUEST_TRAV,TRAVELER,ORG,DEST) values ('2521','5CD9F7B7-07F7-0645-2F97-006E06B958A7',2,null,'TRT2','dsf','sadfsaf','asdf');
Insert into TRV_DOC_2 (FDOC_NBR,OBJ_ID,VER_NBR,FDOC_EXPLAIN_TXT,REQUEST_TRAV,TRAVELER,ORG,DEST) values ('2522','5440866A-A30E-3860-F788-B45A4978C68A',4,null,'TRT3','sdf','sadf','sdf');
Insert into TRV_DOC_2 (FDOC_NBR,OBJ_ID,VER_NBR,FDOC_EXPLAIN_TXT,REQUEST_TRAV,TRAVELER,ORG,DEST) values ('2584','397B1AD0-93E3-9827-52ED-A8D24B98C4F2',2,null,'TRT1','sadsadasdsa','dsfdsfdsfds','sdfdsfdsfsd');
Insert into TRV_DOC_2 (FDOC_NBR,OBJ_ID,VER_NBR,FDOC_EXPLAIN_TXT,REQUEST_TRAV,TRAVELER,ORG,DEST) values ('2600','502B559E-2A0E-0C58-3DBE-DF866D8CC503',2,null,'TRT1','sadsads','asadasd','sadsadas');
Insert into TRV_DOC_2 (FDOC_NBR,OBJ_ID,VER_NBR,FDOC_EXPLAIN_TXT,REQUEST_TRAV,TRAVELER,ORG,DEST) values ('2601','3CDBACBF-4DEC-AE23-DC47-FCF79F2F42ED',1,null,'TRT1','asdsadsa','asdsadsa','asdsadas');
Insert into TRV_DOC_2 (FDOC_NBR,OBJ_ID,VER_NBR,FDOC_EXPLAIN_TXT,REQUEST_TRAV,TRAVELER,ORG,DEST) values ('2621','956AC95F-7366-4241-215F-A910C2E5E4C6',1,null,'TRT1','asdsadsa','asdsadsa','asdsadas');
Insert into TRV_DOC_2 (FDOC_NBR,OBJ_ID,VER_NBR,FDOC_EXPLAIN_TXT,REQUEST_TRAV,TRAVELER,ORG,DEST) values ('2622','132C00E3-B5FB-0527-BBF3-7129EF1158E1',1,null,'TRT1','asdsadsa','asdsadsa','asdsadas');
Insert into TRV_DOC_2 (FDOC_NBR,OBJ_ID,VER_NBR,FDOC_EXPLAIN_TXT,REQUEST_TRAV,TRAVELER,ORG,DEST) values ('2623','CAB011C5-4090-A694-D2C5-49573918385B',1,null,'TRT1','asdsadsa','asdsadsa','asdsadas');
Insert into TRV_DOC_2 (FDOC_NBR,OBJ_ID,VER_NBR,FDOC_EXPLAIN_TXT,REQUEST_TRAV,TRAVELER,ORG,DEST) values ('2640','39FC71CC-FB05-D612-D5B6-B3AAC6B26CF2',4,null,'TRT1','asdf','df','ettt');
Insert into TRV_DOC_2 (FDOC_NBR,OBJ_ID,VER_NBR,FDOC_EXPLAIN_TXT,REQUEST_TRAV,TRAVELER,ORG,DEST) values ('2692','BFBAF94B-E145-6303-045D-ABE304FFC7C8',2,null,'TRT2','asdf','asdf','sdaf');
Insert into TRV_DOC_2 (FDOC_NBR,OBJ_ID,VER_NBR,FDOC_EXPLAIN_TXT,REQUEST_TRAV,TRAVELER,ORG,DEST) values ('2693','70ADFFDB-0851-9BCF-013E-284A47A43A1A',2,null,'TRT2','sdf','asdf','daf');
Insert into TRV_DOC_2 (FDOC_NBR,OBJ_ID,VER_NBR,FDOC_EXPLAIN_TXT,REQUEST_TRAV,TRAVELER,ORG,DEST) values ('2694','7768CE1B-AF56-0711-E6CD-8744DA71A4D5',2,null,'TRT2','asdf','asd','asdasd');
Insert into TRV_DOC_2 (FDOC_NBR,OBJ_ID,VER_NBR,FDOC_EXPLAIN_TXT,REQUEST_TRAV,TRAVELER,ORG,DEST) values ('2695','BE8EC6F0-FA55-5532-883A-4553E3F289BB',7,null,'TRT2','ad','asd','asdf');
Insert into TRV_DOC_2 (FDOC_NBR,OBJ_ID,VER_NBR,FDOC_EXPLAIN_TXT,REQUEST_TRAV,TRAVELER,ORG,DEST) values ('2701','153C9F24-DDDC-ECFF-A3AE-D0A628939C23',2,null,'TRT2','asdf','asdf','asdf');
 --- INSERTING into TRV_DOC_ACCT

 --- INSERTING into TRV_MULTI_ATT_SAMPLE

 --- INSERTING into TST_SEARCH_ATTR_INDX_TST_DOC_T

--------------------------------------------------------
--  DDL for Index KREW_DOC_HDR_EXT_LONG_TP1
--------------------------------------------------------

  CREATE UNIQUE INDEX "KREW_DOC_HDR_EXT_LONG_TP1" ON "KREW_DOC_HDR_EXT_LONG_T" ("DOC_HDR_EXT_LONG_ID") 
  PCTFREE 10 INITRANS 2 MAXTRANS 255 COMPUTE STATISTICS 
  STORAGE(INITIAL 65536 NEXT 1048576 MINEXTENTS 1 MAXEXTENTS 2147483645
  PCTINCREASE 0 FREELISTS 1 FREELIST GROUPS 1 BUFFER_POOL DEFAULT FLASH_CACHE DEFAULT CELL_FLASH_CACHE DEFAULT)
   ;
--------------------------------------------------------
--  DDL for Index KRLC_CMP_TP1
--------------------------------------------------------

  CREATE UNIQUE INDEX "KRLC_CMP_TP1" ON "KRLC_CMP_T" ("CAMPUS_CD") 
  PCTFREE 10 INITRANS 2 MAXTRANS 255 COMPUTE STATISTICS 
  STORAGE(INITIAL 65536 NEXT 1048576 MINEXTENTS 1 MAXEXTENTS 2147483645
  PCTINCREASE 0 FREELISTS 1 FREELIST GROUPS 1 BUFFER_POOL DEFAULT FLASH_CACHE DEFAULT CELL_FLASH_CACHE DEFAULT)
   ;
--------------------------------------------------------
--  DDL for Index KRIM_ENTITY_BIO_TP1
--------------------------------------------------------

  CREATE UNIQUE INDEX "KRIM_ENTITY_BIO_TP1" ON "KRIM_ENTITY_BIO_T" ("ENTITY_ID") 
  PCTFREE 10 INITRANS 2 MAXTRANS 255 COMPUTE STATISTICS 
  STORAGE(INITIAL 65536 NEXT 1048576 MINEXTENTS 1 MAXEXTENTS 2147483645
  PCTINCREASE 0 FREELISTS 1 FREELIST GROUPS 1 BUFFER_POOL DEFAULT FLASH_CACHE DEFAULT CELL_FLASH_CACHE DEFAULT)
   ;
--------------------------------------------------------
--  DDL for Index KREW_ACTN_ITM_TP1
--------------------------------------------------------

  CREATE UNIQUE INDEX "KREW_ACTN_ITM_TP1" ON "KREW_ACTN_ITM_T" ("ACTN_ITM_ID") 
  PCTFREE 10 INITRANS 2 MAXTRANS 255 COMPUTE STATISTICS 
  STORAGE(INITIAL 65536 NEXT 1048576 MINEXTENTS 1 MAXEXTENTS 2147483645
  PCTINCREASE 0 FREELISTS 1 FREELIST GROUPS 1 BUFFER_POOL DEFAULT FLASH_CACHE DEFAULT CELL_FLASH_CACHE DEFAULT)
   ;
--------------------------------------------------------
--  DDL for Index KRMS_CNTXT_TP1
--------------------------------------------------------

  CREATE UNIQUE INDEX "KRMS_CNTXT_TP1" ON "KRMS_CNTXT_T" ("CNTXT_ID") 
  PCTFREE 10 INITRANS 2 MAXTRANS 255 COMPUTE STATISTICS 
  STORAGE(INITIAL 65536 NEXT 1048576 MINEXTENTS 1 MAXEXTENTS 2147483645
  PCTINCREASE 0 FREELISTS 1 FREELIST GROUPS 1 BUFFER_POOL DEFAULT FLASH_CACHE DEFAULT CELL_FLASH_CACHE DEFAULT)
   ;
--------------------------------------------------------
--  DDL for Index KRIM_ENTITY_RESIDENCY_TP1
--------------------------------------------------------

  CREATE UNIQUE INDEX "KRIM_ENTITY_RESIDENCY_TP1" ON "KRIM_ENTITY_RESIDENCY_T" ("ID") 
  PCTFREE 10 INITRANS 2 MAXTRANS 255 COMPUTE STATISTICS 
  STORAGE(INITIAL 65536 NEXT 1048576 MINEXTENTS 1 MAXEXTENTS 2147483645
  PCTINCREASE 0 FREELISTS 1 FREELIST GROUPS 1 BUFFER_POOL DEFAULT FLASH_CACHE DEFAULT CELL_FLASH_CACHE DEFAULT)
   ;
--------------------------------------------------------
--  DDL for Index KRNS_MAINT_DOC_ATT_LST_TC0
--------------------------------------------------------

  CREATE UNIQUE INDEX "KRNS_MAINT_DOC_ATT_LST_TC0" ON "KRNS_MAINT_DOC_ATT_LST_T" ("OBJ_ID") 
  PCTFREE 10 INITRANS 2 MAXTRANS 255 COMPUTE STATISTICS 
  STORAGE(INITIAL 65536 NEXT 1048576 MINEXTENTS 1 MAXEXTENTS 2147483645
  PCTINCREASE 0 FREELISTS 1 FREELIST GROUPS 1 BUFFER_POOL DEFAULT FLASH_CACHE DEFAULT CELL_FLASH_CACHE DEFAULT)
   ;
--------------------------------------------------------
--  DDL for Index KREN_CHNL_PRODCR_TP1
--------------------------------------------------------

  CREATE UNIQUE INDEX "KREN_CHNL_PRODCR_TP1" ON "KREN_CHNL_PRODCR_T" ("CHNL_ID", "PRODCR_ID") 
  PCTFREE 10 INITRANS 2 MAXTRANS 255 COMPUTE STATISTICS 
  STORAGE(INITIAL 65536 NEXT 1048576 MINEXTENTS 1 MAXEXTENTS 2147483645
  PCTINCREASE 0 FREELISTS 1 FREELIST GROUPS 1 BUFFER_POOL DEFAULT FLASH_CACHE DEFAULT CELL_FLASH_CACHE DEFAULT)
   ;
--------------------------------------------------------
--  DDL for Index KRIM_DLGN_TP1
--------------------------------------------------------

  CREATE UNIQUE INDEX "KRIM_DLGN_TP1" ON "KRIM_DLGN_T" ("DLGN_ID") 
  PCTFREE 10 INITRANS 2 MAXTRANS 255 COMPUTE STATISTICS 
  STORAGE(INITIAL 65536 NEXT 1048576 MINEXTENTS 1 MAXEXTENTS 2147483645
  PCTINCREASE 0 FREELISTS 1 FREELIST GROUPS 1 BUFFER_POOL DEFAULT FLASH_CACHE DEFAULT CELL_FLASH_CACHE DEFAULT)
   ;
--------------------------------------------------------
--  DDL for Index KREW_PPL_FLW_ATTR_TP1
--------------------------------------------------------

  CREATE UNIQUE INDEX "KREW_PPL_FLW_ATTR_TP1" ON "KREW_PPL_FLW_ATTR_T" ("PPL_FLW_ATTR_ID") 
  PCTFREE 10 INITRANS 2 MAXTRANS 255 COMPUTE STATISTICS 
  STORAGE(INITIAL 65536 NEXT 1048576 MINEXTENTS 1 MAXEXTENTS 2147483645
  PCTINCREASE 0 FREELISTS 1 FREELIST GROUPS 1 BUFFER_POOL DEFAULT FLASH_CACHE DEFAULT CELL_FLASH_CACHE DEFAULT)
   ;
--------------------------------------------------------
--  DDL for Index KRIM_PRNCPL_TC1
--------------------------------------------------------

  CREATE UNIQUE INDEX "KRIM_PRNCPL_TC1" ON "KRIM_PRNCPL_T" ("PRNCPL_NM") 
  PCTFREE 10 INITRANS 2 MAXTRANS 255 COMPUTE STATISTICS 
  STORAGE(INITIAL 65536 NEXT 1048576 MINEXTENTS 1 MAXEXTENTS 2147483645
  PCTINCREASE 0 FREELISTS 1 FREELIST GROUPS 1 BUFFER_POOL DEFAULT FLASH_CACHE DEFAULT CELL_FLASH_CACHE DEFAULT)
   ;
--------------------------------------------------------
--  DDL for Index KREW_RTE_BRCH_ST_TI3
--------------------------------------------------------

  CREATE INDEX "KREW_RTE_BRCH_ST_TI3" ON "KREW_RTE_BRCH_ST_T" ("KEY_CD", "VAL") 
  PCTFREE 10 INITRANS 2 MAXTRANS 255 COMPUTE STATISTICS 
  STORAGE(INITIAL 65536 NEXT 1048576 MINEXTENTS 1 MAXEXTENTS 2147483645
  PCTINCREASE 0 FREELISTS 1 FREELIST GROUPS 1 BUFFER_POOL DEFAULT FLASH_CACHE DEFAULT CELL_FLASH_CACHE DEFAULT)
   ;
--------------------------------------------------------
--  DDL for Index KRNS_ATT_TP1
--------------------------------------------------------

  CREATE UNIQUE INDEX "KRNS_ATT_TP1" ON "KRNS_ATT_T" ("NTE_ID") 
  PCTFREE 10 INITRANS 2 MAXTRANS 255 COMPUTE STATISTICS 
  STORAGE(INITIAL 65536 NEXT 1048576 MINEXTENTS 1 MAXEXTENTS 2147483645
  PCTINCREASE 0 FREELISTS 1 FREELIST GROUPS 1 BUFFER_POOL DEFAULT FLASH_CACHE DEFAULT CELL_FLASH_CACHE DEFAULT)
   ;
--------------------------------------------------------
--  DDL for Index KRIM_ENTITY_CTZNSHP_TC0
--------------------------------------------------------

  CREATE UNIQUE INDEX "KRIM_ENTITY_CTZNSHP_TC0" ON "KRIM_ENTITY_CTZNSHP_T" ("OBJ_ID") 
  PCTFREE 10 INITRANS 2 MAXTRANS 255 COMPUTE STATISTICS 
  STORAGE(INITIAL 65536 NEXT 1048576 MINEXTENTS 1 MAXEXTENTS 2147483645
  PCTINCREASE 0 FREELISTS 1 FREELIST GROUPS 1 BUFFER_POOL DEFAULT FLASH_CACHE DEFAULT CELL_FLASH_CACHE DEFAULT)
   ;
--------------------------------------------------------
--  DDL for Index KRIM_PND_ROLE_MBR_ATTR_DATAP1
--------------------------------------------------------

  CREATE UNIQUE INDEX "KRIM_PND_ROLE_MBR_ATTR_DATAP1" ON "KRIM_PND_ROLE_MBR_ATTR_DATA_MT" ("FDOC_NBR", "ATTR_DATA_ID") 
  PCTFREE 10 INITRANS 2 MAXTRANS 255 COMPUTE STATISTICS 
  STORAGE(INITIAL 65536 NEXT 1048576 MINEXTENTS 1 MAXEXTENTS 2147483645
  PCTINCREASE 0 FREELISTS 1 FREELIST GROUPS 1 BUFFER_POOL DEFAULT FLASH_CACHE DEFAULT CELL_FLASH_CACHE DEFAULT)
   ;
--------------------------------------------------------
--  DDL for Index KRIM_ENTITY_EXT_ID_TC0
--------------------------------------------------------

  CREATE UNIQUE INDEX "KRIM_ENTITY_EXT_ID_TC0" ON "KRIM_ENTITY_EXT_ID_T" ("OBJ_ID") 
  PCTFREE 10 INITRANS 2 MAXTRANS 255 COMPUTE STATISTICS 
  STORAGE(INITIAL 65536 NEXT 1048576 MINEXTENTS 1 MAXEXTENTS 2147483645
  PCTINCREASE 0 FREELISTS 1 FREELIST GROUPS 1 BUFFER_POOL DEFAULT FLASH_CACHE DEFAULT CELL_FLASH_CACHE DEFAULT)
   ;
--------------------------------------------------------
--  DDL for Index KREW_DOC_HDR_EXT_FLT_TI3
--------------------------------------------------------

  CREATE INDEX "KREW_DOC_HDR_EXT_FLT_TI3" ON "KREW_DOC_HDR_EXT_FLT_T" ("VAL") 
  PCTFREE 10 INITRANS 2 MAXTRANS 255 COMPUTE STATISTICS 
  STORAGE(INITIAL 65536 NEXT 1048576 MINEXTENTS 1 MAXEXTENTS 2147483645
  PCTINCREASE 0 FREELISTS 1 FREELIST GROUPS 1 BUFFER_POOL DEFAULT FLASH_CACHE DEFAULT CELL_FLASH_CACHE DEFAULT)
   ;
--------------------------------------------------------
--  DDL for Index KREN_CHNL_SUBSCRP_TC0
--------------------------------------------------------

  CREATE UNIQUE INDEX "KREN_CHNL_SUBSCRP_TC0" ON "KREN_CHNL_SUBSCRP_T" ("CHNL_ID", "PRNCPL_ID") 
  PCTFREE 10 INITRANS 2 MAXTRANS 255 COMPUTE STATISTICS 
  STORAGE(INITIAL 65536 NEXT 1048576 MINEXTENTS 1 MAXEXTENTS 2147483645
  PCTINCREASE 0 FREELISTS 1 FREELIST GROUPS 1 BUFFER_POOL DEFAULT FLASH_CACHE DEFAULT CELL_FLASH_CACHE DEFAULT)
   ;
--------------------------------------------------------
--  DDL for Index KRNS_ATT_TC0
--------------------------------------------------------

  CREATE UNIQUE INDEX "KRNS_ATT_TC0" ON "KRNS_ATT_T" ("OBJ_ID") 
  PCTFREE 10 INITRANS 2 MAXTRANS 255 COMPUTE STATISTICS 
  STORAGE(INITIAL 65536 NEXT 1048576 MINEXTENTS 1 MAXEXTENTS 2147483645
  PCTINCREASE 0 FREELISTS 1 FREELIST GROUPS 1 BUFFER_POOL DEFAULT FLASH_CACHE DEFAULT CELL_FLASH_CACHE DEFAULT)
   ;
--------------------------------------------------------
--  DDL for Index KRMS_ACTN_ATTR_TI2
--------------------------------------------------------

  CREATE INDEX "KRMS_ACTN_ATTR_TI2" ON "KRMS_ACTN_ATTR_T" ("ATTR_DEFN_ID") 
  PCTFREE 10 INITRANS 2 MAXTRANS 255 COMPUTE STATISTICS 
  STORAGE(INITIAL 65536 NEXT 1048576 MINEXTENTS 1 MAXEXTENTS 2147483645
  PCTINCREASE 0 FREELISTS 1 FREELIST GROUPS 1 BUFFER_POOL DEFAULT FLASH_CACHE DEFAULT CELL_FLASH_CACHE DEFAULT)
   ;
--------------------------------------------------------
--  DDL for Index KREW_ATTR_DEFN_TP1
--------------------------------------------------------

  CREATE UNIQUE INDEX "KREW_ATTR_DEFN_TP1" ON "KREW_ATTR_DEFN_T" ("ATTR_DEFN_ID") 
  PCTFREE 10 INITRANS 2 MAXTRANS 255 COMPUTE STATISTICS 
  STORAGE(INITIAL 65536 NEXT 1048576 MINEXTENTS 1 MAXEXTENTS 2147483645
  PCTINCREASE 0 FREELISTS 1 FREELIST GROUPS 1 BUFFER_POOL DEFAULT FLASH_CACHE DEFAULT CELL_FLASH_CACHE DEFAULT)
   ;
--------------------------------------------------------
--  DDL for Index KRIM_ENTITY_EXT_ID_TI1
--------------------------------------------------------

  CREATE INDEX "KRIM_ENTITY_EXT_ID_TI1" ON "KRIM_ENTITY_EXT_ID_T" ("ENTITY_ID") 
  PCTFREE 10 INITRANS 2 MAXTRANS 255 COMPUTE STATISTICS 
  STORAGE(INITIAL 65536 NEXT 1048576 MINEXTENTS 1 MAXEXTENTS 2147483645
  PCTINCREASE 0 FREELISTS 1 FREELIST GROUPS 1 BUFFER_POOL DEFAULT FLASH_CACHE DEFAULT CELL_FLASH_CACHE DEFAULT)
   ;
--------------------------------------------------------
--  DDL for Index KREW_ATTR_DEFN_TC1
--------------------------------------------------------

  CREATE UNIQUE INDEX "KREW_ATTR_DEFN_TC1" ON "KREW_ATTR_DEFN_T" ("NM", "NMSPC_CD") 
  PCTFREE 10 INITRANS 2 MAXTRANS 255 
  STORAGE(INITIAL 65536 NEXT 1048576 MINEXTENTS 1 MAXEXTENTS 2147483645
  PCTINCREASE 0 FREELISTS 1 FREELIST GROUPS 1 BUFFER_POOL DEFAULT FLASH_CACHE DEFAULT CELL_FLASH_CACHE DEFAULT)
   ;
--------------------------------------------------------
--  DDL for Index KRIM_ENTITY_CACHE_TP1
--------------------------------------------------------

  CREATE UNIQUE INDEX "KRIM_ENTITY_CACHE_TP1" ON "KRIM_ENTITY_CACHE_T" ("ENTITY_ID") 
  PCTFREE 10 INITRANS 2 MAXTRANS 255 COMPUTE STATISTICS 
  STORAGE(INITIAL 65536 NEXT 1048576 MINEXTENTS 1 MAXEXTENTS 2147483645
  PCTINCREASE 0 FREELISTS 1 FREELIST GROUPS 1 BUFFER_POOL DEFAULT FLASH_CACHE DEFAULT CELL_FLASH_CACHE DEFAULT)
   ;
--------------------------------------------------------
--  DDL for Index KRIM_ENTITY_EMAIL_TI1
--------------------------------------------------------

  CREATE INDEX "KRIM_ENTITY_EMAIL_TI1" ON "KRIM_ENTITY_EMAIL_T" ("ENTITY_ID") 
  PCTFREE 10 INITRANS 2 MAXTRANS 255 COMPUTE STATISTICS 
  STORAGE(INITIAL 65536 NEXT 1048576 MINEXTENTS 1 MAXEXTENTS 2147483645
  PCTINCREASE 0 FREELISTS 1 FREELIST GROUPS 1 BUFFER_POOL DEFAULT FLASH_CACHE DEFAULT CELL_FLASH_CACHE DEFAULT)
   ;
--------------------------------------------------------
--  DDL for Index KR_POSTAL_CODE_TC0
--------------------------------------------------------

  CREATE UNIQUE INDEX "KR_POSTAL_CODE_TC0" ON "KRLC_PSTL_CD_T" ("OBJ_ID") 
  PCTFREE 10 INITRANS 2 MAXTRANS 255 COMPUTE STATISTICS 
  STORAGE(INITIAL 65536 NEXT 1048576 MINEXTENTS 1 MAXEXTENTS 2147483645
  PCTINCREASE 0 FREELISTS 1 FREELIST GROUPS 1 BUFFER_POOL DEFAULT FLASH_CACHE DEFAULT CELL_FLASH_CACHE DEFAULT)
   ;
--------------------------------------------------------
--  DDL for Index TRV_ATT_SAMPLEP1
--------------------------------------------------------

  CREATE UNIQUE INDEX "TRV_ATT_SAMPLEP1" ON "TRV_ATT_SAMPLE" ("ATTACHMENT_ID") 
  PCTFREE 10 INITRANS 2 MAXTRANS 255 COMPUTE STATISTICS 
  STORAGE(INITIAL 65536 NEXT 1048576 MINEXTENTS 1 MAXEXTENTS 2147483645
  PCTINCREASE 0 FREELISTS 1 FREELIST GROUPS 1 BUFFER_POOL DEFAULT FLASH_CACHE DEFAULT CELL_FLASH_CACHE DEFAULT)
   ;
--------------------------------------------------------
--  DDL for Index KRIM_PND_DLGN_MBR_ATTR_DATAP1
--------------------------------------------------------

  CREATE UNIQUE INDEX "KRIM_PND_DLGN_MBR_ATTR_DATAP1" ON "KRIM_PND_DLGN_MBR_ATTR_DATA_T" ("FDOC_NBR", "ATTR_DATA_ID") 
  PCTFREE 10 INITRANS 2 MAXTRANS 255 COMPUTE STATISTICS 
  STORAGE(INITIAL 65536 NEXT 1048576 MINEXTENTS 1 MAXEXTENTS 2147483645
  PCTINCREASE 0 FREELISTS 1 FREELIST GROUPS 1 BUFFER_POOL DEFAULT FLASH_CACHE DEFAULT CELL_FLASH_CACHE DEFAULT)
   ;
--------------------------------------------------------
--  DDL for Index KRIM_EMP_TYP_TC1
--------------------------------------------------------

  CREATE UNIQUE INDEX "KRIM_EMP_TYP_TC1" ON "KRIM_EMP_TYP_T" ("NM") 
  PCTFREE 10 INITRANS 2 MAXTRANS 255 
  STORAGE(INITIAL 65536 NEXT 1048576 MINEXTENTS 1 MAXEXTENTS 2147483645
  PCTINCREASE 0 FREELISTS 1 FREELIST GROUPS 1 BUFFER_POOL DEFAULT FLASH_CACHE DEFAULT CELL_FLASH_CACHE DEFAULT)
   ;
--------------------------------------------------------
--  DDL for Index KREW_RTE_BRCH_PROTO_TI1
--------------------------------------------------------

  CREATE INDEX "KREW_RTE_BRCH_PROTO_TI1" ON "KREW_RTE_BRCH_PROTO_T" ("BRCH_NM") 
  PCTFREE 10 INITRANS 2 MAXTRANS 255 COMPUTE STATISTICS 
  STORAGE(INITIAL 65536 NEXT 1048576 MINEXTENTS 1 MAXEXTENTS 2147483645
  PCTINCREASE 0 FREELISTS 1 FREELIST GROUPS 1 BUFFER_POOL DEFAULT FLASH_CACHE DEFAULT CELL_FLASH_CACHE DEFAULT)
   ;
--------------------------------------------------------
--  DDL for Index KRMS_TERM_SPEC_TC1
--------------------------------------------------------

  CREATE UNIQUE INDEX "KRMS_TERM_SPEC_TC1" ON "KRMS_TERM_SPEC_T" ("NM", "NMSPC_CD") 
  PCTFREE 10 INITRANS 2 MAXTRANS 255 
  STORAGE(INITIAL 65536 NEXT 1048576 MINEXTENTS 1 MAXEXTENTS 2147483645
  PCTINCREASE 0 FREELISTS 1 FREELIST GROUPS 1 BUFFER_POOL DEFAULT FLASH_CACHE DEFAULT CELL_FLASH_CACHE DEFAULT)
   ;
--------------------------------------------------------
--  DDL for Index KREW_ACTN_ITM_TI2
--------------------------------------------------------

  CREATE INDEX "KREW_ACTN_ITM_TI2" ON "KREW_ACTN_ITM_T" ("DOC_HDR_ID") 
  PCTFREE 10 INITRANS 2 MAXTRANS 255 COMPUTE STATISTICS 
  STORAGE(INITIAL 65536 NEXT 1048576 MINEXTENTS 1 MAXEXTENTS 2147483645
  PCTINCREASE 0 FREELISTS 1 FREELIST GROUPS 1 BUFFER_POOL DEFAULT FLASH_CACHE DEFAULT CELL_FLASH_CACHE DEFAULT)
   ;
--------------------------------------------------------
--  DDL for Index KREN_NTFCTN_TP1
--------------------------------------------------------

  CREATE UNIQUE INDEX "KREN_NTFCTN_TP1" ON "KREN_NTFCTN_T" ("NTFCTN_ID") 
  PCTFREE 10 INITRANS 2 MAXTRANS 255 COMPUTE STATISTICS 
  STORAGE(INITIAL 65536 NEXT 1048576 MINEXTENTS 1 MAXEXTENTS 2147483645
  PCTINCREASE 0 FREELISTS 1 FREELIST GROUPS 1 BUFFER_POOL DEFAULT FLASH_CACHE DEFAULT CELL_FLASH_CACHE DEFAULT)
   ;
--------------------------------------------------------
--  DDL for Index KRIM_GRP_TP1
--------------------------------------------------------

  CREATE UNIQUE INDEX "KRIM_GRP_TP1" ON "KRIM_GRP_T" ("GRP_ID") 
  PCTFREE 10 INITRANS 2 MAXTRANS 255 COMPUTE STATISTICS 
  STORAGE(INITIAL 65536 NEXT 1048576 MINEXTENTS 1 MAXEXTENTS 2147483645
  PCTINCREASE 0 FREELISTS 1 FREELIST GROUPS 1 BUFFER_POOL DEFAULT FLASH_CACHE DEFAULT CELL_FLASH_CACHE DEFAULT)
   ;
--------------------------------------------------------
--  DDL for Index KREW_ACTN_RQST_T12
--------------------------------------------------------

  CREATE INDEX "KREW_ACTN_RQST_T12" ON "KREW_ACTN_RQST_T" ("PRNCPL_ID") 
  PCTFREE 10 INITRANS 2 MAXTRANS 255 COMPUTE STATISTICS 
  STORAGE(INITIAL 65536 NEXT 1048576 MINEXTENTS 1 MAXEXTENTS 2147483645
  PCTINCREASE 0 FREELISTS 1 FREELIST GROUPS 1 BUFFER_POOL DEFAULT FLASH_CACHE DEFAULT CELL_FLASH_CACHE DEFAULT)
   ;
--------------------------------------------------------
--  DDL for Index KREW_DOC_HDR_TC0
--------------------------------------------------------

  CREATE UNIQUE INDEX "KREW_DOC_HDR_TC0" ON "KREW_DOC_HDR_T" ("OBJ_ID") 
  PCTFREE 10 INITRANS 2 MAXTRANS 255 COMPUTE STATISTICS 
  STORAGE(INITIAL 65536 NEXT 1048576 MINEXTENTS 1 MAXEXTENTS 2147483645
  PCTINCREASE 0 FREELISTS 1 FREELIST GROUPS 1 BUFFER_POOL DEFAULT FLASH_CACHE DEFAULT CELL_FLASH_CACHE DEFAULT)
   ;
--------------------------------------------------------
--  DDL for Index KREW_ATT_TI1
--------------------------------------------------------

  CREATE INDEX "KREW_ATT_TI1" ON "KREW_ATT_T" ("NTE_ID") 
  PCTFREE 10 INITRANS 2 MAXTRANS 255 COMPUTE STATISTICS 
  STORAGE(INITIAL 65536 NEXT 1048576 MINEXTENTS 1 MAXEXTENTS 2147483645
  PCTINCREASE 0 FREELISTS 1 FREELIST GROUPS 1 BUFFER_POOL DEFAULT FLASH_CACHE DEFAULT CELL_FLASH_CACHE DEFAULT)
   ;
--------------------------------------------------------
--  DDL for Index KREN_RECIP_TI1
--------------------------------------------------------

  CREATE INDEX "KREN_RECIP_TI1" ON "KREN_RECIP_T" ("NTFCTN_ID") 
  PCTFREE 10 INITRANS 2 MAXTRANS 255 COMPUTE STATISTICS 
  STORAGE(INITIAL 65536 NEXT 1048576 MINEXTENTS 1 MAXEXTENTS 2147483645
  PCTINCREASE 0 FREELISTS 1 FREELIST GROUPS 1 BUFFER_POOL DEFAULT FLASH_CACHE DEFAULT CELL_FLASH_CACHE DEFAULT)
   ;
--------------------------------------------------------
--  DDL for Index KREN_NTFCTN_MSG_DELIV_TP1
--------------------------------------------------------

  CREATE UNIQUE INDEX "KREN_NTFCTN_MSG_DELIV_TP1" ON "KREN_NTFCTN_MSG_DELIV_T" ("NTFCTN_MSG_DELIV_ID") 
  PCTFREE 10 INITRANS 2 MAXTRANS 255 COMPUTE STATISTICS 
  STORAGE(INITIAL 65536 NEXT 1048576 MINEXTENTS 1 MAXEXTENTS 2147483645
  PCTINCREASE 0 FREELISTS 1 FREELIST GROUPS 1 BUFFER_POOL DEFAULT FLASH_CACHE DEFAULT CELL_FLASH_CACHE DEFAULT)
   ;
--------------------------------------------------------
--  DDL for Index KREW_HLP_TI1
--------------------------------------------------------

  CREATE INDEX "KREW_HLP_TI1" ON "KREW_HLP_T" ("KEY_CD") 
  PCTFREE 10 INITRANS 2 MAXTRANS 255 COMPUTE STATISTICS 
  STORAGE(INITIAL 65536 NEXT 1048576 MINEXTENTS 1 MAXEXTENTS 2147483645
  PCTINCREASE 0 FREELISTS 1 FREELIST GROUPS 1 BUFFER_POOL DEFAULT FLASH_CACHE DEFAULT CELL_FLASH_CACHE DEFAULT)
   ;
--------------------------------------------------------
--  DDL for Index KRMS_CMPND_PROP_PROPS_TI1
--------------------------------------------------------

  CREATE INDEX "KRMS_CMPND_PROP_PROPS_TI1" ON "KRMS_CMPND_PROP_PROPS_T" ("PROP_ID") 
  PCTFREE 10 INITRANS 2 MAXTRANS 255 COMPUTE STATISTICS 
  STORAGE(INITIAL 65536 NEXT 1048576 MINEXTENTS 1 MAXEXTENTS 2147483645
  PCTINCREASE 0 FREELISTS 1 FREELIST GROUPS 1 BUFFER_POOL DEFAULT FLASH_CACHE DEFAULT CELL_FLASH_CACHE DEFAULT)
   ;
--------------------------------------------------------
--  DDL for Index KREW_USR_OPTN_TP1
--------------------------------------------------------

  CREATE UNIQUE INDEX "KREW_USR_OPTN_TP1" ON "KREW_USR_OPTN_T" ("PRNCPL_ID", "PRSN_OPTN_ID") 
  PCTFREE 10 INITRANS 2 MAXTRANS 255 COMPUTE STATISTICS 
  STORAGE(INITIAL 65536 NEXT 1048576 MINEXTENTS 1 MAXEXTENTS 2147483645
  PCTINCREASE 0 FREELISTS 1 FREELIST GROUPS 1 BUFFER_POOL DEFAULT FLASH_CACHE DEFAULT CELL_FLASH_CACHE DEFAULT)
   ;
--------------------------------------------------------
--  DDL for Index KREW_EDL_DMP_TP1
--------------------------------------------------------

  CREATE UNIQUE INDEX "KREW_EDL_DMP_TP1" ON "KREW_EDL_DMP_T" ("DOC_HDR_ID") 
  PCTFREE 10 INITRANS 2 MAXTRANS 255 COMPUTE STATISTICS 
  STORAGE(INITIAL 65536 NEXT 1048576 MINEXTENTS 1 MAXEXTENTS 2147483645
  PCTINCREASE 0 FREELISTS 1 FREELIST GROUPS 1 BUFFER_POOL DEFAULT FLASH_CACHE DEFAULT CELL_FLASH_CACHE DEFAULT)
   ;
--------------------------------------------------------
--  DDL for Index KRIM_ROLE_MBR_TI2
--------------------------------------------------------

  CREATE INDEX "KRIM_ROLE_MBR_TI2" ON "KRIM_ROLE_MBR_T" ("ROLE_ID", "MBR_ID", "MBR_TYP_CD") 
  PCTFREE 10 INITRANS 2 MAXTRANS 255 COMPUTE STATISTICS 
  STORAGE(INITIAL 65536 NEXT 1048576 MINEXTENTS 1 MAXEXTENTS 2147483645
  PCTINCREASE 0 FREELISTS 1 FREELIST GROUPS 1 BUFFER_POOL DEFAULT FLASH_CACHE DEFAULT CELL_FLASH_CACHE DEFAULT)
   ;
--------------------------------------------------------
--  DDL for Index KRSB_QRTZ_FIRED_TRIGGERS_TI9
--------------------------------------------------------

  CREATE INDEX "KRSB_QRTZ_FIRED_TRIGGERS_TI9" ON "KRSB_QRTZ_FIRED_TRIGGERS" ("IS_VOLATILE") 
  PCTFREE 10 INITRANS 2 MAXTRANS 255 COMPUTE STATISTICS 
  STORAGE(INITIAL 65536 NEXT 1048576 MINEXTENTS 1 MAXEXTENTS 2147483645
  PCTINCREASE 0 FREELISTS 1 FREELIST GROUPS 1 BUFFER_POOL DEFAULT FLASH_CACHE DEFAULT CELL_FLASH_CACHE DEFAULT)
   ;
--------------------------------------------------------
--  DDL for Index KRIM_PERM_TI1
--------------------------------------------------------

  CREATE INDEX "KRIM_PERM_TI1" ON "KRIM_PERM_T" ("PERM_TMPL_ID") 
  PCTFREE 10 INITRANS 2 MAXTRANS 255 COMPUTE STATISTICS 
  STORAGE(INITIAL 65536 NEXT 1048576 MINEXTENTS 1 MAXEXTENTS 2147483645
  PCTINCREASE 0 FREELISTS 1 FREELIST GROUPS 1 BUFFER_POOL DEFAULT FLASH_CACHE DEFAULT CELL_FLASH_CACHE DEFAULT)
   ;
--------------------------------------------------------
--  DDL for Index KRMS_RULE_ATTR_TI2
--------------------------------------------------------

  CREATE INDEX "KRMS_RULE_ATTR_TI2" ON "KRMS_RULE_ATTR_T" ("ATTR_DEFN_ID") 
  PCTFREE 10 INITRANS 2 MAXTRANS 255 COMPUTE STATISTICS 
  STORAGE(INITIAL 65536 NEXT 1048576 MINEXTENTS 1 MAXEXTENTS 2147483645
  PCTINCREASE 0 FREELISTS 1 FREELIST GROUPS 1 BUFFER_POOL DEFAULT FLASH_CACHE DEFAULT CELL_FLASH_CACHE DEFAULT)
   ;
--------------------------------------------------------
--  DDL for Index KRIM_ENT_NM_TYP_TP1
--------------------------------------------------------

  CREATE UNIQUE INDEX "KRIM_ENT_NM_TYP_TP1" ON "KRIM_ENT_NM_TYP_T" ("ENT_NM_TYP_CD") 
  PCTFREE 10 INITRANS 2 MAXTRANS 255 COMPUTE STATISTICS 
  STORAGE(INITIAL 65536 NEXT 1048576 MINEXTENTS 1 MAXEXTENTS 2147483645
  PCTINCREASE 0 FREELISTS 1 FREELIST GROUPS 1 BUFFER_POOL DEFAULT FLASH_CACHE DEFAULT CELL_FLASH_CACHE DEFAULT)
   ;
--------------------------------------------------------
--  DDL for Index KREW_DOC_NTE_TI1
--------------------------------------------------------

  CREATE INDEX "KREW_DOC_NTE_TI1" ON "KREW_DOC_NTE_T" ("DOC_HDR_ID") 
  PCTFREE 10 INITRANS 2 MAXTRANS 255 COMPUTE STATISTICS 
  STORAGE(INITIAL 65536 NEXT 1048576 MINEXTENTS 1 MAXEXTENTS 2147483645
  PCTINCREASE 0 FREELISTS 1 FREELIST GROUPS 1 BUFFER_POOL DEFAULT FLASH_CACHE DEFAULT CELL_FLASH_CACHE DEFAULT)
   ;
--------------------------------------------------------
--  DDL for Index KREW_ACTN_RQST_T14
--------------------------------------------------------

  CREATE INDEX "KREW_ACTN_RQST_T14" ON "KREW_ACTN_RQST_T" ("PARNT_ID") 
  PCTFREE 10 INITRANS 2 MAXTRANS 255 COMPUTE STATISTICS 
  STORAGE(INITIAL 65536 NEXT 1048576 MINEXTENTS 1 MAXEXTENTS 2147483645
  PCTINCREASE 0 FREELISTS 1 FREELIST GROUPS 1 BUFFER_POOL DEFAULT FLASH_CACHE DEFAULT CELL_FLASH_CACHE DEFAULT)
   ;
--------------------------------------------------------
--  DDL for Index KREW_ACTN_RQST_T16
--------------------------------------------------------

  CREATE INDEX "KREW_ACTN_RQST_T16" ON "KREW_ACTN_RQST_T" ("STAT_CD", "RSP_ID") 
  PCTFREE 10 INITRANS 2 MAXTRANS 255 COMPUTE STATISTICS 
  STORAGE(INITIAL 65536 NEXT 1048576 MINEXTENTS 1 MAXEXTENTS 2147483645
  PCTINCREASE 0 FREELISTS 1 FREELIST GROUPS 1 BUFFER_POOL DEFAULT FLASH_CACHE DEFAULT CELL_FLASH_CACHE DEFAULT)
   ;
--------------------------------------------------------
--  DDL for Index KRMS_TERM_SPEC_TP1
--------------------------------------------------------

  CREATE UNIQUE INDEX "KRMS_TERM_SPEC_TP1" ON "KRMS_TERM_SPEC_T" ("TERM_SPEC_ID") 
  PCTFREE 10 INITRANS 2 MAXTRANS 255 COMPUTE STATISTICS 
  STORAGE(INITIAL 65536 NEXT 1048576 MINEXTENTS 1 MAXEXTENTS 2147483645
  PCTINCREASE 0 FREELISTS 1 FREELIST GROUPS 1 BUFFER_POOL DEFAULT FLASH_CACHE DEFAULT CELL_FLASH_CACHE DEFAULT)
   ;
--------------------------------------------------------
--  DDL for Index KRMS_NL_USAGE_ATTR_TC1
--------------------------------------------------------

  CREATE UNIQUE INDEX "KRMS_NL_USAGE_ATTR_TC1" ON "KRMS_NL_USAGE_ATTR_T" ("NL_USAGE_ID", "ATTR_DEFN_ID") 
  PCTFREE 10 INITRANS 2 MAXTRANS 255 COMPUTE STATISTICS 
  STORAGE(INITIAL 65536 NEXT 1048576 MINEXTENTS 1 MAXEXTENTS 2147483645
  PCTINCREASE 0 FREELISTS 1 FREELIST GROUPS 1 BUFFER_POOL DEFAULT FLASH_CACHE DEFAULT CELL_FLASH_CACHE DEFAULT)
   ;
--------------------------------------------------------
--  DDL for Index KRNS_NTE_TI1
--------------------------------------------------------

  CREATE INDEX "KRNS_NTE_TI1" ON "KRNS_NTE_T" ("RMT_OBJ_ID") 
  PCTFREE 10 INITRANS 2 MAXTRANS 255 COMPUTE STATISTICS 
  STORAGE(INITIAL 65536 NEXT 1048576 MINEXTENTS 1 MAXEXTENTS 2147483645
  PCTINCREASE 0 FREELISTS 1 FREELIST GROUPS 1 BUFFER_POOL DEFAULT FLASH_CACHE DEFAULT CELL_FLASH_CACHE DEFAULT)
   ;
--------------------------------------------------------
--  DDL for Index KRIM_ROLE_TP1
--------------------------------------------------------

  CREATE UNIQUE INDEX "KRIM_ROLE_TP1" ON "KRIM_ROLE_T" ("ROLE_ID") 
  PCTFREE 10 INITRANS 2 MAXTRANS 255 COMPUTE STATISTICS 
  STORAGE(INITIAL 65536 NEXT 1048576 MINEXTENTS 1 MAXEXTENTS 2147483645
  PCTINCREASE 0 FREELISTS 1 FREELIST GROUPS 1 BUFFER_POOL DEFAULT FLASH_CACHE DEFAULT CELL_FLASH_CACHE DEFAULT)
   ;
--------------------------------------------------------
--  DDL for Index KREW_PPL_FLW_ATTR_TI2
--------------------------------------------------------

  CREATE INDEX "KREW_PPL_FLW_ATTR_TI2" ON "KREW_PPL_FLW_ATTR_T" ("ATTR_DEFN_ID") 
  PCTFREE 10 INITRANS 2 MAXTRANS 255 COMPUTE STATISTICS 
  STORAGE(INITIAL 65536 NEXT 1048576 MINEXTENTS 1 MAXEXTENTS 2147483645
  PCTINCREASE 0 FREELISTS 1 FREELIST GROUPS 1 BUFFER_POOL DEFAULT FLASH_CACHE DEFAULT CELL_FLASH_CACHE DEFAULT)
   ;
--------------------------------------------------------
--  DDL for Index KREW_RTE_NODE_INSTN_TI2
--------------------------------------------------------

  CREATE INDEX "KREW_RTE_NODE_INSTN_TI2" ON "KREW_RTE_NODE_INSTN_T" ("RTE_NODE_ID") 
  PCTFREE 10 INITRANS 2 MAXTRANS 255 COMPUTE STATISTICS 
  STORAGE(INITIAL 65536 NEXT 1048576 MINEXTENTS 1 MAXEXTENTS 2147483645
  PCTINCREASE 0 FREELISTS 1 FREELIST GROUPS 1 BUFFER_POOL DEFAULT FLASH_CACHE DEFAULT CELL_FLASH_CACHE DEFAULT)
   ;
--------------------------------------------------------
--  DDL for Index KRIM_GRP_MBR_TP1
--------------------------------------------------------

  CREATE UNIQUE INDEX "KRIM_GRP_MBR_TP1" ON "KRIM_GRP_MBR_T" ("GRP_MBR_ID") 
  PCTFREE 10 INITRANS 2 MAXTRANS 255 COMPUTE STATISTICS 
  STORAGE(INITIAL 65536 NEXT 1048576 MINEXTENTS 1 MAXEXTENTS 2147483645
  PCTINCREASE 0 FREELISTS 1 FREELIST GROUPS 1 BUFFER_POOL DEFAULT FLASH_CACHE DEFAULT CELL_FLASH_CACHE DEFAULT)
   ;
--------------------------------------------------------
--  DDL for Index KREW_APP_DOC_STAT_TI3
--------------------------------------------------------

  CREATE INDEX "KREW_APP_DOC_STAT_TI3" ON "KREW_APP_DOC_STAT_TRAN_T" ("DOC_HDR_ID", "APP_DOC_STAT_TO") 
  PCTFREE 10 INITRANS 2 MAXTRANS 255 COMPUTE STATISTICS 
  STORAGE(INITIAL 65536 NEXT 1048576 MINEXTENTS 1 MAXEXTENTS 2147483645
  PCTINCREASE 0 FREELISTS 1 FREELIST GROUPS 1 BUFFER_POOL DEFAULT FLASH_CACHE DEFAULT CELL_FLASH_CACHE DEFAULT)
   ;
--------------------------------------------------------
--  DDL for Index KREW_PPL_FLW_FK1
--------------------------------------------------------

  CREATE INDEX "KREW_PPL_FLW_FK1" ON "KREW_PPL_FLW_T" ("TYP_ID") 
  PCTFREE 10 INITRANS 2 MAXTRANS 255 COMPUTE STATISTICS 
  STORAGE(INITIAL 65536 NEXT 1048576 MINEXTENTS 1 MAXEXTENTS 2147483645
  PCTINCREASE 0 FREELISTS 1 FREELIST GROUPS 1 BUFFER_POOL DEFAULT FLASH_CACHE DEFAULT CELL_FLASH_CACHE DEFAULT)
   ;
--------------------------------------------------------
--  DDL for Index KREW_DOC_HDR_EXT_DT_TI1
--------------------------------------------------------

  CREATE INDEX "KREW_DOC_HDR_EXT_DT_TI1" ON "KREW_DOC_HDR_EXT_DT_T" ("KEY_CD", "VAL") 
  PCTFREE 10 INITRANS 2 MAXTRANS 255 COMPUTE STATISTICS 
  STORAGE(INITIAL 65536 NEXT 1048576 MINEXTENTS 1 MAXEXTENTS 2147483645
  PCTINCREASE 0 FREELISTS 1 FREELIST GROUPS 1 BUFFER_POOL DEFAULT FLASH_CACHE DEFAULT CELL_FLASH_CACHE DEFAULT)
   ;
--------------------------------------------------------
--  DDL for Index KREW_DOC_HDR_EXT_DT_TP1
--------------------------------------------------------

  CREATE UNIQUE INDEX "KREW_DOC_HDR_EXT_DT_TP1" ON "KREW_DOC_HDR_EXT_DT_T" ("DOC_HDR_EXT_DT_ID") 
  PCTFREE 10 INITRANS 2 MAXTRANS 255 COMPUTE STATISTICS 
  STORAGE(INITIAL 65536 NEXT 1048576 MINEXTENTS 1 MAXEXTENTS 2147483645
  PCTINCREASE 0 FREELISTS 1 FREELIST GROUPS 1 BUFFER_POOL DEFAULT FLASH_CACHE DEFAULT CELL_FLASH_CACHE DEFAULT)
   ;
--------------------------------------------------------
--  DDL for Index KREW_DOC_TYP_TI3
--------------------------------------------------------

  CREATE INDEX "KREW_DOC_TYP_TI3" ON "KREW_DOC_TYP_T" ("DOC_TYP_ID", "PARNT_ID") 
  PCTFREE 10 INITRANS 2 MAXTRANS 255 COMPUTE STATISTICS 
  STORAGE(INITIAL 65536 NEXT 1048576 MINEXTENTS 1 MAXEXTENTS 2147483645
  PCTINCREASE 0 FREELISTS 1 FREELIST GROUPS 1 BUFFER_POOL DEFAULT FLASH_CACHE DEFAULT CELL_FLASH_CACHE DEFAULT)
   ;
--------------------------------------------------------
--  DDL for Index KREW_BAM_PARM_TI1
--------------------------------------------------------

  CREATE INDEX "KREW_BAM_PARM_TI1" ON "KRSB_BAM_PARM_T" ("BAM_ID") 
  PCTFREE 10 INITRANS 2 MAXTRANS 255 COMPUTE STATISTICS 
  STORAGE(INITIAL 65536 NEXT 1048576 MINEXTENTS 1 MAXEXTENTS 2147483645
  PCTINCREASE 0 FREELISTS 1 FREELIST GROUPS 1 BUFFER_POOL DEFAULT FLASH_CACHE DEFAULT CELL_FLASH_CACHE DEFAULT)
   ;
--------------------------------------------------------
--  DDL for Index KRCR_CMPNT_SET_TP1
--------------------------------------------------------

  CREATE UNIQUE INDEX "KRCR_CMPNT_SET_TP1" ON "KRCR_CMPNT_SET_T" ("CMPNT_SET_ID") 
  PCTFREE 10 INITRANS 2 MAXTRANS 255 COMPUTE STATISTICS 
  STORAGE(INITIAL 65536 NEXT 1048576 MINEXTENTS 1 MAXEXTENTS 2147483645
  PCTINCREASE 0 FREELISTS 1 FREELIST GROUPS 1 BUFFER_POOL DEFAULT FLASH_CACHE DEFAULT CELL_FLASH_CACHE DEFAULT)
   ;
--------------------------------------------------------
--  DDL for Index BK_ORDER_DOC_TP1
--------------------------------------------------------

  CREATE UNIQUE INDEX "BK_ORDER_DOC_TP1" ON "BK_ORDER_DOC_T" ("DOC_HDR_ID") 
  PCTFREE 10 INITRANS 2 MAXTRANS 255 COMPUTE STATISTICS 
  STORAGE(INITIAL 65536 NEXT 1048576 MINEXTENTS 1 MAXEXTENTS 2147483645
  PCTINCREASE 0 FREELISTS 1 FREELIST GROUPS 1 BUFFER_POOL DEFAULT FLASH_CACHE DEFAULT CELL_FLASH_CACHE DEFAULT)
   ;
--------------------------------------------------------
--  DDL for Index TRV_ACCT_TYPEP1
--------------------------------------------------------

  CREATE UNIQUE INDEX "TRV_ACCT_TYPEP1" ON "TRV_ACCT_TYPE" ("ACCT_TYPE") 
  PCTFREE 10 INITRANS 2 MAXTRANS 255 COMPUTE STATISTICS 
  STORAGE(INITIAL 65536 NEXT 1048576 MINEXTENTS 1 MAXEXTENTS 2147483645
  PCTINCREASE 0 FREELISTS 1 FREELIST GROUPS 1 BUFFER_POOL DEFAULT FLASH_CACHE DEFAULT CELL_FLASH_CACHE DEFAULT)
   ;
--------------------------------------------------------
--  DDL for Index KREW_EDL_DEF_TC0
--------------------------------------------------------

  CREATE UNIQUE INDEX "KREW_EDL_DEF_TC0" ON "KREW_EDL_DEF_T" ("OBJ_ID") 
  PCTFREE 10 INITRANS 2 MAXTRANS 255 COMPUTE STATISTICS 
  STORAGE(INITIAL 65536 NEXT 1048576 MINEXTENTS 1 MAXEXTENTS 2147483645
  PCTINCREASE 0 FREELISTS 1 FREELIST GROUPS 1 BUFFER_POOL DEFAULT FLASH_CACHE DEFAULT CELL_FLASH_CACHE DEFAULT)
   ;
--------------------------------------------------------
--  DDL for Index BK_BOOK_TP1
--------------------------------------------------------

  CREATE UNIQUE INDEX "BK_BOOK_TP1" ON "BK_BOOK_T" ("BOOK_ID") 
  PCTFREE 10 INITRANS 2 MAXTRANS 255 COMPUTE STATISTICS 
  STORAGE(INITIAL 65536 NEXT 1048576 MINEXTENTS 1 MAXEXTENTS 2147483645
  PCTINCREASE 0 FREELISTS 1 FREELIST GROUPS 1 BUFFER_POOL DEFAULT FLASH_CACHE DEFAULT CELL_FLASH_CACHE DEFAULT)
   ;
--------------------------------------------------------
--  DDL for Index KRMS_TERM_TP1
--------------------------------------------------------

  CREATE UNIQUE INDEX "KRMS_TERM_TP1" ON "KRMS_TERM_T" ("TERM_ID") 
  PCTFREE 10 INITRANS 2 MAXTRANS 255 COMPUTE STATISTICS 
  STORAGE(INITIAL 65536 NEXT 1048576 MINEXTENTS 1 MAXEXTENTS 2147483645
  PCTINCREASE 0 FREELISTS 1 FREELIST GROUPS 1 BUFFER_POOL DEFAULT FLASH_CACHE DEFAULT CELL_FLASH_CACHE DEFAULT)
   ;
--------------------------------------------------------
--  DDL for Index KREN_PRIO_TC0
--------------------------------------------------------

  CREATE UNIQUE INDEX "KREN_PRIO_TC0" ON "KREN_PRIO_T" ("NM") 
  PCTFREE 10 INITRANS 2 MAXTRANS 255 
  STORAGE(INITIAL 65536 NEXT 1048576 MINEXTENTS 1 MAXEXTENTS 2147483645
  PCTINCREASE 0 FREELISTS 1 FREELIST GROUPS 1 BUFFER_POOL DEFAULT FLASH_CACHE DEFAULT CELL_FLASH_CACHE DEFAULT)
   ;
--------------------------------------------------------
--  DDL for Index KREW_TYP_ATTR_TC1
--------------------------------------------------------

  CREATE UNIQUE INDEX "KREW_TYP_ATTR_TC1" ON "KREW_TYP_ATTR_T" ("TYP_ID", "ATTR_DEFN_ID") 
  PCTFREE 10 INITRANS 2 MAXTRANS 255 COMPUTE STATISTICS 
  STORAGE(INITIAL 65536 NEXT 1048576 MINEXTENTS 1 MAXEXTENTS 2147483645
  PCTINCREASE 0 FREELISTS 1 FREELIST GROUPS 1 BUFFER_POOL DEFAULT FLASH_CACHE DEFAULT CELL_FLASH_CACHE DEFAULT)
   ;
--------------------------------------------------------
--  DDL for Index TRV_DOC_ACCTP1
--------------------------------------------------------

  CREATE UNIQUE INDEX "TRV_DOC_ACCTP1" ON "TRV_DOC_ACCT" ("DOC_HDR_ID", "ACCT_NUM") 
  PCTFREE 10 INITRANS 2 MAXTRANS 255 COMPUTE STATISTICS 
  STORAGE(INITIAL 65536 NEXT 1048576 MINEXTENTS 1 MAXEXTENTS 2147483645
  PCTINCREASE 0 FREELISTS 1 FREELIST GROUPS 1 BUFFER_POOL DEFAULT FLASH_CACHE DEFAULT CELL_FLASH_CACHE DEFAULT)
   ;
--------------------------------------------------------
--  DDL for Index KREN_SNDR_TP1
--------------------------------------------------------

  CREATE UNIQUE INDEX "KREN_SNDR_TP1" ON "KREN_SNDR_T" ("SNDR_ID") 
  PCTFREE 10 INITRANS 2 MAXTRANS 255 COMPUTE STATISTICS 
  STORAGE(INITIAL 65536 NEXT 1048576 MINEXTENTS 1 MAXEXTENTS 2147483645
  PCTINCREASE 0 FREELISTS 1 FREELIST GROUPS 1 BUFFER_POOL DEFAULT FLASH_CACHE DEFAULT CELL_FLASH_CACHE DEFAULT)
   ;
--------------------------------------------------------
--  DDL for Index KREN_NTFCTN_I2
--------------------------------------------------------

  CREATE INDEX "KREN_NTFCTN_I2" ON "KREN_NTFCTN_T" ("PRIO_ID") 
  PCTFREE 10 INITRANS 2 MAXTRANS 255 COMPUTE STATISTICS 
  STORAGE(INITIAL 65536 NEXT 1048576 MINEXTENTS 1 MAXEXTENTS 2147483645
  PCTINCREASE 0 FREELISTS 1 FREELIST GROUPS 1 BUFFER_POOL DEFAULT FLASH_CACHE DEFAULT CELL_FLASH_CACHE DEFAULT)
   ;
--------------------------------------------------------
--  DDL for Index KRNS_PARM_TC0
--------------------------------------------------------

  CREATE UNIQUE INDEX "KRNS_PARM_TC0" ON "KRCR_PARM_T" ("OBJ_ID") 
  PCTFREE 10 INITRANS 2 MAXTRANS 255 COMPUTE STATISTICS 
  STORAGE(INITIAL 65536 NEXT 1048576 MINEXTENTS 1 MAXEXTENTS 2147483645
  PCTINCREASE 0 FREELISTS 1 FREELIST GROUPS 1 BUFFER_POOL DEFAULT FLASH_CACHE DEFAULT CELL_FLASH_CACHE DEFAULT)
   ;
--------------------------------------------------------
--  DDL for Index KREW_RTE_BRCH_TI4
--------------------------------------------------------

  CREATE INDEX "KREW_RTE_BRCH_TI4" ON "KREW_RTE_BRCH_T" ("SPLT_RTE_NODE_INSTN_ID") 
  PCTFREE 10 INITRANS 2 MAXTRANS 255 COMPUTE STATISTICS 
  STORAGE(INITIAL 65536 NEXT 1048576 MINEXTENTS 1 MAXEXTENTS 2147483645
  PCTINCREASE 0 FREELISTS 1 FREELIST GROUPS 1 BUFFER_POOL DEFAULT FLASH_CACHE DEFAULT CELL_FLASH_CACHE DEFAULT)
   ;
--------------------------------------------------------
--  DDL for Index KREW_OUT_BOX_ITM_TP1
--------------------------------------------------------

  CREATE UNIQUE INDEX "KREW_OUT_BOX_ITM_TP1" ON "KREW_OUT_BOX_ITM_T" ("ACTN_ITM_ID") 
  PCTFREE 10 INITRANS 2 MAXTRANS 255 COMPUTE STATISTICS 
  STORAGE(INITIAL 65536 NEXT 1048576 MINEXTENTS 1 MAXEXTENTS 2147483645
  PCTINCREASE 0 FREELISTS 1 FREELIST GROUPS 1 BUFFER_POOL DEFAULT FLASH_CACHE DEFAULT CELL_FLASH_CACHE DEFAULT)
   ;
--------------------------------------------------------
--  DDL for Index KREW_RTE_BRCH_ST_TI2
--------------------------------------------------------

  CREATE INDEX "KREW_RTE_BRCH_ST_TI2" ON "KREW_RTE_BRCH_ST_T" ("RTE_BRCH_ID") 
  PCTFREE 10 INITRANS 2 MAXTRANS 255 COMPUTE STATISTICS 
  STORAGE(INITIAL 65536 NEXT 1048576 MINEXTENTS 1 MAXEXTENTS 2147483645
  PCTINCREASE 0 FREELISTS 1 FREELIST GROUPS 1 BUFFER_POOL DEFAULT FLASH_CACHE DEFAULT CELL_FLASH_CACHE DEFAULT)
   ;
--------------------------------------------------------
--  DDL for Index KRSB_QRTZ_TRIGGERS_TI2
--------------------------------------------------------

  CREATE INDEX "KRSB_QRTZ_TRIGGERS_TI2" ON "KRSB_QRTZ_TRIGGERS" ("NEXT_FIRE_TIME", "TRIGGER_STATE") 
  PCTFREE 10 INITRANS 2 MAXTRANS 255 COMPUTE STATISTICS 
  STORAGE(INITIAL 65536 NEXT 1048576 MINEXTENTS 1 MAXEXTENTS 2147483645
  PCTINCREASE 0 FREELISTS 1 FREELIST GROUPS 1 BUFFER_POOL DEFAULT FLASH_CACHE DEFAULT CELL_FLASH_CACHE DEFAULT)
   ;
--------------------------------------------------------
--  DDL for Index KRNS_PESSIMISTIC_LOCK_TP1
--------------------------------------------------------

  CREATE UNIQUE INDEX "KRNS_PESSIMISTIC_LOCK_TP1" ON "KRNS_PESSIMISTIC_LOCK_T" ("PESSIMISTIC_LOCK_ID") 
  PCTFREE 10 INITRANS 2 MAXTRANS 255 COMPUTE STATISTICS 
  STORAGE(INITIAL 65536 NEXT 1048576 MINEXTENTS 1 MAXEXTENTS 2147483645
  PCTINCREASE 0 FREELISTS 1 FREELIST GROUPS 1 BUFFER_POOL DEFAULT FLASH_CACHE DEFAULT CELL_FLASH_CACHE DEFAULT)
   ;
--------------------------------------------------------
--  DDL for Index TRVL_PER_DIEM_TP1
--------------------------------------------------------

  CREATE UNIQUE INDEX "TRVL_PER_DIEM_TP1" ON "TRVL_PER_DIEM_T" ("ID") 
  PCTFREE 10 INITRANS 2 MAXTRANS 255 COMPUTE STATISTICS 
  STORAGE(INITIAL 65536 NEXT 1048576 MINEXTENTS 1 MAXEXTENTS 2147483645
  PCTINCREASE 0 FREELISTS 1 FREELIST GROUPS 1 BUFFER_POOL DEFAULT FLASH_CACHE DEFAULT CELL_FLASH_CACHE DEFAULT)
   ;
--------------------------------------------------------
--  DDL for Index KREW_DOC_HDR_EXT_DT_TI2
--------------------------------------------------------

  CREATE INDEX "KREW_DOC_HDR_EXT_DT_TI2" ON "KREW_DOC_HDR_EXT_DT_T" ("DOC_HDR_ID") 
  PCTFREE 10 INITRANS 2 MAXTRANS 255 COMPUTE STATISTICS 
  STORAGE(INITIAL 65536 NEXT 1048576 MINEXTENTS 1 MAXEXTENTS 2147483645
  PCTINCREASE 0 FREELISTS 1 FREELIST GROUPS 1 BUFFER_POOL DEFAULT FLASH_CACHE DEFAULT CELL_FLASH_CACHE DEFAULT)
   ;
--------------------------------------------------------
--  DDL for Index KRMS_TYP_RELN_TP1
--------------------------------------------------------

  CREATE UNIQUE INDEX "KRMS_TYP_RELN_TP1" ON "KRMS_TYP_RELN_T" ("TYP_RELN_ID") 
  PCTFREE 10 INITRANS 2 MAXTRANS 255 COMPUTE STATISTICS 
  STORAGE(INITIAL 65536 NEXT 1048576 MINEXTENTS 1 MAXEXTENTS 2147483645
  PCTINCREASE 0 FREELISTS 1 FREELIST GROUPS 1 BUFFER_POOL DEFAULT FLASH_CACHE DEFAULT CELL_FLASH_CACHE DEFAULT)
   ;
--------------------------------------------------------
--  DDL for Index KRIM_AFLTN_TYP_TC0
--------------------------------------------------------

  CREATE UNIQUE INDEX "KRIM_AFLTN_TYP_TC0" ON "KRIM_AFLTN_TYP_T" ("OBJ_ID") 
  PCTFREE 10 INITRANS 2 MAXTRANS 255 
  STORAGE(INITIAL 65536 NEXT 1048576 MINEXTENTS 1 MAXEXTENTS 2147483645
  PCTINCREASE 0 FREELISTS 1 FREELIST GROUPS 1 BUFFER_POOL DEFAULT FLASH_CACHE DEFAULT CELL_FLASH_CACHE DEFAULT)
   ;
--------------------------------------------------------
--  DDL for Index KREW_RULE_TMPL_ATTR_TI1
--------------------------------------------------------

  CREATE INDEX "KREW_RULE_TMPL_ATTR_TI1" ON "KREW_RULE_TMPL_ATTR_T" ("RULE_TMPL_ID") 
  PCTFREE 10 INITRANS 2 MAXTRANS 255 COMPUTE STATISTICS 
  STORAGE(INITIAL 65536 NEXT 1048576 MINEXTENTS 1 MAXEXTENTS 2147483645
  PCTINCREASE 0 FREELISTS 1 FREELIST GROUPS 1 BUFFER_POOL DEFAULT FLASH_CACHE DEFAULT CELL_FLASH_CACHE DEFAULT)
   ;
--------------------------------------------------------
--  DDL for Index KRIM_ENTITY_ADDR_TI1
--------------------------------------------------------

  CREATE INDEX "KRIM_ENTITY_ADDR_TI1" ON "KRIM_ENTITY_ADDR_T" ("ENTITY_ID") 
  PCTFREE 10 INITRANS 2 MAXTRANS 255 COMPUTE STATISTICS 
  STORAGE(INITIAL 65536 NEXT 1048576 MINEXTENTS 1 MAXEXTENTS 2147483645
  PCTINCREASE 0 FREELISTS 1 FREELIST GROUPS 1 BUFFER_POOL DEFAULT FLASH_CACHE DEFAULT CELL_FLASH_CACHE DEFAULT)
   ;
--------------------------------------------------------
--  DDL for Index KREW_ACTN_RQST_TP1
--------------------------------------------------------

  CREATE UNIQUE INDEX "KREW_ACTN_RQST_TP1" ON "KREW_ACTN_RQST_T" ("ACTN_RQST_ID") 
  PCTFREE 10 INITRANS 2 MAXTRANS 255 COMPUTE STATISTICS 
  STORAGE(INITIAL 65536 NEXT 1048576 MINEXTENTS 1 MAXEXTENTS 2147483645
  PCTINCREASE 0 FREELISTS 1 FREELIST GROUPS 1 BUFFER_POOL DEFAULT FLASH_CACHE DEFAULT CELL_FLASH_CACHE DEFAULT)
   ;
--------------------------------------------------------
--  DDL for Index KRIM_ENTITY_AFLTN_TI1
--------------------------------------------------------

  CREATE INDEX "KRIM_ENTITY_AFLTN_TI1" ON "KRIM_ENTITY_AFLTN_T" ("ENTITY_ID") 
  PCTFREE 10 INITRANS 2 MAXTRANS 255 COMPUTE STATISTICS 
  STORAGE(INITIAL 65536 NEXT 1048576 MINEXTENTS 1 MAXEXTENTS 2147483645
  PCTINCREASE 0 FREELISTS 1 FREELIST GROUPS 1 BUFFER_POOL DEFAULT FLASH_CACHE DEFAULT CELL_FLASH_CACHE DEFAULT)
   ;
--------------------------------------------------------
--  DDL for Index KRIM_EXT_ID_TYP_TC0
--------------------------------------------------------

  CREATE UNIQUE INDEX "KRIM_EXT_ID_TYP_TC0" ON "KRIM_EXT_ID_TYP_T" ("OBJ_ID") 
  PCTFREE 10 INITRANS 2 MAXTRANS 255 COMPUTE STATISTICS 
  STORAGE(INITIAL 65536 NEXT 1048576 MINEXTENTS 1 MAXEXTENTS 2147483645
  PCTINCREASE 0 FREELISTS 1 FREELIST GROUPS 1 BUFFER_POOL DEFAULT FLASH_CACHE DEFAULT CELL_FLASH_CACHE DEFAULT)
   ;
--------------------------------------------------------
--  DDL for Index KREW_DOC_TYP_PROC_TP1
--------------------------------------------------------

  CREATE UNIQUE INDEX "KREW_DOC_TYP_PROC_TP1" ON "KREW_DOC_TYP_PROC_T" ("DOC_TYP_PROC_ID") 
  PCTFREE 10 INITRANS 2 MAXTRANS 255 COMPUTE STATISTICS 
  STORAGE(INITIAL 65536 NEXT 1048576 MINEXTENTS 1 MAXEXTENTS 2147483645
  PCTINCREASE 0 FREELISTS 1 FREELIST GROUPS 1 BUFFER_POOL DEFAULT FLASH_CACHE DEFAULT CELL_FLASH_CACHE DEFAULT)
   ;
--------------------------------------------------------
--  DDL for Index KRMS_TERM_RSLVR_ATTR_TP1
--------------------------------------------------------

  CREATE UNIQUE INDEX "KRMS_TERM_RSLVR_ATTR_TP1" ON "KRMS_TERM_RSLVR_ATTR_T" ("TERM_RSLVR_ATTR_ID") 
  PCTFREE 10 INITRANS 2 MAXTRANS 255 COMPUTE STATISTICS 
  STORAGE(INITIAL 65536 NEXT 1048576 MINEXTENTS 1 MAXEXTENTS 2147483645
  PCTINCREASE 0 FREELISTS 1 FREELIST GROUPS 1 BUFFER_POOL DEFAULT FLASH_CACHE DEFAULT CELL_FLASH_CACHE DEFAULT)
   ;
--------------------------------------------------------
--  DDL for Index KRIM_EMP_TYP_TC0
--------------------------------------------------------

  CREATE UNIQUE INDEX "KRIM_EMP_TYP_TC0" ON "KRIM_EMP_TYP_T" ("OBJ_ID") 
  PCTFREE 10 INITRANS 2 MAXTRANS 255 
  STORAGE(INITIAL 65536 NEXT 1048576 MINEXTENTS 1 MAXEXTENTS 2147483645
  PCTINCREASE 0 FREELISTS 1 FREELIST GROUPS 1 BUFFER_POOL DEFAULT FLASH_CACHE DEFAULT CELL_FLASH_CACHE DEFAULT)
   ;
--------------------------------------------------------
--  DDL for Index KREW_DOC_HDR_EXT_LONG_TI3
--------------------------------------------------------

  CREATE INDEX "KREW_DOC_HDR_EXT_LONG_TI3" ON "KREW_DOC_HDR_EXT_LONG_T" ("VAL") 
  PCTFREE 10 INITRANS 2 MAXTRANS 255 COMPUTE STATISTICS 
  STORAGE(INITIAL 65536 NEXT 1048576 MINEXTENTS 1 MAXEXTENTS 2147483645
  PCTINCREASE 0 FREELISTS 1 FREELIST GROUPS 1 BUFFER_POOL DEFAULT FLASH_CACHE DEFAULT CELL_FLASH_CACHE DEFAULT)
   ;
--------------------------------------------------------
--  DDL for Index KRSB_BAM_TI2
--------------------------------------------------------

  CREATE INDEX "KRSB_BAM_TI2" ON "KRSB_BAM_T" ("SVC_NM") 
  PCTFREE 10 INITRANS 2 MAXTRANS 255 COMPUTE STATISTICS 
  STORAGE(INITIAL 65536 NEXT 1048576 MINEXTENTS 1 MAXEXTENTS 2147483645
  PCTINCREASE 0 FREELISTS 1 FREELIST GROUPS 1 BUFFER_POOL DEFAULT FLASH_CACHE DEFAULT CELL_FLASH_CACHE DEFAULT)
   ;
--------------------------------------------------------
--  DDL for Index KRMS_AGENDA_ITM_TI3
--------------------------------------------------------

  CREATE INDEX "KRMS_AGENDA_ITM_TI3" ON "KRMS_AGENDA_ITM_T" ("SUB_AGENDA_ID") 
  PCTFREE 10 INITRANS 2 MAXTRANS 255 COMPUTE STATISTICS 
  STORAGE(INITIAL 65536 NEXT 1048576 MINEXTENTS 1 MAXEXTENTS 2147483645
  PCTINCREASE 0 FREELISTS 1 FREELIST GROUPS 1 BUFFER_POOL DEFAULT FLASH_CACHE DEFAULT CELL_FLASH_CACHE DEFAULT)
   ;
--------------------------------------------------------
--  DDL for Index KREW_DOC_TYP_APP_DOC_STAT_T2
--------------------------------------------------------

  CREATE INDEX "KREW_DOC_TYP_APP_DOC_STAT_T2" ON "KREW_DOC_TYP_APP_DOC_STAT_T" ("DOC_TYP_ID", "CAT_NM") 
  PCTFREE 10 INITRANS 2 MAXTRANS 255 COMPUTE STATISTICS 
  STORAGE(INITIAL 65536 NEXT 1048576 MINEXTENTS 1 MAXEXTENTS 2147483645
  PCTINCREASE 0 FREELISTS 1 FREELIST GROUPS 1 BUFFER_POOL DEFAULT FLASH_CACHE DEFAULT CELL_FLASH_CACHE DEFAULT)
   ;
--------------------------------------------------------
--  DDL for Index KRSB_QRTZ_BLOB_TRIGGERSP1
--------------------------------------------------------

  CREATE UNIQUE INDEX "KRSB_QRTZ_BLOB_TRIGGERSP1" ON "KRSB_QRTZ_BLOB_TRIGGERS" ("TRIGGER_NAME", "TRIGGER_GROUP") 
  PCTFREE 10 INITRANS 2 MAXTRANS 255 COMPUTE STATISTICS 
  STORAGE(INITIAL 65536 NEXT 1048576 MINEXTENTS 1 MAXEXTENTS 2147483645
  PCTINCREASE 0 FREELISTS 1 FREELIST GROUPS 1 BUFFER_POOL DEFAULT FLASH_CACHE DEFAULT CELL_FLASH_CACHE DEFAULT)
   ;
--------------------------------------------------------
--  DDL for Index TRAV_DOC_2_ACCOUNTSP1
--------------------------------------------------------

  CREATE UNIQUE INDEX "TRAV_DOC_2_ACCOUNTSP1" ON "TRAV_DOC_2_ACCOUNTS" ("FDOC_NBR", "ACCT_NUM") 
  PCTFREE 10 INITRANS 2 MAXTRANS 255 COMPUTE STATISTICS 
  STORAGE(INITIAL 65536 NEXT 1048576 MINEXTENTS 1 MAXEXTENTS 2147483645
  PCTINCREASE 0 FREELISTS 1 FREELIST GROUPS 1 BUFFER_POOL DEFAULT FLASH_CACHE DEFAULT CELL_FLASH_CACHE DEFAULT)
   ;
--------------------------------------------------------
--  DDL for Index KREW_INIT_RTE_NODE_INSTN_TI2
--------------------------------------------------------

  CREATE INDEX "KREW_INIT_RTE_NODE_INSTN_TI2" ON "KREW_INIT_RTE_NODE_INSTN_T" ("RTE_NODE_INSTN_ID") 
  PCTFREE 10 INITRANS 2 MAXTRANS 255 COMPUTE STATISTICS 
  STORAGE(INITIAL 65536 NEXT 1048576 MINEXTENTS 1 MAXEXTENTS 2147483645
  PCTINCREASE 0 FREELISTS 1 FREELIST GROUPS 1 BUFFER_POOL DEFAULT FLASH_CACHE DEFAULT CELL_FLASH_CACHE DEFAULT)
   ;
--------------------------------------------------------
--  DDL for Index KRMS_REF_OBJ_KRMS_OBJ_TC1
--------------------------------------------------------

  CREATE UNIQUE INDEX "KRMS_REF_OBJ_KRMS_OBJ_TC1" ON "KRMS_REF_OBJ_KRMS_OBJ_T" ("COLLECTION_NM", "KRMS_OBJ_ID", "KRMS_DSCR_TYP", "REF_OBJ_ID", "REF_DSCR_TYP", "NMSPC_CD") 
  PCTFREE 10 INITRANS 2 MAXTRANS 255 COMPUTE STATISTICS 
  STORAGE(INITIAL 65536 NEXT 1048576 MINEXTENTS 1 MAXEXTENTS 2147483645
  PCTINCREASE 0 FREELISTS 1 FREELIST GROUPS 1 BUFFER_POOL DEFAULT FLASH_CACHE DEFAULT CELL_FLASH_CACHE DEFAULT)
   ;
--------------------------------------------------------
--  DDL for Index KRIM_ATTR_DEFN_TC0
--------------------------------------------------------

  CREATE UNIQUE INDEX "KRIM_ATTR_DEFN_TC0" ON "KRIM_ATTR_DEFN_T" ("OBJ_ID") 
  PCTFREE 10 INITRANS 2 MAXTRANS 255 
  STORAGE(INITIAL 65536 NEXT 1048576 MINEXTENTS 1 MAXEXTENTS 2147483645
  PCTINCREASE 0 FREELISTS 1 FREELIST GROUPS 1 BUFFER_POOL DEFAULT FLASH_CACHE DEFAULT CELL_FLASH_CACHE DEFAULT)
   ;
--------------------------------------------------------
--  DDL for Index KRSB_MSG_QUE_TI1
--------------------------------------------------------

  CREATE INDEX "KRSB_MSG_QUE_TI1" ON "KRSB_MSG_QUE_T" ("SVC_NM", "SVC_MTHD_NM") 
  PCTFREE 10 INITRANS 2 MAXTRANS 255 COMPUTE STATISTICS 
  STORAGE(INITIAL 65536 NEXT 1048576 MINEXTENTS 1 MAXEXTENTS 2147483645
  PCTINCREASE 0 FREELISTS 1 FREELIST GROUPS 1 BUFFER_POOL DEFAULT FLASH_CACHE DEFAULT CELL_FLASH_CACHE DEFAULT)
   ;
--------------------------------------------------------
--  DDL for Index TRV_DOC_2P1
--------------------------------------------------------

  CREATE UNIQUE INDEX "TRV_DOC_2P1" ON "TRV_DOC_2" ("FDOC_NBR") 
  PCTFREE 10 INITRANS 2 MAXTRANS 255 COMPUTE STATISTICS 
  STORAGE(INITIAL 65536 NEXT 1048576 MINEXTENTS 1 MAXEXTENTS 2147483645
  PCTINCREASE 0 FREELISTS 1 FREELIST GROUPS 1 BUFFER_POOL DEFAULT FLASH_CACHE DEFAULT CELL_FLASH_CACHE DEFAULT)
   ;
--------------------------------------------------------
--  DDL for Index KREW_DOC_TYP_APP_DOC_STAT_TP1
--------------------------------------------------------

  CREATE UNIQUE INDEX "KREW_DOC_TYP_APP_DOC_STAT_TP1" ON "KREW_DOC_TYP_APP_DOC_STAT_T" ("DOC_TYP_ID", "DOC_STAT_NM") 
  PCTFREE 10 INITRANS 2 MAXTRANS 255 COMPUTE STATISTICS 
  STORAGE(INITIAL 65536 NEXT 1048576 MINEXTENTS 1 MAXEXTENTS 2147483645
  PCTINCREASE 0 FREELISTS 1 FREELIST GROUPS 1 BUFFER_POOL DEFAULT FLASH_CACHE DEFAULT CELL_FLASH_CACHE DEFAULT)
   ;
--------------------------------------------------------
--  DDL for Index KREN_NTFCTN_MSG_DELIV_TC0
--------------------------------------------------------

  CREATE UNIQUE INDEX "KREN_NTFCTN_MSG_DELIV_TC0" ON "KREN_NTFCTN_MSG_DELIV_T" ("NTFCTN_ID", "RECIP_ID") 
  PCTFREE 10 INITRANS 2 MAXTRANS 255 COMPUTE STATISTICS 
  STORAGE(INITIAL 65536 NEXT 1048576 MINEXTENTS 1 MAXEXTENTS 2147483645
  PCTINCREASE 0 FREELISTS 1 FREELIST GROUPS 1 BUFFER_POOL DEFAULT FLASH_CACHE DEFAULT CELL_FLASH_CACHE DEFAULT)
   ;
--------------------------------------------------------
--  DDL for Index KRNS_LOOKUP_RSLT_TC0
--------------------------------------------------------

  CREATE UNIQUE INDEX "KRNS_LOOKUP_RSLT_TC0" ON "KRNS_LOOKUP_RSLT_T" ("OBJ_ID") 
  PCTFREE 10 INITRANS 2 MAXTRANS 255 COMPUTE STATISTICS 
  STORAGE(INITIAL 65536 NEXT 1048576 MINEXTENTS 1 MAXEXTENTS 2147483645
  PCTINCREASE 0 FREELISTS 1 FREELIST GROUPS 1 BUFFER_POOL DEFAULT FLASH_CACHE DEFAULT CELL_FLASH_CACHE DEFAULT)
   ;
--------------------------------------------------------
--  DDL for Index KRIM_ENTITY_EMP_INFO_TP1
--------------------------------------------------------

  CREATE UNIQUE INDEX "KRIM_ENTITY_EMP_INFO_TP1" ON "KRIM_ENTITY_EMP_INFO_T" ("ENTITY_EMP_ID") 
  PCTFREE 10 INITRANS 2 MAXTRANS 255 COMPUTE STATISTICS 
  STORAGE(INITIAL 65536 NEXT 1048576 MINEXTENTS 1 MAXEXTENTS 2147483645
  PCTINCREASE 0 FREELISTS 1 FREELIST GROUPS 1 BUFFER_POOL DEFAULT FLASH_CACHE DEFAULT CELL_FLASH_CACHE DEFAULT)
   ;
--------------------------------------------------------
--  DDL for Index KRSB_QRTZ_FIRED_TRIGGERS_TI2
--------------------------------------------------------

  CREATE INDEX "KRSB_QRTZ_FIRED_TRIGGERS_TI2" ON "KRSB_QRTZ_FIRED_TRIGGERS" ("JOB_NAME") 
  PCTFREE 10 INITRANS 2 MAXTRANS 255 COMPUTE STATISTICS 
  STORAGE(INITIAL 65536 NEXT 1048576 MINEXTENTS 1 MAXEXTENTS 2147483645
  PCTINCREASE 0 FREELISTS 1 FREELIST GROUPS 1 BUFFER_POOL DEFAULT FLASH_CACHE DEFAULT CELL_FLASH_CACHE DEFAULT)
   ;
--------------------------------------------------------
--  DDL for Index KREW_RULE_RSP_TP1
--------------------------------------------------------

  CREATE UNIQUE INDEX "KREW_RULE_RSP_TP1" ON "KREW_RULE_RSP_T" ("RULE_RSP_ID") 
  PCTFREE 10 INITRANS 2 MAXTRANS 255 COMPUTE STATISTICS 
  STORAGE(INITIAL 65536 NEXT 1048576 MINEXTENTS 1 MAXEXTENTS 2147483645
  PCTINCREASE 0 FREELISTS 1 FREELIST GROUPS 1 BUFFER_POOL DEFAULT FLASH_CACHE DEFAULT CELL_FLASH_CACHE DEFAULT)
   ;
--------------------------------------------------------
--  DDL for Index KREW_ACTN_TKN_TI1
--------------------------------------------------------

  CREATE INDEX "KREW_ACTN_TKN_TI1" ON "KREW_ACTN_TKN_T" ("DOC_HDR_ID", "PRNCPL_ID") 
  PCTFREE 10 INITRANS 2 MAXTRANS 255 COMPUTE STATISTICS 
  STORAGE(INITIAL 65536 NEXT 1048576 MINEXTENTS 1 MAXEXTENTS 2147483645
  PCTINCREASE 0 FREELISTS 1 FREELIST GROUPS 1 BUFFER_POOL DEFAULT FLASH_CACHE DEFAULT CELL_FLASH_CACHE DEFAULT)
   ;
--------------------------------------------------------
--  DDL for Index KRIM_ROLE_MBR_ATTR_DATA_TC0
--------------------------------------------------------

  CREATE UNIQUE INDEX "KRIM_ROLE_MBR_ATTR_DATA_TC0" ON "KRIM_ROLE_MBR_ATTR_DATA_T" ("OBJ_ID") 
  PCTFREE 10 INITRANS 2 MAXTRANS 255 COMPUTE STATISTICS 
  STORAGE(INITIAL 65536 NEXT 1048576 MINEXTENTS 1 MAXEXTENTS 2147483645
  PCTINCREASE 0 FREELISTS 1 FREELIST GROUPS 1 BUFFER_POOL DEFAULT FLASH_CACHE DEFAULT CELL_FLASH_CACHE DEFAULT)
   ;
--------------------------------------------------------
--  DDL for Index KRIM_PRNCPL_TC0
--------------------------------------------------------

  CREATE UNIQUE INDEX "KRIM_PRNCPL_TC0" ON "KRIM_PRNCPL_T" ("OBJ_ID") 
  PCTFREE 10 INITRANS 2 MAXTRANS 255 COMPUTE STATISTICS 
  STORAGE(INITIAL 65536 NEXT 1048576 MINEXTENTS 1 MAXEXTENTS 2147483645
  PCTINCREASE 0 FREELISTS 1 FREELIST GROUPS 1 BUFFER_POOL DEFAULT FLASH_CACHE DEFAULT CELL_FLASH_CACHE DEFAULT)
   ;
--------------------------------------------------------
--  DDL for Index KREW_PPL_FLW_TC1
--------------------------------------------------------

  CREATE UNIQUE INDEX "KREW_PPL_FLW_TC1" ON "KREW_PPL_FLW_T" ("NM", "NMSPC_CD") 
  PCTFREE 10 INITRANS 2 MAXTRANS 255 COMPUTE STATISTICS 
  STORAGE(INITIAL 65536 NEXT 1048576 MINEXTENTS 1 MAXEXTENTS 2147483645
  PCTINCREASE 0 FREELISTS 1 FREELIST GROUPS 1 BUFFER_POOL DEFAULT FLASH_CACHE DEFAULT CELL_FLASH_CACHE DEFAULT)
   ;
--------------------------------------------------------
--  DDL for Index KREW_DOC_HDR_TI3
--------------------------------------------------------

  CREATE INDEX "KREW_DOC_HDR_TI3" ON "KREW_DOC_HDR_T" ("DOC_HDR_STAT_CD") 
  PCTFREE 10 INITRANS 2 MAXTRANS 255 COMPUTE STATISTICS 
  STORAGE(INITIAL 65536 NEXT 1048576 MINEXTENTS 1 MAXEXTENTS 2147483645
  PCTINCREASE 0 FREELISTS 1 FREELIST GROUPS 1 BUFFER_POOL DEFAULT FLASH_CACHE DEFAULT CELL_FLASH_CACHE DEFAULT)
   ;
--------------------------------------------------------
--  DDL for Index KRMS_TERM_RSLVR_TP1
--------------------------------------------------------

  CREATE UNIQUE INDEX "KRMS_TERM_RSLVR_TP1" ON "KRMS_TERM_RSLVR_T" ("TERM_RSLVR_ID") 
  PCTFREE 10 INITRANS 2 MAXTRANS 255 COMPUTE STATISTICS 
  STORAGE(INITIAL 65536 NEXT 1048576 MINEXTENTS 1 MAXEXTENTS 2147483645
  PCTINCREASE 0 FREELISTS 1 FREELIST GROUPS 1 BUFFER_POOL DEFAULT FLASH_CACHE DEFAULT CELL_FLASH_CACHE DEFAULT)
   ;
--------------------------------------------------------
--  DDL for Index KREN_CHNL_SUBSCRP_TP1
--------------------------------------------------------

  CREATE UNIQUE INDEX "KREN_CHNL_SUBSCRP_TP1" ON "KREN_CHNL_SUBSCRP_T" ("CHNL_SUBSCRP_ID") 
  PCTFREE 10 INITRANS 2 MAXTRANS 255 COMPUTE STATISTICS 
  STORAGE(INITIAL 65536 NEXT 1048576 MINEXTENTS 1 MAXEXTENTS 2147483645
  PCTINCREASE 0 FREELISTS 1 FREELIST GROUPS 1 BUFFER_POOL DEFAULT FLASH_CACHE DEFAULT CELL_FLASH_CACHE DEFAULT)
   ;
--------------------------------------------------------
--  DDL for Index KREW_RTE_BRCH_ST_TI1
--------------------------------------------------------

  CREATE INDEX "KREW_RTE_BRCH_ST_TI1" ON "KREW_RTE_BRCH_ST_T" ("RTE_BRCH_ID", "KEY_CD") 
  PCTFREE 10 INITRANS 2 MAXTRANS 255 COMPUTE STATISTICS 
  STORAGE(INITIAL 65536 NEXT 1048576 MINEXTENTS 1 MAXEXTENTS 2147483645
  PCTINCREASE 0 FREELISTS 1 FREELIST GROUPS 1 BUFFER_POOL DEFAULT FLASH_CACHE DEFAULT CELL_FLASH_CACHE DEFAULT)
   ;
--------------------------------------------------------
--  DDL for Index KRMS_AGENDA_ITM_TI1
--------------------------------------------------------

  CREATE INDEX "KRMS_AGENDA_ITM_TI1" ON "KRMS_AGENDA_ITM_T" ("RULE_ID") 
  PCTFREE 10 INITRANS 2 MAXTRANS 255 COMPUTE STATISTICS 
  STORAGE(INITIAL 65536 NEXT 1048576 MINEXTENTS 1 MAXEXTENTS 2147483645
  PCTINCREASE 0 FREELISTS 1 FREELIST GROUPS 1 BUFFER_POOL DEFAULT FLASH_CACHE DEFAULT CELL_FLASH_CACHE DEFAULT)
   ;
--------------------------------------------------------
--  DDL for Index KREN_NTFCTN_I3
--------------------------------------------------------

  CREATE INDEX "KREN_NTFCTN_I3" ON "KREN_NTFCTN_T" ("PRODCR_ID") 
  PCTFREE 10 INITRANS 2 MAXTRANS 255 COMPUTE STATISTICS 
  STORAGE(INITIAL 65536 NEXT 1048576 MINEXTENTS 1 MAXEXTENTS 2147483645
  PCTINCREASE 0 FREELISTS 1 FREELIST GROUPS 1 BUFFER_POOL DEFAULT FLASH_CACHE DEFAULT CELL_FLASH_CACHE DEFAULT)
   ;
--------------------------------------------------------
--  DDL for Index KREN_SNDR_TC0
--------------------------------------------------------

  CREATE UNIQUE INDEX "KREN_SNDR_TC0" ON "KREN_SNDR_T" ("NTFCTN_ID", "NM") 
  PCTFREE 10 INITRANS 2 MAXTRANS 255 COMPUTE STATISTICS 
  STORAGE(INITIAL 65536 NEXT 1048576 MINEXTENTS 1 MAXEXTENTS 2147483645
  PCTINCREASE 0 FREELISTS 1 FREELIST GROUPS 1 BUFFER_POOL DEFAULT FLASH_CACHE DEFAULT CELL_FLASH_CACHE DEFAULT)
   ;
--------------------------------------------------------
--  DDL for Index KRMS_ATTR_DEFN_TC1
--------------------------------------------------------

  CREATE UNIQUE INDEX "KRMS_ATTR_DEFN_TC1" ON "KRMS_ATTR_DEFN_T" ("NM", "NMSPC_CD") 
  PCTFREE 10 INITRANS 2 MAXTRANS 255 
  STORAGE(INITIAL 65536 NEXT 1048576 MINEXTENTS 1 MAXEXTENTS 2147483645
  PCTINCREASE 0 FREELISTS 1 FREELIST GROUPS 1 BUFFER_POOL DEFAULT FLASH_CACHE DEFAULT CELL_FLASH_CACHE DEFAULT)
   ;
--------------------------------------------------------
--  DDL for Index KRIM_PND_ROLE_RSP_TP1
--------------------------------------------------------

  CREATE UNIQUE INDEX "KRIM_PND_ROLE_RSP_TP1" ON "KRIM_PND_ROLE_RSP_T" ("FDOC_NBR", "ROLE_RSP_ID") 
  PCTFREE 10 INITRANS 2 MAXTRANS 255 COMPUTE STATISTICS 
  STORAGE(INITIAL 65536 NEXT 1048576 MINEXTENTS 1 MAXEXTENTS 2147483645
  PCTINCREASE 0 FREELISTS 1 FREELIST GROUPS 1 BUFFER_POOL DEFAULT FLASH_CACHE DEFAULT CELL_FLASH_CACHE DEFAULT)
   ;
--------------------------------------------------------
--  DDL for Index KRIM_TYP_TC0
--------------------------------------------------------

  CREATE UNIQUE INDEX "KRIM_TYP_TC0" ON "KRIM_TYP_T" ("OBJ_ID") 
  PCTFREE 10 INITRANS 2 MAXTRANS 255 
  STORAGE(INITIAL 65536 NEXT 1048576 MINEXTENTS 1 MAXEXTENTS 2147483645
  PCTINCREASE 0 FREELISTS 1 FREELIST GROUPS 1 BUFFER_POOL DEFAULT FLASH_CACHE DEFAULT CELL_FLASH_CACHE DEFAULT)
   ;
--------------------------------------------------------
--  DDL for Index KRIM_PERM_T_TC1
--------------------------------------------------------

  CREATE UNIQUE INDEX "KRIM_PERM_T_TC1" ON "KRIM_PERM_T" ("NM", "NMSPC_CD") 
  PCTFREE 10 INITRANS 2 MAXTRANS 255 
  STORAGE(INITIAL 65536 NEXT 1048576 MINEXTENTS 1 MAXEXTENTS 2147483645
  PCTINCREASE 0 FREELISTS 1 FREELIST GROUPS 1 BUFFER_POOL DEFAULT FLASH_CACHE DEFAULT CELL_FLASH_CACHE DEFAULT)
   ;
--------------------------------------------------------
--  DDL for Index KRIM_ENTITY_PHONE_TP1
--------------------------------------------------------

  CREATE UNIQUE INDEX "KRIM_ENTITY_PHONE_TP1" ON "KRIM_ENTITY_PHONE_T" ("ENTITY_PHONE_ID") 
  PCTFREE 10 INITRANS 2 MAXTRANS 255 COMPUTE STATISTICS 
  STORAGE(INITIAL 65536 NEXT 1048576 MINEXTENTS 1 MAXEXTENTS 2147483645
  PCTINCREASE 0 FREELISTS 1 FREELIST GROUPS 1 BUFFER_POOL DEFAULT FLASH_CACHE DEFAULT CELL_FLASH_CACHE DEFAULT)
   ;
--------------------------------------------------------
--  DDL for Index KREN_PRODCR_TC0
--------------------------------------------------------

  CREATE UNIQUE INDEX "KREN_PRODCR_TC0" ON "KREN_PRODCR_T" ("NM") 
  PCTFREE 10 INITRANS 2 MAXTRANS 255 
  STORAGE(INITIAL 65536 NEXT 1048576 MINEXTENTS 1 MAXEXTENTS 2147483645
  PCTINCREASE 0 FREELISTS 1 FREELIST GROUPS 1 BUFFER_POOL DEFAULT FLASH_CACHE DEFAULT CELL_FLASH_CACHE DEFAULT)
   ;
--------------------------------------------------------
--  DDL for Index KREW_RTE_NODE_INSTN_TI3
--------------------------------------------------------

  CREATE INDEX "KREW_RTE_NODE_INSTN_TI3" ON "KREW_RTE_NODE_INSTN_T" ("BRCH_ID") 
  PCTFREE 10 INITRANS 2 MAXTRANS 255 COMPUTE STATISTICS 
  STORAGE(INITIAL 65536 NEXT 1048576 MINEXTENTS 1 MAXEXTENTS 2147483645
  PCTINCREASE 0 FREELISTS 1 FREELIST GROUPS 1 BUFFER_POOL DEFAULT FLASH_CACHE DEFAULT CELL_FLASH_CACHE DEFAULT)
   ;
--------------------------------------------------------
--  DDL for Index KRIM_PERM_TI2
--------------------------------------------------------

  CREATE INDEX "KRIM_PERM_TI2" ON "KRIM_PERM_T" ("PERM_TMPL_ID", "ACTV_IND") 
  PCTFREE 10 INITRANS 2 MAXTRANS 255 COMPUTE STATISTICS 
  STORAGE(INITIAL 65536 NEXT 1048576 MINEXTENTS 1 MAXEXTENTS 2147483645
  PCTINCREASE 0 FREELISTS 1 FREELIST GROUPS 1 BUFFER_POOL DEFAULT FLASH_CACHE DEFAULT CELL_FLASH_CACHE DEFAULT)
   ;
--------------------------------------------------------
--  DDL for Index KRMS_CNTXT_ATTR_TP1
--------------------------------------------------------

  CREATE UNIQUE INDEX "KRMS_CNTXT_ATTR_TP1" ON "KRMS_CNTXT_ATTR_T" ("CNTXT_ATTR_ID") 
  PCTFREE 10 INITRANS 2 MAXTRANS 255 COMPUTE STATISTICS 
  STORAGE(INITIAL 65536 NEXT 1048576 MINEXTENTS 1 MAXEXTENTS 2147483645
  PCTINCREASE 0 FREELISTS 1 FREELIST GROUPS 1 BUFFER_POOL DEFAULT FLASH_CACHE DEFAULT CELL_FLASH_CACHE DEFAULT)
   ;
--------------------------------------------------------
--  DDL for Index KREW_DOC_HDR_TI9
--------------------------------------------------------

  CREATE INDEX "KREW_DOC_HDR_TI9" ON "KREW_DOC_HDR_T" ("APP_DOC_ID") 
  PCTFREE 10 INITRANS 2 MAXTRANS 255 COMPUTE STATISTICS 
  STORAGE(INITIAL 65536 NEXT 1048576 MINEXTENTS 1 MAXEXTENTS 2147483645
  PCTINCREASE 0 FREELISTS 1 FREELIST GROUPS 1 BUFFER_POOL DEFAULT FLASH_CACHE DEFAULT CELL_FLASH_CACHE DEFAULT)
   ;
--------------------------------------------------------
--  DDL for Index KRIM_ENTITY_AFLTN_TP1
--------------------------------------------------------

  CREATE UNIQUE INDEX "KRIM_ENTITY_AFLTN_TP1" ON "KRIM_ENTITY_AFLTN_T" ("ENTITY_AFLTN_ID") 
  PCTFREE 10 INITRANS 2 MAXTRANS 255 COMPUTE STATISTICS 
  STORAGE(INITIAL 65536 NEXT 1048576 MINEXTENTS 1 MAXEXTENTS 2147483645
  PCTINCREASE 0 FREELISTS 1 FREELIST GROUPS 1 BUFFER_POOL DEFAULT FLASH_CACHE DEFAULT CELL_FLASH_CACHE DEFAULT)
   ;
--------------------------------------------------------
--  DDL for Index KRIM_ROLE_MBR_TI3
--------------------------------------------------------

  CREATE INDEX "KRIM_ROLE_MBR_TI3" ON "KRIM_ROLE_MBR_T" ("MBR_ID", "MBR_TYP_CD") 
  PCTFREE 10 INITRANS 2 MAXTRANS 255 COMPUTE STATISTICS 
  STORAGE(INITIAL 65536 NEXT 1048576 MINEXTENTS 1 MAXEXTENTS 2147483645
  PCTINCREASE 0 FREELISTS 1 FREELIST GROUPS 1 BUFFER_POOL DEFAULT FLASH_CACHE DEFAULT CELL_FLASH_CACHE DEFAULT)
   ;
--------------------------------------------------------
--  DDL for Index KREW_DOC_TYP_PLCY_RELN_TP1
--------------------------------------------------------

  CREATE UNIQUE INDEX "KREW_DOC_TYP_PLCY_RELN_TP1" ON "KREW_DOC_TYP_PLCY_RELN_T" ("DOC_TYP_ID", "DOC_PLCY_NM") 
  PCTFREE 10 INITRANS 2 MAXTRANS 255 COMPUTE STATISTICS 
  STORAGE(INITIAL 65536 NEXT 1048576 MINEXTENTS 1 MAXEXTENTS 2147483645
  PCTINCREASE 0 FREELISTS 1 FREELIST GROUPS 1 BUFFER_POOL DEFAULT FLASH_CACHE DEFAULT CELL_FLASH_CACHE DEFAULT)
   ;
--------------------------------------------------------
--  DDL for Index KRIM_PERM_TP1
--------------------------------------------------------

  CREATE UNIQUE INDEX "KRIM_PERM_TP1" ON "KRIM_PERM_T" ("PERM_ID") 
  PCTFREE 10 INITRANS 2 MAXTRANS 255 COMPUTE STATISTICS 
  STORAGE(INITIAL 65536 NEXT 1048576 MINEXTENTS 1 MAXEXTENTS 2147483645
  PCTINCREASE 0 FREELISTS 1 FREELIST GROUPS 1 BUFFER_POOL DEFAULT FLASH_CACHE DEFAULT CELL_FLASH_CACHE DEFAULT)
   ;
--------------------------------------------------------
--  DDL for Index KRIM_TYP_ATTRIBUTE_TI1
--------------------------------------------------------

  CREATE INDEX "KRIM_TYP_ATTRIBUTE_TI1" ON "KRIM_TYP_ATTR_T" ("KIM_TYP_ID") 
  PCTFREE 10 INITRANS 2 MAXTRANS 255 COMPUTE STATISTICS 
  STORAGE(INITIAL 65536 NEXT 1048576 MINEXTENTS 1 MAXEXTENTS 2147483645
  PCTINCREASE 0 FREELISTS 1 FREELIST GROUPS 1 BUFFER_POOL DEFAULT FLASH_CACHE DEFAULT CELL_FLASH_CACHE DEFAULT)
   ;
--------------------------------------------------------
--  DDL for Index KREW_ACTN_RQST_T13
--------------------------------------------------------

  CREATE INDEX "KREW_ACTN_RQST_T13" ON "KREW_ACTN_RQST_T" ("ACTN_TKN_ID") 
  PCTFREE 10 INITRANS 2 MAXTRANS 255 COMPUTE STATISTICS 
  STORAGE(INITIAL 65536 NEXT 1048576 MINEXTENTS 1 MAXEXTENTS 2147483645
  PCTINCREASE 0 FREELISTS 1 FREELIST GROUPS 1 BUFFER_POOL DEFAULT FLASH_CACHE DEFAULT CELL_FLASH_CACHE DEFAULT)
   ;
--------------------------------------------------------
--  DDL for Index KREW_OUT_BOX_ITM_TI2
--------------------------------------------------------

  CREATE INDEX "KREW_OUT_BOX_ITM_TI2" ON "KREW_OUT_BOX_ITM_T" ("DOC_HDR_ID") 
  PCTFREE 10 INITRANS 2 MAXTRANS 255 COMPUTE STATISTICS 
  STORAGE(INITIAL 65536 NEXT 1048576 MINEXTENTS 1 MAXEXTENTS 2147483645
  PCTINCREASE 0 FREELISTS 1 FREELIST GROUPS 1 BUFFER_POOL DEFAULT FLASH_CACHE DEFAULT CELL_FLASH_CACHE DEFAULT)
   ;
--------------------------------------------------------
--  DDL for Index KRIM_ENTITY_NM_TI1
--------------------------------------------------------

  CREATE INDEX "KRIM_ENTITY_NM_TI1" ON "KRIM_ENTITY_NM_T" ("ENTITY_ID") 
  PCTFREE 10 INITRANS 2 MAXTRANS 255 COMPUTE STATISTICS 
  STORAGE(INITIAL 65536 NEXT 1048576 MINEXTENTS 1 MAXEXTENTS 2147483645
  PCTINCREASE 0 FREELISTS 1 FREELIST GROUPS 1 BUFFER_POOL DEFAULT FLASH_CACHE DEFAULT CELL_FLASH_CACHE DEFAULT)
   ;
--------------------------------------------------------
--  DDL for Index KREW_RULE_EXPR_TC0
--------------------------------------------------------

  CREATE UNIQUE INDEX "KREW_RULE_EXPR_TC0" ON "KREW_RULE_EXPR_T" ("OBJ_ID") 
  PCTFREE 10 INITRANS 2 MAXTRANS 255 
  STORAGE(INITIAL 65536 NEXT 1048576 MINEXTENTS 1 MAXEXTENTS 2147483645
  PCTINCREASE 0 FREELISTS 1 FREELIST GROUPS 1 BUFFER_POOL DEFAULT FLASH_CACHE DEFAULT CELL_FLASH_CACHE DEFAULT)
   ;
--------------------------------------------------------
--  DDL for Index KRIM_DLGN_MBR_ATTR_DATA_TP1
--------------------------------------------------------

  CREATE UNIQUE INDEX "KRIM_DLGN_MBR_ATTR_DATA_TP1" ON "KRIM_DLGN_MBR_ATTR_DATA_T" ("ATTR_DATA_ID") 
  PCTFREE 10 INITRANS 2 MAXTRANS 255 COMPUTE STATISTICS 
  STORAGE(INITIAL 65536 NEXT 1048576 MINEXTENTS 1 MAXEXTENTS 2147483645
  PCTINCREASE 0 FREELISTS 1 FREELIST GROUPS 1 BUFFER_POOL DEFAULT FLASH_CACHE DEFAULT CELL_FLASH_CACHE DEFAULT)
   ;
--------------------------------------------------------
--  DDL for Index KRMS_TERM_RESLV_PARM_FK1
--------------------------------------------------------

  CREATE INDEX "KRMS_TERM_RESLV_PARM_FK1" ON "KRMS_TERM_RSLVR_PARM_SPEC_T" ("TERM_RSLVR_ID") 
  PCTFREE 10 INITRANS 2 MAXTRANS 255 COMPUTE STATISTICS 
  STORAGE(INITIAL 65536 NEXT 1048576 MINEXTENTS 1 MAXEXTENTS 2147483645
  PCTINCREASE 0 FREELISTS 1 FREELIST GROUPS 1 BUFFER_POOL DEFAULT FLASH_CACHE DEFAULT CELL_FLASH_CACHE DEFAULT)
   ;
--------------------------------------------------------
--  DDL for Index KRLC_PSTL_CD_TP1
--------------------------------------------------------

  CREATE UNIQUE INDEX "KRLC_PSTL_CD_TP1" ON "KRLC_PSTL_CD_T" ("POSTAL_CD", "POSTAL_CNTRY_CD") 
  PCTFREE 10 INITRANS 2 MAXTRANS 255 COMPUTE STATISTICS 
  STORAGE(INITIAL 65536 NEXT 1048576 MINEXTENTS 1 MAXEXTENTS 2147483645
  PCTINCREASE 0 FREELISTS 1 FREELIST GROUPS 1 BUFFER_POOL DEFAULT FLASH_CACHE DEFAULT CELL_FLASH_CACHE DEFAULT)
   ;
--------------------------------------------------------
--  DDL for Index KRSB_QRTZ_SIMPLE_TRIGGERSP1
--------------------------------------------------------

  CREATE UNIQUE INDEX "KRSB_QRTZ_SIMPLE_TRIGGERSP1" ON "KRSB_QRTZ_SIMPLE_TRIGGERS" ("TRIGGER_NAME", "TRIGGER_GROUP") 
  PCTFREE 10 INITRANS 2 MAXTRANS 255 COMPUTE STATISTICS 
  STORAGE(INITIAL 65536 NEXT 1048576 MINEXTENTS 1 MAXEXTENTS 2147483645
  PCTINCREASE 0 FREELISTS 1 FREELIST GROUPS 1 BUFFER_POOL DEFAULT FLASH_CACHE DEFAULT CELL_FLASH_CACHE DEFAULT)
   ;
--------------------------------------------------------
--  DDL for Index KREW_EDL_ASSCTN_TC0
--------------------------------------------------------

  CREATE UNIQUE INDEX "KREW_EDL_ASSCTN_TC0" ON "KREW_EDL_ASSCTN_T" ("OBJ_ID") 
  PCTFREE 10 INITRANS 2 MAXTRANS 255 COMPUTE STATISTICS 
  STORAGE(INITIAL 65536 NEXT 1048576 MINEXTENTS 1 MAXEXTENTS 2147483645
  PCTINCREASE 0 FREELISTS 1 FREELIST GROUPS 1 BUFFER_POOL DEFAULT FLASH_CACHE DEFAULT CELL_FLASH_CACHE DEFAULT)
   ;
--------------------------------------------------------
--  DDL for Index KRIM_ENTITY_NM_TC0
--------------------------------------------------------

  CREATE UNIQUE INDEX "KRIM_ENTITY_NM_TC0" ON "KRIM_ENTITY_NM_T" ("OBJ_ID") 
  PCTFREE 10 INITRANS 2 MAXTRANS 255 COMPUTE STATISTICS 
  STORAGE(INITIAL 65536 NEXT 1048576 MINEXTENTS 1 MAXEXTENTS 2147483645
  PCTINCREASE 0 FREELISTS 1 FREELIST GROUPS 1 BUFFER_POOL DEFAULT FLASH_CACHE DEFAULT CELL_FLASH_CACHE DEFAULT)
   ;
--------------------------------------------------------
--  DDL for Index KREW_DOC_HDR_TI5
--------------------------------------------------------

  CREATE INDEX "KREW_DOC_HDR_TI5" ON "KREW_DOC_HDR_T" ("CRTE_DT") 
  PCTFREE 10 INITRANS 2 MAXTRANS 255 COMPUTE STATISTICS 
  STORAGE(INITIAL 65536 NEXT 1048576 MINEXTENTS 1 MAXEXTENTS 2147483645
  PCTINCREASE 0 FREELISTS 1 FREELIST GROUPS 1 BUFFER_POOL DEFAULT FLASH_CACHE DEFAULT CELL_FLASH_CACHE DEFAULT)
   ;
--------------------------------------------------------
--  DDL for Index KRIM_ENTITY_ADDR_TC0
--------------------------------------------------------

  CREATE UNIQUE INDEX "KRIM_ENTITY_ADDR_TC0" ON "KRIM_ENTITY_ADDR_T" ("OBJ_ID") 
  PCTFREE 10 INITRANS 2 MAXTRANS 255 COMPUTE STATISTICS 
  STORAGE(INITIAL 65536 NEXT 1048576 MINEXTENTS 1 MAXEXTENTS 2147483645
  PCTINCREASE 0 FREELISTS 1 FREELIST GROUPS 1 BUFFER_POOL DEFAULT FLASH_CACHE DEFAULT CELL_FLASH_CACHE DEFAULT)
   ;
--------------------------------------------------------
--  DDL for Index KRIM_ENTITY_ENT_TYP_TI1
--------------------------------------------------------

  CREATE INDEX "KRIM_ENTITY_ENT_TYP_TI1" ON "KRIM_ENTITY_ENT_TYP_T" ("ENTITY_ID") 
  PCTFREE 10 INITRANS 2 MAXTRANS 255 COMPUTE STATISTICS 
  STORAGE(INITIAL 65536 NEXT 1048576 MINEXTENTS 1 MAXEXTENTS 2147483645
  PCTINCREASE 0 FREELISTS 1 FREELIST GROUPS 1 BUFFER_POOL DEFAULT FLASH_CACHE DEFAULT CELL_FLASH_CACHE DEFAULT)
   ;
--------------------------------------------------------
--  DDL for Index KRIM_PND_NM_MTP1
--------------------------------------------------------

  CREATE UNIQUE INDEX "KRIM_PND_NM_MTP1" ON "KRIM_PND_NM_MT" ("FDOC_NBR", "ENTITY_NM_ID") 
  PCTFREE 10 INITRANS 2 MAXTRANS 255 COMPUTE STATISTICS 
  STORAGE(INITIAL 65536 NEXT 1048576 MINEXTENTS 1 MAXEXTENTS 2147483645
  PCTINCREASE 0 FREELISTS 1 FREELIST GROUPS 1 BUFFER_POOL DEFAULT FLASH_CACHE DEFAULT CELL_FLASH_CACHE DEFAULT)
   ;
--------------------------------------------------------
--  DDL for Index KREW_DOC_HDR_EXT_TI3
--------------------------------------------------------

  CREATE INDEX "KREW_DOC_HDR_EXT_TI3" ON "KREW_DOC_HDR_EXT_T" ("VAL") 
  PCTFREE 10 INITRANS 2 MAXTRANS 255 COMPUTE STATISTICS 
  STORAGE(INITIAL 65536 NEXT 1048576 MINEXTENTS 1 MAXEXTENTS 2147483645
  PCTINCREASE 0 FREELISTS 1 FREELIST GROUPS 1 BUFFER_POOL DEFAULT FLASH_CACHE DEFAULT CELL_FLASH_CACHE DEFAULT)
   ;
--------------------------------------------------------
--  DDL for Index KREW_DOC_HDR_TI1
--------------------------------------------------------

  CREATE INDEX "KREW_DOC_HDR_TI1" ON "KREW_DOC_HDR_T" ("DOC_TYP_ID") 
  PCTFREE 10 INITRANS 2 MAXTRANS 255 COMPUTE STATISTICS 
  STORAGE(INITIAL 65536 NEXT 1048576 MINEXTENTS 1 MAXEXTENTS 2147483645
  PCTINCREASE 0 FREELISTS 1 FREELIST GROUPS 1 BUFFER_POOL DEFAULT FLASH_CACHE DEFAULT CELL_FLASH_CACHE DEFAULT)
   ;
--------------------------------------------------------
--  DDL for Index KRMS_ACTN_ATTR_TP1
--------------------------------------------------------

  CREATE UNIQUE INDEX "KRMS_ACTN_ATTR_TP1" ON "KRMS_ACTN_ATTR_T" ("ACTN_ATTR_DATA_ID") 
  PCTFREE 10 INITRANS 2 MAXTRANS 255 COMPUTE STATISTICS 
  STORAGE(INITIAL 65536 NEXT 1048576 MINEXTENTS 1 MAXEXTENTS 2147483645
  PCTINCREASE 0 FREELISTS 1 FREELIST GROUPS 1 BUFFER_POOL DEFAULT FLASH_CACHE DEFAULT CELL_FLASH_CACHE DEFAULT)
   ;
--------------------------------------------------------
--  DDL for Index KRMS_TYP_ATTR_TI2
--------------------------------------------------------

  CREATE INDEX "KRMS_TYP_ATTR_TI2" ON "KRMS_TYP_ATTR_T" ("TYP_ID") 
  PCTFREE 10 INITRANS 2 MAXTRANS 255 COMPUTE STATISTICS 
  STORAGE(INITIAL 65536 NEXT 1048576 MINEXTENTS 1 MAXEXTENTS 2147483645
  PCTINCREASE 0 FREELISTS 1 FREELIST GROUPS 1 BUFFER_POOL DEFAULT FLASH_CACHE DEFAULT CELL_FLASH_CACHE DEFAULT)
   ;
--------------------------------------------------------
--  DDL for Index KRIM_RSP_ATTR_DATA_TP1
--------------------------------------------------------

  CREATE UNIQUE INDEX "KRIM_RSP_ATTR_DATA_TP1" ON "KRIM_RSP_ATTR_DATA_T" ("ATTR_DATA_ID") 
  PCTFREE 10 INITRANS 2 MAXTRANS 255 COMPUTE STATISTICS 
  STORAGE(INITIAL 65536 NEXT 1048576 MINEXTENTS 1 MAXEXTENTS 2147483645
  PCTINCREASE 0 FREELISTS 1 FREELIST GROUPS 1 BUFFER_POOL DEFAULT FLASH_CACHE DEFAULT CELL_FLASH_CACHE DEFAULT)
   ;
--------------------------------------------------------
--  DDL for Index KRMS_CNTXT_VLD_FUNC_TI1
--------------------------------------------------------

  CREATE INDEX "KRMS_CNTXT_VLD_FUNC_TI1" ON "KRMS_CNTXT_VLD_FUNC_T" ("CNTXT_ID") 
  PCTFREE 10 INITRANS 2 MAXTRANS 255 COMPUTE STATISTICS 
  STORAGE(INITIAL 65536 NEXT 1048576 MINEXTENTS 1 MAXEXTENTS 2147483645
  PCTINCREASE 0 FREELISTS 1 FREELIST GROUPS 1 BUFFER_POOL DEFAULT FLASH_CACHE DEFAULT CELL_FLASH_CACHE DEFAULT)
   ;
--------------------------------------------------------
--  DDL for Index KRMS_NL_TMPL_ATTR_TC1
--------------------------------------------------------

  CREATE UNIQUE INDEX "KRMS_NL_TMPL_ATTR_TC1" ON "KRMS_NL_TMPL_ATTR_T" ("NL_TMPL_ID", "ATTR_DEFN_ID") 
  PCTFREE 10 INITRANS 2 MAXTRANS 255 COMPUTE STATISTICS 
  STORAGE(INITIAL 65536 NEXT 1048576 MINEXTENTS 1 MAXEXTENTS 2147483645
  PCTINCREASE 0 FREELISTS 1 FREELIST GROUPS 1 BUFFER_POOL DEFAULT FLASH_CACHE DEFAULT CELL_FLASH_CACHE DEFAULT)
   ;
--------------------------------------------------------
--  DDL for Index KRNS_MAINT_LOCK_TP1
--------------------------------------------------------

  CREATE UNIQUE INDEX "KRNS_MAINT_LOCK_TP1" ON "KRNS_MAINT_LOCK_T" ("MAINT_LOCK_ID") 
  PCTFREE 10 INITRANS 2 MAXTRANS 255 COMPUTE STATISTICS 
  STORAGE(INITIAL 65536 NEXT 1048576 MINEXTENTS 1 MAXEXTENTS 2147483645
  PCTINCREASE 0 FREELISTS 1 FREELIST GROUPS 1 BUFFER_POOL DEFAULT FLASH_CACHE DEFAULT CELL_FLASH_CACHE DEFAULT)
   ;
--------------------------------------------------------
--  DDL for Index KREW_DOC_TYP_APP_STAT_CAT_TC1
--------------------------------------------------------

  CREATE UNIQUE INDEX "KREW_DOC_TYP_APP_STAT_CAT_TC1" ON "KREW_DOC_TYP_APP_STAT_CAT_T" ("OBJ_ID") 
  PCTFREE 10 INITRANS 2 MAXTRANS 255 COMPUTE STATISTICS 
  STORAGE(INITIAL 65536 NEXT 1048576 MINEXTENTS 1 MAXEXTENTS 2147483645
  PCTINCREASE 0 FREELISTS 1 FREELIST GROUPS 1 BUFFER_POOL DEFAULT FLASH_CACHE DEFAULT CELL_FLASH_CACHE DEFAULT)
   ;
--------------------------------------------------------
--  DDL for Index KRMS_AGENDA_TC1
--------------------------------------------------------

  CREATE UNIQUE INDEX "KRMS_AGENDA_TC1" ON "KRMS_AGENDA_T" ("NM", "CNTXT_ID") 
  PCTFREE 10 INITRANS 2 MAXTRANS 255 COMPUTE STATISTICS 
  STORAGE(INITIAL 65536 NEXT 1048576 MINEXTENTS 1 MAXEXTENTS 2147483645
  PCTINCREASE 0 FREELISTS 1 FREELIST GROUPS 1 BUFFER_POOL DEFAULT FLASH_CACHE DEFAULT CELL_FLASH_CACHE DEFAULT)
   ;
--------------------------------------------------------
--  DDL for Index KREW_RTE_NODE_INSTN_LNK_TI1
--------------------------------------------------------

  CREATE INDEX "KREW_RTE_NODE_INSTN_LNK_TI1" ON "KREW_RTE_NODE_INSTN_LNK_T" ("FROM_RTE_NODE_INSTN_ID") 
  PCTFREE 10 INITRANS 2 MAXTRANS 255 COMPUTE STATISTICS 
  STORAGE(INITIAL 65536 NEXT 1048576 MINEXTENTS 1 MAXEXTENTS 2147483645
  PCTINCREASE 0 FREELISTS 1 FREELIST GROUPS 1 BUFFER_POOL DEFAULT FLASH_CACHE DEFAULT CELL_FLASH_CACHE DEFAULT)
   ;
--------------------------------------------------------
--  DDL for Index KRIM_ENTITY_AFLTN_TC0
--------------------------------------------------------

  CREATE UNIQUE INDEX "KRIM_ENTITY_AFLTN_TC0" ON "KRIM_ENTITY_AFLTN_T" ("OBJ_ID") 
  PCTFREE 10 INITRANS 2 MAXTRANS 255 
  STORAGE(INITIAL 65536 NEXT 1048576 MINEXTENTS 1 MAXEXTENTS 2147483645
  PCTINCREASE 0 FREELISTS 1 FREELIST GROUPS 1 BUFFER_POOL DEFAULT FLASH_CACHE DEFAULT CELL_FLASH_CACHE DEFAULT)
   ;
--------------------------------------------------------
--  DDL for Index KRNS_MAINT_LOCK_TI2
--------------------------------------------------------

  CREATE INDEX "KRNS_MAINT_LOCK_TI2" ON "KRNS_MAINT_LOCK_T" ("DOC_HDR_ID") 
  PCTFREE 10 INITRANS 2 MAXTRANS 255 COMPUTE STATISTICS 
  STORAGE(INITIAL 65536 NEXT 1048576 MINEXTENTS 1 MAXEXTENTS 2147483645
  PCTINCREASE 0 FREELISTS 1 FREELIST GROUPS 1 BUFFER_POOL DEFAULT FLASH_CACHE DEFAULT CELL_FLASH_CACHE DEFAULT)
   ;
--------------------------------------------------------
--  DDL for Index KREW_DOC_TYP_TI2
--------------------------------------------------------

  CREATE INDEX "KREW_DOC_TYP_TI2" ON "KREW_DOC_TYP_T" ("PARNT_ID") 
  PCTFREE 10 INITRANS 2 MAXTRANS 255 COMPUTE STATISTICS 
  STORAGE(INITIAL 65536 NEXT 1048576 MINEXTENTS 1 MAXEXTENTS 2147483645
  PCTINCREASE 0 FREELISTS 1 FREELIST GROUPS 1 BUFFER_POOL DEFAULT FLASH_CACHE DEFAULT CELL_FLASH_CACHE DEFAULT)
   ;
--------------------------------------------------------
--  DDL for Index KRIM_ROLE_RSP_TP1
--------------------------------------------------------

  CREATE UNIQUE INDEX "KRIM_ROLE_RSP_TP1" ON "KRIM_ROLE_RSP_T" ("ROLE_RSP_ID") 
  PCTFREE 10 INITRANS 2 MAXTRANS 255 COMPUTE STATISTICS 
  STORAGE(INITIAL 65536 NEXT 1048576 MINEXTENTS 1 MAXEXTENTS 2147483645
  PCTINCREASE 0 FREELISTS 1 FREELIST GROUPS 1 BUFFER_POOL DEFAULT FLASH_CACHE DEFAULT CELL_FLASH_CACHE DEFAULT)
   ;
--------------------------------------------------------
--  DDL for Index KRMS_CNTXT_VLD_AGENDA_TYP_TI1
--------------------------------------------------------

  CREATE INDEX "KRMS_CNTXT_VLD_AGENDA_TYP_TI1" ON "KRMS_CNTXT_VLD_AGENDA_TYP_T" ("CNTXT_ID") 
  PCTFREE 10 INITRANS 2 MAXTRANS 255 COMPUTE STATISTICS 
  STORAGE(INITIAL 65536 NEXT 1048576 MINEXTENTS 1 MAXEXTENTS 2147483645
  PCTINCREASE 0 FREELISTS 1 FREELIST GROUPS 1 BUFFER_POOL DEFAULT FLASH_CACHE DEFAULT CELL_FLASH_CACHE DEFAULT)
   ;
--------------------------------------------------------
--  DDL for Index KREW_DOC_TYP_PROC_TI1
--------------------------------------------------------

  CREATE INDEX "KREW_DOC_TYP_PROC_TI1" ON "KREW_DOC_TYP_PROC_T" ("DOC_TYP_ID") 
  PCTFREE 10 INITRANS 2 MAXTRANS 255 COMPUTE STATISTICS 
  STORAGE(INITIAL 65536 NEXT 1048576 MINEXTENTS 1 MAXEXTENTS 2147483645
  PCTINCREASE 0 FREELISTS 1 FREELIST GROUPS 1 BUFFER_POOL DEFAULT FLASH_CACHE DEFAULT CELL_FLASH_CACHE DEFAULT)
   ;
--------------------------------------------------------
--  DDL for Index KREW_DOC_HDR_EXT_TP1
--------------------------------------------------------

  CREATE UNIQUE INDEX "KREW_DOC_HDR_EXT_TP1" ON "KREW_DOC_HDR_EXT_T" ("DOC_HDR_EXT_ID") 
  PCTFREE 10 INITRANS 2 MAXTRANS 255 COMPUTE STATISTICS 
  STORAGE(INITIAL 65536 NEXT 1048576 MINEXTENTS 1 MAXEXTENTS 2147483645
  PCTINCREASE 0 FREELISTS 1 FREELIST GROUPS 1 BUFFER_POOL DEFAULT FLASH_CACHE DEFAULT CELL_FLASH_CACHE DEFAULT)
   ;
--------------------------------------------------------
--  DDL for Index KRMS_FUNC_TI1
--------------------------------------------------------

  CREATE INDEX "KRMS_FUNC_TI1" ON "KRMS_FUNC_T" ("TYP_ID") 
  PCTFREE 10 INITRANS 2 MAXTRANS 255 COMPUTE STATISTICS 
  STORAGE(INITIAL 65536 NEXT 1048576 MINEXTENTS 1 MAXEXTENTS 2147483645
  PCTINCREASE 0 FREELISTS 1 FREELIST GROUPS 1 BUFFER_POOL DEFAULT FLASH_CACHE DEFAULT CELL_FLASH_CACHE DEFAULT)
   ;
--------------------------------------------------------
--  DDL for Index KRLC_ST_TP1
--------------------------------------------------------

  CREATE UNIQUE INDEX "KRLC_ST_TP1" ON "KRLC_ST_T" ("POSTAL_STATE_CD", "POSTAL_CNTRY_CD") 
  PCTFREE 10 INITRANS 2 MAXTRANS 255 COMPUTE STATISTICS 
  STORAGE(INITIAL 65536 NEXT 1048576 MINEXTENTS 1 MAXEXTENTS 2147483645
  PCTINCREASE 0 FREELISTS 1 FREELIST GROUPS 1 BUFFER_POOL DEFAULT FLASH_CACHE DEFAULT CELL_FLASH_CACHE DEFAULT)
   ;
--------------------------------------------------------
--  DDL for Index KRIM_ENTITY_TC0
--------------------------------------------------------

  CREATE UNIQUE INDEX "KRIM_ENTITY_TC0" ON "KRIM_ENTITY_T" ("OBJ_ID") 
  PCTFREE 10 INITRANS 2 MAXTRANS 255 
  STORAGE(INITIAL 65536 NEXT 1048576 MINEXTENTS 1 MAXEXTENTS 2147483645
  PCTINCREASE 0 FREELISTS 1 FREELIST GROUPS 1 BUFFER_POOL DEFAULT FLASH_CACHE DEFAULT CELL_FLASH_CACHE DEFAULT)
   ;
--------------------------------------------------------
--  DDL for Index KREW_INIT_RTE_NODE_INSTN_TP1
--------------------------------------------------------

  CREATE UNIQUE INDEX "KREW_INIT_RTE_NODE_INSTN_TP1" ON "KREW_INIT_RTE_NODE_INSTN_T" ("DOC_HDR_ID", "RTE_NODE_INSTN_ID") 
  PCTFREE 10 INITRANS 2 MAXTRANS 255 COMPUTE STATISTICS 
  STORAGE(INITIAL 65536 NEXT 1048576 MINEXTENTS 1 MAXEXTENTS 2147483645
  PCTINCREASE 0 FREELISTS 1 FREELIST GROUPS 1 BUFFER_POOL DEFAULT FLASH_CACHE DEFAULT CELL_FLASH_CACHE DEFAULT)
   ;
--------------------------------------------------------
--  DDL for Index KRMS_CMPND_PROP_PROPS_TP1
--------------------------------------------------------

  CREATE UNIQUE INDEX "KRMS_CMPND_PROP_PROPS_TP1" ON "KRMS_CMPND_PROP_PROPS_T" ("CMPND_PROP_ID", "PROP_ID") 
  PCTFREE 10 INITRANS 2 MAXTRANS 255 COMPUTE STATISTICS 
  STORAGE(INITIAL 65536 NEXT 1048576 MINEXTENTS 1 MAXEXTENTS 2147483645
  PCTINCREASE 0 FREELISTS 1 FREELIST GROUPS 1 BUFFER_POOL DEFAULT FLASH_CACHE DEFAULT CELL_FLASH_CACHE DEFAULT)
   ;
--------------------------------------------------------
--  DDL for Index KREW_DOC_TYP_PLCY_RELN_TC0
--------------------------------------------------------

  CREATE UNIQUE INDEX "KREW_DOC_TYP_PLCY_RELN_TC0" ON "KREW_DOC_TYP_PLCY_RELN_T" ("OBJ_ID") 
  PCTFREE 10 INITRANS 2 MAXTRANS 255 COMPUTE STATISTICS 
  STORAGE(INITIAL 65536 NEXT 1048576 MINEXTENTS 1 MAXEXTENTS 2147483645
  PCTINCREASE 0 FREELISTS 1 FREELIST GROUPS 1 BUFFER_POOL DEFAULT FLASH_CACHE DEFAULT CELL_FLASH_CACHE DEFAULT)
   ;
--------------------------------------------------------
--  DDL for Index KRIM_ENTITY_EMAIL_TP1
--------------------------------------------------------

  CREATE UNIQUE INDEX "KRIM_ENTITY_EMAIL_TP1" ON "KRIM_ENTITY_EMAIL_T" ("ENTITY_EMAIL_ID") 
  PCTFREE 10 INITRANS 2 MAXTRANS 255 COMPUTE STATISTICS 
  STORAGE(INITIAL 65536 NEXT 1048576 MINEXTENTS 1 MAXEXTENTS 2147483645
  PCTINCREASE 0 FREELISTS 1 FREELIST GROUPS 1 BUFFER_POOL DEFAULT FLASH_CACHE DEFAULT CELL_FLASH_CACHE DEFAULT)
   ;
--------------------------------------------------------
--  DDL for Index KRNS_PARM_DTL_TYP_TC0
--------------------------------------------------------

  CREATE UNIQUE INDEX "KRNS_PARM_DTL_TYP_TC0" ON "KRCR_CMPNT_T" ("OBJ_ID") 
  PCTFREE 10 INITRANS 2 MAXTRANS 255 COMPUTE STATISTICS 
  STORAGE(INITIAL 65536 NEXT 1048576 MINEXTENTS 1 MAXEXTENTS 2147483645
  PCTINCREASE 0 FREELISTS 1 FREELIST GROUPS 1 BUFFER_POOL DEFAULT FLASH_CACHE DEFAULT CELL_FLASH_CACHE DEFAULT)
   ;
--------------------------------------------------------
--  DDL for Index KREW_RTE_BRCH_PROTO_TP1
--------------------------------------------------------

  CREATE UNIQUE INDEX "KREW_RTE_BRCH_PROTO_TP1" ON "KREW_RTE_BRCH_PROTO_T" ("RTE_BRCH_PROTO_ID") 
  PCTFREE 10 INITRANS 2 MAXTRANS 255 COMPUTE STATISTICS 
  STORAGE(INITIAL 65536 NEXT 1048576 MINEXTENTS 1 MAXEXTENTS 2147483645
  PCTINCREASE 0 FREELISTS 1 FREELIST GROUPS 1 BUFFER_POOL DEFAULT FLASH_CACHE DEFAULT CELL_FLASH_CACHE DEFAULT)
   ;
--------------------------------------------------------
--  DDL for Index KRCR_STYLE_TP1
--------------------------------------------------------

  CREATE UNIQUE INDEX "KRCR_STYLE_TP1" ON "KRCR_STYLE_T" ("STYLE_ID") 
  PCTFREE 10 INITRANS 2 MAXTRANS 255 COMPUTE STATISTICS 
  STORAGE(INITIAL 65536 NEXT 1048576 MINEXTENTS 1 MAXEXTENTS 2147483645
  PCTINCREASE 0 FREELISTS 1 FREELIST GROUPS 1 BUFFER_POOL DEFAULT FLASH_CACHE DEFAULT CELL_FLASH_CACHE DEFAULT)
   ;
--------------------------------------------------------
--  DDL for Index KREW_PPL_FLW_DLGT_TI1
--------------------------------------------------------

  CREATE INDEX "KREW_PPL_FLW_DLGT_TI1" ON "KREW_PPL_FLW_DLGT_T" ("PPL_FLW_MBR_ID") 
  PCTFREE 10 INITRANS 2 MAXTRANS 255 COMPUTE STATISTICS 
  STORAGE(INITIAL 65536 NEXT 1048576 MINEXTENTS 1 MAXEXTENTS 2147483645
  PCTINCREASE 0 FREELISTS 1 FREELIST GROUPS 1 BUFFER_POOL DEFAULT FLASH_CACHE DEFAULT CELL_FLASH_CACHE DEFAULT)
   ;
--------------------------------------------------------
--  DDL for Index KRIM_ENTITY_VISA_TP1
--------------------------------------------------------

  CREATE UNIQUE INDEX "KRIM_ENTITY_VISA_TP1" ON "KRIM_ENTITY_VISA_T" ("ID") 
  PCTFREE 10 INITRANS 2 MAXTRANS 255 COMPUTE STATISTICS 
  STORAGE(INITIAL 65536 NEXT 1048576 MINEXTENTS 1 MAXEXTENTS 2147483645
  PCTINCREASE 0 FREELISTS 1 FREELIST GROUPS 1 BUFFER_POOL DEFAULT FLASH_CACHE DEFAULT CELL_FLASH_CACHE DEFAULT)
   ;
--------------------------------------------------------
--  DDL for Index KRMS_TERM_PARM_TI1
--------------------------------------------------------

  CREATE INDEX "KRMS_TERM_PARM_TI1" ON "KRMS_TERM_PARM_T" ("TERM_ID") 
  PCTFREE 10 INITRANS 2 MAXTRANS 255 COMPUTE STATISTICS 
  STORAGE(INITIAL 65536 NEXT 1048576 MINEXTENTS 1 MAXEXTENTS 2147483645
  PCTINCREASE 0 FREELISTS 1 FREELIST GROUPS 1 BUFFER_POOL DEFAULT FLASH_CACHE DEFAULT CELL_FLASH_CACHE DEFAULT)
   ;
--------------------------------------------------------
--  DDL for Index KRIM_PND_EMP_INFO_MTP1
--------------------------------------------------------

  CREATE UNIQUE INDEX "KRIM_PND_EMP_INFO_MTP1" ON "KRIM_PND_EMP_INFO_MT" ("FDOC_NBR", "ENTITY_EMP_ID") 
  PCTFREE 10 INITRANS 2 MAXTRANS 255 COMPUTE STATISTICS 
  STORAGE(INITIAL 65536 NEXT 1048576 MINEXTENTS 1 MAXEXTENTS 2147483645
  PCTINCREASE 0 FREELISTS 1 FREELIST GROUPS 1 BUFFER_POOL DEFAULT FLASH_CACHE DEFAULT CELL_FLASH_CACHE DEFAULT)
   ;
--------------------------------------------------------
--  DDL for Index KRNS_MAINT_DOC_ATT_LST_TP1
--------------------------------------------------------

  CREATE UNIQUE INDEX "KRNS_MAINT_DOC_ATT_LST_TP1" ON "KRNS_MAINT_DOC_ATT_LST_T" ("ATT_ID") 
  PCTFREE 10 INITRANS 2 MAXTRANS 255 COMPUTE STATISTICS 
  STORAGE(INITIAL 65536 NEXT 1048576 MINEXTENTS 1 MAXEXTENTS 2147483645
  PCTINCREASE 0 FREELISTS 1 FREELIST GROUPS 1 BUFFER_POOL DEFAULT FLASH_CACHE DEFAULT CELL_FLASH_CACHE DEFAULT)
   ;
--------------------------------------------------------
--  DDL for Index KREW_ACTN_RQST_T15
--------------------------------------------------------

  CREATE INDEX "KREW_ACTN_RQST_T15" ON "KREW_ACTN_RQST_T" ("RSP_ID") 
  PCTFREE 10 INITRANS 2 MAXTRANS 255 COMPUTE STATISTICS 
  STORAGE(INITIAL 65536 NEXT 1048576 MINEXTENTS 1 MAXEXTENTS 2147483645
  PCTINCREASE 0 FREELISTS 1 FREELIST GROUPS 1 BUFFER_POOL DEFAULT FLASH_CACHE DEFAULT CELL_FLASH_CACHE DEFAULT)
   ;
--------------------------------------------------------
--  DDL for Index KREW_RTE_NODE_INSTN_ST_TI2
--------------------------------------------------------

  CREATE INDEX "KREW_RTE_NODE_INSTN_ST_TI2" ON "KREW_RTE_NODE_INSTN_ST_T" ("RTE_NODE_INSTN_ID") 
  PCTFREE 10 INITRANS 2 MAXTRANS 255 COMPUTE STATISTICS 
  STORAGE(INITIAL 65536 NEXT 1048576 MINEXTENTS 1 MAXEXTENTS 2147483645
  PCTINCREASE 0 FREELISTS 1 FREELIST GROUPS 1 BUFFER_POOL DEFAULT FLASH_CACHE DEFAULT CELL_FLASH_CACHE DEFAULT)
   ;
--------------------------------------------------------
--  DDL for Index KRMS_CNTXT_VLD_AGENDA_TYP_TP1
--------------------------------------------------------

  CREATE UNIQUE INDEX "KRMS_CNTXT_VLD_AGENDA_TYP_TP1" ON "KRMS_CNTXT_VLD_AGENDA_TYP_T" ("CNTXT_VLD_AGENDA_ID") 
  PCTFREE 10 INITRANS 2 MAXTRANS 255 COMPUTE STATISTICS 
  STORAGE(INITIAL 65536 NEXT 1048576 MINEXTENTS 1 MAXEXTENTS 2147483645
  PCTINCREASE 0 FREELISTS 1 FREELIST GROUPS 1 BUFFER_POOL DEFAULT FLASH_CACHE DEFAULT CELL_FLASH_CACHE DEFAULT)
   ;
--------------------------------------------------------
--  DDL for Index KRIM_ADDR_TYP_TC0
--------------------------------------------------------

  CREATE UNIQUE INDEX "KRIM_ADDR_TYP_TC0" ON "KRIM_ADDR_TYP_T" ("OBJ_ID") 
  PCTFREE 10 INITRANS 2 MAXTRANS 255 
  STORAGE(INITIAL 65536 NEXT 1048576 MINEXTENTS 1 MAXEXTENTS 2147483645
  PCTINCREASE 0 FREELISTS 1 FREELIST GROUPS 1 BUFFER_POOL DEFAULT FLASH_CACHE DEFAULT CELL_FLASH_CACHE DEFAULT)
   ;
--------------------------------------------------------
--  DDL for Index KRNS_NTE_TC0
--------------------------------------------------------

  CREATE UNIQUE INDEX "KRNS_NTE_TC0" ON "KRNS_NTE_T" ("OBJ_ID") 
  PCTFREE 10 INITRANS 2 MAXTRANS 255 COMPUTE STATISTICS 
  STORAGE(INITIAL 65536 NEXT 1048576 MINEXTENTS 1 MAXEXTENTS 2147483645
  PCTINCREASE 0 FREELISTS 1 FREELIST GROUPS 1 BUFFER_POOL DEFAULT FLASH_CACHE DEFAULT CELL_FLASH_CACHE DEFAULT)
   ;
--------------------------------------------------------
--  DDL for Index KRIM_PND_ADDR_MTP1
--------------------------------------------------------

  CREATE UNIQUE INDEX "KRIM_PND_ADDR_MTP1" ON "KRIM_PND_ADDR_MT" ("FDOC_NBR", "ENTITY_ADDR_ID") 
  PCTFREE 10 INITRANS 2 MAXTRANS 255 COMPUTE STATISTICS 
  STORAGE(INITIAL 65536 NEXT 1048576 MINEXTENTS 1 MAXEXTENTS 2147483645
  PCTINCREASE 0 FREELISTS 1 FREELIST GROUPS 1 BUFFER_POOL DEFAULT FLASH_CACHE DEFAULT CELL_FLASH_CACHE DEFAULT)
   ;
--------------------------------------------------------
--  DDL for Index KRCR_STYLE_TC0
--------------------------------------------------------

  CREATE UNIQUE INDEX "KRCR_STYLE_TC0" ON "KRCR_STYLE_T" ("OBJ_ID") 
  PCTFREE 10 INITRANS 2 MAXTRANS 255 COMPUTE STATISTICS 
  STORAGE(INITIAL 65536 NEXT 1048576 MINEXTENTS 1 MAXEXTENTS 2147483645
  PCTINCREASE 0 FREELISTS 1 FREELIST GROUPS 1 BUFFER_POOL DEFAULT FLASH_CACHE DEFAULT CELL_FLASH_CACHE DEFAULT)
   ;
--------------------------------------------------------
--  DDL for Index KREW_ACTN_RQST_T19
--------------------------------------------------------

  CREATE INDEX "KREW_ACTN_RQST_T19" ON "KREW_ACTN_RQST_T" ("STAT_CD", "DOC_HDR_ID") 
  PCTFREE 10 INITRANS 2 MAXTRANS 255 COMPUTE STATISTICS 
  STORAGE(INITIAL 65536 NEXT 1048576 MINEXTENTS 1 MAXEXTENTS 2147483645
  PCTINCREASE 0 FREELISTS 1 FREELIST GROUPS 1 BUFFER_POOL DEFAULT FLASH_CACHE DEFAULT CELL_FLASH_CACHE DEFAULT)
   ;
--------------------------------------------------------
--  DDL for Index KRIM_PND_ROLE_MBR_MTP1
--------------------------------------------------------

  CREATE UNIQUE INDEX "KRIM_PND_ROLE_MBR_MTP1" ON "KRIM_PND_ROLE_MBR_MT" ("FDOC_NBR", "ROLE_MBR_ID") 
  PCTFREE 10 INITRANS 2 MAXTRANS 255 COMPUTE STATISTICS 
  STORAGE(INITIAL 65536 NEXT 1048576 MINEXTENTS 1 MAXEXTENTS 2147483645
  PCTINCREASE 0 FREELISTS 1 FREELIST GROUPS 1 BUFFER_POOL DEFAULT FLASH_CACHE DEFAULT CELL_FLASH_CACHE DEFAULT)
   ;
--------------------------------------------------------
--  DDL for Index KRIM_ENTITY_ENT_TYP_TP1
--------------------------------------------------------

  CREATE UNIQUE INDEX "KRIM_ENTITY_ENT_TYP_TP1" ON "KRIM_ENTITY_ENT_TYP_T" ("ENT_TYP_CD", "ENTITY_ID") 
  PCTFREE 10 INITRANS 2 MAXTRANS 255 COMPUTE STATISTICS 
  STORAGE(INITIAL 65536 NEXT 1048576 MINEXTENTS 1 MAXEXTENTS 2147483645
  PCTINCREASE 0 FREELISTS 1 FREELIST GROUPS 1 BUFFER_POOL DEFAULT FLASH_CACHE DEFAULT CELL_FLASH_CACHE DEFAULT)
   ;
--------------------------------------------------------
--  DDL for Index KREW_TYP_ATTR_TP1
--------------------------------------------------------

  CREATE UNIQUE INDEX "KREW_TYP_ATTR_TP1" ON "KREW_TYP_ATTR_T" ("TYP_ATTR_ID") 
  PCTFREE 10 INITRANS 2 MAXTRANS 255 COMPUTE STATISTICS 
  STORAGE(INITIAL 65536 NEXT 1048576 MINEXTENTS 1 MAXEXTENTS 2147483645
  PCTINCREASE 0 FREELISTS 1 FREELIST GROUPS 1 BUFFER_POOL DEFAULT FLASH_CACHE DEFAULT CELL_FLASH_CACHE DEFAULT)
   ;
--------------------------------------------------------
--  DDL for Index KRIM_ENTITY_CACHE_TC1
--------------------------------------------------------

  CREATE UNIQUE INDEX "KRIM_ENTITY_CACHE_TC1" ON "KRIM_ENTITY_CACHE_T" ("PRNCPL_ID") 
  PCTFREE 10 INITRANS 2 MAXTRANS 255 COMPUTE STATISTICS 
  STORAGE(INITIAL 65536 NEXT 1048576 MINEXTENTS 1 MAXEXTENTS 2147483645
  PCTINCREASE 0 FREELISTS 1 FREELIST GROUPS 1 BUFFER_POOL DEFAULT FLASH_CACHE DEFAULT CELL_FLASH_CACHE DEFAULT)
   ;
--------------------------------------------------------
--  DDL for Index KRIM_RSP_TC0
--------------------------------------------------------

  CREATE UNIQUE INDEX "KRIM_RSP_TC0" ON "KRIM_RSP_T" ("OBJ_ID") 
  PCTFREE 10 INITRANS 2 MAXTRANS 255 COMPUTE STATISTICS 
  STORAGE(INITIAL 65536 NEXT 1048576 MINEXTENTS 1 MAXEXTENTS 2147483645
  PCTINCREASE 0 FREELISTS 1 FREELIST GROUPS 1 BUFFER_POOL DEFAULT FLASH_CACHE DEFAULT CELL_FLASH_CACHE DEFAULT)
   ;
--------------------------------------------------------
--  DDL for Index KRMS_RULE_TP1
--------------------------------------------------------

  CREATE UNIQUE INDEX "KRMS_RULE_TP1" ON "KRMS_RULE_T" ("RULE_ID") 
  PCTFREE 10 INITRANS 2 MAXTRANS 255 COMPUTE STATISTICS 
  STORAGE(INITIAL 65536 NEXT 1048576 MINEXTENTS 1 MAXEXTENTS 2147483645
  PCTINCREASE 0 FREELISTS 1 FREELIST GROUPS 1 BUFFER_POOL DEFAULT FLASH_CACHE DEFAULT CELL_FLASH_CACHE DEFAULT)
   ;
--------------------------------------------------------
--  DDL for Index KREN_RVWER_TI1
--------------------------------------------------------

  CREATE INDEX "KREN_RVWER_TI1" ON "KREN_RVWER_T" ("CHNL_ID") 
  PCTFREE 10 INITRANS 2 MAXTRANS 255 COMPUTE STATISTICS 
  STORAGE(INITIAL 65536 NEXT 1048576 MINEXTENTS 1 MAXEXTENTS 2147483645
  PCTINCREASE 0 FREELISTS 1 FREELIST GROUPS 1 BUFFER_POOL DEFAULT FLASH_CACHE DEFAULT CELL_FLASH_CACHE DEFAULT)
   ;
--------------------------------------------------------
--  DDL for Index KRMS_TYP_TC1
--------------------------------------------------------

  CREATE UNIQUE INDEX "KRMS_TYP_TC1" ON "KRMS_TYP_T" ("NM", "NMSPC_CD") 
  PCTFREE 10 INITRANS 2 MAXTRANS 255 
  STORAGE(INITIAL 65536 NEXT 1048576 MINEXTENTS 1 MAXEXTENTS 2147483645
  PCTINCREASE 0 FREELISTS 1 FREELIST GROUPS 1 BUFFER_POOL DEFAULT FLASH_CACHE DEFAULT CELL_FLASH_CACHE DEFAULT)
   ;
--------------------------------------------------------
--  DDL for Index KREW_HLP_TP1
--------------------------------------------------------

  CREATE UNIQUE INDEX "KREW_HLP_TP1" ON "KREW_HLP_T" ("HLP_ID") 
  PCTFREE 10 INITRANS 2 MAXTRANS 255 COMPUTE STATISTICS 
  STORAGE(INITIAL 65536 NEXT 1048576 MINEXTENTS 1 MAXEXTENTS 2147483645
  PCTINCREASE 0 FREELISTS 1 FREELIST GROUPS 1 BUFFER_POOL DEFAULT FLASH_CACHE DEFAULT CELL_FLASH_CACHE DEFAULT)
   ;
--------------------------------------------------------
--  DDL for Index KREN_RVWER_TC0
--------------------------------------------------------

  CREATE UNIQUE INDEX "KREN_RVWER_TC0" ON "KREN_RVWER_T" ("CHNL_ID", "TYP", "PRNCPL_ID") 
  PCTFREE 10 INITRANS 2 MAXTRANS 255 COMPUTE STATISTICS 
  STORAGE(INITIAL 65536 NEXT 1048576 MINEXTENTS 1 MAXEXTENTS 2147483645
  PCTINCREASE 0 FREELISTS 1 FREELIST GROUPS 1 BUFFER_POOL DEFAULT FLASH_CACHE DEFAULT CELL_FLASH_CACHE DEFAULT)
   ;
--------------------------------------------------------
--  DDL for Index KRMS_CNTXT_VLD_ACTN_TYP_TP1
--------------------------------------------------------

  CREATE UNIQUE INDEX "KRMS_CNTXT_VLD_ACTN_TYP_TP1" ON "KRMS_CNTXT_VLD_ACTN_TYP_T" ("CNTXT_VLD_ACTN_ID") 
  PCTFREE 10 INITRANS 2 MAXTRANS 255 COMPUTE STATISTICS 
  STORAGE(INITIAL 65536 NEXT 1048576 MINEXTENTS 1 MAXEXTENTS 2147483645
  PCTINCREASE 0 FREELISTS 1 FREELIST GROUPS 1 BUFFER_POOL DEFAULT FLASH_CACHE DEFAULT CELL_FLASH_CACHE DEFAULT)
   ;
--------------------------------------------------------
--  DDL for Index KRCR_PARM_TP1
--------------------------------------------------------

  CREATE UNIQUE INDEX "KRCR_PARM_TP1" ON "KRCR_PARM_T" ("NMSPC_CD", "CMPNT_CD", "PARM_NM", "APPL_ID") 
  PCTFREE 10 INITRANS 2 MAXTRANS 255 COMPUTE STATISTICS 
  STORAGE(INITIAL 65536 NEXT 1048576 MINEXTENTS 1 MAXEXTENTS 2147483645
  PCTINCREASE 0 FREELISTS 1 FREELIST GROUPS 1 BUFFER_POOL DEFAULT FLASH_CACHE DEFAULT CELL_FLASH_CACHE DEFAULT)
   ;
--------------------------------------------------------
--  DDL for Index KRIM_ROLE_MBR_ATTR_DATA_TI1
--------------------------------------------------------

  CREATE INDEX "KRIM_ROLE_MBR_ATTR_DATA_TI1" ON "KRIM_ROLE_MBR_ATTR_DATA_T" ("ROLE_MBR_ID") 
  PCTFREE 10 INITRANS 2 MAXTRANS 255 COMPUTE STATISTICS 
  STORAGE(INITIAL 65536 NEXT 1048576 MINEXTENTS 1 MAXEXTENTS 2147483645
  PCTINCREASE 0 FREELISTS 1 FREELIST GROUPS 1 BUFFER_POOL DEFAULT FLASH_CACHE DEFAULT CELL_FLASH_CACHE DEFAULT)
   ;
--------------------------------------------------------
--  DDL for Index KRMS_FUNC_TC1
--------------------------------------------------------

  CREATE UNIQUE INDEX "KRMS_FUNC_TC1" ON "KRMS_FUNC_T" ("NM", "NMSPC_CD") 
  PCTFREE 10 INITRANS 2 MAXTRANS 255 COMPUTE STATISTICS 
  STORAGE(INITIAL 65536 NEXT 1048576 MINEXTENTS 1 MAXEXTENTS 2147483645
  PCTINCREASE 0 FREELISTS 1 FREELIST GROUPS 1 BUFFER_POOL DEFAULT FLASH_CACHE DEFAULT CELL_FLASH_CACHE DEFAULT)
   ;
--------------------------------------------------------
--  DDL for Index KRMS_TYP_ATTR_TC1
--------------------------------------------------------

  CREATE UNIQUE INDEX "KRMS_TYP_ATTR_TC1" ON "KRMS_TYP_ATTR_T" ("TYP_ID", "ATTR_DEFN_ID") 
  PCTFREE 10 INITRANS 2 MAXTRANS 255 COMPUTE STATISTICS 
  STORAGE(INITIAL 65536 NEXT 1048576 MINEXTENTS 1 MAXEXTENTS 2147483645
  PCTINCREASE 0 FREELISTS 1 FREELIST GROUPS 1 BUFFER_POOL DEFAULT FLASH_CACHE DEFAULT CELL_FLASH_CACHE DEFAULT)
   ;
--------------------------------------------------------
--  DDL for Index KRIM_ENT_NM_TYP_TC1
--------------------------------------------------------

  CREATE UNIQUE INDEX "KRIM_ENT_NM_TYP_TC1" ON "KRIM_ENT_NM_TYP_T" ("NM") 
  PCTFREE 10 INITRANS 2 MAXTRANS 255 COMPUTE STATISTICS 
  STORAGE(INITIAL 65536 NEXT 1048576 MINEXTENTS 1 MAXEXTENTS 2147483645
  PCTINCREASE 0 FREELISTS 1 FREELIST GROUPS 1 BUFFER_POOL DEFAULT FLASH_CACHE DEFAULT CELL_FLASH_CACHE DEFAULT)
   ;
--------------------------------------------------------
--  DDL for Index KRIM_PERM_ATTR_DATA_TC0
--------------------------------------------------------

  CREATE UNIQUE INDEX "KRIM_PERM_ATTR_DATA_TC0" ON "KRIM_PERM_ATTR_DATA_T" ("OBJ_ID") 
  PCTFREE 10 INITRANS 2 MAXTRANS 255 COMPUTE STATISTICS 
  STORAGE(INITIAL 65536 NEXT 1048576 MINEXTENTS 1 MAXEXTENTS 2147483645
  PCTINCREASE 0 FREELISTS 1 FREELIST GROUPS 1 BUFFER_POOL DEFAULT FLASH_CACHE DEFAULT CELL_FLASH_CACHE DEFAULT)
   ;
--------------------------------------------------------
--  DDL for Index KRIM_ATTR_DEFN_TP1
--------------------------------------------------------

  CREATE UNIQUE INDEX "KRIM_ATTR_DEFN_TP1" ON "KRIM_ATTR_DEFN_T" ("KIM_ATTR_DEFN_ID") 
  PCTFREE 10 INITRANS 2 MAXTRANS 255 COMPUTE STATISTICS 
  STORAGE(INITIAL 65536 NEXT 1048576 MINEXTENTS 1 MAXEXTENTS 2147483645
  PCTINCREASE 0 FREELISTS 1 FREELIST GROUPS 1 BUFFER_POOL DEFAULT FLASH_CACHE DEFAULT CELL_FLASH_CACHE DEFAULT)
   ;
--------------------------------------------------------
--  DDL for Index KRMS_AGENDA_ATTR_TP1
--------------------------------------------------------

  CREATE UNIQUE INDEX "KRMS_AGENDA_ATTR_TP1" ON "KRMS_AGENDA_ATTR_T" ("AGENDA_ATTR_ID") 
  PCTFREE 10 INITRANS 2 MAXTRANS 255 COMPUTE STATISTICS 
  STORAGE(INITIAL 65536 NEXT 1048576 MINEXTENTS 1 MAXEXTENTS 2147483645
  PCTINCREASE 0 FREELISTS 1 FREELIST GROUPS 1 BUFFER_POOL DEFAULT FLASH_CACHE DEFAULT CELL_FLASH_CACHE DEFAULT)
   ;
--------------------------------------------------------
--  DDL for Index KRNS_LOOKUP_SEL_TC0
--------------------------------------------------------

  CREATE UNIQUE INDEX "KRNS_LOOKUP_SEL_TC0" ON "KRNS_LOOKUP_SEL_T" ("OBJ_ID") 
  PCTFREE 10 INITRANS 2 MAXTRANS 255 COMPUTE STATISTICS 
  STORAGE(INITIAL 65536 NEXT 1048576 MINEXTENTS 1 MAXEXTENTS 2147483645
  PCTINCREASE 0 FREELISTS 1 FREELIST GROUPS 1 BUFFER_POOL DEFAULT FLASH_CACHE DEFAULT CELL_FLASH_CACHE DEFAULT)
   ;
--------------------------------------------------------
--  DDL for Index KRIM_ENTITY_RESIDENCY_TC0
--------------------------------------------------------

  CREATE UNIQUE INDEX "KRIM_ENTITY_RESIDENCY_TC0" ON "KRIM_ENTITY_RESIDENCY_T" ("OBJ_ID") 
  PCTFREE 10 INITRANS 2 MAXTRANS 255 COMPUTE STATISTICS 
  STORAGE(INITIAL 65536 NEXT 1048576 MINEXTENTS 1 MAXEXTENTS 2147483645
  PCTINCREASE 0 FREELISTS 1 FREELIST GROUPS 1 BUFFER_POOL DEFAULT FLASH_CACHE DEFAULT CELL_FLASH_CACHE DEFAULT)
   ;
--------------------------------------------------------
--  DDL for Index KRNS_NTE_TYP_TC0
--------------------------------------------------------

  CREATE UNIQUE INDEX "KRNS_NTE_TYP_TC0" ON "KRNS_NTE_TYP_T" ("OBJ_ID") 
  PCTFREE 10 INITRANS 2 MAXTRANS 255 COMPUTE STATISTICS 
  STORAGE(INITIAL 65536 NEXT 1048576 MINEXTENTS 1 MAXEXTENTS 2147483645
  PCTINCREASE 0 FREELISTS 1 FREELIST GROUPS 1 BUFFER_POOL DEFAULT FLASH_CACHE DEFAULT CELL_FLASH_CACHE DEFAULT)
   ;
--------------------------------------------------------
--  DDL for Index KRLC_CNTY_TP1
--------------------------------------------------------

  CREATE UNIQUE INDEX "KRLC_CNTY_TP1" ON "KRLC_CNTY_T" ("COUNTY_CD", "STATE_CD", "POSTAL_CNTRY_CD") 
  PCTFREE 10 INITRANS 2 MAXTRANS 255 COMPUTE STATISTICS 
  STORAGE(INITIAL 65536 NEXT 1048576 MINEXTENTS 1 MAXEXTENTS 2147483645
  PCTINCREASE 0 FREELISTS 1 FREELIST GROUPS 1 BUFFER_POOL DEFAULT FLASH_CACHE DEFAULT CELL_FLASH_CACHE DEFAULT)
   ;
--------------------------------------------------------
--  DDL for Index KREW_DOC_HDR_TP1
--------------------------------------------------------

  CREATE UNIQUE INDEX "KREW_DOC_HDR_TP1" ON "KREW_DOC_HDR_T" ("DOC_HDR_ID") 
  PCTFREE 10 INITRANS 2 MAXTRANS 255 COMPUTE STATISTICS 
  STORAGE(INITIAL 65536 NEXT 1048576 MINEXTENTS 1 MAXEXTENTS 2147483645
  PCTINCREASE 0 FREELISTS 1 FREELIST GROUPS 1 BUFFER_POOL DEFAULT FLASH_CACHE DEFAULT CELL_FLASH_CACHE DEFAULT)
   ;
--------------------------------------------------------
--  DDL for Index KRMS_TYP_ATTR_TI1
--------------------------------------------------------

  CREATE INDEX "KRMS_TYP_ATTR_TI1" ON "KRMS_TYP_ATTR_T" ("ATTR_DEFN_ID") 
  PCTFREE 10 INITRANS 2 MAXTRANS 255 COMPUTE STATISTICS 
  STORAGE(INITIAL 65536 NEXT 1048576 MINEXTENTS 1 MAXEXTENTS 2147483645
  PCTINCREASE 0 FREELISTS 1 FREELIST GROUPS 1 BUFFER_POOL DEFAULT FLASH_CACHE DEFAULT CELL_FLASH_CACHE DEFAULT)
   ;
--------------------------------------------------------
--  DDL for Index KRSB_QRTZ_TRIGGERS_TI3
--------------------------------------------------------

  CREATE INDEX "KRSB_QRTZ_TRIGGERS_TI3" ON "KRSB_QRTZ_TRIGGERS" ("TRIGGER_STATE") 
  PCTFREE 10 INITRANS 2 MAXTRANS 255 COMPUTE STATISTICS 
  STORAGE(INITIAL 65536 NEXT 1048576 MINEXTENTS 1 MAXEXTENTS 2147483645
  PCTINCREASE 0 FREELISTS 1 FREELIST GROUPS 1 BUFFER_POOL DEFAULT FLASH_CACHE DEFAULT CELL_FLASH_CACHE DEFAULT)
   ;
--------------------------------------------------------
--  DDL for Index KRNS_NTE_TYP_TP1
--------------------------------------------------------

  CREATE UNIQUE INDEX "KRNS_NTE_TYP_TP1" ON "KRNS_NTE_TYP_T" ("NTE_TYP_CD") 
  PCTFREE 10 INITRANS 2 MAXTRANS 255 COMPUTE STATISTICS 
  STORAGE(INITIAL 65536 NEXT 1048576 MINEXTENTS 1 MAXEXTENTS 2147483645
  PCTINCREASE 0 FREELISTS 1 FREELIST GROUPS 1 BUFFER_POOL DEFAULT FLASH_CACHE DEFAULT CELL_FLASH_CACHE DEFAULT)
   ;
--------------------------------------------------------
--  DDL for Index KRIM_ENTITY_CACHE_TC0
--------------------------------------------------------

  CREATE UNIQUE INDEX "KRIM_ENTITY_CACHE_TC0" ON "KRIM_ENTITY_CACHE_T" ("OBJ_ID") 
  PCTFREE 10 INITRANS 2 MAXTRANS 255 COMPUTE STATISTICS 
  STORAGE(INITIAL 65536 NEXT 1048576 MINEXTENTS 1 MAXEXTENTS 2147483645
  PCTINCREASE 0 FREELISTS 1 FREELIST GROUPS 1 BUFFER_POOL DEFAULT FLASH_CACHE DEFAULT CELL_FLASH_CACHE DEFAULT)
   ;
--------------------------------------------------------
--  DDL for Index KRIM_PND_PRIV_PREF_MTP1
--------------------------------------------------------

  CREATE UNIQUE INDEX "KRIM_PND_PRIV_PREF_MTP1" ON "KRIM_PND_PRIV_PREF_MT" ("FDOC_NBR") 
  PCTFREE 10 INITRANS 2 MAXTRANS 255 COMPUTE STATISTICS 
  STORAGE(INITIAL 65536 NEXT 1048576 MINEXTENTS 1 MAXEXTENTS 2147483645
  PCTINCREASE 0 FREELISTS 1 FREELIST GROUPS 1 BUFFER_POOL DEFAULT FLASH_CACHE DEFAULT CELL_FLASH_CACHE DEFAULT)
   ;
--------------------------------------------------------
--  DDL for Index KRMS_CNTXT_ATTR_TI1
--------------------------------------------------------

  CREATE INDEX "KRMS_CNTXT_ATTR_TI1" ON "KRMS_CNTXT_ATTR_T" ("CNTXT_ID") 
  PCTFREE 10 INITRANS 2 MAXTRANS 255 COMPUTE STATISTICS 
  STORAGE(INITIAL 65536 NEXT 1048576 MINEXTENTS 1 MAXEXTENTS 2147483645
  PCTINCREASE 0 FREELISTS 1 FREELIST GROUPS 1 BUFFER_POOL DEFAULT FLASH_CACHE DEFAULT CELL_FLASH_CACHE DEFAULT)
   ;
--------------------------------------------------------
--  DDL for Index KRIM_ADDR_TYP_TC1
--------------------------------------------------------

  CREATE UNIQUE INDEX "KRIM_ADDR_TYP_TC1" ON "KRIM_ADDR_TYP_T" ("NM") 
  PCTFREE 10 INITRANS 2 MAXTRANS 255 
  STORAGE(INITIAL 65536 NEXT 1048576 MINEXTENTS 1 MAXEXTENTS 2147483645
  PCTINCREASE 0 FREELISTS 1 FREELIST GROUPS 1 BUFFER_POOL DEFAULT FLASH_CACHE DEFAULT CELL_FLASH_CACHE DEFAULT)
   ;
--------------------------------------------------------
--  DDL for Index KRMS_PROP_PARM_TP1
--------------------------------------------------------

  CREATE UNIQUE INDEX "KRMS_PROP_PARM_TP1" ON "KRMS_PROP_PARM_T" ("PROP_PARM_ID") 
  PCTFREE 10 INITRANS 2 MAXTRANS 255 COMPUTE STATISTICS 
  STORAGE(INITIAL 65536 NEXT 1048576 MINEXTENTS 1 MAXEXTENTS 2147483645
  PCTINCREASE 0 FREELISTS 1 FREELIST GROUPS 1 BUFFER_POOL DEFAULT FLASH_CACHE DEFAULT CELL_FLASH_CACHE DEFAULT)
   ;
--------------------------------------------------------
--  DDL for Index KREW_RTE_NODE_INSTN_ST_TI1
--------------------------------------------------------

  CREATE INDEX "KREW_RTE_NODE_INSTN_ST_TI1" ON "KREW_RTE_NODE_INSTN_ST_T" ("RTE_NODE_INSTN_ID", "KEY_CD") 
  PCTFREE 10 INITRANS 2 MAXTRANS 255 COMPUTE STATISTICS 
  STORAGE(INITIAL 65536 NEXT 1048576 MINEXTENTS 1 MAXEXTENTS 2147483645
  PCTINCREASE 0 FREELISTS 1 FREELIST GROUPS 1 BUFFER_POOL DEFAULT FLASH_CACHE DEFAULT CELL_FLASH_CACHE DEFAULT)
   ;
--------------------------------------------------------
--  DDL for Index KRMS_TERM_SPEC_CTGRY_TP1
--------------------------------------------------------

  CREATE UNIQUE INDEX "KRMS_TERM_SPEC_CTGRY_TP1" ON "KRMS_TERM_SPEC_CTGRY_T" ("TERM_SPEC_ID", "CTGRY_ID") 
  PCTFREE 10 INITRANS 2 MAXTRANS 255 COMPUTE STATISTICS 
  STORAGE(INITIAL 65536 NEXT 1048576 MINEXTENTS 1 MAXEXTENTS 2147483645
  PCTINCREASE 0 FREELISTS 1 FREELIST GROUPS 1 BUFFER_POOL DEFAULT FLASH_CACHE DEFAULT CELL_FLASH_CACHE DEFAULT)
   ;
--------------------------------------------------------
--  DDL for Index KRIM_PERM_TMPL_TC1
--------------------------------------------------------

  CREATE UNIQUE INDEX "KRIM_PERM_TMPL_TC1" ON "KRIM_PERM_TMPL_T" ("NM", "NMSPC_CD") 
  PCTFREE 10 INITRANS 2 MAXTRANS 255 
  STORAGE(INITIAL 65536 NEXT 1048576 MINEXTENTS 1 MAXEXTENTS 2147483645
  PCTINCREASE 0 FREELISTS 1 FREELIST GROUPS 1 BUFFER_POOL DEFAULT FLASH_CACHE DEFAULT CELL_FLASH_CACHE DEFAULT)
   ;
--------------------------------------------------------
--  DDL for Index KREW_RULE_ATTR_TC0
--------------------------------------------------------

  CREATE UNIQUE INDEX "KREW_RULE_ATTR_TC0" ON "KREW_RULE_ATTR_T" ("OBJ_ID") 
  PCTFREE 10 INITRANS 2 MAXTRANS 255 COMPUTE STATISTICS 
  STORAGE(INITIAL 65536 NEXT 1048576 MINEXTENTS 1 MAXEXTENTS 2147483645
  PCTINCREASE 0 FREELISTS 1 FREELIST GROUPS 1 BUFFER_POOL DEFAULT FLASH_CACHE DEFAULT CELL_FLASH_CACHE DEFAULT)
   ;
--------------------------------------------------------
--  DDL for Index KREW_RULE_ATTR_TC1
--------------------------------------------------------

  CREATE UNIQUE INDEX "KREW_RULE_ATTR_TC1" ON "KREW_RULE_ATTR_T" ("NM") 
  PCTFREE 10 INITRANS 2 MAXTRANS 255 COMPUTE STATISTICS 
  STORAGE(INITIAL 65536 NEXT 1048576 MINEXTENTS 1 MAXEXTENTS 2147483645
  PCTINCREASE 0 FREELISTS 1 FREELIST GROUPS 1 BUFFER_POOL DEFAULT FLASH_CACHE DEFAULT CELL_FLASH_CACHE DEFAULT)
   ;
--------------------------------------------------------
--  DDL for Index KRIM_PERM_TMPL_TI1
--------------------------------------------------------

  CREATE INDEX "KRIM_PERM_TMPL_TI1" ON "KRIM_PERM_TMPL_T" ("NMSPC_CD", "NM") 
  PCTFREE 10 INITRANS 2 MAXTRANS 255 COMPUTE STATISTICS 
  STORAGE(INITIAL 65536 NEXT 1048576 MINEXTENTS 1 MAXEXTENTS 2147483645
  PCTINCREASE 0 FREELISTS 1 FREELIST GROUPS 1 BUFFER_POOL DEFAULT FLASH_CACHE DEFAULT CELL_FLASH_CACHE DEFAULT)
   ;
--------------------------------------------------------
--  DDL for Index KREN_MSG_DELIV_TP1
--------------------------------------------------------

  CREATE UNIQUE INDEX "KREN_MSG_DELIV_TP1" ON "KREN_MSG_DELIV_T" ("MSG_DELIV_ID") 
  PCTFREE 10 INITRANS 2 MAXTRANS 255 COMPUTE STATISTICS 
  STORAGE(INITIAL 65536 NEXT 1048576 MINEXTENTS 1 MAXEXTENTS 2147483645
  PCTINCREASE 0 FREELISTS 1 FREELIST GROUPS 1 BUFFER_POOL DEFAULT FLASH_CACHE DEFAULT CELL_FLASH_CACHE DEFAULT)
   ;
--------------------------------------------------------
--  DDL for Index KRNS_MAINT_DOC_TC0
--------------------------------------------------------

  CREATE UNIQUE INDEX "KRNS_MAINT_DOC_TC0" ON "KRNS_MAINT_DOC_T" ("OBJ_ID") 
  PCTFREE 10 INITRANS 2 MAXTRANS 255 COMPUTE STATISTICS 
  STORAGE(INITIAL 65536 NEXT 1048576 MINEXTENTS 1 MAXEXTENTS 2147483645
  PCTINCREASE 0 FREELISTS 1 FREELIST GROUPS 1 BUFFER_POOL DEFAULT FLASH_CACHE DEFAULT CELL_FLASH_CACHE DEFAULT)
   ;
--------------------------------------------------------
--  DDL for Index KRSB_BAM_TP1
--------------------------------------------------------

  CREATE UNIQUE INDEX "KRSB_BAM_TP1" ON "KRSB_BAM_T" ("BAM_ID") 
  PCTFREE 10 INITRANS 2 MAXTRANS 255 COMPUTE STATISTICS 
  STORAGE(INITIAL 65536 NEXT 1048576 MINEXTENTS 1 MAXEXTENTS 2147483645
  PCTINCREASE 0 FREELISTS 1 FREELIST GROUPS 1 BUFFER_POOL DEFAULT FLASH_CACHE DEFAULT CELL_FLASH_CACHE DEFAULT)
   ;
--------------------------------------------------------
--  DDL for Index KRIM_GRP_TC0
--------------------------------------------------------

  CREATE UNIQUE INDEX "KRIM_GRP_TC0" ON "KRIM_GRP_T" ("OBJ_ID") 
  PCTFREE 10 INITRANS 2 MAXTRANS 255 COMPUTE STATISTICS 
  STORAGE(INITIAL 65536 NEXT 1048576 MINEXTENTS 1 MAXEXTENTS 2147483645
  PCTINCREASE 0 FREELISTS 1 FREELIST GROUPS 1 BUFFER_POOL DEFAULT FLASH_CACHE DEFAULT CELL_FLASH_CACHE DEFAULT)
   ;
--------------------------------------------------------
--  DDL for Index KRSB_QRTZ_CALENDARSP1
--------------------------------------------------------

  CREATE UNIQUE INDEX "KRSB_QRTZ_CALENDARSP1" ON "KRSB_QRTZ_CALENDARS" ("CALENDAR_NAME") 
  PCTFREE 10 INITRANS 2 MAXTRANS 255 COMPUTE STATISTICS 
  STORAGE(INITIAL 65536 NEXT 1048576 MINEXTENTS 1 MAXEXTENTS 2147483645
  PCTINCREASE 0 FREELISTS 1 FREELIST GROUPS 1 BUFFER_POOL DEFAULT FLASH_CACHE DEFAULT CELL_FLASH_CACHE DEFAULT)
   ;
--------------------------------------------------------
--  DDL for Index KRSB_QRTZ_TRIGGERSP1
--------------------------------------------------------

  CREATE UNIQUE INDEX "KRSB_QRTZ_TRIGGERSP1" ON "KRSB_QRTZ_TRIGGERS" ("TRIGGER_NAME", "TRIGGER_GROUP") 
  PCTFREE 10 INITRANS 2 MAXTRANS 255 COMPUTE STATISTICS 
  STORAGE(INITIAL 65536 NEXT 1048576 MINEXTENTS 1 MAXEXTENTS 2147483645
  PCTINCREASE 0 FREELISTS 1 FREELIST GROUPS 1 BUFFER_POOL DEFAULT FLASH_CACHE DEFAULT CELL_FLASH_CACHE DEFAULT)
   ;
--------------------------------------------------------
--  DDL for Index KREW_ACTN_RQST_T17
--------------------------------------------------------

  CREATE INDEX "KREW_ACTN_RQST_T17" ON "KREW_ACTN_RQST_T" ("RTE_NODE_INSTN_ID") 
  PCTFREE 10 INITRANS 2 MAXTRANS 255 COMPUTE STATISTICS 
  STORAGE(INITIAL 65536 NEXT 1048576 MINEXTENTS 1 MAXEXTENTS 2147483645
  PCTINCREASE 0 FREELISTS 1 FREELIST GROUPS 1 BUFFER_POOL DEFAULT FLASH_CACHE DEFAULT CELL_FLASH_CACHE DEFAULT)
   ;
--------------------------------------------------------
--  DDL for Index KREW_APP_DOC_STAT_TI1
--------------------------------------------------------

  CREATE INDEX "KREW_APP_DOC_STAT_TI1" ON "KREW_APP_DOC_STAT_TRAN_T" ("DOC_HDR_ID", "STAT_TRANS_DATE") 
  PCTFREE 10 INITRANS 2 MAXTRANS 255 COMPUTE STATISTICS 
  STORAGE(INITIAL 65536 NEXT 1048576 MINEXTENTS 1 MAXEXTENTS 2147483645
  PCTINCREASE 0 FREELISTS 1 FREELIST GROUPS 1 BUFFER_POOL DEFAULT FLASH_CACHE DEFAULT CELL_FLASH_CACHE DEFAULT)
   ;
--------------------------------------------------------
--  DDL for Index KREW_RTE_NODE_TI3
--------------------------------------------------------

  CREATE INDEX "KREW_RTE_NODE_TI3" ON "KREW_RTE_NODE_T" ("BRCH_PROTO_ID") 
  PCTFREE 10 INITRANS 2 MAXTRANS 255 COMPUTE STATISTICS 
  STORAGE(INITIAL 65536 NEXT 1048576 MINEXTENTS 1 MAXEXTENTS 2147483645
  PCTINCREASE 0 FREELISTS 1 FREELIST GROUPS 1 BUFFER_POOL DEFAULT FLASH_CACHE DEFAULT CELL_FLASH_CACHE DEFAULT)
   ;
--------------------------------------------------------
--  DDL for Index KREW_RTE_NODE_INSTN_TI4
--------------------------------------------------------

  CREATE INDEX "KREW_RTE_NODE_INSTN_TI4" ON "KREW_RTE_NODE_INSTN_T" ("PROC_RTE_NODE_INSTN_ID") 
  PCTFREE 10 INITRANS 2 MAXTRANS 255 COMPUTE STATISTICS 
  STORAGE(INITIAL 65536 NEXT 1048576 MINEXTENTS 1 MAXEXTENTS 2147483645
  PCTINCREASE 0 FREELISTS 1 FREELIST GROUPS 1 BUFFER_POOL DEFAULT FLASH_CACHE DEFAULT CELL_FLASH_CACHE DEFAULT)
   ;
--------------------------------------------------------
--  DDL for Index KRNS_MAINT_DOC_TP1
--------------------------------------------------------

  CREATE UNIQUE INDEX "KRNS_MAINT_DOC_TP1" ON "KRNS_MAINT_DOC_T" ("DOC_HDR_ID") 
  PCTFREE 10 INITRANS 2 MAXTRANS 255 COMPUTE STATISTICS 
  STORAGE(INITIAL 65536 NEXT 1048576 MINEXTENTS 1 MAXEXTENTS 2147483645
  PCTINCREASE 0 FREELISTS 1 FREELIST GROUPS 1 BUFFER_POOL DEFAULT FLASH_CACHE DEFAULT CELL_FLASH_CACHE DEFAULT)
   ;
--------------------------------------------------------
--  DDL for Index KRNS_PESSIMISTIC_LOCK_TI1
--------------------------------------------------------

  CREATE INDEX "KRNS_PESSIMISTIC_LOCK_TI1" ON "KRNS_PESSIMISTIC_LOCK_T" ("DOC_HDR_ID") 
  PCTFREE 10 INITRANS 2 MAXTRANS 255 COMPUTE STATISTICS 
  STORAGE(INITIAL 65536 NEXT 1048576 MINEXTENTS 1 MAXEXTENTS 2147483645
  PCTINCREASE 0 FREELISTS 1 FREELIST GROUPS 1 BUFFER_POOL DEFAULT FLASH_CACHE DEFAULT CELL_FLASH_CACHE DEFAULT)
   ;
--------------------------------------------------------
--  DDL for Index KREW_RTE_NODE_INSTN_LNK_TP1
--------------------------------------------------------

  CREATE UNIQUE INDEX "KREW_RTE_NODE_INSTN_LNK_TP1" ON "KREW_RTE_NODE_INSTN_LNK_T" ("FROM_RTE_NODE_INSTN_ID", "TO_RTE_NODE_INSTN_ID") 
  PCTFREE 10 INITRANS 2 MAXTRANS 255 COMPUTE STATISTICS 
  STORAGE(INITIAL 65536 NEXT 1048576 MINEXTENTS 1 MAXEXTENTS 2147483645
  PCTINCREASE 0 FREELISTS 1 FREELIST GROUPS 1 BUFFER_POOL DEFAULT FLASH_CACHE DEFAULT CELL_FLASH_CACHE DEFAULT)
   ;
--------------------------------------------------------
--  DDL for Index KREW_RULE_RSP_TI1
--------------------------------------------------------

  CREATE INDEX "KREW_RULE_RSP_TI1" ON "KREW_RULE_RSP_T" ("RULE_ID") 
  PCTFREE 10 INITRANS 2 MAXTRANS 255 COMPUTE STATISTICS 
  STORAGE(INITIAL 65536 NEXT 1048576 MINEXTENTS 1 MAXEXTENTS 2147483645
  PCTINCREASE 0 FREELISTS 1 FREELIST GROUPS 1 BUFFER_POOL DEFAULT FLASH_CACHE DEFAULT CELL_FLASH_CACHE DEFAULT)
   ;
--------------------------------------------------------
--  DDL for Index KREW_ACTN_ITM_TI3
--------------------------------------------------------

  CREATE INDEX "KREW_ACTN_ITM_TI3" ON "KREW_ACTN_ITM_T" ("ACTN_RQST_ID") 
  PCTFREE 10 INITRANS 2 MAXTRANS 255 COMPUTE STATISTICS 
  STORAGE(INITIAL 65536 NEXT 1048576 MINEXTENTS 1 MAXEXTENTS 2147483645
  PCTINCREASE 0 FREELISTS 1 FREELIST GROUPS 1 BUFFER_POOL DEFAULT FLASH_CACHE DEFAULT CELL_FLASH_CACHE DEFAULT)
   ;
--------------------------------------------------------
--  DDL for Index KREW_DOC_HDR_T10
--------------------------------------------------------

  CREATE INDEX "KREW_DOC_HDR_T10" ON "KREW_DOC_HDR_T" ("APP_DOC_STAT") 
  PCTFREE 10 INITRANS 2 MAXTRANS 255 COMPUTE STATISTICS 
  STORAGE(INITIAL 65536 NEXT 1048576 MINEXTENTS 1 MAXEXTENTS 2147483645
  PCTINCREASE 0 FREELISTS 1 FREELIST GROUPS 1 BUFFER_POOL DEFAULT FLASH_CACHE DEFAULT CELL_FLASH_CACHE DEFAULT)
   ;
--------------------------------------------------------
--  DDL for Index KRMS_NL_USAGE_TP1
--------------------------------------------------------

  CREATE UNIQUE INDEX "KRMS_NL_USAGE_TP1" ON "KRMS_NL_USAGE_T" ("NL_USAGE_ID") 
  PCTFREE 10 INITRANS 2 MAXTRANS 255 COMPUTE STATISTICS 
  STORAGE(INITIAL 65536 NEXT 1048576 MINEXTENTS 1 MAXEXTENTS 2147483645
  PCTINCREASE 0 FREELISTS 1 FREELIST GROUPS 1 BUFFER_POOL DEFAULT FLASH_CACHE DEFAULT CELL_FLASH_CACHE DEFAULT)
   ;
--------------------------------------------------------
--  DDL for Index KREW_APP_DOC_STAT_TRAN_TC0
--------------------------------------------------------

  CREATE UNIQUE INDEX "KREW_APP_DOC_STAT_TRAN_TC0" ON "KREW_APP_DOC_STAT_TRAN_T" ("OBJ_ID") 
  PCTFREE 10 INITRANS 2 MAXTRANS 255 COMPUTE STATISTICS 
  STORAGE(INITIAL 65536 NEXT 1048576 MINEXTENTS 1 MAXEXTENTS 2147483645
  PCTINCREASE 0 FREELISTS 1 FREELIST GROUPS 1 BUFFER_POOL DEFAULT FLASH_CACHE DEFAULT CELL_FLASH_CACHE DEFAULT)
   ;
--------------------------------------------------------
--  DDL for Index KRSB_QRTZ_CRON_TRIGGERSP1
--------------------------------------------------------

  CREATE UNIQUE INDEX "KRSB_QRTZ_CRON_TRIGGERSP1" ON "KRSB_QRTZ_CRON_TRIGGERS" ("TRIGGER_NAME", "TRIGGER_GROUP") 
  PCTFREE 10 INITRANS 2 MAXTRANS 255 COMPUTE STATISTICS 
  STORAGE(INITIAL 65536 NEXT 1048576 MINEXTENTS 1 MAXEXTENTS 2147483645
  PCTINCREASE 0 FREELISTS 1 FREELIST GROUPS 1 BUFFER_POOL DEFAULT FLASH_CACHE DEFAULT CELL_FLASH_CACHE DEFAULT)
   ;
--------------------------------------------------------
--  DDL for Index KREN_MSG_TC0
--------------------------------------------------------

  CREATE UNIQUE INDEX "KREN_MSG_TC0" ON "KREN_MSG_T" ("ORGN_ID") 
  PCTFREE 10 INITRANS 2 MAXTRANS 255 COMPUTE STATISTICS 
  STORAGE(INITIAL 65536 NEXT 1048576 MINEXTENTS 1 MAXEXTENTS 2147483645
  PCTINCREASE 0 FREELISTS 1 FREELIST GROUPS 1 BUFFER_POOL DEFAULT FLASH_CACHE DEFAULT CELL_FLASH_CACHE DEFAULT)
   ;
--------------------------------------------------------
--  DDL for Index KREW_PPL_FLW_MBR_TI1
--------------------------------------------------------

  CREATE INDEX "KREW_PPL_FLW_MBR_TI1" ON "KREW_PPL_FLW_MBR_T" ("PPL_FLW_ID") 
  PCTFREE 10 INITRANS 2 MAXTRANS 255 COMPUTE STATISTICS 
  STORAGE(INITIAL 65536 NEXT 1048576 MINEXTENTS 1 MAXEXTENTS 2147483645
  PCTINCREASE 0 FREELISTS 1 FREELIST GROUPS 1 BUFFER_POOL DEFAULT FLASH_CACHE DEFAULT CELL_FLASH_CACHE DEFAULT)
   ;
--------------------------------------------------------
--  DDL for Index KRNS_CMP_TYP_TC0
--------------------------------------------------------

  CREATE UNIQUE INDEX "KRNS_CMP_TYP_TC0" ON "KRLC_CMP_TYP_T" ("OBJ_ID") 
  PCTFREE 10 INITRANS 2 MAXTRANS 255 COMPUTE STATISTICS 
  STORAGE(INITIAL 65536 NEXT 1048576 MINEXTENTS 1 MAXEXTENTS 2147483645
  PCTINCREASE 0 FREELISTS 1 FREELIST GROUPS 1 BUFFER_POOL DEFAULT FLASH_CACHE DEFAULT CELL_FLASH_CACHE DEFAULT)
   ;
--------------------------------------------------------
--  DDL for Index KRIM_ROLE_PERM_TP1
--------------------------------------------------------

  CREATE UNIQUE INDEX "KRIM_ROLE_PERM_TP1" ON "KRIM_ROLE_PERM_T" ("ROLE_PERM_ID") 
  PCTFREE 10 INITRANS 2 MAXTRANS 255 COMPUTE STATISTICS 
  STORAGE(INITIAL 65536 NEXT 1048576 MINEXTENTS 1 MAXEXTENTS 2147483645
  PCTINCREASE 0 FREELISTS 1 FREELIST GROUPS 1 BUFFER_POOL DEFAULT FLASH_CACHE DEFAULT CELL_FLASH_CACHE DEFAULT)
   ;
--------------------------------------------------------
--  DDL for Index KRIM_PERSON_DOCUMENT_TP1
--------------------------------------------------------

  CREATE UNIQUE INDEX "KRIM_PERSON_DOCUMENT_TP1" ON "KRIM_PERSON_DOCUMENT_T" ("FDOC_NBR") 
  PCTFREE 10 INITRANS 2 MAXTRANS 255 COMPUTE STATISTICS 
  STORAGE(INITIAL 65536 NEXT 1048576 MINEXTENTS 1 MAXEXTENTS 2147483645
  PCTINCREASE 0 FREELISTS 1 FREELIST GROUPS 1 BUFFER_POOL DEFAULT FLASH_CACHE DEFAULT CELL_FLASH_CACHE DEFAULT)
   ;
--------------------------------------------------------
--  DDL for Index KRMS_ACTN_TC2
--------------------------------------------------------

  CREATE UNIQUE INDEX "KRMS_ACTN_TC2" ON "KRMS_ACTN_T" ("ACTN_ID", "RULE_ID", "SEQ_NO") 
  PCTFREE 10 INITRANS 2 MAXTRANS 255 COMPUTE STATISTICS 
  STORAGE(INITIAL 65536 NEXT 1048576 MINEXTENTS 1 MAXEXTENTS 2147483645
  PCTINCREASE 0 FREELISTS 1 FREELIST GROUPS 1 BUFFER_POOL DEFAULT FLASH_CACHE DEFAULT CELL_FLASH_CACHE DEFAULT)
   ;
--------------------------------------------------------
--  DDL for Index KRIM_ENTITY_EMP_INFO_TI1
--------------------------------------------------------

  CREATE INDEX "KRIM_ENTITY_EMP_INFO_TI1" ON "KRIM_ENTITY_EMP_INFO_T" ("ENTITY_ID") 
  PCTFREE 10 INITRANS 2 MAXTRANS 255 COMPUTE STATISTICS 
  STORAGE(INITIAL 65536 NEXT 1048576 MINEXTENTS 1 MAXEXTENTS 2147483645
  PCTINCREASE 0 FREELISTS 1 FREELIST GROUPS 1 BUFFER_POOL DEFAULT FLASH_CACHE DEFAULT CELL_FLASH_CACHE DEFAULT)
   ;
--------------------------------------------------------
--  DDL for Index KRIM_ROLE_MBR_ATTR_DATA_TP1
--------------------------------------------------------

  CREATE UNIQUE INDEX "KRIM_ROLE_MBR_ATTR_DATA_TP1" ON "KRIM_ROLE_MBR_ATTR_DATA_T" ("ATTR_DATA_ID") 
  PCTFREE 10 INITRANS 2 MAXTRANS 255 COMPUTE STATISTICS 
  STORAGE(INITIAL 65536 NEXT 1048576 MINEXTENTS 1 MAXEXTENTS 2147483645
  PCTINCREASE 0 FREELISTS 1 FREELIST GROUPS 1 BUFFER_POOL DEFAULT FLASH_CACHE DEFAULT CELL_FLASH_CACHE DEFAULT)
   ;
--------------------------------------------------------
--  DDL for Index KRSB_QRTZ_FIRED_TRIGGERS_TI5
--------------------------------------------------------

  CREATE INDEX "KRSB_QRTZ_FIRED_TRIGGERS_TI5" ON "KRSB_QRTZ_FIRED_TRIGGERS" ("TRIGGER_GROUP") 
  PCTFREE 10 INITRANS 2 MAXTRANS 255 COMPUTE STATISTICS 
  STORAGE(INITIAL 65536 NEXT 1048576 MINEXTENTS 1 MAXEXTENTS 2147483645
  PCTINCREASE 0 FREELISTS 1 FREELIST GROUPS 1 BUFFER_POOL DEFAULT FLASH_CACHE DEFAULT CELL_FLASH_CACHE DEFAULT)
   ;
--------------------------------------------------------
--  DDL for Index TRVL_TRIP_TYP_TP1
--------------------------------------------------------

  CREATE UNIQUE INDEX "TRVL_TRIP_TYP_TP1" ON "TRVL_TRIP_TYP_T" ("CODE") 
  PCTFREE 10 INITRANS 2 MAXTRANS 255 COMPUTE STATISTICS 
  STORAGE(INITIAL 65536 NEXT 1048576 MINEXTENTS 1 MAXEXTENTS 2147483645
  PCTINCREASE 0 FREELISTS 1 FREELIST GROUPS 1 BUFFER_POOL DEFAULT FLASH_CACHE DEFAULT CELL_FLASH_CACHE DEFAULT)
   ;
--------------------------------------------------------
--  DDL for Index KRNS_PESSIMISTIC_LOCK_TI2
--------------------------------------------------------

  CREATE INDEX "KRNS_PESSIMISTIC_LOCK_TI2" ON "KRNS_PESSIMISTIC_LOCK_T" ("PRNCPL_ID") 
  PCTFREE 10 INITRANS 2 MAXTRANS 255 COMPUTE STATISTICS 
  STORAGE(INITIAL 65536 NEXT 1048576 MINEXTENTS 1 MAXEXTENTS 2147483645
  PCTINCREASE 0 FREELISTS 1 FREELIST GROUPS 1 BUFFER_POOL DEFAULT FLASH_CACHE DEFAULT CELL_FLASH_CACHE DEFAULT)
   ;
--------------------------------------------------------
--  DDL for Index KREN_PRIO_TP1
--------------------------------------------------------

  CREATE UNIQUE INDEX "KREN_PRIO_TP1" ON "KREN_PRIO_T" ("PRIO_ID") 
  PCTFREE 10 INITRANS 2 MAXTRANS 255 COMPUTE STATISTICS 
  STORAGE(INITIAL 65536 NEXT 1048576 MINEXTENTS 1 MAXEXTENTS 2147483645
  PCTINCREASE 0 FREELISTS 1 FREELIST GROUPS 1 BUFFER_POOL DEFAULT FLASH_CACHE DEFAULT CELL_FLASH_CACHE DEFAULT)
   ;
--------------------------------------------------------
--  DDL for Index KREN_RECIP_TP1
--------------------------------------------------------

  CREATE UNIQUE INDEX "KREN_RECIP_TP1" ON "KREN_RECIP_T" ("RECIP_ID") 
  PCTFREE 10 INITRANS 2 MAXTRANS 255 COMPUTE STATISTICS 
  STORAGE(INITIAL 65536 NEXT 1048576 MINEXTENTS 1 MAXEXTENTS 2147483645
  PCTINCREASE 0 FREELISTS 1 FREELIST GROUPS 1 BUFFER_POOL DEFAULT FLASH_CACHE DEFAULT CELL_FLASH_CACHE DEFAULT)
   ;
--------------------------------------------------------
--  DDL for Index KRSB_QRTZ_SCHEDULER_STATEP1
--------------------------------------------------------

  CREATE UNIQUE INDEX "KRSB_QRTZ_SCHEDULER_STATEP1" ON "KRSB_QRTZ_SCHEDULER_STATE" ("INSTANCE_NAME") 
  PCTFREE 10 INITRANS 2 MAXTRANS 255 COMPUTE STATISTICS 
  STORAGE(INITIAL 65536 NEXT 1048576 MINEXTENTS 1 MAXEXTENTS 2147483645
  PCTINCREASE 0 FREELISTS 1 FREELIST GROUPS 1 BUFFER_POOL DEFAULT FLASH_CACHE DEFAULT CELL_FLASH_CACHE DEFAULT)
   ;
--------------------------------------------------------
--  DDL for Index KREW_DOC_TYP_TI1
--------------------------------------------------------

  CREATE UNIQUE INDEX "KREW_DOC_TYP_TI1" ON "KREW_DOC_TYP_T" ("DOC_TYP_NM", "DOC_TYP_VER_NBR") 
  PCTFREE 10 INITRANS 2 MAXTRANS 255 COMPUTE STATISTICS 
  STORAGE(INITIAL 65536 NEXT 1048576 MINEXTENTS 1 MAXEXTENTS 2147483645
  PCTINCREASE 0 FREELISTS 1 FREELIST GROUPS 1 BUFFER_POOL DEFAULT FLASH_CACHE DEFAULT CELL_FLASH_CACHE DEFAULT)
   ;
--------------------------------------------------------
--  DDL for Index KRSB_QRTZ_PAUSED_TRIGGER_GRP1
--------------------------------------------------------

  CREATE UNIQUE INDEX "KRSB_QRTZ_PAUSED_TRIGGER_GRP1" ON "KRSB_QRTZ_PAUSED_TRIGGER_GRPS" ("TRIGGER_GROUP") 
  PCTFREE 10 INITRANS 2 MAXTRANS 255 COMPUTE STATISTICS 
  STORAGE(INITIAL 65536 NEXT 1048576 MINEXTENTS 1 MAXEXTENTS 2147483645
  PCTINCREASE 0 FREELISTS 1 FREELIST GROUPS 1 BUFFER_POOL DEFAULT FLASH_CACHE DEFAULT CELL_FLASH_CACHE DEFAULT)
   ;
--------------------------------------------------------
--  DDL for Index BK_ORDER_ENTRY_TP1
--------------------------------------------------------

  CREATE UNIQUE INDEX "BK_ORDER_ENTRY_TP1" ON "BK_ORDER_ENTRY_T" ("BK_ORDER_ENTRY_ID") 
  PCTFREE 10 INITRANS 2 MAXTRANS 255 COMPUTE STATISTICS 
  STORAGE(INITIAL 65536 NEXT 1048576 MINEXTENTS 1 MAXEXTENTS 2147483645
  PCTINCREASE 0 FREELISTS 1 FREELIST GROUPS 1 BUFFER_POOL DEFAULT FLASH_CACHE DEFAULT CELL_FLASH_CACHE DEFAULT)
   ;
--------------------------------------------------------
--  DDL for Index KREW_DOC_TYP_PROC_TI3
--------------------------------------------------------

  CREATE INDEX "KREW_DOC_TYP_PROC_TI3" ON "KREW_DOC_TYP_PROC_T" ("NM") 
  PCTFREE 10 INITRANS 2 MAXTRANS 255 COMPUTE STATISTICS 
  STORAGE(INITIAL 65536 NEXT 1048576 MINEXTENTS 1 MAXEXTENTS 2147483645
  PCTINCREASE 0 FREELISTS 1 FREELIST GROUPS 1 BUFFER_POOL DEFAULT FLASH_CACHE DEFAULT CELL_FLASH_CACHE DEFAULT)
   ;
--------------------------------------------------------
--  DDL for Index KRIM_AFLTN_TYP_TP1
--------------------------------------------------------

  CREATE UNIQUE INDEX "KRIM_AFLTN_TYP_TP1" ON "KRIM_AFLTN_TYP_T" ("AFLTN_TYP_CD") 
  PCTFREE 10 INITRANS 2 MAXTRANS 255 COMPUTE STATISTICS 
  STORAGE(INITIAL 65536 NEXT 1048576 MINEXTENTS 1 MAXEXTENTS 2147483645
  PCTINCREASE 0 FREELISTS 1 FREELIST GROUPS 1 BUFFER_POOL DEFAULT FLASH_CACHE DEFAULT CELL_FLASH_CACHE DEFAULT)
   ;
--------------------------------------------------------
--  DDL for Index KREW_DOC_TYP_TI5
--------------------------------------------------------

  CREATE INDEX "KREW_DOC_TYP_TI5" ON "KREW_DOC_TYP_T" ("CUR_IND") 
  PCTFREE 10 INITRANS 2 MAXTRANS 255 COMPUTE STATISTICS 
  STORAGE(INITIAL 65536 NEXT 1048576 MINEXTENTS 1 MAXEXTENTS 2147483645
  PCTINCREASE 0 FREELISTS 1 FREELIST GROUPS 1 BUFFER_POOL DEFAULT FLASH_CACHE DEFAULT CELL_FLASH_CACHE DEFAULT)
   ;
--------------------------------------------------------
--  DDL for Index KRIM_PND_GRP_ATTR_DATA_TP1
--------------------------------------------------------

  CREATE UNIQUE INDEX "KRIM_PND_GRP_ATTR_DATA_TP1" ON "KRIM_PND_GRP_ATTR_DATA_T" ("FDOC_NBR", "ATTR_DATA_ID") 
  PCTFREE 10 INITRANS 2 MAXTRANS 255 COMPUTE STATISTICS 
  STORAGE(INITIAL 65536 NEXT 1048576 MINEXTENTS 1 MAXEXTENTS 2147483645
  PCTINCREASE 0 FREELISTS 1 FREELIST GROUPS 1 BUFFER_POOL DEFAULT FLASH_CACHE DEFAULT CELL_FLASH_CACHE DEFAULT)
   ;
--------------------------------------------------------
--  DDL for Index KREW_EDL_DEF_TP1
--------------------------------------------------------

  CREATE UNIQUE INDEX "KREW_EDL_DEF_TP1" ON "KREW_EDL_DEF_T" ("EDOCLT_DEF_ID") 
  PCTFREE 10 INITRANS 2 MAXTRANS 255 COMPUTE STATISTICS 
  STORAGE(INITIAL 65536 NEXT 1048576 MINEXTENTS 1 MAXEXTENTS 2147483645
  PCTINCREASE 0 FREELISTS 1 FREELIST GROUPS 1 BUFFER_POOL DEFAULT FLASH_CACHE DEFAULT CELL_FLASH_CACHE DEFAULT)
   ;
--------------------------------------------------------
--  DDL for Index KRMS_FUNC_CTGRY_TP1
--------------------------------------------------------

  CREATE UNIQUE INDEX "KRMS_FUNC_CTGRY_TP1" ON "KRMS_FUNC_CTGRY_T" ("FUNC_ID", "CTGRY_ID") 
  PCTFREE 10 INITRANS 2 MAXTRANS 255 COMPUTE STATISTICS 
  STORAGE(INITIAL 65536 NEXT 1048576 MINEXTENTS 1 MAXEXTENTS 2147483645
  PCTINCREASE 0 FREELISTS 1 FREELIST GROUPS 1 BUFFER_POOL DEFAULT FLASH_CACHE DEFAULT CELL_FLASH_CACHE DEFAULT)
   ;
--------------------------------------------------------
--  DDL for Index KREW_DOC_LNK_TI1
--------------------------------------------------------

  CREATE INDEX "KREW_DOC_LNK_TI1" ON "KREW_DOC_LNK_T" ("ORGN_DOC_ID") 
  PCTFREE 10 INITRANS 2 MAXTRANS 255 COMPUTE STATISTICS 
  STORAGE(INITIAL 65536 NEXT 1048576 MINEXTENTS 1 MAXEXTENTS 2147483645
  PCTINCREASE 0 FREELISTS 1 FREELIST GROUPS 1 BUFFER_POOL DEFAULT FLASH_CACHE DEFAULT CELL_FLASH_CACHE DEFAULT)
   ;
--------------------------------------------------------
--  DDL for Index KRIM_PND_DLGN_MBR_TP1
--------------------------------------------------------

  CREATE UNIQUE INDEX "KRIM_PND_DLGN_MBR_TP1" ON "KRIM_PND_DLGN_MBR_T" ("FDOC_NBR", "DLGN_MBR_ID") 
  PCTFREE 10 INITRANS 2 MAXTRANS 255 COMPUTE STATISTICS 
  STORAGE(INITIAL 65536 NEXT 1048576 MINEXTENTS 1 MAXEXTENTS 2147483645
  PCTINCREASE 0 FREELISTS 1 FREELIST GROUPS 1 BUFFER_POOL DEFAULT FLASH_CACHE DEFAULT CELL_FLASH_CACHE DEFAULT)
   ;
--------------------------------------------------------
--  DDL for Index KRMS_CNTXT_VLD_TERM_SPEC_TP1
--------------------------------------------------------

  CREATE UNIQUE INDEX "KRMS_CNTXT_VLD_TERM_SPEC_TP1" ON "KRMS_CNTXT_VLD_TERM_SPEC_T" ("CNTXT_TERM_SPEC_PREREQ_ID") 
  PCTFREE 10 INITRANS 2 MAXTRANS 255 COMPUTE STATISTICS 
  STORAGE(INITIAL 65536 NEXT 1048576 MINEXTENTS 1 MAXEXTENTS 2147483645
  PCTINCREASE 0 FREELISTS 1 FREELIST GROUPS 1 BUFFER_POOL DEFAULT FLASH_CACHE DEFAULT CELL_FLASH_CACHE DEFAULT)
   ;
--------------------------------------------------------
--  DDL for Index KREW_DOC_TYP_ATTR_TP1
--------------------------------------------------------

  CREATE UNIQUE INDEX "KREW_DOC_TYP_ATTR_TP1" ON "KREW_DOC_TYP_ATTR_T" ("DOC_TYP_ATTRIB_ID") 
  PCTFREE 10 INITRANS 2 MAXTRANS 255 COMPUTE STATISTICS 
  STORAGE(INITIAL 65536 NEXT 1048576 MINEXTENTS 1 MAXEXTENTS 2147483645
  PCTINCREASE 0 FREELISTS 1 FREELIST GROUPS 1 BUFFER_POOL DEFAULT FLASH_CACHE DEFAULT CELL_FLASH_CACHE DEFAULT)
   ;
--------------------------------------------------------
--  DDL for Index TRV_ACCT_USE_RT_TP1
--------------------------------------------------------

  CREATE UNIQUE INDEX "TRV_ACCT_USE_RT_TP1" ON "TRV_ACCT_USE_RT_T" ("ID") 
  PCTFREE 10 INITRANS 2 MAXTRANS 255 COMPUTE STATISTICS 
  STORAGE(INITIAL 65536 NEXT 1048576 MINEXTENTS 1 MAXEXTENTS 2147483645
  PCTINCREASE 0 FREELISTS 1 FREELIST GROUPS 1 BUFFER_POOL DEFAULT FLASH_CACHE DEFAULT CELL_FLASH_CACHE DEFAULT)
   ;
--------------------------------------------------------
--  DDL for Index KRIM_ROLE_RSP_TC0
--------------------------------------------------------

  CREATE UNIQUE INDEX "KRIM_ROLE_RSP_TC0" ON "KRIM_ROLE_RSP_T" ("OBJ_ID") 
  PCTFREE 10 INITRANS 2 MAXTRANS 255 COMPUTE STATISTICS 
  STORAGE(INITIAL 65536 NEXT 1048576 MINEXTENTS 1 MAXEXTENTS 2147483645
  PCTINCREASE 0 FREELISTS 1 FREELIST GROUPS 1 BUFFER_POOL DEFAULT FLASH_CACHE DEFAULT CELL_FLASH_CACHE DEFAULT)
   ;
--------------------------------------------------------
--  DDL for Index KRCR_CMPNT_TP1
--------------------------------------------------------

  CREATE UNIQUE INDEX "KRCR_CMPNT_TP1" ON "KRCR_CMPNT_T" ("NMSPC_CD", "CMPNT_CD") 
  PCTFREE 10 INITRANS 2 MAXTRANS 255 COMPUTE STATISTICS 
  STORAGE(INITIAL 65536 NEXT 1048576 MINEXTENTS 1 MAXEXTENTS 2147483645
  PCTINCREASE 0 FREELISTS 1 FREELIST GROUPS 1 BUFFER_POOL DEFAULT FLASH_CACHE DEFAULT CELL_FLASH_CACHE DEFAULT)
   ;
--------------------------------------------------------
--  DDL for Index KREW_DOC_HDR_EXT_LONG_TI2
--------------------------------------------------------

  CREATE INDEX "KREW_DOC_HDR_EXT_LONG_TI2" ON "KREW_DOC_HDR_EXT_LONG_T" ("DOC_HDR_ID") 
  PCTFREE 10 INITRANS 2 MAXTRANS 255 COMPUTE STATISTICS 
  STORAGE(INITIAL 65536 NEXT 1048576 MINEXTENTS 1 MAXEXTENTS 2147483645
  PCTINCREASE 0 FREELISTS 1 FREELIST GROUPS 1 BUFFER_POOL DEFAULT FLASH_CACHE DEFAULT CELL_FLASH_CACHE DEFAULT)
   ;
--------------------------------------------------------
--  DDL for Index KREW_PPL_FLW_ATTR_TI1
--------------------------------------------------------

  CREATE INDEX "KREW_PPL_FLW_ATTR_TI1" ON "KREW_PPL_FLW_ATTR_T" ("PPL_FLW_ID") 
  PCTFREE 10 INITRANS 2 MAXTRANS 255 COMPUTE STATISTICS 
  STORAGE(INITIAL 65536 NEXT 1048576 MINEXTENTS 1 MAXEXTENTS 2147483645
  PCTINCREASE 0 FREELISTS 1 FREELIST GROUPS 1 BUFFER_POOL DEFAULT FLASH_CACHE DEFAULT CELL_FLASH_CACHE DEFAULT)
   ;
--------------------------------------------------------
--  DDL for Index KRSB_BAM_TI1
--------------------------------------------------------

  CREATE INDEX "KRSB_BAM_TI1" ON "KRSB_BAM_T" ("SVC_NM", "MTHD_NM") 
  PCTFREE 10 INITRANS 2 MAXTRANS 255 COMPUTE STATISTICS 
  STORAGE(INITIAL 65536 NEXT 1048576 MINEXTENTS 1 MAXEXTENTS 2147483645
  PCTINCREASE 0 FREELISTS 1 FREELIST GROUPS 1 BUFFER_POOL DEFAULT FLASH_CACHE DEFAULT CELL_FLASH_CACHE DEFAULT)
   ;
--------------------------------------------------------
--  DDL for Index KRMS_NL_USAGE_TC1
--------------------------------------------------------

  CREATE UNIQUE INDEX "KRMS_NL_USAGE_TC1" ON "KRMS_NL_USAGE_T" ("NM", "NMSPC_CD") 
  PCTFREE 10 INITRANS 2 MAXTRANS 255 COMPUTE STATISTICS 
  STORAGE(INITIAL 65536 NEXT 1048576 MINEXTENTS 1 MAXEXTENTS 2147483645
  PCTINCREASE 0 FREELISTS 1 FREELIST GROUPS 1 BUFFER_POOL DEFAULT FLASH_CACHE DEFAULT CELL_FLASH_CACHE DEFAULT)
   ;
--------------------------------------------------------
--  DDL for Index KRIM_ENTITY_BIO_TC0
--------------------------------------------------------

  CREATE UNIQUE INDEX "KRIM_ENTITY_BIO_TC0" ON "KRIM_ENTITY_BIO_T" ("OBJ_ID") 
  PCTFREE 10 INITRANS 2 MAXTRANS 255 COMPUTE STATISTICS 
  STORAGE(INITIAL 65536 NEXT 1048576 MINEXTENTS 1 MAXEXTENTS 2147483645
  PCTINCREASE 0 FREELISTS 1 FREELIST GROUPS 1 BUFFER_POOL DEFAULT FLASH_CACHE DEFAULT CELL_FLASH_CACHE DEFAULT)
   ;
--------------------------------------------------------
--  DDL for Index KRMS_AGENDA_ITM_TP1
--------------------------------------------------------

  CREATE UNIQUE INDEX "KRMS_AGENDA_ITM_TP1" ON "KRMS_AGENDA_ITM_T" ("AGENDA_ITM_ID") 
  PCTFREE 10 INITRANS 2 MAXTRANS 255 COMPUTE STATISTICS 
  STORAGE(INITIAL 65536 NEXT 1048576 MINEXTENTS 1 MAXEXTENTS 2147483645
  PCTINCREASE 0 FREELISTS 1 FREELIST GROUPS 1 BUFFER_POOL DEFAULT FLASH_CACHE DEFAULT CELL_FLASH_CACHE DEFAULT)
   ;
--------------------------------------------------------
--  DDL for Index KRIM_PND_AFLTN_MTP1
--------------------------------------------------------

  CREATE UNIQUE INDEX "KRIM_PND_AFLTN_MTP1" ON "KRIM_PND_AFLTN_MT" ("FDOC_NBR", "ENTITY_AFLTN_ID") 
  PCTFREE 10 INITRANS 2 MAXTRANS 255 COMPUTE STATISTICS 
  STORAGE(INITIAL 65536 NEXT 1048576 MINEXTENTS 1 MAXEXTENTS 2147483645
  PCTINCREASE 0 FREELISTS 1 FREELIST GROUPS 1 BUFFER_POOL DEFAULT FLASH_CACHE DEFAULT CELL_FLASH_CACHE DEFAULT)
   ;
--------------------------------------------------------
--  DDL for Index KRIM_PERM_TMPL_TP1
--------------------------------------------------------

  CREATE UNIQUE INDEX "KRIM_PERM_TMPL_TP1" ON "KRIM_PERM_TMPL_T" ("PERM_TMPL_ID") 
  PCTFREE 10 INITRANS 2 MAXTRANS 255 COMPUTE STATISTICS 
  STORAGE(INITIAL 65536 NEXT 1048576 MINEXTENTS 1 MAXEXTENTS 2147483645
  PCTINCREASE 0 FREELISTS 1 FREELIST GROUPS 1 BUFFER_POOL DEFAULT FLASH_CACHE DEFAULT CELL_FLASH_CACHE DEFAULT)
   ;
--------------------------------------------------------
--  DDL for Index KREW_EDL_FLD_DMP_TP1
--------------------------------------------------------

  CREATE UNIQUE INDEX "KREW_EDL_FLD_DMP_TP1" ON "KREW_EDL_FLD_DMP_T" ("EDL_FIELD_DMP_ID") 
  PCTFREE 10 INITRANS 2 MAXTRANS 255 COMPUTE STATISTICS 
  STORAGE(INITIAL 65536 NEXT 1048576 MINEXTENTS 1 MAXEXTENTS 2147483645
  PCTINCREASE 0 FREELISTS 1 FREELIST GROUPS 1 BUFFER_POOL DEFAULT FLASH_CACHE DEFAULT CELL_FLASH_CACHE DEFAULT)
   ;
--------------------------------------------------------
--  DDL for Index KREW_PPL_FLW_MBR_TP1
--------------------------------------------------------

  CREATE UNIQUE INDEX "KREW_PPL_FLW_MBR_TP1" ON "KREW_PPL_FLW_MBR_T" ("PPL_FLW_MBR_ID") 
  PCTFREE 10 INITRANS 2 MAXTRANS 255 COMPUTE STATISTICS 
  STORAGE(INITIAL 65536 NEXT 1048576 MINEXTENTS 1 MAXEXTENTS 2147483645
  PCTINCREASE 0 FREELISTS 1 FREELIST GROUPS 1 BUFFER_POOL DEFAULT FLASH_CACHE DEFAULT CELL_FLASH_CACHE DEFAULT)
   ;
--------------------------------------------------------
--  DDL for Index TRV_ACCT_FOP1
--------------------------------------------------------

  CREATE UNIQUE INDEX "TRV_ACCT_FOP1" ON "TRV_ACCT_FO" ("ACCT_FO_ID") 
  PCTFREE 10 INITRANS 2 MAXTRANS 255 COMPUTE STATISTICS 
  STORAGE(INITIAL 65536 NEXT 1048576 MINEXTENTS 1 MAXEXTENTS 2147483645
  PCTINCREASE 0 FREELISTS 1 FREELIST GROUPS 1 BUFFER_POOL DEFAULT FLASH_CACHE DEFAULT CELL_FLASH_CACHE DEFAULT)
   ;
--------------------------------------------------------
--  DDL for Index KRNS_MAINT_DOC_ATT_TC0
--------------------------------------------------------

  CREATE UNIQUE INDEX "KRNS_MAINT_DOC_ATT_TC0" ON "KRNS_MAINT_DOC_ATT_T" ("OBJ_ID") 
  PCTFREE 10 INITRANS 2 MAXTRANS 255 COMPUTE STATISTICS 
  STORAGE(INITIAL 65536 NEXT 1048576 MINEXTENTS 1 MAXEXTENTS 2147483645
  PCTINCREASE 0 FREELISTS 1 FREELIST GROUPS 1 BUFFER_POOL DEFAULT FLASH_CACHE DEFAULT CELL_FLASH_CACHE DEFAULT)
   ;
--------------------------------------------------------
--  DDL for Index KRIM_ROLE_RSP_TI1
--------------------------------------------------------

  CREATE INDEX "KRIM_ROLE_RSP_TI1" ON "KRIM_ROLE_RSP_T" ("RSP_ID") 
  PCTFREE 10 INITRANS 2 MAXTRANS 255 COMPUTE STATISTICS 
  STORAGE(INITIAL 65536 NEXT 1048576 MINEXTENTS 1 MAXEXTENTS 2147483645
  PCTINCREASE 0 FREELISTS 1 FREELIST GROUPS 1 BUFFER_POOL DEFAULT FLASH_CACHE DEFAULT CELL_FLASH_CACHE DEFAULT)
   ;
--------------------------------------------------------
--  DDL for Index KRIM_ENTITY_EMP_INFO_TI2
--------------------------------------------------------

  CREATE INDEX "KRIM_ENTITY_EMP_INFO_TI2" ON "KRIM_ENTITY_EMP_INFO_T" ("ENTITY_AFLTN_ID") 
  PCTFREE 10 INITRANS 2 MAXTRANS 255 COMPUTE STATISTICS 
  STORAGE(INITIAL 65536 NEXT 1048576 MINEXTENTS 1 MAXEXTENTS 2147483645
  PCTINCREASE 0 FREELISTS 1 FREELIST GROUPS 1 BUFFER_POOL DEFAULT FLASH_CACHE DEFAULT CELL_FLASH_CACHE DEFAULT)
   ;
--------------------------------------------------------
--  DDL for Index KREW_ACTN_TKN_TI2
--------------------------------------------------------

  CREATE INDEX "KREW_ACTN_TKN_TI2" ON "KREW_ACTN_TKN_T" ("DOC_HDR_ID", "PRNCPL_ID", "ACTN_CD") 
  PCTFREE 10 INITRANS 2 MAXTRANS 255 COMPUTE STATISTICS 
  STORAGE(INITIAL 65536 NEXT 1048576 MINEXTENTS 1 MAXEXTENTS 2147483645
  PCTINCREASE 0 FREELISTS 1 FREELIST GROUPS 1 BUFFER_POOL DEFAULT FLASH_CACHE DEFAULT CELL_FLASH_CACHE DEFAULT)
   ;
--------------------------------------------------------
--  DDL for Index KREN_RVWER_TP1
--------------------------------------------------------

  CREATE UNIQUE INDEX "KREN_RVWER_TP1" ON "KREN_RVWER_T" ("RVWER_ID") 
  PCTFREE 10 INITRANS 2 MAXTRANS 255 COMPUTE STATISTICS 
  STORAGE(INITIAL 65536 NEXT 1048576 MINEXTENTS 1 MAXEXTENTS 2147483645
  PCTINCREASE 0 FREELISTS 1 FREELIST GROUPS 1 BUFFER_POOL DEFAULT FLASH_CACHE DEFAULT CELL_FLASH_CACHE DEFAULT)
   ;
--------------------------------------------------------
--  DDL for Index KRMS_FUNC_PARM_TP1
--------------------------------------------------------

  CREATE UNIQUE INDEX "KRMS_FUNC_PARM_TP1" ON "KRMS_FUNC_PARM_T" ("FUNC_PARM_ID") 
  PCTFREE 10 INITRANS 2 MAXTRANS 255 COMPUTE STATISTICS 
  STORAGE(INITIAL 65536 NEXT 1048576 MINEXTENTS 1 MAXEXTENTS 2147483645
  PCTINCREASE 0 FREELISTS 1 FREELIST GROUPS 1 BUFFER_POOL DEFAULT FLASH_CACHE DEFAULT CELL_FLASH_CACHE DEFAULT)
   ;
--------------------------------------------------------
--  DDL for Index KREN_RECIP_LIST_TI1
--------------------------------------------------------

  CREATE INDEX "KREN_RECIP_LIST_TI1" ON "KREN_RECIP_LIST_T" ("CHNL_ID") 
  PCTFREE 10 INITRANS 2 MAXTRANS 255 COMPUTE STATISTICS 
  STORAGE(INITIAL 65536 NEXT 1048576 MINEXTENTS 1 MAXEXTENTS 2147483645
  PCTINCREASE 0 FREELISTS 1 FREELIST GROUPS 1 BUFFER_POOL DEFAULT FLASH_CACHE DEFAULT CELL_FLASH_CACHE DEFAULT)
   ;
--------------------------------------------------------
--  DDL for Index KRMS_TERM_TI1
--------------------------------------------------------

  CREATE INDEX "KRMS_TERM_TI1" ON "KRMS_TERM_T" ("TERM_SPEC_ID") 
  PCTFREE 10 INITRANS 2 MAXTRANS 255 COMPUTE STATISTICS 
  STORAGE(INITIAL 65536 NEXT 1048576 MINEXTENTS 1 MAXEXTENTS 2147483645
  PCTINCREASE 0 FREELISTS 1 FREELIST GROUPS 1 BUFFER_POOL DEFAULT FLASH_CACHE DEFAULT CELL_FLASH_CACHE DEFAULT)
   ;
--------------------------------------------------------
--  DDL for Index KREW_RULE_RSP_TC0
--------------------------------------------------------

  CREATE UNIQUE INDEX "KREW_RULE_RSP_TC0" ON "KREW_RULE_RSP_T" ("OBJ_ID") 
  PCTFREE 10 INITRANS 2 MAXTRANS 255 COMPUTE STATISTICS 
  STORAGE(INITIAL 65536 NEXT 1048576 MINEXTENTS 1 MAXEXTENTS 2147483645
  PCTINCREASE 0 FREELISTS 1 FREELIST GROUPS 1 BUFFER_POOL DEFAULT FLASH_CACHE DEFAULT CELL_FLASH_CACHE DEFAULT)
   ;
--------------------------------------------------------
--  DDL for Index KRSB_QRTZ_TRIGGERS_TI1
--------------------------------------------------------

  CREATE INDEX "KRSB_QRTZ_TRIGGERS_TI1" ON "KRSB_QRTZ_TRIGGERS" ("NEXT_FIRE_TIME") 
  PCTFREE 10 INITRANS 2 MAXTRANS 255 COMPUTE STATISTICS 
  STORAGE(INITIAL 65536 NEXT 1048576 MINEXTENTS 1 MAXEXTENTS 2147483645
  PCTINCREASE 0 FREELISTS 1 FREELIST GROUPS 1 BUFFER_POOL DEFAULT FLASH_CACHE DEFAULT CELL_FLASH_CACHE DEFAULT)
   ;
--------------------------------------------------------
--  DDL for Index KRMS_NL_TMPL_TC1
--------------------------------------------------------

  CREATE UNIQUE INDEX "KRMS_NL_TMPL_TC1" ON "KRMS_NL_TMPL_T" ("LANG_CD", "NL_USAGE_ID", "TYP_ID") 
  PCTFREE 10 INITRANS 2 MAXTRANS 255 COMPUTE STATISTICS 
  STORAGE(INITIAL 65536 NEXT 1048576 MINEXTENTS 1 MAXEXTENTS 2147483645
  PCTINCREASE 0 FREELISTS 1 FREELIST GROUPS 1 BUFFER_POOL DEFAULT FLASH_CACHE DEFAULT CELL_FLASH_CACHE DEFAULT)
   ;
--------------------------------------------------------
--  DDL for Index KREW_RULE_TMPL_TI1
--------------------------------------------------------

  CREATE UNIQUE INDEX "KREW_RULE_TMPL_TI1" ON "KREW_RULE_TMPL_T" ("NM") 
  PCTFREE 10 INITRANS 2 MAXTRANS 255 COMPUTE STATISTICS 
  STORAGE(INITIAL 65536 NEXT 1048576 MINEXTENTS 1 MAXEXTENTS 2147483645
  PCTINCREASE 0 FREELISTS 1 FREELIST GROUPS 1 BUFFER_POOL DEFAULT FLASH_CACHE DEFAULT CELL_FLASH_CACHE DEFAULT)
   ;
--------------------------------------------------------
--  DDL for Index KREW_DOC_HDR_TI8
--------------------------------------------------------

  CREATE INDEX "KREW_DOC_HDR_TI8" ON "KREW_DOC_HDR_T" ("FNL_DT") 
  PCTFREE 10 INITRANS 2 MAXTRANS 255 COMPUTE STATISTICS 
  STORAGE(INITIAL 65536 NEXT 1048576 MINEXTENTS 1 MAXEXTENTS 2147483645
  PCTINCREASE 0 FREELISTS 1 FREELIST GROUPS 1 BUFFER_POOL DEFAULT FLASH_CACHE DEFAULT CELL_FLASH_CACHE DEFAULT)
   ;
--------------------------------------------------------
--  DDL for Index KRMS_ACTN_ATTR_TI1
--------------------------------------------------------

  CREATE INDEX "KRMS_ACTN_ATTR_TI1" ON "KRMS_ACTN_ATTR_T" ("ACTN_ID") 
  PCTFREE 10 INITRANS 2 MAXTRANS 255 COMPUTE STATISTICS 
  STORAGE(INITIAL 65536 NEXT 1048576 MINEXTENTS 1 MAXEXTENTS 2147483645
  PCTINCREASE 0 FREELISTS 1 FREELIST GROUPS 1 BUFFER_POOL DEFAULT FLASH_CACHE DEFAULT CELL_FLASH_CACHE DEFAULT)
   ;
--------------------------------------------------------
--  DDL for Index KRSB_QRTZ_FIRED_TRIGGERSP1
--------------------------------------------------------

  CREATE UNIQUE INDEX "KRSB_QRTZ_FIRED_TRIGGERSP1" ON "KRSB_QRTZ_FIRED_TRIGGERS" ("ENTRY_ID") 
  PCTFREE 10 INITRANS 2 MAXTRANS 255 COMPUTE STATISTICS 
  STORAGE(INITIAL 65536 NEXT 1048576 MINEXTENTS 1 MAXEXTENTS 2147483645
  PCTINCREASE 0 FREELISTS 1 FREELIST GROUPS 1 BUFFER_POOL DEFAULT FLASH_CACHE DEFAULT CELL_FLASH_CACHE DEFAULT)
   ;
--------------------------------------------------------
--  DDL for Index KRIM_ENTITY_ADDR_TP1
--------------------------------------------------------

  CREATE UNIQUE INDEX "KRIM_ENTITY_ADDR_TP1" ON "KRIM_ENTITY_ADDR_T" ("ENTITY_ADDR_ID") 
  PCTFREE 10 INITRANS 2 MAXTRANS 255 COMPUTE STATISTICS 
  STORAGE(INITIAL 65536 NEXT 1048576 MINEXTENTS 1 MAXEXTENTS 2147483645
  PCTINCREASE 0 FREELISTS 1 FREELIST GROUPS 1 BUFFER_POOL DEFAULT FLASH_CACHE DEFAULT CELL_FLASH_CACHE DEFAULT)
   ;
--------------------------------------------------------
--  DDL for Index KRMS_PROP_TP1
--------------------------------------------------------

  CREATE UNIQUE INDEX "KRMS_PROP_TP1" ON "KRMS_PROP_T" ("PROP_ID") 
  PCTFREE 10 INITRANS 2 MAXTRANS 255 COMPUTE STATISTICS 
  STORAGE(INITIAL 65536 NEXT 1048576 MINEXTENTS 1 MAXEXTENTS 2147483645
  PCTINCREASE 0 FREELISTS 1 FREELIST GROUPS 1 BUFFER_POOL DEFAULT FLASH_CACHE DEFAULT CELL_FLASH_CACHE DEFAULT)
   ;
--------------------------------------------------------
--  DDL for Index KRMS_ATTR_DEFN_TP1
--------------------------------------------------------

  CREATE UNIQUE INDEX "KRMS_ATTR_DEFN_TP1" ON "KRMS_ATTR_DEFN_T" ("ATTR_DEFN_ID") 
  PCTFREE 10 INITRANS 2 MAXTRANS 255 COMPUTE STATISTICS 
  STORAGE(INITIAL 65536 NEXT 1048576 MINEXTENTS 1 MAXEXTENTS 2147483645
  PCTINCREASE 0 FREELISTS 1 FREELIST GROUPS 1 BUFFER_POOL DEFAULT FLASH_CACHE DEFAULT CELL_FLASH_CACHE DEFAULT)
   ;
--------------------------------------------------------
--  DDL for Index KRIM_PERM_ATTR_DATA_TI1
--------------------------------------------------------

  CREATE INDEX "KRIM_PERM_ATTR_DATA_TI1" ON "KRIM_PERM_ATTR_DATA_T" ("PERM_ID") 
  PCTFREE 10 INITRANS 2 MAXTRANS 255 COMPUTE STATISTICS 
  STORAGE(INITIAL 65536 NEXT 1048576 MINEXTENTS 1 MAXEXTENTS 2147483645
  PCTINCREASE 0 FREELISTS 1 FREELIST GROUPS 1 BUFFER_POOL DEFAULT FLASH_CACHE DEFAULT CELL_FLASH_CACHE DEFAULT)
   ;
--------------------------------------------------------
--  DDL for Index KRIM_ROLE_MBR_TC0
--------------------------------------------------------

  CREATE UNIQUE INDEX "KRIM_ROLE_MBR_TC0" ON "KRIM_ROLE_MBR_T" ("OBJ_ID") 
  PCTFREE 10 INITRANS 2 MAXTRANS 255 COMPUTE STATISTICS 
  STORAGE(INITIAL 65536 NEXT 1048576 MINEXTENTS 1 MAXEXTENTS 2147483645
  PCTINCREASE 0 FREELISTS 1 FREELIST GROUPS 1 BUFFER_POOL DEFAULT FLASH_CACHE DEFAULT CELL_FLASH_CACHE DEFAULT)
   ;
--------------------------------------------------------
--  DDL for Index KRMS_RULE_TI1
--------------------------------------------------------

  CREATE INDEX "KRMS_RULE_TI1" ON "KRMS_RULE_T" ("PROP_ID") 
  PCTFREE 10 INITRANS 2 MAXTRANS 255 COMPUTE STATISTICS 
  STORAGE(INITIAL 65536 NEXT 1048576 MINEXTENTS 1 MAXEXTENTS 2147483645
  PCTINCREASE 0 FREELISTS 1 FREELIST GROUPS 1 BUFFER_POOL DEFAULT FLASH_CACHE DEFAULT CELL_FLASH_CACHE DEFAULT)
   ;
--------------------------------------------------------
--  DDL for Index KRIM_EMP_TYP_TP1
--------------------------------------------------------

  CREATE UNIQUE INDEX "KRIM_EMP_TYP_TP1" ON "KRIM_EMP_TYP_T" ("EMP_TYP_CD") 
  PCTFREE 10 INITRANS 2 MAXTRANS 255 COMPUTE STATISTICS 
  STORAGE(INITIAL 65536 NEXT 1048576 MINEXTENTS 1 MAXEXTENTS 2147483645
  PCTINCREASE 0 FREELISTS 1 FREELIST GROUPS 1 BUFFER_POOL DEFAULT FLASH_CACHE DEFAULT CELL_FLASH_CACHE DEFAULT)
   ;
--------------------------------------------------------
--  DDL for Index TRV_ACCT_EXTP1
--------------------------------------------------------

  CREATE UNIQUE INDEX "TRV_ACCT_EXTP1" ON "TRV_ACCT_EXT" ("ACCT_NUM", "ACCT_TYPE") 
  PCTFREE 10 INITRANS 2 MAXTRANS 255 COMPUTE STATISTICS 
  STORAGE(INITIAL 65536 NEXT 1048576 MINEXTENTS 1 MAXEXTENTS 2147483645
  PCTINCREASE 0 FREELISTS 1 FREELIST GROUPS 1 BUFFER_POOL DEFAULT FLASH_CACHE DEFAULT CELL_FLASH_CACHE DEFAULT)
   ;
--------------------------------------------------------
--  DDL for Index KRIM_ENTITY_CTZNSHP_TP1
--------------------------------------------------------

  CREATE UNIQUE INDEX "KRIM_ENTITY_CTZNSHP_TP1" ON "KRIM_ENTITY_CTZNSHP_T" ("ENTITY_CTZNSHP_ID") 
  PCTFREE 10 INITRANS 2 MAXTRANS 255 COMPUTE STATISTICS 
  STORAGE(INITIAL 65536 NEXT 1048576 MINEXTENTS 1 MAXEXTENTS 2147483645
  PCTINCREASE 0 FREELISTS 1 FREELIST GROUPS 1 BUFFER_POOL DEFAULT FLASH_CACHE DEFAULT CELL_FLASH_CACHE DEFAULT)
   ;
--------------------------------------------------------
--  DDL for Index KRIM_PND_GRP_MBR_TP1
--------------------------------------------------------

  CREATE UNIQUE INDEX "KRIM_PND_GRP_MBR_TP1" ON "KRIM_PND_GRP_MBR_T" ("FDOC_NBR", "GRP_MBR_ID") 
  PCTFREE 10 INITRANS 2 MAXTRANS 255 COMPUTE STATISTICS 
  STORAGE(INITIAL 65536 NEXT 1048576 MINEXTENTS 1 MAXEXTENTS 2147483645
  PCTINCREASE 0 FREELISTS 1 FREELIST GROUPS 1 BUFFER_POOL DEFAULT FLASH_CACHE DEFAULT CELL_FLASH_CACHE DEFAULT)
   ;
--------------------------------------------------------
--  DDL for Index KRIM_ENTITY_EMAIL_TC0
--------------------------------------------------------

  CREATE UNIQUE INDEX "KRIM_ENTITY_EMAIL_TC0" ON "KRIM_ENTITY_EMAIL_T" ("OBJ_ID") 
  PCTFREE 10 INITRANS 2 MAXTRANS 255 COMPUTE STATISTICS 
  STORAGE(INITIAL 65536 NEXT 1048576 MINEXTENTS 1 MAXEXTENTS 2147483645
  PCTINCREASE 0 FREELISTS 1 FREELIST GROUPS 1 BUFFER_POOL DEFAULT FLASH_CACHE DEFAULT CELL_FLASH_CACHE DEFAULT)
   ;
--------------------------------------------------------
--  DDL for Index KREW_RULE_TP1
--------------------------------------------------------

  CREATE UNIQUE INDEX "KREW_RULE_TP1" ON "KREW_RULE_T" ("RULE_ID") 
  PCTFREE 10 INITRANS 2 MAXTRANS 255 COMPUTE STATISTICS 
  STORAGE(INITIAL 65536 NEXT 1048576 MINEXTENTS 1 MAXEXTENTS 2147483645
  PCTINCREASE 0 FREELISTS 1 FREELIST GROUPS 1 BUFFER_POOL DEFAULT FLASH_CACHE DEFAULT CELL_FLASH_CACHE DEFAULT)
   ;
--------------------------------------------------------
--  DDL for Index KRCR_NMSPC_TP1
--------------------------------------------------------

  CREATE UNIQUE INDEX "KRCR_NMSPC_TP1" ON "KRCR_NMSPC_T" ("NMSPC_CD") 
  PCTFREE 10 INITRANS 2 MAXTRANS 255 COMPUTE STATISTICS 
  STORAGE(INITIAL 65536 NEXT 1048576 MINEXTENTS 1 MAXEXTENTS 2147483645
  PCTINCREASE 0 FREELISTS 1 FREELIST GROUPS 1 BUFFER_POOL DEFAULT FLASH_CACHE DEFAULT CELL_FLASH_CACHE DEFAULT)
   ;
--------------------------------------------------------
--  DDL for Index KREW_RULE_TMPL_TP1
--------------------------------------------------------

  CREATE UNIQUE INDEX "KREW_RULE_TMPL_TP1" ON "KREW_RULE_TMPL_T" ("RULE_TMPL_ID") 
  PCTFREE 10 INITRANS 2 MAXTRANS 255 COMPUTE STATISTICS 
  STORAGE(INITIAL 65536 NEXT 1048576 MINEXTENTS 1 MAXEXTENTS 2147483645
  PCTINCREASE 0 FREELISTS 1 FREELIST GROUPS 1 BUFFER_POOL DEFAULT FLASH_CACHE DEFAULT CELL_FLASH_CACHE DEFAULT)
   ;
--------------------------------------------------------
--  DDL for Index KRMS_CMPND_PROP_PROPS_FK2
--------------------------------------------------------

  CREATE INDEX "KRMS_CMPND_PROP_PROPS_FK2" ON "KRMS_CMPND_PROP_PROPS_T" ("CMPND_PROP_ID") 
  PCTFREE 10 INITRANS 2 MAXTRANS 255 COMPUTE STATISTICS 
  STORAGE(INITIAL 65536 NEXT 1048576 MINEXTENTS 1 MAXEXTENTS 2147483645
  PCTINCREASE 0 FREELISTS 1 FREELIST GROUPS 1 BUFFER_POOL DEFAULT FLASH_CACHE DEFAULT CELL_FLASH_CACHE DEFAULT)
   ;
--------------------------------------------------------
--  DDL for Index KRMS_TYP_TP1
--------------------------------------------------------

  CREATE UNIQUE INDEX "KRMS_TYP_TP1" ON "KRMS_TYP_T" ("TYP_ID") 
  PCTFREE 10 INITRANS 2 MAXTRANS 255 COMPUTE STATISTICS 
  STORAGE(INITIAL 65536 NEXT 1048576 MINEXTENTS 1 MAXEXTENTS 2147483645
  PCTINCREASE 0 FREELISTS 1 FREELIST GROUPS 1 BUFFER_POOL DEFAULT FLASH_CACHE DEFAULT CELL_FLASH_CACHE DEFAULT)
   ;
--------------------------------------------------------
--  DDL for Index KRMS_TERM_RSLVR_TI2
--------------------------------------------------------

  CREATE INDEX "KRMS_TERM_RSLVR_TI2" ON "KRMS_TERM_RSLVR_T" ("TYP_ID") 
  PCTFREE 10 INITRANS 2 MAXTRANS 255 COMPUTE STATISTICS 
  STORAGE(INITIAL 65536 NEXT 1048576 MINEXTENTS 1 MAXEXTENTS 2147483645
  PCTINCREASE 0 FREELISTS 1 FREELIST GROUPS 1 BUFFER_POOL DEFAULT FLASH_CACHE DEFAULT CELL_FLASH_CACHE DEFAULT)
   ;
--------------------------------------------------------
--  DDL for Index KREW_DOC_LNK_TP1
--------------------------------------------------------

  CREATE UNIQUE INDEX "KREW_DOC_LNK_TP1" ON "KREW_DOC_LNK_T" ("DOC_LNK_ID") 
  PCTFREE 10 INITRANS 2 MAXTRANS 255 COMPUTE STATISTICS 
  STORAGE(INITIAL 65536 NEXT 1048576 MINEXTENTS 1 MAXEXTENTS 2147483645
  PCTINCREASE 0 FREELISTS 1 FREELIST GROUPS 1 BUFFER_POOL DEFAULT FLASH_CACHE DEFAULT CELL_FLASH_CACHE DEFAULT)
   ;
--------------------------------------------------------
--  DDL for Index KRSB_QRTZ_FIRED_TRIGGERS_TI8
--------------------------------------------------------

  CREATE INDEX "KRSB_QRTZ_FIRED_TRIGGERS_TI8" ON "KRSB_QRTZ_FIRED_TRIGGERS" ("TRIGGER_NAME", "TRIGGER_GROUP") 
  PCTFREE 10 INITRANS 2 MAXTRANS 255 COMPUTE STATISTICS 
  STORAGE(INITIAL 65536 NEXT 1048576 MINEXTENTS 1 MAXEXTENTS 2147483645
  PCTINCREASE 0 FREELISTS 1 FREELIST GROUPS 1 BUFFER_POOL DEFAULT FLASH_CACHE DEFAULT CELL_FLASH_CACHE DEFAULT)
   ;
--------------------------------------------------------
--  DDL for Index KRIM_PND_EMAIL_MTP1
--------------------------------------------------------

  CREATE UNIQUE INDEX "KRIM_PND_EMAIL_MTP1" ON "KRIM_PND_EMAIL_MT" ("FDOC_NBR", "ENTITY_EMAIL_ID") 
  PCTFREE 10 INITRANS 2 MAXTRANS 255 COMPUTE STATISTICS 
  STORAGE(INITIAL 65536 NEXT 1048576 MINEXTENTS 1 MAXEXTENTS 2147483645
  PCTINCREASE 0 FREELISTS 1 FREELIST GROUPS 1 BUFFER_POOL DEFAULT FLASH_CACHE DEFAULT CELL_FLASH_CACHE DEFAULT)
   ;
--------------------------------------------------------
--  DDL for Index KRMS_PROP_FK2
--------------------------------------------------------

  CREATE INDEX "KRMS_PROP_FK2" ON "KRMS_PROP_T" ("TYP_ID") 
  PCTFREE 10 INITRANS 2 MAXTRANS 255 COMPUTE STATISTICS 
  STORAGE(INITIAL 65536 NEXT 1048576 MINEXTENTS 1 MAXEXTENTS 2147483645
  PCTINCREASE 0 FREELISTS 1 FREELIST GROUPS 1 BUFFER_POOL DEFAULT FLASH_CACHE DEFAULT CELL_FLASH_CACHE DEFAULT)
   ;
--------------------------------------------------------
--  DDL for Index KREW_OUT_BOX_ITM_TI3
--------------------------------------------------------

  CREATE INDEX "KREW_OUT_BOX_ITM_TI3" ON "KREW_OUT_BOX_ITM_T" ("ACTN_RQST_ID") 
  PCTFREE 10 INITRANS 2 MAXTRANS 255 COMPUTE STATISTICS 
  STORAGE(INITIAL 65536 NEXT 1048576 MINEXTENTS 1 MAXEXTENTS 2147483645
  PCTINCREASE 0 FREELISTS 1 FREELIST GROUPS 1 BUFFER_POOL DEFAULT FLASH_CACHE DEFAULT CELL_FLASH_CACHE DEFAULT)
   ;
--------------------------------------------------------
--  DDL for Index KRIM_PHONE_TYP_TC0
--------------------------------------------------------

  CREATE UNIQUE INDEX "KRIM_PHONE_TYP_TC0" ON "KRIM_PHONE_TYP_T" ("OBJ_ID") 
  PCTFREE 10 INITRANS 2 MAXTRANS 255 COMPUTE STATISTICS 
  STORAGE(INITIAL 65536 NEXT 1048576 MINEXTENTS 1 MAXEXTENTS 2147483645
  PCTINCREASE 0 FREELISTS 1 FREELIST GROUPS 1 BUFFER_POOL DEFAULT FLASH_CACHE DEFAULT CELL_FLASH_CACHE DEFAULT)
   ;
--------------------------------------------------------
--  DDL for Index KREN_PRODCR_TP1
--------------------------------------------------------

  CREATE UNIQUE INDEX "KREN_PRODCR_TP1" ON "KREN_PRODCR_T" ("PRODCR_ID") 
  PCTFREE 10 INITRANS 2 MAXTRANS 255 COMPUTE STATISTICS 
  STORAGE(INITIAL 65536 NEXT 1048576 MINEXTENTS 1 MAXEXTENTS 2147483645
  PCTINCREASE 0 FREELISTS 1 FREELIST GROUPS 1 BUFFER_POOL DEFAULT FLASH_CACHE DEFAULT CELL_FLASH_CACHE DEFAULT)
   ;
--------------------------------------------------------
--  DDL for Index KRLC_CNTRY_TP1
--------------------------------------------------------

  CREATE UNIQUE INDEX "KRLC_CNTRY_TP1" ON "KRLC_CNTRY_T" ("POSTAL_CNTRY_CD") 
  PCTFREE 10 INITRANS 2 MAXTRANS 255 COMPUTE STATISTICS 
  STORAGE(INITIAL 65536 NEXT 1048576 MINEXTENTS 1 MAXEXTENTS 2147483645
  PCTINCREASE 0 FREELISTS 1 FREELIST GROUPS 1 BUFFER_POOL DEFAULT FLASH_CACHE DEFAULT CELL_FLASH_CACHE DEFAULT)
   ;
--------------------------------------------------------
--  DDL for Index KRIM_RSP_TP1
--------------------------------------------------------

  CREATE UNIQUE INDEX "KRIM_RSP_TP1" ON "KRIM_RSP_T" ("RSP_ID") 
  PCTFREE 10 INITRANS 2 MAXTRANS 255 COMPUTE STATISTICS 
  STORAGE(INITIAL 65536 NEXT 1048576 MINEXTENTS 1 MAXEXTENTS 2147483645
  PCTINCREASE 0 FREELISTS 1 FREELIST GROUPS 1 BUFFER_POOL DEFAULT FLASH_CACHE DEFAULT CELL_FLASH_CACHE DEFAULT)
   ;
--------------------------------------------------------
--  DDL for Index KRNS_NMSPC_TC0
--------------------------------------------------------

  CREATE UNIQUE INDEX "KRNS_NMSPC_TC0" ON "KRCR_NMSPC_T" ("OBJ_ID") 
  PCTFREE 10 INITRANS 2 MAXTRANS 255 
  STORAGE(INITIAL 65536 NEXT 1048576 MINEXTENTS 1 MAXEXTENTS 2147483645
  PCTINCREASE 0 FREELISTS 1 FREELIST GROUPS 1 BUFFER_POOL DEFAULT FLASH_CACHE DEFAULT CELL_FLASH_CACHE DEFAULT)
   ;
--------------------------------------------------------
--  DDL for Index KRIM_PERM_TMPL_TC0
--------------------------------------------------------

  CREATE UNIQUE INDEX "KRIM_PERM_TMPL_TC0" ON "KRIM_PERM_TMPL_T" ("OBJ_ID") 
  PCTFREE 10 INITRANS 2 MAXTRANS 255 
  STORAGE(INITIAL 65536 NEXT 1048576 MINEXTENTS 1 MAXEXTENTS 2147483645
  PCTINCREASE 0 FREELISTS 1 FREELIST GROUPS 1 BUFFER_POOL DEFAULT FLASH_CACHE DEFAULT CELL_FLASH_CACHE DEFAULT)
   ;
--------------------------------------------------------
--  DDL for Index KR_COUNTRY_TC0
--------------------------------------------------------

  CREATE UNIQUE INDEX "KR_COUNTRY_TC0" ON "KRLC_CNTRY_T" ("OBJ_ID") 
  PCTFREE 10 INITRANS 2 MAXTRANS 255 
  STORAGE(INITIAL 65536 NEXT 1048576 MINEXTENTS 1 MAXEXTENTS 2147483645
  PCTINCREASE 0 FREELISTS 1 FREELIST GROUPS 1 BUFFER_POOL DEFAULT FLASH_CACHE DEFAULT CELL_FLASH_CACHE DEFAULT)
   ;
--------------------------------------------------------
--  DDL for Index KRMS_FUNC_PARM_TI1
--------------------------------------------------------

  CREATE INDEX "KRMS_FUNC_PARM_TI1" ON "KRMS_FUNC_PARM_T" ("FUNC_ID") 
  PCTFREE 10 INITRANS 2 MAXTRANS 255 COMPUTE STATISTICS 
  STORAGE(INITIAL 65536 NEXT 1048576 MINEXTENTS 1 MAXEXTENTS 2147483645
  PCTINCREASE 0 FREELISTS 1 FREELIST GROUPS 1 BUFFER_POOL DEFAULT FLASH_CACHE DEFAULT CELL_FLASH_CACHE DEFAULT)
   ;
--------------------------------------------------------
--  DDL for Index KREW_RTE_NODE_LNK_TI2
--------------------------------------------------------

  CREATE INDEX "KREW_RTE_NODE_LNK_TI2" ON "KREW_RTE_NODE_LNK_T" ("TO_RTE_NODE_ID") 
  PCTFREE 10 INITRANS 2 MAXTRANS 255 COMPUTE STATISTICS 
  STORAGE(INITIAL 65536 NEXT 1048576 MINEXTENTS 1 MAXEXTENTS 2147483645
  PCTINCREASE 0 FREELISTS 1 FREELIST GROUPS 1 BUFFER_POOL DEFAULT FLASH_CACHE DEFAULT CELL_FLASH_CACHE DEFAULT)
   ;
--------------------------------------------------------
--  DDL for Index KRMS_REF_OBJ_KRMS_OBJ_TP1
--------------------------------------------------------

  CREATE UNIQUE INDEX "KRMS_REF_OBJ_KRMS_OBJ_TP1" ON "KRMS_REF_OBJ_KRMS_OBJ_T" ("REF_OBJ_KRMS_OBJ_ID") 
  PCTFREE 10 INITRANS 2 MAXTRANS 255 COMPUTE STATISTICS 
  STORAGE(INITIAL 65536 NEXT 1048576 MINEXTENTS 1 MAXEXTENTS 2147483645
  PCTINCREASE 0 FREELISTS 1 FREELIST GROUPS 1 BUFFER_POOL DEFAULT FLASH_CACHE DEFAULT CELL_FLASH_CACHE DEFAULT)
   ;
--------------------------------------------------------
--  DDL for Index KRIM_PHONE_TYP_TP1
--------------------------------------------------------

  CREATE UNIQUE INDEX "KRIM_PHONE_TYP_TP1" ON "KRIM_PHONE_TYP_T" ("PHONE_TYP_CD") 
  PCTFREE 10 INITRANS 2 MAXTRANS 255 COMPUTE STATISTICS 
  STORAGE(INITIAL 65536 NEXT 1048576 MINEXTENTS 1 MAXEXTENTS 2147483645
  PCTINCREASE 0 FREELISTS 1 FREELIST GROUPS 1 BUFFER_POOL DEFAULT FLASH_CACHE DEFAULT CELL_FLASH_CACHE DEFAULT)
   ;
--------------------------------------------------------
--  DDL for Index KREW_RTE_BRCH_TP1
--------------------------------------------------------

  CREATE UNIQUE INDEX "KREW_RTE_BRCH_TP1" ON "KREW_RTE_BRCH_T" ("RTE_BRCH_ID") 
  PCTFREE 10 INITRANS 2 MAXTRANS 255 COMPUTE STATISTICS 
  STORAGE(INITIAL 65536 NEXT 1048576 MINEXTENTS 1 MAXEXTENTS 2147483645
  PCTINCREASE 0 FREELISTS 1 FREELIST GROUPS 1 BUFFER_POOL DEFAULT FLASH_CACHE DEFAULT CELL_FLASH_CACHE DEFAULT)
   ;
--------------------------------------------------------
--  DDL for Index KRIM_ENTITY_TP1
--------------------------------------------------------

  CREATE UNIQUE INDEX "KRIM_ENTITY_TP1" ON "KRIM_ENTITY_T" ("ENTITY_ID") 
  PCTFREE 10 INITRANS 2 MAXTRANS 255 COMPUTE STATISTICS 
  STORAGE(INITIAL 65536 NEXT 1048576 MINEXTENTS 1 MAXEXTENTS 2147483645
  PCTINCREASE 0 FREELISTS 1 FREELIST GROUPS 1 BUFFER_POOL DEFAULT FLASH_CACHE DEFAULT CELL_FLASH_CACHE DEFAULT)
   ;
--------------------------------------------------------
--  DDL for Index KREW_USR_OPTN_TI1
--------------------------------------------------------

  CREATE INDEX "KREW_USR_OPTN_TI1" ON "KREW_USR_OPTN_T" ("PRNCPL_ID") 
  PCTFREE 10 INITRANS 2 MAXTRANS 255 COMPUTE STATISTICS 
  STORAGE(INITIAL 65536 NEXT 1048576 MINEXTENTS 1 MAXEXTENTS 2147483645
  PCTINCREASE 0 FREELISTS 1 FREELIST GROUPS 1 BUFFER_POOL DEFAULT FLASH_CACHE DEFAULT CELL_FLASH_CACHE DEFAULT)
   ;
--------------------------------------------------------
--  DDL for Index KRSB_SVC_DEF_TI4
--------------------------------------------------------

  CREATE INDEX "KRSB_SVC_DEF_TI4" ON "KRSB_SVC_DEF_T" ("SVC_DSCRPTR_ID") 
  PCTFREE 10 INITRANS 2 MAXTRANS 255 COMPUTE STATISTICS 
  STORAGE(INITIAL 65536 NEXT 1048576 MINEXTENTS 1 MAXEXTENTS 2147483645
  PCTINCREASE 0 FREELISTS 1 FREELIST GROUPS 1 BUFFER_POOL DEFAULT FLASH_CACHE DEFAULT CELL_FLASH_CACHE DEFAULT)
   ;
--------------------------------------------------------
--  DDL for Index KRCR_PARM_TYP_TP1
--------------------------------------------------------

  CREATE UNIQUE INDEX "KRCR_PARM_TYP_TP1" ON "KRCR_PARM_TYP_T" ("PARM_TYP_CD") 
  PCTFREE 10 INITRANS 2 MAXTRANS 255 COMPUTE STATISTICS 
  STORAGE(INITIAL 65536 NEXT 1048576 MINEXTENTS 1 MAXEXTENTS 2147483645
  PCTINCREASE 0 FREELISTS 1 FREELIST GROUPS 1 BUFFER_POOL DEFAULT FLASH_CACHE DEFAULT CELL_FLASH_CACHE DEFAULT)
   ;
--------------------------------------------------------
--  DDL for Index KREW_RULE_EXT_T1
--------------------------------------------------------

  CREATE INDEX "KREW_RULE_EXT_T1" ON "KREW_RULE_EXT_T" ("RULE_ID") 
  PCTFREE 10 INITRANS 2 MAXTRANS 255 COMPUTE STATISTICS 
  STORAGE(INITIAL 65536 NEXT 1048576 MINEXTENTS 1 MAXEXTENTS 2147483645
  PCTINCREASE 0 FREELISTS 1 FREELIST GROUPS 1 BUFFER_POOL DEFAULT FLASH_CACHE DEFAULT CELL_FLASH_CACHE DEFAULT)
   ;
--------------------------------------------------------
--  DDL for Index KREW_ACTN_TKN_TI3
--------------------------------------------------------

  CREATE INDEX "KREW_ACTN_TKN_TI3" ON "KREW_ACTN_TKN_T" ("PRNCPL_ID") 
  PCTFREE 10 INITRANS 2 MAXTRANS 255 COMPUTE STATISTICS 
  STORAGE(INITIAL 65536 NEXT 1048576 MINEXTENTS 1 MAXEXTENTS 2147483645
  PCTINCREASE 0 FREELISTS 1 FREELIST GROUPS 1 BUFFER_POOL DEFAULT FLASH_CACHE DEFAULT CELL_FLASH_CACHE DEFAULT)
   ;
--------------------------------------------------------
--  DDL for Index KRMS_PROP_TI1
--------------------------------------------------------

  CREATE INDEX "KRMS_PROP_TI1" ON "KRMS_PROP_T" ("RULE_ID") 
  PCTFREE 10 INITRANS 2 MAXTRANS 255 COMPUTE STATISTICS 
  STORAGE(INITIAL 65536 NEXT 1048576 MINEXTENTS 1 MAXEXTENTS 2147483645
  PCTINCREASE 0 FREELISTS 1 FREELIST GROUPS 1 BUFFER_POOL DEFAULT FLASH_CACHE DEFAULT CELL_FLASH_CACHE DEFAULT)
   ;
--------------------------------------------------------
--  DDL for Index KRIM_ROLE_MBR_TI1
--------------------------------------------------------

  CREATE INDEX "KRIM_ROLE_MBR_TI1" ON "KRIM_ROLE_MBR_T" ("MBR_ID") 
  PCTFREE 10 INITRANS 2 MAXTRANS 255 COMPUTE STATISTICS 
  STORAGE(INITIAL 65536 NEXT 1048576 MINEXTENTS 1 MAXEXTENTS 2147483645
  PCTINCREASE 0 FREELISTS 1 FREELIST GROUPS 1 BUFFER_POOL DEFAULT FLASH_CACHE DEFAULT CELL_FLASH_CACHE DEFAULT)
   ;
--------------------------------------------------------
--  DDL for Index KRIM_CTZNSHP_STAT_TP1
--------------------------------------------------------

  CREATE UNIQUE INDEX "KRIM_CTZNSHP_STAT_TP1" ON "KRIM_CTZNSHP_STAT_T" ("CTZNSHP_STAT_CD") 
  PCTFREE 10 INITRANS 2 MAXTRANS 255 COMPUTE STATISTICS 
  STORAGE(INITIAL 65536 NEXT 1048576 MINEXTENTS 1 MAXEXTENTS 2147483645
  PCTINCREASE 0 FREELISTS 1 FREELIST GROUPS 1 BUFFER_POOL DEFAULT FLASH_CACHE DEFAULT CELL_FLASH_CACHE DEFAULT)
   ;
--------------------------------------------------------
--  DDL for Index KREW_DOC_TYP_TC0
--------------------------------------------------------

  CREATE UNIQUE INDEX "KREW_DOC_TYP_TC0" ON "KREW_DOC_TYP_T" ("OBJ_ID") 
  PCTFREE 10 INITRANS 2 MAXTRANS 255 COMPUTE STATISTICS 
  STORAGE(INITIAL 65536 NEXT 1048576 MINEXTENTS 1 MAXEXTENTS 2147483645
  PCTINCREASE 0 FREELISTS 1 FREELIST GROUPS 1 BUFFER_POOL DEFAULT FLASH_CACHE DEFAULT CELL_FLASH_CACHE DEFAULT)
   ;
--------------------------------------------------------
--  DDL for Index KRSB_QRTZ_FIRED_TRIGGERS_TI3
--------------------------------------------------------

  CREATE INDEX "KRSB_QRTZ_FIRED_TRIGGERS_TI3" ON "KRSB_QRTZ_FIRED_TRIGGERS" ("REQUESTS_RECOVERY") 
  PCTFREE 10 INITRANS 2 MAXTRANS 255 COMPUTE STATISTICS 
  STORAGE(INITIAL 65536 NEXT 1048576 MINEXTENTS 1 MAXEXTENTS 2147483645
  PCTINCREASE 0 FREELISTS 1 FREELIST GROUPS 1 BUFFER_POOL DEFAULT FLASH_CACHE DEFAULT CELL_FLASH_CACHE DEFAULT)
   ;
--------------------------------------------------------
--  DDL for Index KRSB_MSG_QUE_TP1
--------------------------------------------------------

  CREATE UNIQUE INDEX "KRSB_MSG_QUE_TP1" ON "KRSB_MSG_QUE_T" ("MSG_QUE_ID") 
  PCTFREE 10 INITRANS 2 MAXTRANS 255 COMPUTE STATISTICS 
  STORAGE(INITIAL 65536 NEXT 1048576 MINEXTENTS 1 MAXEXTENTS 2147483645
  PCTINCREASE 0 FREELISTS 1 FREELIST GROUPS 1 BUFFER_POOL DEFAULT FLASH_CACHE DEFAULT CELL_FLASH_CACHE DEFAULT)
   ;
--------------------------------------------------------
--  DDL for Index KRMS_CNTXT_ATTR_TI2
--------------------------------------------------------

  CREATE INDEX "KRMS_CNTXT_ATTR_TI2" ON "KRMS_CNTXT_ATTR_T" ("ATTR_DEFN_ID") 
  PCTFREE 10 INITRANS 2 MAXTRANS 255 COMPUTE STATISTICS 
  STORAGE(INITIAL 65536 NEXT 1048576 MINEXTENTS 1 MAXEXTENTS 2147483645
  PCTINCREASE 0 FREELISTS 1 FREELIST GROUPS 1 BUFFER_POOL DEFAULT FLASH_CACHE DEFAULT CELL_FLASH_CACHE DEFAULT)
   ;
--------------------------------------------------------
--  DDL for Index KREW_DOC_HDR_EXT_FLT_TI2
--------------------------------------------------------

  CREATE INDEX "KREW_DOC_HDR_EXT_FLT_TI2" ON "KREW_DOC_HDR_EXT_FLT_T" ("DOC_HDR_ID") 
  PCTFREE 10 INITRANS 2 MAXTRANS 255 COMPUTE STATISTICS 
  STORAGE(INITIAL 65536 NEXT 1048576 MINEXTENTS 1 MAXEXTENTS 2147483645
  PCTINCREASE 0 FREELISTS 1 FREELIST GROUPS 1 BUFFER_POOL DEFAULT FLASH_CACHE DEFAULT CELL_FLASH_CACHE DEFAULT)
   ;
--------------------------------------------------------
--  DDL for Index KREW_DOC_TYP_TI4
--------------------------------------------------------

  CREATE INDEX "KREW_DOC_TYP_TI4" ON "KREW_DOC_TYP_T" ("PREV_DOC_TYP_VER_NBR") 
  PCTFREE 10 INITRANS 2 MAXTRANS 255 COMPUTE STATISTICS 
  STORAGE(INITIAL 65536 NEXT 1048576 MINEXTENTS 1 MAXEXTENTS 2147483645
  PCTINCREASE 0 FREELISTS 1 FREELIST GROUPS 1 BUFFER_POOL DEFAULT FLASH_CACHE DEFAULT CELL_FLASH_CACHE DEFAULT)
   ;
--------------------------------------------------------
--  DDL for Index KRMS_AGENDA_ITM_TI4
--------------------------------------------------------

  CREATE INDEX "KRMS_AGENDA_ITM_TI4" ON "KRMS_AGENDA_ITM_T" ("WHEN_TRUE") 
  PCTFREE 10 INITRANS 2 MAXTRANS 255 COMPUTE STATISTICS 
  STORAGE(INITIAL 65536 NEXT 1048576 MINEXTENTS 1 MAXEXTENTS 2147483645
  PCTINCREASE 0 FREELISTS 1 FREELIST GROUPS 1 BUFFER_POOL DEFAULT FLASH_CACHE DEFAULT CELL_FLASH_CACHE DEFAULT)
   ;
--------------------------------------------------------
--  DDL for Index KREW_RTE_BRCH_TI5
--------------------------------------------------------

  CREATE INDEX "KREW_RTE_BRCH_TI5" ON "KREW_RTE_BRCH_T" ("JOIN_RTE_NODE_INSTN_ID") 
  PCTFREE 10 INITRANS 2 MAXTRANS 255 COMPUTE STATISTICS 
  STORAGE(INITIAL 65536 NEXT 1048576 MINEXTENTS 1 MAXEXTENTS 2147483645
  PCTINCREASE 0 FREELISTS 1 FREELIST GROUPS 1 BUFFER_POOL DEFAULT FLASH_CACHE DEFAULT CELL_FLASH_CACHE DEFAULT)
   ;
--------------------------------------------------------
--  DDL for Index KRIM_EMAIL_TYP_TC0
--------------------------------------------------------

  CREATE UNIQUE INDEX "KRIM_EMAIL_TYP_TC0" ON "KRIM_EMAIL_TYP_T" ("OBJ_ID") 
  PCTFREE 10 INITRANS 2 MAXTRANS 255 COMPUTE STATISTICS 
  STORAGE(INITIAL 65536 NEXT 1048576 MINEXTENTS 1 MAXEXTENTS 2147483645
  PCTINCREASE 0 FREELISTS 1 FREELIST GROUPS 1 BUFFER_POOL DEFAULT FLASH_CACHE DEFAULT CELL_FLASH_CACHE DEFAULT)
   ;
--------------------------------------------------------
--  DDL for Index KRIM_TYP_ATTR_TC1
--------------------------------------------------------

  CREATE UNIQUE INDEX "KRIM_TYP_ATTR_TC1" ON "KRIM_TYP_ATTR_T" ("SORT_CD", "KIM_TYP_ID", "KIM_ATTR_DEFN_ID", "ACTV_IND") 
  PCTFREE 10 INITRANS 2 MAXTRANS 255 COMPUTE STATISTICS 
  STORAGE(INITIAL 65536 NEXT 1048576 MINEXTENTS 1 MAXEXTENTS 2147483645
  PCTINCREASE 0 FREELISTS 1 FREELIST GROUPS 1 BUFFER_POOL DEFAULT FLASH_CACHE DEFAULT CELL_FLASH_CACHE DEFAULT)
   ;
--------------------------------------------------------
--  DDL for Index TST_SEARCH_ATTR_INDX_TST_DOP1
--------------------------------------------------------

  CREATE UNIQUE INDEX "TST_SEARCH_ATTR_INDX_TST_DOP1" ON "TST_SEARCH_ATTR_INDX_TST_DOC_T" ("DOC_HDR_ID") 
  PCTFREE 10 INITRANS 2 MAXTRANS 255 COMPUTE STATISTICS 
  STORAGE(INITIAL 65536 NEXT 1048576 MINEXTENTS 1 MAXEXTENTS 2147483645
  PCTINCREASE 0 FREELISTS 1 FREELIST GROUPS 1 BUFFER_POOL DEFAULT FLASH_CACHE DEFAULT CELL_FLASH_CACHE DEFAULT)
   ;
--------------------------------------------------------
--  DDL for Index KRNS_ADHOC_RTE_ACTN_RECIP_T2
--------------------------------------------------------

  CREATE INDEX "KRNS_ADHOC_RTE_ACTN_RECIP_T2" ON "KRNS_ADHOC_RTE_ACTN_RECIP_T" ("DOC_HDR_ID") 
  PCTFREE 10 INITRANS 2 MAXTRANS 255 COMPUTE STATISTICS 
  STORAGE(INITIAL 65536 NEXT 1048576 MINEXTENTS 1 MAXEXTENTS 2147483645
  PCTINCREASE 0 FREELISTS 1 FREELIST GROUPS 1 BUFFER_POOL DEFAULT FLASH_CACHE DEFAULT CELL_FLASH_CACHE DEFAULT)
   ;
--------------------------------------------------------
--  DDL for Index KREW_APP_DOC_STAT_TRAN_TP1
--------------------------------------------------------

  CREATE UNIQUE INDEX "KREW_APP_DOC_STAT_TRAN_TP1" ON "KREW_APP_DOC_STAT_TRAN_T" ("APP_DOC_STAT_TRAN_ID") 
  PCTFREE 10 INITRANS 2 MAXTRANS 255 COMPUTE STATISTICS 
  STORAGE(INITIAL 65536 NEXT 1048576 MINEXTENTS 1 MAXEXTENTS 2147483645
  PCTINCREASE 0 FREELISTS 1 FREELIST GROUPS 1 BUFFER_POOL DEFAULT FLASH_CACHE DEFAULT CELL_FLASH_CACHE DEFAULT)
   ;
--------------------------------------------------------
--  DDL for Index KRSB_SVC_DEF_TI1
--------------------------------------------------------

  CREATE INDEX "KRSB_SVC_DEF_TI1" ON "KRSB_SVC_DEF_T" ("INSTN_ID") 
  PCTFREE 10 INITRANS 2 MAXTRANS 255 COMPUTE STATISTICS 
  STORAGE(INITIAL 65536 NEXT 1048576 MINEXTENTS 1 MAXEXTENTS 2147483645
  PCTINCREASE 0 FREELISTS 1 FREELIST GROUPS 1 BUFFER_POOL DEFAULT FLASH_CACHE DEFAULT CELL_FLASH_CACHE DEFAULT)
   ;
--------------------------------------------------------
--  DDL for Index TRVL_AUTH_DOC_TP1
--------------------------------------------------------

  CREATE UNIQUE INDEX "TRVL_AUTH_DOC_TP1" ON "TRVL_AUTH_DOC_T" ("FDOC_NBR") 
  PCTFREE 10 INITRANS 2 MAXTRANS 255 COMPUTE STATISTICS 
  STORAGE(INITIAL 65536 NEXT 1048576 MINEXTENTS 1 MAXEXTENTS 2147483645
  PCTINCREASE 0 FREELISTS 1 FREELIST GROUPS 1 BUFFER_POOL DEFAULT FLASH_CACHE DEFAULT CELL_FLASH_CACHE DEFAULT)
   ;
--------------------------------------------------------
--  DDL for Index KRMS_CTGRY_TP1
--------------------------------------------------------

  CREATE UNIQUE INDEX "KRMS_CTGRY_TP1" ON "KRMS_CTGRY_T" ("CTGRY_ID") 
  PCTFREE 10 INITRANS 2 MAXTRANS 255 COMPUTE STATISTICS 
  STORAGE(INITIAL 65536 NEXT 1048576 MINEXTENTS 1 MAXEXTENTS 2147483645
  PCTINCREASE 0 FREELISTS 1 FREELIST GROUPS 1 BUFFER_POOL DEFAULT FLASH_CACHE DEFAULT CELL_FLASH_CACHE DEFAULT)
   ;
--------------------------------------------------------
--  DDL for Index KREW_RTE_BRCH_TI2
--------------------------------------------------------

  CREATE INDEX "KREW_RTE_BRCH_TI2" ON "KREW_RTE_BRCH_T" ("PARNT_ID") 
  PCTFREE 10 INITRANS 2 MAXTRANS 255 COMPUTE STATISTICS 
  STORAGE(INITIAL 65536 NEXT 1048576 MINEXTENTS 1 MAXEXTENTS 2147483645
  PCTINCREASE 0 FREELISTS 1 FREELIST GROUPS 1 BUFFER_POOL DEFAULT FLASH_CACHE DEFAULT CELL_FLASH_CACHE DEFAULT)
   ;
--------------------------------------------------------
--  DDL for Index KRIM_PND_DLGN_TP1
--------------------------------------------------------

  CREATE UNIQUE INDEX "KRIM_PND_DLGN_TP1" ON "KRIM_PND_DLGN_T" ("FDOC_NBR", "DLGN_ID") 
  PCTFREE 10 INITRANS 2 MAXTRANS 255 COMPUTE STATISTICS 
  STORAGE(INITIAL 65536 NEXT 1048576 MINEXTENTS 1 MAXEXTENTS 2147483645
  PCTINCREASE 0 FREELISTS 1 FREELIST GROUPS 1 BUFFER_POOL DEFAULT FLASH_CACHE DEFAULT CELL_FLASH_CACHE DEFAULT)
   ;
--------------------------------------------------------
--  DDL for Index KREW_RTE_NODE_INSTN_LNK_TI2
--------------------------------------------------------

  CREATE INDEX "KREW_RTE_NODE_INSTN_LNK_TI2" ON "KREW_RTE_NODE_INSTN_LNK_T" ("TO_RTE_NODE_INSTN_ID") 
  PCTFREE 10 INITRANS 2 MAXTRANS 255 COMPUTE STATISTICS 
  STORAGE(INITIAL 65536 NEXT 1048576 MINEXTENTS 1 MAXEXTENTS 2147483645
  PCTINCREASE 0 FREELISTS 1 FREELIST GROUPS 1 BUFFER_POOL DEFAULT FLASH_CACHE DEFAULT CELL_FLASH_CACHE DEFAULT)
   ;
--------------------------------------------------------
--  DDL for Index KREW_RTE_BRCH_TI3
--------------------------------------------------------

  CREATE INDEX "KREW_RTE_BRCH_TI3" ON "KREW_RTE_BRCH_T" ("INIT_RTE_NODE_INSTN_ID") 
  PCTFREE 10 INITRANS 2 MAXTRANS 255 COMPUTE STATISTICS 
  STORAGE(INITIAL 65536 NEXT 1048576 MINEXTENTS 1 MAXEXTENTS 2147483645
  PCTINCREASE 0 FREELISTS 1 FREELIST GROUPS 1 BUFFER_POOL DEFAULT FLASH_CACHE DEFAULT CELL_FLASH_CACHE DEFAULT)
   ;
--------------------------------------------------------
--  DDL for Index KREN_RECIP_DELIV_TP1
--------------------------------------------------------

  CREATE UNIQUE INDEX "KREN_RECIP_DELIV_TP1" ON "KREN_RECIP_DELIV_T" ("RECIP_DELIV_ID") 
  PCTFREE 10 INITRANS 2 MAXTRANS 255 COMPUTE STATISTICS 
  STORAGE(INITIAL 65536 NEXT 1048576 MINEXTENTS 1 MAXEXTENTS 2147483645
  PCTINCREASE 0 FREELISTS 1 FREELIST GROUPS 1 BUFFER_POOL DEFAULT FLASH_CACHE DEFAULT CELL_FLASH_CACHE DEFAULT)
   ;
--------------------------------------------------------
--  DDL for Index KRSB_BAM_PARM_TP1
--------------------------------------------------------

  CREATE UNIQUE INDEX "KRSB_BAM_PARM_TP1" ON "KRSB_BAM_PARM_T" ("BAM_PARM_ID") 
  PCTFREE 10 INITRANS 2 MAXTRANS 255 COMPUTE STATISTICS 
  STORAGE(INITIAL 65536 NEXT 1048576 MINEXTENTS 1 MAXEXTENTS 2147483645
  PCTINCREASE 0 FREELISTS 1 FREELIST GROUPS 1 BUFFER_POOL DEFAULT FLASH_CACHE DEFAULT CELL_FLASH_CACHE DEFAULT)
   ;
--------------------------------------------------------
--  DDL for Index KREW_DOC_HDR_TI2
--------------------------------------------------------

  CREATE INDEX "KREW_DOC_HDR_TI2" ON "KREW_DOC_HDR_T" ("INITR_PRNCPL_ID") 
  PCTFREE 10 INITRANS 2 MAXTRANS 255 COMPUTE STATISTICS 
  STORAGE(INITIAL 65536 NEXT 1048576 MINEXTENTS 1 MAXEXTENTS 2147483645
  PCTINCREASE 0 FREELISTS 1 FREELIST GROUPS 1 BUFFER_POOL DEFAULT FLASH_CACHE DEFAULT CELL_FLASH_CACHE DEFAULT)
   ;
--------------------------------------------------------
--  DDL for Index KRIM_ROLE_DOCUMENT_TP1
--------------------------------------------------------

  CREATE UNIQUE INDEX "KRIM_ROLE_DOCUMENT_TP1" ON "KRIM_ROLE_DOCUMENT_T" ("FDOC_NBR") 
  PCTFREE 10 INITRANS 2 MAXTRANS 255 COMPUTE STATISTICS 
  STORAGE(INITIAL 65536 NEXT 1048576 MINEXTENTS 1 MAXEXTENTS 2147483645
  PCTINCREASE 0 FREELISTS 1 FREELIST GROUPS 1 BUFFER_POOL DEFAULT FLASH_CACHE DEFAULT CELL_FLASH_CACHE DEFAULT)
   ;
--------------------------------------------------------
--  DDL for Index KREW_RTE_NODE_TI1
--------------------------------------------------------

  CREATE INDEX "KREW_RTE_NODE_TI1" ON "KREW_RTE_NODE_T" ("NM", "DOC_TYP_ID") 
  PCTFREE 10 INITRANS 2 MAXTRANS 255 COMPUTE STATISTICS 
  STORAGE(INITIAL 65536 NEXT 1048576 MINEXTENTS 1 MAXEXTENTS 2147483645
  PCTINCREASE 0 FREELISTS 1 FREELIST GROUPS 1 BUFFER_POOL DEFAULT FLASH_CACHE DEFAULT CELL_FLASH_CACHE DEFAULT)
   ;
--------------------------------------------------------
--  DDL for Index KRIM_ENT_TYP_TP1
--------------------------------------------------------

  CREATE UNIQUE INDEX "KRIM_ENT_TYP_TP1" ON "KRIM_ENT_TYP_T" ("ENT_TYP_CD") 
  PCTFREE 10 INITRANS 2 MAXTRANS 255 COMPUTE STATISTICS 
  STORAGE(INITIAL 65536 NEXT 1048576 MINEXTENTS 1 MAXEXTENTS 2147483645
  PCTINCREASE 0 FREELISTS 1 FREELIST GROUPS 1 BUFFER_POOL DEFAULT FLASH_CACHE DEFAULT CELL_FLASH_CACHE DEFAULT)
   ;
--------------------------------------------------------
--  DDL for Index KRMS_TERM_RSLVR_INPUT_SPEC_P1
--------------------------------------------------------

  CREATE UNIQUE INDEX "KRMS_TERM_RSLVR_INPUT_SPEC_P1" ON "KRMS_TERM_RSLVR_INPUT_SPEC_T" ("TERM_SPEC_ID", "TERM_RSLVR_ID") 
  PCTFREE 10 INITRANS 2 MAXTRANS 255 COMPUTE STATISTICS 
  STORAGE(INITIAL 65536 NEXT 1048576 MINEXTENTS 1 MAXEXTENTS 2147483645
  PCTINCREASE 0 FREELISTS 1 FREELIST GROUPS 1 BUFFER_POOL DEFAULT FLASH_CACHE DEFAULT CELL_FLASH_CACHE DEFAULT)
   ;
--------------------------------------------------------
--  DDL for Index KRMS_CNTXT_VLD_RULE_TYP_TP1
--------------------------------------------------------

  CREATE UNIQUE INDEX "KRMS_CNTXT_VLD_RULE_TYP_TP1" ON "KRMS_CNTXT_VLD_RULE_TYP_T" ("CNTXT_VLD_RULE_ID") 
  PCTFREE 10 INITRANS 2 MAXTRANS 255 COMPUTE STATISTICS 
  STORAGE(INITIAL 65536 NEXT 1048576 MINEXTENTS 1 MAXEXTENTS 2147483645
  PCTINCREASE 0 FREELISTS 1 FREELIST GROUPS 1 BUFFER_POOL DEFAULT FLASH_CACHE DEFAULT CELL_FLASH_CACHE DEFAULT)
   ;
--------------------------------------------------------
--  DDL for Index KREW_ACTN_ITM_TI5
--------------------------------------------------------

  CREATE INDEX "KREW_ACTN_ITM_TI5" ON "KREW_ACTN_ITM_T" ("PRNCPL_ID", "DLGN_TYP", "DOC_HDR_ID") 
  PCTFREE 10 INITRANS 2 MAXTRANS 255 COMPUTE STATISTICS 
  STORAGE(INITIAL 65536 NEXT 1048576 MINEXTENTS 1 MAXEXTENTS 2147483645
  PCTINCREASE 0 FREELISTS 1 FREELIST GROUPS 1 BUFFER_POOL DEFAULT FLASH_CACHE DEFAULT CELL_FLASH_CACHE DEFAULT)
   ;
--------------------------------------------------------
--  DDL for Index KRMS_AGENDA_ITM_TI5
--------------------------------------------------------

  CREATE INDEX "KRMS_AGENDA_ITM_TI5" ON "KRMS_AGENDA_ITM_T" ("WHEN_FALSE") 
  PCTFREE 10 INITRANS 2 MAXTRANS 255 COMPUTE STATISTICS 
  STORAGE(INITIAL 65536 NEXT 1048576 MINEXTENTS 1 MAXEXTENTS 2147483645
  PCTINCREASE 0 FREELISTS 1 FREELIST GROUPS 1 BUFFER_POOL DEFAULT FLASH_CACHE DEFAULT CELL_FLASH_CACHE DEFAULT)
   ;
--------------------------------------------------------
--  DDL for Index KRSB_SVC_DSCRPTR_TP1
--------------------------------------------------------

  CREATE UNIQUE INDEX "KRSB_SVC_DSCRPTR_TP1" ON "KRSB_SVC_DSCRPTR_T" ("SVC_DSCRPTR_ID") 
  PCTFREE 10 INITRANS 2 MAXTRANS 255 COMPUTE STATISTICS 
  STORAGE(INITIAL 65536 NEXT 1048576 MINEXTENTS 1 MAXEXTENTS 2147483645
  PCTINCREASE 0 FREELISTS 1 FREELIST GROUPS 1 BUFFER_POOL DEFAULT FLASH_CACHE DEFAULT CELL_FLASH_CACHE DEFAULT)
   ;
--------------------------------------------------------
--  DDL for Index KRMS_NL_TMPL_TP1
--------------------------------------------------------

  CREATE UNIQUE INDEX "KRMS_NL_TMPL_TP1" ON "KRMS_NL_TMPL_T" ("NL_TMPL_ID") 
  PCTFREE 10 INITRANS 2 MAXTRANS 255 COMPUTE STATISTICS 
  STORAGE(INITIAL 65536 NEXT 1048576 MINEXTENTS 1 MAXEXTENTS 2147483645
  PCTINCREASE 0 FREELISTS 1 FREELIST GROUPS 1 BUFFER_POOL DEFAULT FLASH_CACHE DEFAULT CELL_FLASH_CACHE DEFAULT)
   ;
--------------------------------------------------------
--  DDL for Index KRMS_TYP_ATTR_TP1
--------------------------------------------------------

  CREATE UNIQUE INDEX "KRMS_TYP_ATTR_TP1" ON "KRMS_TYP_ATTR_T" ("TYP_ATTR_ID") 
  PCTFREE 10 INITRANS 2 MAXTRANS 255 COMPUTE STATISTICS 
  STORAGE(INITIAL 65536 NEXT 1048576 MINEXTENTS 1 MAXEXTENTS 2147483645
  PCTINCREASE 0 FREELISTS 1 FREELIST GROUPS 1 BUFFER_POOL DEFAULT FLASH_CACHE DEFAULT CELL_FLASH_CACHE DEFAULT)
   ;
--------------------------------------------------------
--  DDL for Index KREW_RTE_NODE_TP1
--------------------------------------------------------

  CREATE UNIQUE INDEX "KREW_RTE_NODE_TP1" ON "KREW_RTE_NODE_T" ("RTE_NODE_ID") 
  PCTFREE 10 INITRANS 2 MAXTRANS 255 COMPUTE STATISTICS 
  STORAGE(INITIAL 65536 NEXT 1048576 MINEXTENTS 1 MAXEXTENTS 2147483645
  PCTINCREASE 0 FREELISTS 1 FREELIST GROUPS 1 BUFFER_POOL DEFAULT FLASH_CACHE DEFAULT CELL_FLASH_CACHE DEFAULT)
   ;
--------------------------------------------------------
--  DDL for Index KRMS_FUNC_TP1
--------------------------------------------------------

  CREATE UNIQUE INDEX "KRMS_FUNC_TP1" ON "KRMS_FUNC_T" ("FUNC_ID") 
  PCTFREE 10 INITRANS 2 MAXTRANS 255 COMPUTE STATISTICS 
  STORAGE(INITIAL 65536 NEXT 1048576 MINEXTENTS 1 MAXEXTENTS 2147483645
  PCTINCREASE 0 FREELISTS 1 FREELIST GROUPS 1 BUFFER_POOL DEFAULT FLASH_CACHE DEFAULT CELL_FLASH_CACHE DEFAULT)
   ;
--------------------------------------------------------
--  DDL for Index KRIM_CTZNSHP_STAT_TC0
--------------------------------------------------------

  CREATE UNIQUE INDEX "KRIM_CTZNSHP_STAT_TC0" ON "KRIM_CTZNSHP_STAT_T" ("OBJ_ID") 
  PCTFREE 10 INITRANS 2 MAXTRANS 255 
  STORAGE(INITIAL 65536 NEXT 1048576 MINEXTENTS 1 MAXEXTENTS 2147483645
  PCTINCREASE 0 FREELISTS 1 FREELIST GROUPS 1 BUFFER_POOL DEFAULT FLASH_CACHE DEFAULT CELL_FLASH_CACHE DEFAULT)
   ;
--------------------------------------------------------
--  DDL for Index KREW_EDL_DMP_TI1
--------------------------------------------------------

  CREATE INDEX "KREW_EDL_DMP_TI1" ON "KREW_EDL_DMP_T" ("DOC_TYP_NM", "DOC_HDR_ID") 
  PCTFREE 10 INITRANS 2 MAXTRANS 255 COMPUTE STATISTICS 
  STORAGE(INITIAL 65536 NEXT 1048576 MINEXTENTS 1 MAXEXTENTS 2147483645
  PCTINCREASE 0 FREELISTS 1 FREELIST GROUPS 1 BUFFER_POOL DEFAULT FLASH_CACHE DEFAULT CELL_FLASH_CACHE DEFAULT)
   ;
--------------------------------------------------------
--  DDL for Index KRSB_QRTZ_TRIGGER_LISTENERSP1
--------------------------------------------------------

  CREATE UNIQUE INDEX "KRSB_QRTZ_TRIGGER_LISTENERSP1" ON "KRSB_QRTZ_TRIGGER_LISTENERS" ("TRIGGER_NAME", "TRIGGER_GROUP", "TRIGGER_LISTENER") 
  PCTFREE 10 INITRANS 2 MAXTRANS 255 COMPUTE STATISTICS 
  STORAGE(INITIAL 65536 NEXT 1048576 MINEXTENTS 1 MAXEXTENTS 2147483645
  PCTINCREASE 0 FREELISTS 1 FREELIST GROUPS 1 BUFFER_POOL DEFAULT FLASH_CACHE DEFAULT CELL_FLASH_CACHE DEFAULT)
   ;
--------------------------------------------------------
--  DDL for Index KRIM_DLGN_TC0
--------------------------------------------------------

  CREATE UNIQUE INDEX "KRIM_DLGN_TC0" ON "KRIM_DLGN_T" ("OBJ_ID") 
  PCTFREE 10 INITRANS 2 MAXTRANS 255 COMPUTE STATISTICS 
  STORAGE(INITIAL 65536 NEXT 1048576 MINEXTENTS 1 MAXEXTENTS 2147483645
  PCTINCREASE 0 FREELISTS 1 FREELIST GROUPS 1 BUFFER_POOL DEFAULT FLASH_CACHE DEFAULT CELL_FLASH_CACHE DEFAULT)
   ;
--------------------------------------------------------
--  DDL for Index KR_STATE_TC0
--------------------------------------------------------

  CREATE UNIQUE INDEX "KR_STATE_TC0" ON "KRLC_ST_T" ("OBJ_ID") 
  PCTFREE 10 INITRANS 2 MAXTRANS 255 
  STORAGE(INITIAL 65536 NEXT 1048576 MINEXTENTS 1 MAXEXTENTS 2147483645
  PCTINCREASE 0 FREELISTS 1 FREELIST GROUPS 1 BUFFER_POOL DEFAULT FLASH_CACHE DEFAULT CELL_FLASH_CACHE DEFAULT)
   ;
--------------------------------------------------------
--  DDL for Index KREW_RTE_NODE_INSTN_ST_TP1
--------------------------------------------------------

  CREATE UNIQUE INDEX "KREW_RTE_NODE_INSTN_ST_TP1" ON "KREW_RTE_NODE_INSTN_ST_T" ("RTE_NODE_INSTN_ST_ID") 
  PCTFREE 10 INITRANS 2 MAXTRANS 255 COMPUTE STATISTICS 
  STORAGE(INITIAL 65536 NEXT 1048576 MINEXTENTS 1 MAXEXTENTS 2147483645
  PCTINCREASE 0 FREELISTS 1 FREELIST GROUPS 1 BUFFER_POOL DEFAULT FLASH_CACHE DEFAULT CELL_FLASH_CACHE DEFAULT)
   ;
--------------------------------------------------------
--  DDL for Index KRSB_SVC_DEF_TI2
--------------------------------------------------------

  CREATE INDEX "KRSB_SVC_DEF_TI2" ON "KRSB_SVC_DEF_T" ("SVC_NM", "STAT_CD") 
  PCTFREE 10 INITRANS 2 MAXTRANS 255 COMPUTE STATISTICS 
  STORAGE(INITIAL 65536 NEXT 1048576 MINEXTENTS 1 MAXEXTENTS 2147483645
  PCTINCREASE 0 FREELISTS 1 FREELIST GROUPS 1 BUFFER_POOL DEFAULT FLASH_CACHE DEFAULT CELL_FLASH_CACHE DEFAULT)
   ;
--------------------------------------------------------
--  DDL for Index KRIM_ENT_TYP_TC1
--------------------------------------------------------

  CREATE UNIQUE INDEX "KRIM_ENT_TYP_TC1" ON "KRIM_ENT_TYP_T" ("NM") 
  PCTFREE 10 INITRANS 2 MAXTRANS 255 
  STORAGE(INITIAL 65536 NEXT 1048576 MINEXTENTS 1 MAXEXTENTS 2147483645
  PCTINCREASE 0 FREELISTS 1 FREELIST GROUPS 1 BUFFER_POOL DEFAULT FLASH_CACHE DEFAULT CELL_FLASH_CACHE DEFAULT)
   ;
--------------------------------------------------------
--  DDL for Index KREN_CHNL_TP1
--------------------------------------------------------

  CREATE UNIQUE INDEX "KREN_CHNL_TP1" ON "KREN_CHNL_T" ("CHNL_ID") 
  PCTFREE 10 INITRANS 2 MAXTRANS 255 COMPUTE STATISTICS 
  STORAGE(INITIAL 65536 NEXT 1048576 MINEXTENTS 1 MAXEXTENTS 2147483645
  PCTINCREASE 0 FREELISTS 1 FREELIST GROUPS 1 BUFFER_POOL DEFAULT FLASH_CACHE DEFAULT CELL_FLASH_CACHE DEFAULT)
   ;
--------------------------------------------------------
--  DDL for Index KRSB_QRTZ_LOCKSP1
--------------------------------------------------------

  CREATE UNIQUE INDEX "KRSB_QRTZ_LOCKSP1" ON "KRSB_QRTZ_LOCKS" ("LOCK_NAME") 
  PCTFREE 10 INITRANS 2 MAXTRANS 255 COMPUTE STATISTICS 
  STORAGE(INITIAL 65536 NEXT 1048576 MINEXTENTS 1 MAXEXTENTS 2147483645
  PCTINCREASE 0 FREELISTS 1 FREELIST GROUPS 1 BUFFER_POOL DEFAULT FLASH_CACHE DEFAULT CELL_FLASH_CACHE DEFAULT)
   ;
--------------------------------------------------------
--  DDL for Index KRIM_GRP_DOCUMENT_TP1
--------------------------------------------------------

  CREATE UNIQUE INDEX "KRIM_GRP_DOCUMENT_TP1" ON "KRIM_GRP_DOCUMENT_T" ("FDOC_NBR") 
  PCTFREE 10 INITRANS 2 MAXTRANS 255 COMPUTE STATISTICS 
  STORAGE(INITIAL 65536 NEXT 1048576 MINEXTENTS 1 MAXEXTENTS 2147483645
  PCTINCREASE 0 FREELISTS 1 FREELIST GROUPS 1 BUFFER_POOL DEFAULT FLASH_CACHE DEFAULT CELL_FLASH_CACHE DEFAULT)
   ;
--------------------------------------------------------
--  DDL for Index KRIM_ROLE_TC0
--------------------------------------------------------

  CREATE UNIQUE INDEX "KRIM_ROLE_TC0" ON "KRIM_ROLE_T" ("OBJ_ID") 
  PCTFREE 10 INITRANS 2 MAXTRANS 255 COMPUTE STATISTICS 
  STORAGE(INITIAL 65536 NEXT 1048576 MINEXTENTS 1 MAXEXTENTS 2147483645
  PCTINCREASE 0 FREELISTS 1 FREELIST GROUPS 1 BUFFER_POOL DEFAULT FLASH_CACHE DEFAULT CELL_FLASH_CACHE DEFAULT)
   ;
--------------------------------------------------------
--  DDL for Index KREW_DOC_TYP_ATTR_TI1
--------------------------------------------------------

  CREATE INDEX "KREW_DOC_TYP_ATTR_TI1" ON "KREW_DOC_TYP_ATTR_T" ("DOC_TYP_ID") 
  PCTFREE 10 INITRANS 2 MAXTRANS 255 COMPUTE STATISTICS 
  STORAGE(INITIAL 65536 NEXT 1048576 MINEXTENTS 1 MAXEXTENTS 2147483645
  PCTINCREASE 0 FREELISTS 1 FREELIST GROUPS 1 BUFFER_POOL DEFAULT FLASH_CACHE DEFAULT CELL_FLASH_CACHE DEFAULT)
   ;
--------------------------------------------------------
--  DDL for Index KREW_ACTN_TKN_TP1
--------------------------------------------------------

  CREATE UNIQUE INDEX "KREW_ACTN_TKN_TP1" ON "KREW_ACTN_TKN_T" ("ACTN_TKN_ID") 
  PCTFREE 10 INITRANS 2 MAXTRANS 255 COMPUTE STATISTICS 
  STORAGE(INITIAL 65536 NEXT 1048576 MINEXTENTS 1 MAXEXTENTS 2147483645
  PCTINCREASE 0 FREELISTS 1 FREELIST GROUPS 1 BUFFER_POOL DEFAULT FLASH_CACHE DEFAULT CELL_FLASH_CACHE DEFAULT)
   ;
--------------------------------------------------------
--  DDL for Index KRMS_AGENDA_ATTR_TI1
--------------------------------------------------------

  CREATE INDEX "KRMS_AGENDA_ATTR_TI1" ON "KRMS_AGENDA_ATTR_T" ("AGENDA_ID") 
  PCTFREE 10 INITRANS 2 MAXTRANS 255 COMPUTE STATISTICS 
  STORAGE(INITIAL 65536 NEXT 1048576 MINEXTENTS 1 MAXEXTENTS 2147483645
  PCTINCREASE 0 FREELISTS 1 FREELIST GROUPS 1 BUFFER_POOL DEFAULT FLASH_CACHE DEFAULT CELL_FLASH_CACHE DEFAULT)
   ;
--------------------------------------------------------
--  DDL for Index KREN_RECIP_PREFS_TP1
--------------------------------------------------------

  CREATE UNIQUE INDEX "KREN_RECIP_PREFS_TP1" ON "KREN_RECIP_PREFS_T" ("RECIP_PREFS_ID") 
  PCTFREE 10 INITRANS 2 MAXTRANS 255 COMPUTE STATISTICS 
  STORAGE(INITIAL 65536 NEXT 1048576 MINEXTENTS 1 MAXEXTENTS 2147483645
  PCTINCREASE 0 FREELISTS 1 FREELIST GROUPS 1 BUFFER_POOL DEFAULT FLASH_CACHE DEFAULT CELL_FLASH_CACHE DEFAULT)
   ;
--------------------------------------------------------
--  DDL for Index KREW_RULE_TMPL_TC0
--------------------------------------------------------

  CREATE UNIQUE INDEX "KREW_RULE_TMPL_TC0" ON "KREW_RULE_TMPL_T" ("OBJ_ID") 
  PCTFREE 10 INITRANS 2 MAXTRANS 255 COMPUTE STATISTICS 
  STORAGE(INITIAL 65536 NEXT 1048576 MINEXTENTS 1 MAXEXTENTS 2147483645
  PCTINCREASE 0 FREELISTS 1 FREELIST GROUPS 1 BUFFER_POOL DEFAULT FLASH_CACHE DEFAULT CELL_FLASH_CACHE DEFAULT)
   ;
--------------------------------------------------------
--  DDL for Index KRIM_TYP_ATTR_TP1
--------------------------------------------------------

  CREATE UNIQUE INDEX "KRIM_TYP_ATTR_TP1" ON "KRIM_TYP_ATTR_T" ("KIM_TYP_ATTR_ID") 
  PCTFREE 10 INITRANS 2 MAXTRANS 255 COMPUTE STATISTICS 
  STORAGE(INITIAL 65536 NEXT 1048576 MINEXTENTS 1 MAXEXTENTS 2147483645
  PCTINCREASE 0 FREELISTS 1 FREELIST GROUPS 1 BUFFER_POOL DEFAULT FLASH_CACHE DEFAULT CELL_FLASH_CACHE DEFAULT)
   ;
--------------------------------------------------------
--  DDL for Index KREW_ATT_TP1
--------------------------------------------------------

  CREATE UNIQUE INDEX "KREW_ATT_TP1" ON "KREW_ATT_T" ("ATTACHMENT_ID") 
  PCTFREE 10 INITRANS 2 MAXTRANS 255 COMPUTE STATISTICS 
  STORAGE(INITIAL 65536 NEXT 1048576 MINEXTENTS 1 MAXEXTENTS 2147483645
  PCTINCREASE 0 FREELISTS 1 FREELIST GROUPS 1 BUFFER_POOL DEFAULT FLASH_CACHE DEFAULT CELL_FLASH_CACHE DEFAULT)
   ;
--------------------------------------------------------
--  DDL for Index KREN_CHNL_PRODCR_TI1
--------------------------------------------------------

  CREATE INDEX "KREN_CHNL_PRODCR_TI1" ON "KREN_CHNL_PRODCR_T" ("CHNL_ID") 
  PCTFREE 10 INITRANS 2 MAXTRANS 255 COMPUTE STATISTICS 
  STORAGE(INITIAL 65536 NEXT 1048576 MINEXTENTS 1 MAXEXTENTS 2147483645
  PCTINCREASE 0 FREELISTS 1 FREELIST GROUPS 1 BUFFER_POOL DEFAULT FLASH_CACHE DEFAULT CELL_FLASH_CACHE DEFAULT)
   ;
--------------------------------------------------------
--  DDL for Index KREW_TYP_TC1
--------------------------------------------------------

  CREATE UNIQUE INDEX "KREW_TYP_TC1" ON "KREW_TYP_T" ("NM", "NMSPC_CD") 
  PCTFREE 10 INITRANS 2 MAXTRANS 255 COMPUTE STATISTICS 
  STORAGE(INITIAL 65536 NEXT 1048576 MINEXTENTS 1 MAXEXTENTS 2147483645
  PCTINCREASE 0 FREELISTS 1 FREELIST GROUPS 1 BUFFER_POOL DEFAULT FLASH_CACHE DEFAULT CELL_FLASH_CACHE DEFAULT)
   ;
--------------------------------------------------------
--  DDL for Index KREW_RTE_NODE_INSTN_TI1
--------------------------------------------------------

  CREATE INDEX "KREW_RTE_NODE_INSTN_TI1" ON "KREW_RTE_NODE_INSTN_T" ("DOC_HDR_ID", "ACTV_IND", "CMPLT_IND") 
  PCTFREE 10 INITRANS 2 MAXTRANS 255 COMPUTE STATISTICS 
  STORAGE(INITIAL 65536 NEXT 1048576 MINEXTENTS 1 MAXEXTENTS 2147483645
  PCTINCREASE 0 FREELISTS 1 FREELIST GROUPS 1 BUFFER_POOL DEFAULT FLASH_CACHE DEFAULT CELL_FLASH_CACHE DEFAULT)
   ;
--------------------------------------------------------
--  DDL for Index KRMS_CNTXT_VLD_ACTN_TYP_TI1
--------------------------------------------------------

  CREATE INDEX "KRMS_CNTXT_VLD_ACTN_TYP_TI1" ON "KRMS_CNTXT_VLD_ACTN_TYP_T" ("CNTXT_ID") 
  PCTFREE 10 INITRANS 2 MAXTRANS 255 COMPUTE STATISTICS 
  STORAGE(INITIAL 65536 NEXT 1048576 MINEXTENTS 1 MAXEXTENTS 2147483645
  PCTINCREASE 0 FREELISTS 1 FREELIST GROUPS 1 BUFFER_POOL DEFAULT FLASH_CACHE DEFAULT CELL_FLASH_CACHE DEFAULT)
   ;
--------------------------------------------------------
--  DDL for Index KRIM_ROLE_PERM_TC0
--------------------------------------------------------

  CREATE UNIQUE INDEX "KRIM_ROLE_PERM_TC0" ON "KRIM_ROLE_PERM_T" ("OBJ_ID") 
  PCTFREE 10 INITRANS 2 MAXTRANS 255 COMPUTE STATISTICS 
  STORAGE(INITIAL 65536 NEXT 1048576 MINEXTENTS 1 MAXEXTENTS 2147483645
  PCTINCREASE 0 FREELISTS 1 FREELIST GROUPS 1 BUFFER_POOL DEFAULT FLASH_CACHE DEFAULT CELL_FLASH_CACHE DEFAULT)
   ;
--------------------------------------------------------
--  DDL for Index KRNS_SESN_DOC_TI1
--------------------------------------------------------

  CREATE INDEX "KRNS_SESN_DOC_TI1" ON "KRNS_SESN_DOC_T" ("LAST_UPDT_DT") 
  PCTFREE 10 INITRANS 2 MAXTRANS 255 COMPUTE STATISTICS 
  STORAGE(INITIAL 65536 NEXT 1048576 MINEXTENTS 1 MAXEXTENTS 2147483645
  PCTINCREASE 0 FREELISTS 1 FREELIST GROUPS 1 BUFFER_POOL DEFAULT FLASH_CACHE DEFAULT CELL_FLASH_CACHE DEFAULT)
   ;
--------------------------------------------------------
--  DDL for Index KREW_RULE_EXT_VAL_TP1
--------------------------------------------------------

  CREATE UNIQUE INDEX "KREW_RULE_EXT_VAL_TP1" ON "KREW_RULE_EXT_VAL_T" ("RULE_EXT_VAL_ID") 
  PCTFREE 10 INITRANS 2 MAXTRANS 255 COMPUTE STATISTICS 
  STORAGE(INITIAL 65536 NEXT 1048576 MINEXTENTS 1 MAXEXTENTS 2147483645
  PCTINCREASE 0 FREELISTS 1 FREELIST GROUPS 1 BUFFER_POOL DEFAULT FLASH_CACHE DEFAULT CELL_FLASH_CACHE DEFAULT)
   ;
--------------------------------------------------------
--  DDL for Index KRMS_AGENDA_TI1
--------------------------------------------------------

  CREATE INDEX "KRMS_AGENDA_TI1" ON "KRMS_AGENDA_T" ("CNTXT_ID") 
  PCTFREE 10 INITRANS 2 MAXTRANS 255 COMPUTE STATISTICS 
  STORAGE(INITIAL 65536 NEXT 1048576 MINEXTENTS 1 MAXEXTENTS 2147483645
  PCTINCREASE 0 FREELISTS 1 FREELIST GROUPS 1 BUFFER_POOL DEFAULT FLASH_CACHE DEFAULT CELL_FLASH_CACHE DEFAULT)
   ;
--------------------------------------------------------
--  DDL for Index KREW_DOC_HDR_EXT_TI2
--------------------------------------------------------

  CREATE INDEX "KREW_DOC_HDR_EXT_TI2" ON "KREW_DOC_HDR_EXT_T" ("DOC_HDR_ID") 
  PCTFREE 10 INITRANS 2 MAXTRANS 255 COMPUTE STATISTICS 
  STORAGE(INITIAL 65536 NEXT 1048576 MINEXTENTS 1 MAXEXTENTS 2147483645
  PCTINCREASE 0 FREELISTS 1 FREELIST GROUPS 1 BUFFER_POOL DEFAULT FLASH_CACHE DEFAULT CELL_FLASH_CACHE DEFAULT)
   ;
--------------------------------------------------------
--  DDL for Index KRSB_MSG_PYLD_TP1
--------------------------------------------------------

  CREATE UNIQUE INDEX "KRSB_MSG_PYLD_TP1" ON "KRSB_MSG_PYLD_T" ("MSG_QUE_ID") 
  PCTFREE 10 INITRANS 2 MAXTRANS 255 COMPUTE STATISTICS 
  STORAGE(INITIAL 65536 NEXT 1048576 MINEXTENTS 1 MAXEXTENTS 2147483645
  PCTINCREASE 0 FREELISTS 1 FREELIST GROUPS 1 BUFFER_POOL DEFAULT FLASH_CACHE DEFAULT CELL_FLASH_CACHE DEFAULT)
   ;
--------------------------------------------------------
--  DDL for Index KREW_TYP_TP1
--------------------------------------------------------

  CREATE UNIQUE INDEX "KREW_TYP_TP1" ON "KREW_TYP_T" ("TYP_ID") 
  PCTFREE 10 INITRANS 2 MAXTRANS 255 COMPUTE STATISTICS 
  STORAGE(INITIAL 65536 NEXT 1048576 MINEXTENTS 1 MAXEXTENTS 2147483645
  PCTINCREASE 0 FREELISTS 1 FREELIST GROUPS 1 BUFFER_POOL DEFAULT FLASH_CACHE DEFAULT CELL_FLASH_CACHE DEFAULT)
   ;
--------------------------------------------------------
--  DDL for Index KREW_RULE_TC0
--------------------------------------------------------

  CREATE UNIQUE INDEX "KREW_RULE_TC0" ON "KREW_RULE_T" ("OBJ_ID") 
  PCTFREE 10 INITRANS 2 MAXTRANS 255 COMPUTE STATISTICS 
  STORAGE(INITIAL 65536 NEXT 1048576 MINEXTENTS 1 MAXEXTENTS 2147483645
  PCTINCREASE 0 FREELISTS 1 FREELIST GROUPS 1 BUFFER_POOL DEFAULT FLASH_CACHE DEFAULT CELL_FLASH_CACHE DEFAULT)
   ;
--------------------------------------------------------
--  DDL for Index KRSB_QRTZ_FIRED_TRIGGERS_TI4
--------------------------------------------------------

  CREATE INDEX "KRSB_QRTZ_FIRED_TRIGGERS_TI4" ON "KRSB_QRTZ_FIRED_TRIGGERS" ("IS_STATEFUL") 
  PCTFREE 10 INITRANS 2 MAXTRANS 255 COMPUTE STATISTICS 
  STORAGE(INITIAL 65536 NEXT 1048576 MINEXTENTS 1 MAXEXTENTS 2147483645
  PCTINCREASE 0 FREELISTS 1 FREELIST GROUPS 1 BUFFER_POOL DEFAULT FLASH_CACHE DEFAULT CELL_FLASH_CACHE DEFAULT)
   ;
--------------------------------------------------------
--  DDL for Index KREW_RULE_TMPL_ATTR_TP1
--------------------------------------------------------

  CREATE UNIQUE INDEX "KREW_RULE_TMPL_ATTR_TP1" ON "KREW_RULE_TMPL_ATTR_T" ("RULE_TMPL_ATTR_ID") 
  PCTFREE 10 INITRANS 2 MAXTRANS 255 COMPUTE STATISTICS 
  STORAGE(INITIAL 65536 NEXT 1048576 MINEXTENTS 1 MAXEXTENTS 2147483645
  PCTINCREASE 0 FREELISTS 1 FREELIST GROUPS 1 BUFFER_POOL DEFAULT FLASH_CACHE DEFAULT CELL_FLASH_CACHE DEFAULT)
   ;
--------------------------------------------------------
--  DDL for Index KRMS_AGENDA_ITM_TI6
--------------------------------------------------------

  CREATE INDEX "KRMS_AGENDA_ITM_TI6" ON "KRMS_AGENDA_ITM_T" ("ALWAYS") 
  PCTFREE 10 INITRANS 2 MAXTRANS 255 COMPUTE STATISTICS 
  STORAGE(INITIAL 65536 NEXT 1048576 MINEXTENTS 1 MAXEXTENTS 2147483645
  PCTINCREASE 0 FREELISTS 1 FREELIST GROUPS 1 BUFFER_POOL DEFAULT FLASH_CACHE DEFAULT CELL_FLASH_CACHE DEFAULT)
   ;
--------------------------------------------------------
--  DDL for Index KREW_DOC_HDR_CNTNT_TP1
--------------------------------------------------------

  CREATE UNIQUE INDEX "KREW_DOC_HDR_CNTNT_TP1" ON "KREW_DOC_HDR_CNTNT_T" ("DOC_HDR_ID") 
  PCTFREE 10 INITRANS 2 MAXTRANS 255 COMPUTE STATISTICS 
  STORAGE(INITIAL 65536 NEXT 1048576 MINEXTENTS 1 MAXEXTENTS 2147483645
  PCTINCREASE 0 FREELISTS 1 FREELIST GROUPS 1 BUFFER_POOL DEFAULT FLASH_CACHE DEFAULT CELL_FLASH_CACHE DEFAULT)
   ;
--------------------------------------------------------
--  DDL for Index KREW_RTE_NODE_LNK_TI1
--------------------------------------------------------

  CREATE INDEX "KREW_RTE_NODE_LNK_TI1" ON "KREW_RTE_NODE_LNK_T" ("FROM_RTE_NODE_ID") 
  PCTFREE 10 INITRANS 2 MAXTRANS 255 COMPUTE STATISTICS 
  STORAGE(INITIAL 65536 NEXT 1048576 MINEXTENTS 1 MAXEXTENTS 2147483645
  PCTINCREASE 0 FREELISTS 1 FREELIST GROUPS 1 BUFFER_POOL DEFAULT FLASH_CACHE DEFAULT CELL_FLASH_CACHE DEFAULT)
   ;
--------------------------------------------------------
--  DDL for Index KREW_DOC_TYP_TP1
--------------------------------------------------------

  CREATE UNIQUE INDEX "KREW_DOC_TYP_TP1" ON "KREW_DOC_TYP_T" ("DOC_TYP_ID") 
  PCTFREE 10 INITRANS 2 MAXTRANS 255 COMPUTE STATISTICS 
  STORAGE(INITIAL 65536 NEXT 1048576 MINEXTENTS 1 MAXEXTENTS 2147483645
  PCTINCREASE 0 FREELISTS 1 FREELIST GROUPS 1 BUFFER_POOL DEFAULT FLASH_CACHE DEFAULT CELL_FLASH_CACHE DEFAULT)
   ;
--------------------------------------------------------
--  DDL for Index KRMS_CTGRY_TC0
--------------------------------------------------------

  CREATE UNIQUE INDEX "KRMS_CTGRY_TC0" ON "KRMS_CTGRY_T" ("NM", "NMSPC_CD") 
  PCTFREE 10 INITRANS 2 MAXTRANS 255 
  STORAGE(INITIAL 65536 NEXT 1048576 MINEXTENTS 1 MAXEXTENTS 2147483645
  PCTINCREASE 0 FREELISTS 1 FREELIST GROUPS 1 BUFFER_POOL DEFAULT FLASH_CACHE DEFAULT CELL_FLASH_CACHE DEFAULT)
   ;
--------------------------------------------------------
--  DDL for Index KRIM_DLGN_MBR_TC0
--------------------------------------------------------

  CREATE UNIQUE INDEX "KRIM_DLGN_MBR_TC0" ON "KRIM_DLGN_MBR_T" ("OBJ_ID") 
  PCTFREE 10 INITRANS 2 MAXTRANS 255 COMPUTE STATISTICS 
  STORAGE(INITIAL 65536 NEXT 1048576 MINEXTENTS 1 MAXEXTENTS 2147483645
  PCTINCREASE 0 FREELISTS 1 FREELIST GROUPS 1 BUFFER_POOL DEFAULT FLASH_CACHE DEFAULT CELL_FLASH_CACHE DEFAULT)
   ;
--------------------------------------------------------
--  DDL for Index KRNS_NTE_TP1
--------------------------------------------------------

  CREATE UNIQUE INDEX "KRNS_NTE_TP1" ON "KRNS_NTE_T" ("NTE_ID") 
  PCTFREE 10 INITRANS 2 MAXTRANS 255 COMPUTE STATISTICS 
  STORAGE(INITIAL 65536 NEXT 1048576 MINEXTENTS 1 MAXEXTENTS 2147483645
  PCTINCREASE 0 FREELISTS 1 FREELIST GROUPS 1 BUFFER_POOL DEFAULT FLASH_CACHE DEFAULT CELL_FLASH_CACHE DEFAULT)
   ;
--------------------------------------------------------
--  DDL for Index KRNS_MAINT_DOC_ATT_TP1
--------------------------------------------------------

  CREATE UNIQUE INDEX "KRNS_MAINT_DOC_ATT_TP1" ON "KRNS_MAINT_DOC_ATT_T" ("DOC_HDR_ID") 
  PCTFREE 10 INITRANS 2 MAXTRANS 255 COMPUTE STATISTICS 
  STORAGE(INITIAL 65536 NEXT 1048576 MINEXTENTS 1 MAXEXTENTS 2147483645
  PCTINCREASE 0 FREELISTS 1 FREELIST GROUPS 1 BUFFER_POOL DEFAULT FLASH_CACHE DEFAULT CELL_FLASH_CACHE DEFAULT)
   ;
--------------------------------------------------------
--  DDL for Index KRIM_GRP_TC1
--------------------------------------------------------

  CREATE UNIQUE INDEX "KRIM_GRP_TC1" ON "KRIM_GRP_T" ("GRP_NM", "NMSPC_CD") 
  PCTFREE 10 INITRANS 2 MAXTRANS 255 COMPUTE STATISTICS 
  STORAGE(INITIAL 65536 NEXT 1048576 MINEXTENTS 1 MAXEXTENTS 2147483645
  PCTINCREASE 0 FREELISTS 1 FREELIST GROUPS 1 BUFFER_POOL DEFAULT FLASH_CACHE DEFAULT CELL_FLASH_CACHE DEFAULT)
   ;
--------------------------------------------------------
--  DDL for Index KRIM_EMAIL_TYP_TP1
--------------------------------------------------------

  CREATE UNIQUE INDEX "KRIM_EMAIL_TYP_TP1" ON "KRIM_EMAIL_TYP_T" ("EMAIL_TYP_CD") 
  PCTFREE 10 INITRANS 2 MAXTRANS 255 COMPUTE STATISTICS 
  STORAGE(INITIAL 65536 NEXT 1048576 MINEXTENTS 1 MAXEXTENTS 2147483645
  PCTINCREASE 0 FREELISTS 1 FREELIST GROUPS 1 BUFFER_POOL DEFAULT FLASH_CACHE DEFAULT CELL_FLASH_CACHE DEFAULT)
   ;
--------------------------------------------------------
--  DDL for Index KRMS_RULE_ATTR_TP1
--------------------------------------------------------

  CREATE UNIQUE INDEX "KRMS_RULE_ATTR_TP1" ON "KRMS_RULE_ATTR_T" ("RULE_ATTR_ID") 
  PCTFREE 10 INITRANS 2 MAXTRANS 255 COMPUTE STATISTICS 
  STORAGE(INITIAL 65536 NEXT 1048576 MINEXTENTS 1 MAXEXTENTS 2147483645
  PCTINCREASE 0 FREELISTS 1 FREELIST GROUPS 1 BUFFER_POOL DEFAULT FLASH_CACHE DEFAULT CELL_FLASH_CACHE DEFAULT)
   ;
--------------------------------------------------------
--  DDL for Index KRIM_ROLE_RSP_ACTN_TC1
--------------------------------------------------------

  CREATE UNIQUE INDEX "KRIM_ROLE_RSP_ACTN_TC1" ON "KRIM_ROLE_RSP_ACTN_T" ("ROLE_RSP_ID", "ROLE_MBR_ID") 
  PCTFREE 10 INITRANS 2 MAXTRANS 255 COMPUTE STATISTICS 
  STORAGE(INITIAL 65536 NEXT 1048576 MINEXTENTS 1 MAXEXTENTS 2147483645
  PCTINCREASE 0 FREELISTS 1 FREELIST GROUPS 1 BUFFER_POOL DEFAULT FLASH_CACHE DEFAULT CELL_FLASH_CACHE DEFAULT)
   ;
--------------------------------------------------------
--  DDL for Index KREW_RULE_EXT_VAL_T2
--------------------------------------------------------

  CREATE INDEX "KREW_RULE_EXT_VAL_T2" ON "KREW_RULE_EXT_VAL_T" ("RULE_EXT_VAL_ID", "KEY_CD") 
  PCTFREE 10 INITRANS 2 MAXTRANS 255 COMPUTE STATISTICS 
  STORAGE(INITIAL 65536 NEXT 1048576 MINEXTENTS 1 MAXEXTENTS 2147483645
  PCTINCREASE 0 FREELISTS 1 FREELIST GROUPS 1 BUFFER_POOL DEFAULT FLASH_CACHE DEFAULT CELL_FLASH_CACHE DEFAULT)
   ;
--------------------------------------------------------
--  DDL for Index KREN_NTFCTN_I1
--------------------------------------------------------

  CREATE INDEX "KREN_NTFCTN_I1" ON "KREN_NTFCTN_T" ("CNTNT_TYP_ID") 
  PCTFREE 10 INITRANS 2 MAXTRANS 255 COMPUTE STATISTICS 
  STORAGE(INITIAL 65536 NEXT 1048576 MINEXTENTS 1 MAXEXTENTS 2147483645
  PCTINCREASE 0 FREELISTS 1 FREELIST GROUPS 1 BUFFER_POOL DEFAULT FLASH_CACHE DEFAULT CELL_FLASH_CACHE DEFAULT)
   ;
--------------------------------------------------------
--  DDL for Index KREW_DOC_TYP_TI6
--------------------------------------------------------

  CREATE INDEX "KREW_DOC_TYP_TI6" ON "KREW_DOC_TYP_T" ("DOC_TYP_NM") 
  PCTFREE 10 INITRANS 2 MAXTRANS 255 COMPUTE STATISTICS 
  STORAGE(INITIAL 65536 NEXT 1048576 MINEXTENTS 1 MAXEXTENTS 2147483645
  PCTINCREASE 0 FREELISTS 1 FREELIST GROUPS 1 BUFFER_POOL DEFAULT FLASH_CACHE DEFAULT CELL_FLASH_CACHE DEFAULT)
   ;
--------------------------------------------------------
--  DDL for Index KREW_RULE_TMPL_ATTR_TI2
--------------------------------------------------------

  CREATE INDEX "KREW_RULE_TMPL_ATTR_TI2" ON "KREW_RULE_TMPL_ATTR_T" ("RULE_ATTR_ID") 
  PCTFREE 10 INITRANS 2 MAXTRANS 255 COMPUTE STATISTICS 
  STORAGE(INITIAL 65536 NEXT 1048576 MINEXTENTS 1 MAXEXTENTS 2147483645
  PCTINCREASE 0 FREELISTS 1 FREELIST GROUPS 1 BUFFER_POOL DEFAULT FLASH_CACHE DEFAULT CELL_FLASH_CACHE DEFAULT)
   ;
--------------------------------------------------------
--  DDL for Index KRIM_RSP_TMPL_TC1
--------------------------------------------------------

  CREATE UNIQUE INDEX "KRIM_RSP_TMPL_TC1" ON "KRIM_RSP_TMPL_T" ("NM", "NMSPC_CD") 
  PCTFREE 10 INITRANS 2 MAXTRANS 255 COMPUTE STATISTICS 
  STORAGE(INITIAL 65536 NEXT 1048576 MINEXTENTS 1 MAXEXTENTS 2147483645
  PCTINCREASE 0 FREELISTS 1 FREELIST GROUPS 1 BUFFER_POOL DEFAULT FLASH_CACHE DEFAULT CELL_FLASH_CACHE DEFAULT)
   ;
--------------------------------------------------------
--  DDL for Index KRMS_PROP_PARM_TI1
--------------------------------------------------------

  CREATE INDEX "KRMS_PROP_PARM_TI1" ON "KRMS_PROP_PARM_T" ("PROP_ID") 
  PCTFREE 10 INITRANS 2 MAXTRANS 255 COMPUTE STATISTICS 
  STORAGE(INITIAL 65536 NEXT 1048576 MINEXTENTS 1 MAXEXTENTS 2147483645
  PCTINCREASE 0 FREELISTS 1 FREELIST GROUPS 1 BUFFER_POOL DEFAULT FLASH_CACHE DEFAULT CELL_FLASH_CACHE DEFAULT)
   ;
--------------------------------------------------------
--  DDL for Index KRNS_LOOKUP_SEL_TP1
--------------------------------------------------------

  CREATE UNIQUE INDEX "KRNS_LOOKUP_SEL_TP1" ON "KRNS_LOOKUP_SEL_T" ("LOOKUP_RSLT_ID") 
  PCTFREE 10 INITRANS 2 MAXTRANS 255 COMPUTE STATISTICS 
  STORAGE(INITIAL 65536 NEXT 1048576 MINEXTENTS 1 MAXEXTENTS 2147483645
  PCTINCREASE 0 FREELISTS 1 FREELIST GROUPS 1 BUFFER_POOL DEFAULT FLASH_CACHE DEFAULT CELL_FLASH_CACHE DEFAULT)
   ;
--------------------------------------------------------
--  DDL for Index KRIM_PND_GRP_PRNCPL_MTP1
--------------------------------------------------------

  CREATE UNIQUE INDEX "KRIM_PND_GRP_PRNCPL_MTP1" ON "KRIM_PND_GRP_PRNCPL_MT" ("GRP_MBR_ID", "FDOC_NBR") 
  PCTFREE 10 INITRANS 2 MAXTRANS 255 COMPUTE STATISTICS 
  STORAGE(INITIAL 65536 NEXT 1048576 MINEXTENTS 1 MAXEXTENTS 2147483645
  PCTINCREASE 0 FREELISTS 1 FREELIST GROUPS 1 BUFFER_POOL DEFAULT FLASH_CACHE DEFAULT CELL_FLASH_CACHE DEFAULT)
   ;
--------------------------------------------------------
--  DDL for Index KREW_RULE_EXT_TP1
--------------------------------------------------------

  CREATE UNIQUE INDEX "KREW_RULE_EXT_TP1" ON "KREW_RULE_EXT_T" ("RULE_EXT_ID") 
  PCTFREE 10 INITRANS 2 MAXTRANS 255 COMPUTE STATISTICS 
  STORAGE(INITIAL 65536 NEXT 1048576 MINEXTENTS 1 MAXEXTENTS 2147483645
  PCTINCREASE 0 FREELISTS 1 FREELIST GROUPS 1 BUFFER_POOL DEFAULT FLASH_CACHE DEFAULT CELL_FLASH_CACHE DEFAULT)
   ;
--------------------------------------------------------
--  DDL for Index KRSB_QRTZ_JOB_LISTENERSP1
--------------------------------------------------------

  CREATE UNIQUE INDEX "KRSB_QRTZ_JOB_LISTENERSP1" ON "KRSB_QRTZ_JOB_LISTENERS" ("JOB_NAME", "JOB_GROUP", "JOB_LISTENER") 
  PCTFREE 10 INITRANS 2 MAXTRANS 255 COMPUTE STATISTICS 
  STORAGE(INITIAL 65536 NEXT 1048576 MINEXTENTS 1 MAXEXTENTS 2147483645
  PCTINCREASE 0 FREELISTS 1 FREELIST GROUPS 1 BUFFER_POOL DEFAULT FLASH_CACHE DEFAULT CELL_FLASH_CACHE DEFAULT)
   ;
--------------------------------------------------------
--  DDL for Index KRIM_TYP_TP1
--------------------------------------------------------

  CREATE UNIQUE INDEX "KRIM_TYP_TP1" ON "KRIM_TYP_T" ("KIM_TYP_ID") 
  PCTFREE 10 INITRANS 2 MAXTRANS 255 COMPUTE STATISTICS 
  STORAGE(INITIAL 65536 NEXT 1048576 MINEXTENTS 1 MAXEXTENTS 2147483645
  PCTINCREASE 0 FREELISTS 1 FREELIST GROUPS 1 BUFFER_POOL DEFAULT FLASH_CACHE DEFAULT CELL_FLASH_CACHE DEFAULT)
   ;
--------------------------------------------------------
--  DDL for Index KRIM_EXT_ID_TYP_TC1
--------------------------------------------------------

  CREATE UNIQUE INDEX "KRIM_EXT_ID_TYP_TC1" ON "KRIM_EXT_ID_TYP_T" ("NM") 
  PCTFREE 10 INITRANS 2 MAXTRANS 255 COMPUTE STATISTICS 
  STORAGE(INITIAL 65536 NEXT 1048576 MINEXTENTS 1 MAXEXTENTS 2147483645
  PCTINCREASE 0 FREELISTS 1 FREELIST GROUPS 1 BUFFER_POOL DEFAULT FLASH_CACHE DEFAULT CELL_FLASH_CACHE DEFAULT)
   ;
--------------------------------------------------------
--  DDL for Index KRSB_QRTZ_TRIGGERS_TI4
--------------------------------------------------------

  CREATE INDEX "KRSB_QRTZ_TRIGGERS_TI4" ON "KRSB_QRTZ_TRIGGERS" ("IS_VOLATILE") 
  PCTFREE 10 INITRANS 2 MAXTRANS 255 COMPUTE STATISTICS 
  STORAGE(INITIAL 65536 NEXT 1048576 MINEXTENTS 1 MAXEXTENTS 2147483645
  PCTINCREASE 0 FREELISTS 1 FREELIST GROUPS 1 BUFFER_POOL DEFAULT FLASH_CACHE DEFAULT CELL_FLASH_CACHE DEFAULT)
   ;
--------------------------------------------------------
--  DDL for Index KREW_RULE_TMPL_ATTR_TC0
--------------------------------------------------------

  CREATE UNIQUE INDEX "KREW_RULE_TMPL_ATTR_TC0" ON "KREW_RULE_TMPL_ATTR_T" ("OBJ_ID") 
  PCTFREE 10 INITRANS 2 MAXTRANS 255 COMPUTE STATISTICS 
  STORAGE(INITIAL 65536 NEXT 1048576 MINEXTENTS 1 MAXEXTENTS 2147483645
  PCTINCREASE 0 FREELISTS 1 FREELIST GROUPS 1 BUFFER_POOL DEFAULT FLASH_CACHE DEFAULT CELL_FLASH_CACHE DEFAULT)
   ;
--------------------------------------------------------
--  DDL for Index KREW_DOC_HDR_TI7
--------------------------------------------------------

  CREATE INDEX "KREW_DOC_HDR_TI7" ON "KREW_DOC_HDR_T" ("APRV_DT") 
  PCTFREE 10 INITRANS 2 MAXTRANS 255 COMPUTE STATISTICS 
  STORAGE(INITIAL 65536 NEXT 1048576 MINEXTENTS 1 MAXEXTENTS 2147483645
  PCTINCREASE 0 FREELISTS 1 FREELIST GROUPS 1 BUFFER_POOL DEFAULT FLASH_CACHE DEFAULT CELL_FLASH_CACHE DEFAULT)
   ;
--------------------------------------------------------
--  DDL for Index KRMS_CNTXT_VLD_FUNC_TP1
--------------------------------------------------------

  CREATE UNIQUE INDEX "KRMS_CNTXT_VLD_FUNC_TP1" ON "KRMS_CNTXT_VLD_FUNC_T" ("CNTXT_VLD_FUNC_ID") 
  PCTFREE 10 INITRANS 2 MAXTRANS 255 COMPUTE STATISTICS 
  STORAGE(INITIAL 65536 NEXT 1048576 MINEXTENTS 1 MAXEXTENTS 2147483645
  PCTINCREASE 0 FREELISTS 1 FREELIST GROUPS 1 BUFFER_POOL DEFAULT FLASH_CACHE DEFAULT CELL_FLASH_CACHE DEFAULT)
   ;
--------------------------------------------------------
--  DDL for Index KREN_MSG_TP1
--------------------------------------------------------

  CREATE UNIQUE INDEX "KREN_MSG_TP1" ON "KREN_MSG_T" ("MSG_ID") 
  PCTFREE 10 INITRANS 2 MAXTRANS 255 COMPUTE STATISTICS 
  STORAGE(INITIAL 65536 NEXT 1048576 MINEXTENTS 1 MAXEXTENTS 2147483645
  PCTINCREASE 0 FREELISTS 1 FREELIST GROUPS 1 BUFFER_POOL DEFAULT FLASH_CACHE DEFAULT CELL_FLASH_CACHE DEFAULT)
   ;
--------------------------------------------------------
--  DDL for Index KREW_ACTN_TKN_TI5
--------------------------------------------------------

  CREATE INDEX "KREW_ACTN_TKN_TI5" ON "KREW_ACTN_TKN_T" ("DOC_HDR_ID") 
  PCTFREE 10 INITRANS 2 MAXTRANS 255 COMPUTE STATISTICS 
  STORAGE(INITIAL 65536 NEXT 1048576 MINEXTENTS 1 MAXEXTENTS 2147483645
  PCTINCREASE 0 FREELISTS 1 FREELIST GROUPS 1 BUFFER_POOL DEFAULT FLASH_CACHE DEFAULT CELL_FLASH_CACHE DEFAULT)
   ;
--------------------------------------------------------
--  DDL for Index KRNS_ADHOC_RTE_ACTN_RECIP_TP1
--------------------------------------------------------

  CREATE UNIQUE INDEX "KRNS_ADHOC_RTE_ACTN_RECIP_TP1" ON "KRNS_ADHOC_RTE_ACTN_RECIP_T" ("RECIP_TYP_CD", "ACTN_RQST_CD", "ACTN_RQST_RECIP_ID", "DOC_HDR_ID") 
  PCTFREE 10 INITRANS 2 MAXTRANS 255 COMPUTE STATISTICS 
  STORAGE(INITIAL 65536 NEXT 1048576 MINEXTENTS 1 MAXEXTENTS 2147483645
  PCTINCREASE 0 FREELISTS 1 FREELIST GROUPS 1 BUFFER_POOL DEFAULT FLASH_CACHE DEFAULT CELL_FLASH_CACHE DEFAULT)
   ;
--------------------------------------------------------
--  DDL for Index KRMS_AGENDA_TP1
--------------------------------------------------------

  CREATE UNIQUE INDEX "KRMS_AGENDA_TP1" ON "KRMS_AGENDA_T" ("AGENDA_ID") 
  PCTFREE 10 INITRANS 2 MAXTRANS 255 COMPUTE STATISTICS 
  STORAGE(INITIAL 65536 NEXT 1048576 MINEXTENTS 1 MAXEXTENTS 2147483645
  PCTINCREASE 0 FREELISTS 1 FREELIST GROUPS 1 BUFFER_POOL DEFAULT FLASH_CACHE DEFAULT CELL_FLASH_CACHE DEFAULT)
   ;
--------------------------------------------------------
--  DDL for Index KRIM_ENTITY_PRIV_PREF_TP1
--------------------------------------------------------

  CREATE UNIQUE INDEX "KRIM_ENTITY_PRIV_PREF_TP1" ON "KRIM_ENTITY_PRIV_PREF_T" ("ENTITY_ID") 
  PCTFREE 10 INITRANS 2 MAXTRANS 255 COMPUTE STATISTICS 
  STORAGE(INITIAL 65536 NEXT 1048576 MINEXTENTS 1 MAXEXTENTS 2147483645
  PCTINCREASE 0 FREELISTS 1 FREELIST GROUPS 1 BUFFER_POOL DEFAULT FLASH_CACHE DEFAULT CELL_FLASH_CACHE DEFAULT)
   ;
--------------------------------------------------------
--  DDL for Index KRMS_RULE_TC1
--------------------------------------------------------

  CREATE UNIQUE INDEX "KRMS_RULE_TC1" ON "KRMS_RULE_T" ("NM", "NMSPC_CD") 
  PCTFREE 10 INITRANS 2 MAXTRANS 255 COMPUTE STATISTICS 
  STORAGE(INITIAL 65536 NEXT 1048576 MINEXTENTS 1 MAXEXTENTS 2147483645
  PCTINCREASE 0 FREELISTS 1 FREELIST GROUPS 1 BUFFER_POOL DEFAULT FLASH_CACHE DEFAULT CELL_FLASH_CACHE DEFAULT)
   ;
--------------------------------------------------------
--  DDL for Index KRMS_NL_USAGE_ATTR_TP1
--------------------------------------------------------

  CREATE UNIQUE INDEX "KRMS_NL_USAGE_ATTR_TP1" ON "KRMS_NL_USAGE_ATTR_T" ("NL_USAGE_ATTR_ID") 
  PCTFREE 10 INITRANS 2 MAXTRANS 255 COMPUTE STATISTICS 
  STORAGE(INITIAL 65536 NEXT 1048576 MINEXTENTS 1 MAXEXTENTS 2147483645
  PCTINCREASE 0 FREELISTS 1 FREELIST GROUPS 1 BUFFER_POOL DEFAULT FLASH_CACHE DEFAULT CELL_FLASH_CACHE DEFAULT)
   ;
--------------------------------------------------------
--  DDL for Index KREW_DOC_HDR_EXT_TI1
--------------------------------------------------------

  CREATE INDEX "KREW_DOC_HDR_EXT_TI1" ON "KREW_DOC_HDR_EXT_T" ("KEY_CD", "VAL") 
  PCTFREE 10 INITRANS 2 MAXTRANS 255 COMPUTE STATISTICS 
  STORAGE(INITIAL 65536 NEXT 1048576 MINEXTENTS 1 MAXEXTENTS 2147483645
  PCTINCREASE 0 FREELISTS 1 FREELIST GROUPS 1 BUFFER_POOL DEFAULT FLASH_CACHE DEFAULT CELL_FLASH_CACHE DEFAULT)
   ;
--------------------------------------------------------
--  DDL for Index KREN_SNDR_TI1
--------------------------------------------------------

  CREATE INDEX "KREN_SNDR_TI1" ON "KREN_SNDR_T" ("NTFCTN_ID") 
  PCTFREE 10 INITRANS 2 MAXTRANS 255 COMPUTE STATISTICS 
  STORAGE(INITIAL 65536 NEXT 1048576 MINEXTENTS 1 MAXEXTENTS 2147483645
  PCTINCREASE 0 FREELISTS 1 FREELIST GROUPS 1 BUFFER_POOL DEFAULT FLASH_CACHE DEFAULT CELL_FLASH_CACHE DEFAULT)
   ;
--------------------------------------------------------
--  DDL for Index KRIM_CTZNSHP_STAT_TC1
--------------------------------------------------------

  CREATE UNIQUE INDEX "KRIM_CTZNSHP_STAT_TC1" ON "KRIM_CTZNSHP_STAT_T" ("NM") 
  PCTFREE 10 INITRANS 2 MAXTRANS 255 
  STORAGE(INITIAL 65536 NEXT 1048576 MINEXTENTS 1 MAXEXTENTS 2147483645
  PCTINCREASE 0 FREELISTS 1 FREELIST GROUPS 1 BUFFER_POOL DEFAULT FLASH_CACHE DEFAULT CELL_FLASH_CACHE DEFAULT)
   ;
--------------------------------------------------------
--  DDL for Index KRIM_ENT_TYP_TC0
--------------------------------------------------------

  CREATE UNIQUE INDEX "KRIM_ENT_TYP_TC0" ON "KRIM_ENT_TYP_T" ("OBJ_ID") 
  PCTFREE 10 INITRANS 2 MAXTRANS 255 
  STORAGE(INITIAL 65536 NEXT 1048576 MINEXTENTS 1 MAXEXTENTS 2147483645
  PCTINCREASE 0 FREELISTS 1 FREELIST GROUPS 1 BUFFER_POOL DEFAULT FLASH_CACHE DEFAULT CELL_FLASH_CACHE DEFAULT)
   ;
--------------------------------------------------------
--  DDL for Index KRIM_GRP_ATTR_DATA_TC0
--------------------------------------------------------

  CREATE UNIQUE INDEX "KRIM_GRP_ATTR_DATA_TC0" ON "KRIM_GRP_ATTR_DATA_T" ("OBJ_ID") 
  PCTFREE 10 INITRANS 2 MAXTRANS 255 COMPUTE STATISTICS 
  STORAGE(INITIAL 65536 NEXT 1048576 MINEXTENTS 1 MAXEXTENTS 2147483645
  PCTINCREASE 0 FREELISTS 1 FREELIST GROUPS 1 BUFFER_POOL DEFAULT FLASH_CACHE DEFAULT CELL_FLASH_CACHE DEFAULT)
   ;
--------------------------------------------------------
--  DDL for Index KREN_RECIP_PREFS_TC0
--------------------------------------------------------

  CREATE UNIQUE INDEX "KREN_RECIP_PREFS_TC0" ON "KREN_RECIP_PREFS_T" ("RECIP_ID", "PROP") 
  PCTFREE 10 INITRANS 2 MAXTRANS 255 COMPUTE STATISTICS 
  STORAGE(INITIAL 65536 NEXT 1048576 MINEXTENTS 1 MAXEXTENTS 2147483645
  PCTINCREASE 0 FREELISTS 1 FREELIST GROUPS 1 BUFFER_POOL DEFAULT FLASH_CACHE DEFAULT CELL_FLASH_CACHE DEFAULT)
   ;
--------------------------------------------------------
--  DDL for Index KRSB_SVC_DEF_TI3
--------------------------------------------------------

  CREATE INDEX "KRSB_SVC_DEF_TI3" ON "KRSB_SVC_DEF_T" ("STAT_CD") 
  PCTFREE 10 INITRANS 2 MAXTRANS 255 COMPUTE STATISTICS 
  STORAGE(INITIAL 65536 NEXT 1048576 MINEXTENTS 1 MAXEXTENTS 2147483645
  PCTINCREASE 0 FREELISTS 1 FREELIST GROUPS 1 BUFFER_POOL DEFAULT FLASH_CACHE DEFAULT CELL_FLASH_CACHE DEFAULT)
   ;
--------------------------------------------------------
--  DDL for Index KREW_PPL_FLW_DLGT_TP1
--------------------------------------------------------

  CREATE UNIQUE INDEX "KREW_PPL_FLW_DLGT_TP1" ON "KREW_PPL_FLW_DLGT_T" ("PPL_FLW_DLGT_ID") 
  PCTFREE 10 INITRANS 2 MAXTRANS 255 COMPUTE STATISTICS 
  STORAGE(INITIAL 65536 NEXT 1048576 MINEXTENTS 1 MAXEXTENTS 2147483645
  PCTINCREASE 0 FREELISTS 1 FREELIST GROUPS 1 BUFFER_POOL DEFAULT FLASH_CACHE DEFAULT CELL_FLASH_CACHE DEFAULT)
   ;
--------------------------------------------------------
--  DDL for Index KRIM_ENTITY_PRIV_PREF_TC0
--------------------------------------------------------

  CREATE UNIQUE INDEX "KRIM_ENTITY_PRIV_PREF_TC0" ON "KRIM_ENTITY_PRIV_PREF_T" ("OBJ_ID") 
  PCTFREE 10 INITRANS 2 MAXTRANS 255 COMPUTE STATISTICS 
  STORAGE(INITIAL 65536 NEXT 1048576 MINEXTENTS 1 MAXEXTENTS 2147483645
  PCTINCREASE 0 FREELISTS 1 FREELIST GROUPS 1 BUFFER_POOL DEFAULT FLASH_CACHE DEFAULT CELL_FLASH_CACHE DEFAULT)
   ;
--------------------------------------------------------
--  DDL for Index KRAD_MSG_TP1
--------------------------------------------------------

  CREATE UNIQUE INDEX "KRAD_MSG_TP1" ON "KRAD_MSG_T" ("NMSPC_CD", "CMPNT_CD", "MSG_KEY", "LOC") 
  PCTFREE 10 INITRANS 2 MAXTRANS 255 COMPUTE STATISTICS 
  STORAGE(INITIAL 65536 NEXT 1048576 MINEXTENTS 1 MAXEXTENTS 2147483645
  PCTINCREASE 0 FREELISTS 1 FREELIST GROUPS 1 BUFFER_POOL DEFAULT FLASH_CACHE DEFAULT CELL_FLASH_CACHE DEFAULT)
   ;
--------------------------------------------------------
--  DDL for Index KREN_RECIP_LIST_TP1
--------------------------------------------------------

  CREATE UNIQUE INDEX "KREN_RECIP_LIST_TP1" ON "KREN_RECIP_LIST_T" ("RECIP_LIST_ID") 
  PCTFREE 10 INITRANS 2 MAXTRANS 255 COMPUTE STATISTICS 
  STORAGE(INITIAL 65536 NEXT 1048576 MINEXTENTS 1 MAXEXTENTS 2147483645
  PCTINCREASE 0 FREELISTS 1 FREELIST GROUPS 1 BUFFER_POOL DEFAULT FLASH_CACHE DEFAULT CELL_FLASH_CACHE DEFAULT)
   ;
--------------------------------------------------------
--  DDL for Index KREW_DOC_HDR_EXT_FLT_TI1
--------------------------------------------------------

  CREATE INDEX "KREW_DOC_HDR_EXT_FLT_TI1" ON "KREW_DOC_HDR_EXT_FLT_T" ("KEY_CD", "VAL") 
  PCTFREE 10 INITRANS 2 MAXTRANS 255 COMPUTE STATISTICS 
  STORAGE(INITIAL 65536 NEXT 1048576 MINEXTENTS 1 MAXEXTENTS 2147483645
  PCTINCREASE 0 FREELISTS 1 FREELIST GROUPS 1 BUFFER_POOL DEFAULT FLASH_CACHE DEFAULT CELL_FLASH_CACHE DEFAULT)
   ;
--------------------------------------------------------
--  DDL for Index KRSB_QRTZ_FIRED_TRIGGERS_TI7
--------------------------------------------------------

  CREATE INDEX "KRSB_QRTZ_FIRED_TRIGGERS_TI7" ON "KRSB_QRTZ_FIRED_TRIGGERS" ("TRIGGER_NAME") 
  PCTFREE 10 INITRANS 2 MAXTRANS 255 COMPUTE STATISTICS 
  STORAGE(INITIAL 65536 NEXT 1048576 MINEXTENTS 1 MAXEXTENTS 2147483645
  PCTINCREASE 0 FREELISTS 1 FREELIST GROUPS 1 BUFFER_POOL DEFAULT FLASH_CACHE DEFAULT CELL_FLASH_CACHE DEFAULT)
   ;
--------------------------------------------------------
--  DDL for Index KRNS_PARM_TYP_TC0
--------------------------------------------------------

  CREATE UNIQUE INDEX "KRNS_PARM_TYP_TC0" ON "KRCR_PARM_TYP_T" ("OBJ_ID") 
  PCTFREE 10 INITRANS 2 MAXTRANS 255 COMPUTE STATISTICS 
  STORAGE(INITIAL 65536 NEXT 1048576 MINEXTENTS 1 MAXEXTENTS 2147483645
  PCTINCREASE 0 FREELISTS 1 FREELIST GROUPS 1 BUFFER_POOL DEFAULT FLASH_CACHE DEFAULT CELL_FLASH_CACHE DEFAULT)
   ;
--------------------------------------------------------
--  DDL for Index KREW_DOC_TYP_APP_STAT_CAT_TP1
--------------------------------------------------------

  CREATE UNIQUE INDEX "KREW_DOC_TYP_APP_STAT_CAT_TP1" ON "KREW_DOC_TYP_APP_STAT_CAT_T" ("DOC_TYP_ID", "CAT_NM") 
  PCTFREE 10 INITRANS 2 MAXTRANS 255 COMPUTE STATISTICS 
  STORAGE(INITIAL 65536 NEXT 1048576 MINEXTENTS 1 MAXEXTENTS 2147483645
  PCTINCREASE 0 FREELISTS 1 FREELIST GROUPS 1 BUFFER_POOL DEFAULT FLASH_CACHE DEFAULT CELL_FLASH_CACHE DEFAULT)
   ;
--------------------------------------------------------
--  DDL for Index KRMS_NL_TMPL_ATTR_TP1
--------------------------------------------------------

  CREATE UNIQUE INDEX "KRMS_NL_TMPL_ATTR_TP1" ON "KRMS_NL_TMPL_ATTR_T" ("NL_TMPL_ATTR_ID") 
  PCTFREE 10 INITRANS 2 MAXTRANS 255 COMPUTE STATISTICS 
  STORAGE(INITIAL 65536 NEXT 1048576 MINEXTENTS 1 MAXEXTENTS 2147483645
  PCTINCREASE 0 FREELISTS 1 FREELIST GROUPS 1 BUFFER_POOL DEFAULT FLASH_CACHE DEFAULT CELL_FLASH_CACHE DEFAULT)
   ;
--------------------------------------------------------
--  DDL for Index KRIM_ENTITY_PHONE_TC0
--------------------------------------------------------

  CREATE UNIQUE INDEX "KRIM_ENTITY_PHONE_TC0" ON "KRIM_ENTITY_PHONE_T" ("OBJ_ID") 
  PCTFREE 10 INITRANS 2 MAXTRANS 255 COMPUTE STATISTICS 
  STORAGE(INITIAL 65536 NEXT 1048576 MINEXTENTS 1 MAXEXTENTS 2147483645
  PCTINCREASE 0 FREELISTS 1 FREELIST GROUPS 1 BUFFER_POOL DEFAULT FLASH_CACHE DEFAULT CELL_FLASH_CACHE DEFAULT)
   ;
--------------------------------------------------------
--  DDL for Index KREW_DOC_HDR_TI6
--------------------------------------------------------

  CREATE INDEX "KREW_DOC_HDR_TI6" ON "KREW_DOC_HDR_T" ("RTE_STAT_MDFN_DT") 
  PCTFREE 10 INITRANS 2 MAXTRANS 255 COMPUTE STATISTICS 
  STORAGE(INITIAL 65536 NEXT 1048576 MINEXTENTS 1 MAXEXTENTS 2147483645
  PCTINCREASE 0 FREELISTS 1 FREELIST GROUPS 1 BUFFER_POOL DEFAULT FLASH_CACHE DEFAULT CELL_FLASH_CACHE DEFAULT)
   ;
--------------------------------------------------------
--  DDL for Index KREW_DOC_NTE_TP1
--------------------------------------------------------

  CREATE UNIQUE INDEX "KREW_DOC_NTE_TP1" ON "KREW_DOC_NTE_T" ("DOC_NTE_ID") 
  PCTFREE 10 INITRANS 2 MAXTRANS 255 COMPUTE STATISTICS 
  STORAGE(INITIAL 65536 NEXT 1048576 MINEXTENTS 1 MAXEXTENTS 2147483645
  PCTINCREASE 0 FREELISTS 1 FREELIST GROUPS 1 BUFFER_POOL DEFAULT FLASH_CACHE DEFAULT CELL_FLASH_CACHE DEFAULT)
   ;
--------------------------------------------------------
--  DDL for Index KREW_APP_DOC_STAT_TI2
--------------------------------------------------------

  CREATE INDEX "KREW_APP_DOC_STAT_TI2" ON "KREW_APP_DOC_STAT_TRAN_T" ("DOC_HDR_ID", "APP_DOC_STAT_FROM") 
  PCTFREE 10 INITRANS 2 MAXTRANS 255 COMPUTE STATISTICS 
  STORAGE(INITIAL 65536 NEXT 1048576 MINEXTENTS 1 MAXEXTENTS 2147483645
  PCTINCREASE 0 FREELISTS 1 FREELIST GROUPS 1 BUFFER_POOL DEFAULT FLASH_CACHE DEFAULT CELL_FLASH_CACHE DEFAULT)
   ;
--------------------------------------------------------
--  DDL for Index KRIM_ENT_NM_TYP_TC0
--------------------------------------------------------

  CREATE UNIQUE INDEX "KRIM_ENT_NM_TYP_TC0" ON "KRIM_ENT_NM_TYP_T" ("OBJ_ID") 
  PCTFREE 10 INITRANS 2 MAXTRANS 255 COMPUTE STATISTICS 
  STORAGE(INITIAL 65536 NEXT 1048576 MINEXTENTS 1 MAXEXTENTS 2147483645
  PCTINCREASE 0 FREELISTS 1 FREELIST GROUPS 1 BUFFER_POOL DEFAULT FLASH_CACHE DEFAULT CELL_FLASH_CACHE DEFAULT)
   ;
--------------------------------------------------------
--  DDL for Index KRIM_PRNCPL_TP1
--------------------------------------------------------

  CREATE UNIQUE INDEX "KRIM_PRNCPL_TP1" ON "KRIM_PRNCPL_T" ("PRNCPL_ID") 
  PCTFREE 10 INITRANS 2 MAXTRANS 255 COMPUTE STATISTICS 
  STORAGE(INITIAL 65536 NEXT 1048576 MINEXTENTS 1 MAXEXTENTS 2147483645
  PCTINCREASE 0 FREELISTS 1 FREELIST GROUPS 1 BUFFER_POOL DEFAULT FLASH_CACHE DEFAULT CELL_FLASH_CACHE DEFAULT)
   ;
--------------------------------------------------------
--  DDL for Index KREW_TYP_ATTR_TI1
--------------------------------------------------------

  CREATE INDEX "KREW_TYP_ATTR_TI1" ON "KREW_TYP_ATTR_T" ("ATTR_DEFN_ID") 
  PCTFREE 10 INITRANS 2 MAXTRANS 255 COMPUTE STATISTICS 
  STORAGE(INITIAL 65536 NEXT 1048576 MINEXTENTS 1 MAXEXTENTS 2147483645
  PCTINCREASE 0 FREELISTS 1 FREELIST GROUPS 1 BUFFER_POOL DEFAULT FLASH_CACHE DEFAULT CELL_FLASH_CACHE DEFAULT)
   ;
--------------------------------------------------------
--  DDL for Index KRCR_DRVD_CMPNT_TP1
--------------------------------------------------------

  CREATE UNIQUE INDEX "KRCR_DRVD_CMPNT_TP1" ON "KRCR_DRVD_CMPNT_T" ("NMSPC_CD", "CMPNT_CD") 
  PCTFREE 10 INITRANS 2 MAXTRANS 255 COMPUTE STATISTICS 
  STORAGE(INITIAL 65536 NEXT 1048576 MINEXTENTS 1 MAXEXTENTS 2147483645
  PCTINCREASE 0 FREELISTS 1 FREELIST GROUPS 1 BUFFER_POOL DEFAULT FLASH_CACHE DEFAULT CELL_FLASH_CACHE DEFAULT)
   ;
--------------------------------------------------------
--  DDL for Index KRMS_TERM_RSLVR_ATTR_TI1
--------------------------------------------------------

  CREATE INDEX "KRMS_TERM_RSLVR_ATTR_TI1" ON "KRMS_TERM_RSLVR_ATTR_T" ("TERM_RSLVR_ID") 
  PCTFREE 10 INITRANS 2 MAXTRANS 255 COMPUTE STATISTICS 
  STORAGE(INITIAL 65536 NEXT 1048576 MINEXTENTS 1 MAXEXTENTS 2147483645
  PCTINCREASE 0 FREELISTS 1 FREELIST GROUPS 1 BUFFER_POOL DEFAULT FLASH_CACHE DEFAULT CELL_FLASH_CACHE DEFAULT)
   ;
--------------------------------------------------------
--  DDL for Index KREN_CNTNT_TYP_TP1
--------------------------------------------------------

  CREATE UNIQUE INDEX "KREN_CNTNT_TYP_TP1" ON "KREN_CNTNT_TYP_T" ("CNTNT_TYP_ID") 
  PCTFREE 10 INITRANS 2 MAXTRANS 255 COMPUTE STATISTICS 
  STORAGE(INITIAL 65536 NEXT 1048576 MINEXTENTS 1 MAXEXTENTS 2147483645
  PCTINCREASE 0 FREELISTS 1 FREELIST GROUPS 1 BUFFER_POOL DEFAULT FLASH_CACHE DEFAULT CELL_FLASH_CACHE DEFAULT)
   ;
--------------------------------------------------------
--  DDL for Index KRMS_ACTN_TI3
--------------------------------------------------------

  CREATE INDEX "KRMS_ACTN_TI3" ON "KRMS_ACTN_T" ("RULE_ID", "SEQ_NO") 
  PCTFREE 10 INITRANS 2 MAXTRANS 255 COMPUTE STATISTICS 
  STORAGE(INITIAL 65536 NEXT 1048576 MINEXTENTS 1 MAXEXTENTS 2147483645
  PCTINCREASE 0 FREELISTS 1 FREELIST GROUPS 1 BUFFER_POOL DEFAULT FLASH_CACHE DEFAULT CELL_FLASH_CACHE DEFAULT)
   ;
--------------------------------------------------------
--  DDL for Index KRIM_ADDR_TYP_TP1
--------------------------------------------------------

  CREATE UNIQUE INDEX "KRIM_ADDR_TYP_TP1" ON "KRIM_ADDR_TYP_T" ("ADDR_TYP_CD") 
  PCTFREE 10 INITRANS 2 MAXTRANS 255 COMPUTE STATISTICS 
  STORAGE(INITIAL 65536 NEXT 1048576 MINEXTENTS 1 MAXEXTENTS 2147483645
  PCTINCREASE 0 FREELISTS 1 FREELIST GROUPS 1 BUFFER_POOL DEFAULT FLASH_CACHE DEFAULT CELL_FLASH_CACHE DEFAULT)
   ;
--------------------------------------------------------
--  DDL for Index KRIM_GRP_MBR_TC0
--------------------------------------------------------

  CREATE UNIQUE INDEX "KRIM_GRP_MBR_TC0" ON "KRIM_GRP_MBR_T" ("OBJ_ID") 
  PCTFREE 10 INITRANS 2 MAXTRANS 255 COMPUTE STATISTICS 
  STORAGE(INITIAL 65536 NEXT 1048576 MINEXTENTS 1 MAXEXTENTS 2147483645
  PCTINCREASE 0 FREELISTS 1 FREELIST GROUPS 1 BUFFER_POOL DEFAULT FLASH_CACHE DEFAULT CELL_FLASH_CACHE DEFAULT)
   ;
--------------------------------------------------------
--  DDL for Index KREW_OUT_BOX_ITM_TI1
--------------------------------------------------------

  CREATE INDEX "KREW_OUT_BOX_ITM_TI1" ON "KREW_OUT_BOX_ITM_T" ("PRNCPL_ID") 
  PCTFREE 10 INITRANS 2 MAXTRANS 255 COMPUTE STATISTICS 
  STORAGE(INITIAL 65536 NEXT 1048576 MINEXTENTS 1 MAXEXTENTS 2147483645
  PCTINCREASE 0 FREELISTS 1 FREELIST GROUPS 1 BUFFER_POOL DEFAULT FLASH_CACHE DEFAULT CELL_FLASH_CACHE DEFAULT)
   ;
--------------------------------------------------------
--  DDL for Index KRNS_DOC_HDR_TC0
--------------------------------------------------------

  CREATE UNIQUE INDEX "KRNS_DOC_HDR_TC0" ON "KRNS_DOC_HDR_T" ("OBJ_ID") 
  PCTFREE 10 INITRANS 2 MAXTRANS 255 
  STORAGE(INITIAL 65536 NEXT 1048576 MINEXTENTS 1 MAXEXTENTS 2147483645
  PCTINCREASE 0 FREELISTS 1 FREELIST GROUPS 1 BUFFER_POOL DEFAULT FLASH_CACHE DEFAULT CELL_FLASH_CACHE DEFAULT)
   ;
--------------------------------------------------------
--  DDL for Index KREW_TYP_ATTR_TI2
--------------------------------------------------------

  CREATE INDEX "KREW_TYP_ATTR_TI2" ON "KREW_TYP_ATTR_T" ("TYP_ID") 
  PCTFREE 10 INITRANS 2 MAXTRANS 255 COMPUTE STATISTICS 
  STORAGE(INITIAL 65536 NEXT 1048576 MINEXTENTS 1 MAXEXTENTS 2147483645
  PCTINCREASE 0 FREELISTS 1 FREELIST GROUPS 1 BUFFER_POOL DEFAULT FLASH_CACHE DEFAULT CELL_FLASH_CACHE DEFAULT)
   ;
--------------------------------------------------------
--  DDL for Index KRIM_EMP_STAT_TP1
--------------------------------------------------------

  CREATE UNIQUE INDEX "KRIM_EMP_STAT_TP1" ON "KRIM_EMP_STAT_T" ("EMP_STAT_CD") 
  PCTFREE 10 INITRANS 2 MAXTRANS 255 COMPUTE STATISTICS 
  STORAGE(INITIAL 65536 NEXT 1048576 MINEXTENTS 1 MAXEXTENTS 2147483645
  PCTINCREASE 0 FREELISTS 1 FREELIST GROUPS 1 BUFFER_POOL DEFAULT FLASH_CACHE DEFAULT CELL_FLASH_CACHE DEFAULT)
   ;
--------------------------------------------------------
--  DDL for Index KRMS_INPUT_ASSET_TI1
--------------------------------------------------------

  CREATE INDEX "KRMS_INPUT_ASSET_TI1" ON "KRMS_TERM_RSLVR_INPUT_SPEC_T" ("TERM_SPEC_ID") 
  PCTFREE 10 INITRANS 2 MAXTRANS 255 COMPUTE STATISTICS 
  STORAGE(INITIAL 65536 NEXT 1048576 MINEXTENTS 1 MAXEXTENTS 2147483645
  PCTINCREASE 0 FREELISTS 1 FREELIST GROUPS 1 BUFFER_POOL DEFAULT FLASH_CACHE DEFAULT CELL_FLASH_CACHE DEFAULT)
   ;
--------------------------------------------------------
--  DDL for Index KREW_DOC_HDR_T12
--------------------------------------------------------

  CREATE INDEX "KREW_DOC_HDR_T12" ON "KREW_DOC_HDR_T" ("APP_DOC_STAT_MDFN_DT") 
  PCTFREE 10 INITRANS 2 MAXTRANS 255 COMPUTE STATISTICS 
  STORAGE(INITIAL 65536 NEXT 1048576 MINEXTENTS 1 MAXEXTENTS 2147483645
  PCTINCREASE 0 FREELISTS 1 FREELIST GROUPS 1 BUFFER_POOL DEFAULT FLASH_CACHE DEFAULT CELL_FLASH_CACHE DEFAULT)
   ;
--------------------------------------------------------
--  DDL for Index KREW_RTE_NODE_INSTN_TP1
--------------------------------------------------------

  CREATE UNIQUE INDEX "KREW_RTE_NODE_INSTN_TP1" ON "KREW_RTE_NODE_INSTN_T" ("RTE_NODE_INSTN_ID") 
  PCTFREE 10 INITRANS 2 MAXTRANS 255 COMPUTE STATISTICS 
  STORAGE(INITIAL 65536 NEXT 1048576 MINEXTENTS 1 MAXEXTENTS 2147483645
  PCTINCREASE 0 FREELISTS 1 FREELIST GROUPS 1 BUFFER_POOL DEFAULT FLASH_CACHE DEFAULT CELL_FLASH_CACHE DEFAULT)
   ;
--------------------------------------------------------
--  DDL for Index KRMS_TERM_RSLVR_ATTR_TI2
--------------------------------------------------------

  CREATE INDEX "KRMS_TERM_RSLVR_ATTR_TI2" ON "KRMS_TERM_RSLVR_ATTR_T" ("ATTR_DEFN_ID") 
  PCTFREE 10 INITRANS 2 MAXTRANS 255 COMPUTE STATISTICS 
  STORAGE(INITIAL 65536 NEXT 1048576 MINEXTENTS 1 MAXEXTENTS 2147483645
  PCTINCREASE 0 FREELISTS 1 FREELIST GROUPS 1 BUFFER_POOL DEFAULT FLASH_CACHE DEFAULT CELL_FLASH_CACHE DEFAULT)
   ;
--------------------------------------------------------
--  DDL for Index KRNS_DOC_HDR_TI3
--------------------------------------------------------

  CREATE INDEX "KRNS_DOC_HDR_TI3" ON "KRNS_DOC_HDR_T" ("ORG_DOC_HDR_ID") 
  PCTFREE 10 INITRANS 2 MAXTRANS 255 COMPUTE STATISTICS 
  STORAGE(INITIAL 65536 NEXT 1048576 MINEXTENTS 1 MAXEXTENTS 2147483645
  PCTINCREASE 0 FREELISTS 1 FREELIST GROUPS 1 BUFFER_POOL DEFAULT FLASH_CACHE DEFAULT CELL_FLASH_CACHE DEFAULT)
   ;
--------------------------------------------------------
--  DDL for Index KREN_MSG_DELIV_TI1
--------------------------------------------------------

  CREATE INDEX "KREN_MSG_DELIV_TI1" ON "KREN_MSG_DELIV_T" ("MSG_ID") 
  PCTFREE 10 INITRANS 2 MAXTRANS 255 COMPUTE STATISTICS 
  STORAGE(INITIAL 65536 NEXT 1048576 MINEXTENTS 1 MAXEXTENTS 2147483645
  PCTINCREASE 0 FREELISTS 1 FREELIST GROUPS 1 BUFFER_POOL DEFAULT FLASH_CACHE DEFAULT CELL_FLASH_CACHE DEFAULT)
   ;
--------------------------------------------------------
--  DDL for Index KREW_DOC_TYP_APP_DOC_STAT_T1
--------------------------------------------------------

  CREATE INDEX "KREW_DOC_TYP_APP_DOC_STAT_T1" ON "KREW_DOC_TYP_APP_DOC_STAT_T" ("DOC_TYP_ID") 
  PCTFREE 10 INITRANS 2 MAXTRANS 255 COMPUTE STATISTICS 
  STORAGE(INITIAL 65536 NEXT 1048576 MINEXTENTS 1 MAXEXTENTS 2147483645
  PCTINCREASE 0 FREELISTS 1 FREELIST GROUPS 1 BUFFER_POOL DEFAULT FLASH_CACHE DEFAULT CELL_FLASH_CACHE DEFAULT)
   ;
--------------------------------------------------------
--  DDL for Index BK_BOOK_TYP_TP1
--------------------------------------------------------

  CREATE UNIQUE INDEX "BK_BOOK_TYP_TP1" ON "BK_BOOK_TYP_T" ("TYP_CD") 
  PCTFREE 10 INITRANS 2 MAXTRANS 255 COMPUTE STATISTICS 
  STORAGE(INITIAL 65536 NEXT 1048576 MINEXTENTS 1 MAXEXTENTS 2147483645
  PCTINCREASE 0 FREELISTS 1 FREELIST GROUPS 1 BUFFER_POOL DEFAULT FLASH_CACHE DEFAULT CELL_FLASH_CACHE DEFAULT)
   ;
--------------------------------------------------------
--  DDL for Index KRMS_ACTN_TI2
--------------------------------------------------------

  CREATE INDEX "KRMS_ACTN_TI2" ON "KRMS_ACTN_T" ("RULE_ID") 
  PCTFREE 10 INITRANS 2 MAXTRANS 255 COMPUTE STATISTICS 
  STORAGE(INITIAL 65536 NEXT 1048576 MINEXTENTS 1 MAXEXTENTS 2147483645
  PCTINCREASE 0 FREELISTS 1 FREELIST GROUPS 1 BUFFER_POOL DEFAULT FLASH_CACHE DEFAULT CELL_FLASH_CACHE DEFAULT)
   ;
--------------------------------------------------------
--  DDL for Index KRNS_PESSIMISTIC_LOCK_TC0
--------------------------------------------------------

  CREATE UNIQUE INDEX "KRNS_PESSIMISTIC_LOCK_TC0" ON "KRNS_PESSIMISTIC_LOCK_T" ("OBJ_ID") 
  PCTFREE 10 INITRANS 2 MAXTRANS 255 COMPUTE STATISTICS 
  STORAGE(INITIAL 65536 NEXT 1048576 MINEXTENTS 1 MAXEXTENTS 2147483645
  PCTINCREASE 0 FREELISTS 1 FREELIST GROUPS 1 BUFFER_POOL DEFAULT FLASH_CACHE DEFAULT CELL_FLASH_CACHE DEFAULT)
   ;
--------------------------------------------------------
--  DDL for Index KREW_DOC_HDR_EXT_LONG_TI1
--------------------------------------------------------

  CREATE INDEX "KREW_DOC_HDR_EXT_LONG_TI1" ON "KREW_DOC_HDR_EXT_LONG_T" ("KEY_CD", "VAL") 
  PCTFREE 10 INITRANS 2 MAXTRANS 255 COMPUTE STATISTICS 
  STORAGE(INITIAL 65536 NEXT 1048576 MINEXTENTS 1 MAXEXTENTS 2147483645
  PCTINCREASE 0 FREELISTS 1 FREELIST GROUPS 1 BUFFER_POOL DEFAULT FLASH_CACHE DEFAULT CELL_FLASH_CACHE DEFAULT)
   ;
--------------------------------------------------------
--  DDL for Index KREW_RULE_TMPL_OPTN_TP1
--------------------------------------------------------

  CREATE UNIQUE INDEX "KREW_RULE_TMPL_OPTN_TP1" ON "KREW_RULE_TMPL_OPTN_T" ("RULE_TMPL_OPTN_ID") 
  PCTFREE 10 INITRANS 2 MAXTRANS 255 COMPUTE STATISTICS 
  STORAGE(INITIAL 65536 NEXT 1048576 MINEXTENTS 1 MAXEXTENTS 2147483645
  PCTINCREASE 0 FREELISTS 1 FREELIST GROUPS 1 BUFFER_POOL DEFAULT FLASH_CACHE DEFAULT CELL_FLASH_CACHE DEFAULT)
   ;
--------------------------------------------------------
--  DDL for Index KREN_CHNL_TC0
--------------------------------------------------------

  CREATE UNIQUE INDEX "KREN_CHNL_TC0" ON "KREN_CHNL_T" ("NM") 
  PCTFREE 10 INITRANS 2 MAXTRANS 255 
  STORAGE(INITIAL 65536 NEXT 1048576 MINEXTENTS 1 MAXEXTENTS 2147483645
  PCTINCREASE 0 FREELISTS 1 FREELIST GROUPS 1 BUFFER_POOL DEFAULT FLASH_CACHE DEFAULT CELL_FLASH_CACHE DEFAULT)
   ;
--------------------------------------------------------
--  DDL for Index KREW_DOC_TYP_APP_DOC_STAT_TC0
--------------------------------------------------------

  CREATE UNIQUE INDEX "KREW_DOC_TYP_APP_DOC_STAT_TC0" ON "KREW_DOC_TYP_APP_DOC_STAT_T" ("OBJ_ID") 
  PCTFREE 10 INITRANS 2 MAXTRANS 255 COMPUTE STATISTICS 
  STORAGE(INITIAL 65536 NEXT 1048576 MINEXTENTS 1 MAXEXTENTS 2147483645
  PCTINCREASE 0 FREELISTS 1 FREELIST GROUPS 1 BUFFER_POOL DEFAULT FLASH_CACHE DEFAULT CELL_FLASH_CACHE DEFAULT)
   ;
--------------------------------------------------------
--  DDL for Index KRMS_INPUT_ASSET_TI2
--------------------------------------------------------

  CREATE INDEX "KRMS_INPUT_ASSET_TI2" ON "KRMS_TERM_RSLVR_INPUT_SPEC_T" ("TERM_RSLVR_ID") 
  PCTFREE 10 INITRANS 2 MAXTRANS 255 COMPUTE STATISTICS 
  STORAGE(INITIAL 65536 NEXT 1048576 MINEXTENTS 1 MAXEXTENTS 2147483645
  PCTINCREASE 0 FREELISTS 1 FREELIST GROUPS 1 BUFFER_POOL DEFAULT FLASH_CACHE DEFAULT CELL_FLASH_CACHE DEFAULT)
   ;
--------------------------------------------------------
--  DDL for Index KREW_ACTN_TKN_TI4
--------------------------------------------------------

  CREATE INDEX "KREW_ACTN_TKN_TI4" ON "KREW_ACTN_TKN_T" ("DLGTR_PRNCPL_ID") 
  PCTFREE 10 INITRANS 2 MAXTRANS 255 COMPUTE STATISTICS 
  STORAGE(INITIAL 65536 NEXT 1048576 MINEXTENTS 1 MAXEXTENTS 2147483645
  PCTINCREASE 0 FREELISTS 1 FREELIST GROUPS 1 BUFFER_POOL DEFAULT FLASH_CACHE DEFAULT CELL_FLASH_CACHE DEFAULT)
   ;
--------------------------------------------------------
--  DDL for Index KREW_ACTN_ITM_T1
--------------------------------------------------------

  CREATE INDEX "KREW_ACTN_ITM_T1" ON "KREW_ACTN_ITM_T" ("PRNCPL_ID") 
  PCTFREE 10 INITRANS 2 MAXTRANS 255 COMPUTE STATISTICS 
  STORAGE(INITIAL 65536 NEXT 1048576 MINEXTENTS 1 MAXEXTENTS 2147483645
  PCTINCREASE 0 FREELISTS 1 FREELIST GROUPS 1 BUFFER_POOL DEFAULT FLASH_CACHE DEFAULT CELL_FLASH_CACHE DEFAULT)
   ;
--------------------------------------------------------
--  DDL for Index KRSB_SVC_DEF_TP1
--------------------------------------------------------

  CREATE UNIQUE INDEX "KRSB_SVC_DEF_TP1" ON "KRSB_SVC_DEF_T" ("SVC_DEF_ID") 
  PCTFREE 10 INITRANS 2 MAXTRANS 255 COMPUTE STATISTICS 
  STORAGE(INITIAL 65536 NEXT 1048576 MINEXTENTS 1 MAXEXTENTS 2147483645
  PCTINCREASE 0 FREELISTS 1 FREELIST GROUPS 1 BUFFER_POOL DEFAULT FLASH_CACHE DEFAULT CELL_FLASH_CACHE DEFAULT)
   ;
--------------------------------------------------------
--  DDL for Index KRIM_EXT_ID_TYP_TP1
--------------------------------------------------------

  CREATE UNIQUE INDEX "KRIM_EXT_ID_TYP_TP1" ON "KRIM_EXT_ID_TYP_T" ("EXT_ID_TYP_CD") 
  PCTFREE 10 INITRANS 2 MAXTRANS 255 COMPUTE STATISTICS 
  STORAGE(INITIAL 65536 NEXT 1048576 MINEXTENTS 1 MAXEXTENTS 2147483645
  PCTINCREASE 0 FREELISTS 1 FREELIST GROUPS 1 BUFFER_POOL DEFAULT FLASH_CACHE DEFAULT CELL_FLASH_CACHE DEFAULT)
   ;
--------------------------------------------------------
--  DDL for Index KRIM_RSP_TMPL_TC0
--------------------------------------------------------

  CREATE UNIQUE INDEX "KRIM_RSP_TMPL_TC0" ON "KRIM_RSP_TMPL_T" ("OBJ_ID") 
  PCTFREE 10 INITRANS 2 MAXTRANS 255 COMPUTE STATISTICS 
  STORAGE(INITIAL 65536 NEXT 1048576 MINEXTENTS 1 MAXEXTENTS 2147483645
  PCTINCREASE 0 FREELISTS 1 FREELIST GROUPS 1 BUFFER_POOL DEFAULT FLASH_CACHE DEFAULT CELL_FLASH_CACHE DEFAULT)
   ;
--------------------------------------------------------
--  DDL for Index KRNS_MAINT_LOCK_TC0
--------------------------------------------------------

  CREATE UNIQUE INDEX "KRNS_MAINT_LOCK_TC0" ON "KRNS_MAINT_LOCK_T" ("OBJ_ID") 
  PCTFREE 10 INITRANS 2 MAXTRANS 255 COMPUTE STATISTICS 
  STORAGE(INITIAL 65536 NEXT 1048576 MINEXTENTS 1 MAXEXTENTS 2147483645
  PCTINCREASE 0 FREELISTS 1 FREELIST GROUPS 1 BUFFER_POOL DEFAULT FLASH_CACHE DEFAULT CELL_FLASH_CACHE DEFAULT)
   ;
--------------------------------------------------------
--  DDL for Index KRIM_PND_ROLE_MTP1
--------------------------------------------------------

  CREATE UNIQUE INDEX "KRIM_PND_ROLE_MTP1" ON "KRIM_PND_ROLE_MT" ("FDOC_NBR", "ROLE_ID") 
  PCTFREE 10 INITRANS 2 MAXTRANS 255 COMPUTE STATISTICS 
  STORAGE(INITIAL 65536 NEXT 1048576 MINEXTENTS 1 MAXEXTENTS 2147483645
  PCTINCREASE 0 FREELISTS 1 FREELIST GROUPS 1 BUFFER_POOL DEFAULT FLASH_CACHE DEFAULT CELL_FLASH_CACHE DEFAULT)
   ;
--------------------------------------------------------
--  DDL for Index KREW_DOC_HDR_EXT_FLT_TP1
--------------------------------------------------------

  CREATE UNIQUE INDEX "KREW_DOC_HDR_EXT_FLT_TP1" ON "KREW_DOC_HDR_EXT_FLT_T" ("DOC_HDR_EXT_FLT_ID") 
  PCTFREE 10 INITRANS 2 MAXTRANS 255 COMPUTE STATISTICS 
  STORAGE(INITIAL 65536 NEXT 1048576 MINEXTENTS 1 MAXEXTENTS 2147483645
  PCTINCREASE 0 FREELISTS 1 FREELIST GROUPS 1 BUFFER_POOL DEFAULT FLASH_CACHE DEFAULT CELL_FLASH_CACHE DEFAULT)
   ;
--------------------------------------------------------
--  DDL for Index KRIM_RSP_TMPL_TP1
--------------------------------------------------------

  CREATE UNIQUE INDEX "KRIM_RSP_TMPL_TP1" ON "KRIM_RSP_TMPL_T" ("RSP_TMPL_ID") 
  PCTFREE 10 INITRANS 2 MAXTRANS 255 COMPUTE STATISTICS 
  STORAGE(INITIAL 65536 NEXT 1048576 MINEXTENTS 1 MAXEXTENTS 2147483645
  PCTINCREASE 0 FREELISTS 1 FREELIST GROUPS 1 BUFFER_POOL DEFAULT FLASH_CACHE DEFAULT CELL_FLASH_CACHE DEFAULT)
   ;
--------------------------------------------------------
--  DDL for Index KREW_DOC_HDR_EXT_DT_TI3
--------------------------------------------------------

  CREATE INDEX "KREW_DOC_HDR_EXT_DT_TI3" ON "KREW_DOC_HDR_EXT_DT_T" ("VAL") 
  PCTFREE 10 INITRANS 2 MAXTRANS 255 COMPUTE STATISTICS 
  STORAGE(INITIAL 65536 NEXT 1048576 MINEXTENTS 1 MAXEXTENTS 2147483645
  PCTINCREASE 0 FREELISTS 1 FREELIST GROUPS 1 BUFFER_POOL DEFAULT FLASH_CACHE DEFAULT CELL_FLASH_CACHE DEFAULT)
   ;
--------------------------------------------------------
--  DDL for Index KREW_RTE_NODE_INSTN_ST_TI3
--------------------------------------------------------

  CREATE INDEX "KREW_RTE_NODE_INSTN_ST_TI3" ON "KREW_RTE_NODE_INSTN_ST_T" ("KEY_CD", "VAL") 
  PCTFREE 10 INITRANS 2 MAXTRANS 255 COMPUTE STATISTICS 
  STORAGE(INITIAL 65536 NEXT 1048576 MINEXTENTS 1 MAXEXTENTS 2147483645
  PCTINCREASE 0 FREELISTS 1 FREELIST GROUPS 1 BUFFER_POOL DEFAULT FLASH_CACHE DEFAULT CELL_FLASH_CACHE DEFAULT)
   ;
--------------------------------------------------------
--  DDL for Index KRIM_ENTITY_NM_TP1
--------------------------------------------------------

  CREATE UNIQUE INDEX "KRIM_ENTITY_NM_TP1" ON "KRIM_ENTITY_NM_T" ("ENTITY_NM_ID") 
  PCTFREE 10 INITRANS 2 MAXTRANS 255 COMPUTE STATISTICS 
  STORAGE(INITIAL 65536 NEXT 1048576 MINEXTENTS 1 MAXEXTENTS 2147483645
  PCTINCREASE 0 FREELISTS 1 FREELIST GROUPS 1 BUFFER_POOL DEFAULT FLASH_CACHE DEFAULT CELL_FLASH_CACHE DEFAULT)
   ;
--------------------------------------------------------
--  DDL for Index KRSB_QRTZ_JOB_DETAILSP1
--------------------------------------------------------

  CREATE UNIQUE INDEX "KRSB_QRTZ_JOB_DETAILSP1" ON "KRSB_QRTZ_JOB_DETAILS" ("JOB_NAME", "JOB_GROUP") 
  PCTFREE 10 INITRANS 2 MAXTRANS 255 COMPUTE STATISTICS 
  STORAGE(INITIAL 65536 NEXT 1048576 MINEXTENTS 1 MAXEXTENTS 2147483645
  PCTINCREASE 0 FREELISTS 1 FREELIST GROUPS 1 BUFFER_POOL DEFAULT FLASH_CACHE DEFAULT CELL_FLASH_CACHE DEFAULT)
   ;
--------------------------------------------------------
--  DDL for Index KREW_RTE_BRCH_ST_TP1
--------------------------------------------------------

  CREATE UNIQUE INDEX "KREW_RTE_BRCH_ST_TP1" ON "KREW_RTE_BRCH_ST_T" ("RTE_BRCH_ST_ID") 
  PCTFREE 10 INITRANS 2 MAXTRANS 255 COMPUTE STATISTICS 
  STORAGE(INITIAL 65536 NEXT 1048576 MINEXTENTS 1 MAXEXTENTS 2147483645
  PCTINCREASE 0 FREELISTS 1 FREELIST GROUPS 1 BUFFER_POOL DEFAULT FLASH_CACHE DEFAULT CELL_FLASH_CACHE DEFAULT)
   ;
--------------------------------------------------------
--  DDL for Index KRMS_ACTN_TP1
--------------------------------------------------------

  CREATE UNIQUE INDEX "KRMS_ACTN_TP1" ON "KRMS_ACTN_T" ("ACTN_ID") 
  PCTFREE 10 INITRANS 2 MAXTRANS 255 COMPUTE STATISTICS 
  STORAGE(INITIAL 65536 NEXT 1048576 MINEXTENTS 1 MAXEXTENTS 2147483645
  PCTINCREASE 0 FREELISTS 1 FREELIST GROUPS 1 BUFFER_POOL DEFAULT FLASH_CACHE DEFAULT CELL_FLASH_CACHE DEFAULT)
   ;
--------------------------------------------------------
--  DDL for Index KREN_RECIP_LIST_TC0
--------------------------------------------------------

  CREATE UNIQUE INDEX "KREN_RECIP_LIST_TC0" ON "KREN_RECIP_LIST_T" ("CHNL_ID", "RECIP_TYP_CD", "RECIP_ID") 
  PCTFREE 10 INITRANS 2 MAXTRANS 255 COMPUTE STATISTICS 
  STORAGE(INITIAL 65536 NEXT 1048576 MINEXTENTS 1 MAXEXTENTS 2147483645
  PCTINCREASE 0 FREELISTS 1 FREELIST GROUPS 1 BUFFER_POOL DEFAULT FLASH_CACHE DEFAULT CELL_FLASH_CACHE DEFAULT)
   ;
--------------------------------------------------------
--  DDL for Index KRMS_TERM_RSLVR_TC1
--------------------------------------------------------

  CREATE UNIQUE INDEX "KRMS_TERM_RSLVR_TC1" ON "KRMS_TERM_RSLVR_T" ("NM", "NMSPC_CD") 
  PCTFREE 10 INITRANS 2 MAXTRANS 255 COMPUTE STATISTICS 
  STORAGE(INITIAL 65536 NEXT 1048576 MINEXTENTS 1 MAXEXTENTS 2147483645
  PCTINCREASE 0 FREELISTS 1 FREELIST GROUPS 1 BUFFER_POOL DEFAULT FLASH_CACHE DEFAULT CELL_FLASH_CACHE DEFAULT)
   ;
--------------------------------------------------------
--  DDL for Index KRIM_ENTITY_EMP_INFO_TC0
--------------------------------------------------------

  CREATE UNIQUE INDEX "KRIM_ENTITY_EMP_INFO_TC0" ON "KRIM_ENTITY_EMP_INFO_T" ("OBJ_ID") 
  PCTFREE 10 INITRANS 2 MAXTRANS 255 COMPUTE STATISTICS 
  STORAGE(INITIAL 65536 NEXT 1048576 MINEXTENTS 1 MAXEXTENTS 2147483645
  PCTINCREASE 0 FREELISTS 1 FREELIST GROUPS 1 BUFFER_POOL DEFAULT FLASH_CACHE DEFAULT CELL_FLASH_CACHE DEFAULT)
   ;
--------------------------------------------------------
--  DDL for Index KREW_ACTN_ITM_TI6
--------------------------------------------------------

  CREATE INDEX "KREW_ACTN_ITM_TI6" ON "KREW_ACTN_ITM_T" ("DLGN_TYP", "DLGN_PRNCPL_ID", "DLGN_GRP_ID") 
  PCTFREE 10 INITRANS 2 MAXTRANS 255 COMPUTE STATISTICS 
  STORAGE(INITIAL 65536 NEXT 1048576 MINEXTENTS 1 MAXEXTENTS 2147483645
  PCTINCREASE 0 FREELISTS 1 FREELIST GROUPS 1 BUFFER_POOL DEFAULT FLASH_CACHE DEFAULT CELL_FLASH_CACHE DEFAULT)
   ;
--------------------------------------------------------
--  DDL for Index KREW_RTE_NODE_CFG_PARM_TI1
--------------------------------------------------------

  CREATE INDEX "KREW_RTE_NODE_CFG_PARM_TI1" ON "KREW_RTE_NODE_CFG_PARM_T" ("RTE_NODE_ID") 
  PCTFREE 10 INITRANS 2 MAXTRANS 255 COMPUTE STATISTICS 
  STORAGE(INITIAL 65536 NEXT 1048576 MINEXTENTS 1 MAXEXTENTS 2147483645
  PCTINCREASE 0 FREELISTS 1 FREELIST GROUPS 1 BUFFER_POOL DEFAULT FLASH_CACHE DEFAULT CELL_FLASH_CACHE DEFAULT)
   ;
--------------------------------------------------------
--  DDL for Index KRIM_ENTITY_PHONE_TI1
--------------------------------------------------------

  CREATE INDEX "KRIM_ENTITY_PHONE_TI1" ON "KRIM_ENTITY_PHONE_T" ("ENTITY_ID") 
  PCTFREE 10 INITRANS 2 MAXTRANS 255 COMPUTE STATISTICS 
  STORAGE(INITIAL 65536 NEXT 1048576 MINEXTENTS 1 MAXEXTENTS 2147483645
  PCTINCREASE 0 FREELISTS 1 FREELIST GROUPS 1 BUFFER_POOL DEFAULT FLASH_CACHE DEFAULT CELL_FLASH_CACHE DEFAULT)
   ;
--------------------------------------------------------
--  DDL for Index KRIM_ROLE_MBR_TP1
--------------------------------------------------------

  CREATE UNIQUE INDEX "KRIM_ROLE_MBR_TP1" ON "KRIM_ROLE_MBR_T" ("ROLE_MBR_ID") 
  PCTFREE 10 INITRANS 2 MAXTRANS 255 COMPUTE STATISTICS 
  STORAGE(INITIAL 65536 NEXT 1048576 MINEXTENTS 1 MAXEXTENTS 2147483645
  PCTINCREASE 0 FREELISTS 1 FREELIST GROUPS 1 BUFFER_POOL DEFAULT FLASH_CACHE DEFAULT CELL_FLASH_CACHE DEFAULT)
   ;
--------------------------------------------------------
--  DDL for Index KRIM_RSP_T_TC1
--------------------------------------------------------

  CREATE UNIQUE INDEX "KRIM_RSP_T_TC1" ON "KRIM_RSP_T" ("NM", "NMSPC_CD") 
  PCTFREE 10 INITRANS 2 MAXTRANS 255 COMPUTE STATISTICS 
  STORAGE(INITIAL 65536 NEXT 1048576 MINEXTENTS 1 MAXEXTENTS 2147483645
  PCTINCREASE 0 FREELISTS 1 FREELIST GROUPS 1 BUFFER_POOL DEFAULT FLASH_CACHE DEFAULT CELL_FLASH_CACHE DEFAULT)
   ;
--------------------------------------------------------
--  DDL for Index KRIM_PERM_ATTR_DATA_TP1
--------------------------------------------------------

  CREATE UNIQUE INDEX "KRIM_PERM_ATTR_DATA_TP1" ON "KRIM_PERM_ATTR_DATA_T" ("ATTR_DATA_ID") 
  PCTFREE 10 INITRANS 2 MAXTRANS 255 COMPUTE STATISTICS 
  STORAGE(INITIAL 65536 NEXT 1048576 MINEXTENTS 1 MAXEXTENTS 2147483645
  PCTINCREASE 0 FREELISTS 1 FREELIST GROUPS 1 BUFFER_POOL DEFAULT FLASH_CACHE DEFAULT CELL_FLASH_CACHE DEFAULT)
   ;
--------------------------------------------------------
--  DDL for Index KRIM_DLGN_MBR_ATTR_DATA_TC0
--------------------------------------------------------

  CREATE UNIQUE INDEX "KRIM_DLGN_MBR_ATTR_DATA_TC0" ON "KRIM_DLGN_MBR_ATTR_DATA_T" ("OBJ_ID") 
  PCTFREE 10 INITRANS 2 MAXTRANS 255 COMPUTE STATISTICS 
  STORAGE(INITIAL 65536 NEXT 1048576 MINEXTENTS 1 MAXEXTENTS 2147483645
  PCTINCREASE 0 FREELISTS 1 FREELIST GROUPS 1 BUFFER_POOL DEFAULT FLASH_CACHE DEFAULT CELL_FLASH_CACHE DEFAULT)
   ;
--------------------------------------------------------
--  DDL for Index KREW_DOC_HDR_TI4
--------------------------------------------------------

  CREATE INDEX "KREW_DOC_HDR_TI4" ON "KREW_DOC_HDR_T" ("TTL") 
  PCTFREE 10 INITRANS 2 MAXTRANS 255 COMPUTE STATISTICS 
  STORAGE(INITIAL 65536 NEXT 1048576 MINEXTENTS 1 MAXEXTENTS 2147483645
  PCTINCREASE 0 FREELISTS 1 FREELIST GROUPS 1 BUFFER_POOL DEFAULT FLASH_CACHE DEFAULT CELL_FLASH_CACHE DEFAULT)
   ;
--------------------------------------------------------
--  DDL for Index KREW_ACTN_RQST_T11
--------------------------------------------------------

  CREATE INDEX "KREW_ACTN_RQST_T11" ON "KREW_ACTN_RQST_T" ("DOC_HDR_ID") 
  PCTFREE 10 INITRANS 2 MAXTRANS 255 COMPUTE STATISTICS 
  STORAGE(INITIAL 65536 NEXT 1048576 MINEXTENTS 1 MAXEXTENTS 2147483645
  PCTINCREASE 0 FREELISTS 1 FREELIST GROUPS 1 BUFFER_POOL DEFAULT FLASH_CACHE DEFAULT CELL_FLASH_CACHE DEFAULT)
   ;
--------------------------------------------------------
--  DDL for Index KRMS_TERM_RSLVR_PARM_SPEC_TP1
--------------------------------------------------------

  CREATE UNIQUE INDEX "KRMS_TERM_RSLVR_PARM_SPEC_TP1" ON "KRMS_TERM_RSLVR_PARM_SPEC_T" ("TERM_RSLVR_PARM_SPEC_ID") 
  PCTFREE 10 INITRANS 2 MAXTRANS 255 COMPUTE STATISTICS 
  STORAGE(INITIAL 65536 NEXT 1048576 MINEXTENTS 1 MAXEXTENTS 2147483645
  PCTINCREASE 0 FREELISTS 1 FREELIST GROUPS 1 BUFFER_POOL DEFAULT FLASH_CACHE DEFAULT CELL_FLASH_CACHE DEFAULT)
   ;
--------------------------------------------------------
--  DDL for Index KREW_RULE_EXT_VAL_T1
--------------------------------------------------------

  CREATE INDEX "KREW_RULE_EXT_VAL_T1" ON "KREW_RULE_EXT_VAL_T" ("RULE_EXT_ID") 
  PCTFREE 10 INITRANS 2 MAXTRANS 255 COMPUTE STATISTICS 
  STORAGE(INITIAL 65536 NEXT 1048576 MINEXTENTS 1 MAXEXTENTS 2147483645
  PCTINCREASE 0 FREELISTS 1 FREELIST GROUPS 1 BUFFER_POOL DEFAULT FLASH_CACHE DEFAULT CELL_FLASH_CACHE DEFAULT)
   ;
--------------------------------------------------------
--  DDL for Index KRIM_ENTITY_ETHNIC_TP1
--------------------------------------------------------

  CREATE UNIQUE INDEX "KRIM_ENTITY_ETHNIC_TP1" ON "KRIM_ENTITY_ETHNIC_T" ("ID") 
  PCTFREE 10 INITRANS 2 MAXTRANS 255 COMPUTE STATISTICS 
  STORAGE(INITIAL 65536 NEXT 1048576 MINEXTENTS 1 MAXEXTENTS 2147483645
  PCTINCREASE 0 FREELISTS 1 FREELIST GROUPS 1 BUFFER_POOL DEFAULT FLASH_CACHE DEFAULT CELL_FLASH_CACHE DEFAULT)
   ;
--------------------------------------------------------
--  DDL for Index KREW_RTE_NODE_LNK_TP1
--------------------------------------------------------

  CREATE UNIQUE INDEX "KREW_RTE_NODE_LNK_TP1" ON "KREW_RTE_NODE_LNK_T" ("FROM_RTE_NODE_ID", "TO_RTE_NODE_ID") 
  PCTFREE 10 INITRANS 2 MAXTRANS 255 COMPUTE STATISTICS 
  STORAGE(INITIAL 65536 NEXT 1048576 MINEXTENTS 1 MAXEXTENTS 2147483645
  PCTINCREASE 0 FREELISTS 1 FREELIST GROUPS 1 BUFFER_POOL DEFAULT FLASH_CACHE DEFAULT CELL_FLASH_CACHE DEFAULT)
   ;
--------------------------------------------------------
--  DDL for Index KREN_MSG_DELIVSI1
--------------------------------------------------------

  CREATE INDEX "KREN_MSG_DELIVSI1" ON "KREN_NTFCTN_MSG_DELIV_T" ("NTFCTN_ID") 
  PCTFREE 10 INITRANS 2 MAXTRANS 255 COMPUTE STATISTICS 
  STORAGE(INITIAL 65536 NEXT 1048576 MINEXTENTS 1 MAXEXTENTS 2147483645
  PCTINCREASE 0 FREELISTS 1 FREELIST GROUPS 1 BUFFER_POOL DEFAULT FLASH_CACHE DEFAULT CELL_FLASH_CACHE DEFAULT)
   ;
--------------------------------------------------------
--  DDL for Index KRNS_CAMPUS_TC0
--------------------------------------------------------

  CREATE UNIQUE INDEX "KRNS_CAMPUS_TC0" ON "KRLC_CMP_T" ("OBJ_ID") 
  PCTFREE 10 INITRANS 2 MAXTRANS 255 COMPUTE STATISTICS 
  STORAGE(INITIAL 65536 NEXT 1048576 MINEXTENTS 1 MAXEXTENTS 2147483645
  PCTINCREASE 0 FREELISTS 1 FREELIST GROUPS 1 BUFFER_POOL DEFAULT FLASH_CACHE DEFAULT CELL_FLASH_CACHE DEFAULT)
   ;
--------------------------------------------------------
--  DDL for Index KRIM_ROLE_TC1
--------------------------------------------------------

  CREATE UNIQUE INDEX "KRIM_ROLE_TC1" ON "KRIM_ROLE_T" ("ROLE_NM", "NMSPC_CD") 
  PCTFREE 10 INITRANS 2 MAXTRANS 255 COMPUTE STATISTICS 
  STORAGE(INITIAL 65536 NEXT 1048576 MINEXTENTS 1 MAXEXTENTS 2147483645
  PCTINCREASE 0 FREELISTS 1 FREELIST GROUPS 1 BUFFER_POOL DEFAULT FLASH_CACHE DEFAULT CELL_FLASH_CACHE DEFAULT)
   ;
--------------------------------------------------------
--  DDL for Index KREW_INIT_RTE_NODE_INSTN_TI1
--------------------------------------------------------

  CREATE INDEX "KREW_INIT_RTE_NODE_INSTN_TI1" ON "KREW_INIT_RTE_NODE_INSTN_T" ("DOC_HDR_ID") 
  PCTFREE 10 INITRANS 2 MAXTRANS 255 COMPUTE STATISTICS 
  STORAGE(INITIAL 65536 NEXT 1048576 MINEXTENTS 1 MAXEXTENTS 2147483645
  PCTINCREASE 0 FREELISTS 1 FREELIST GROUPS 1 BUFFER_POOL DEFAULT FLASH_CACHE DEFAULT CELL_FLASH_CACHE DEFAULT)
   ;
--------------------------------------------------------
--  DDL for Index KRMS_CNTXT_TC1
--------------------------------------------------------

  CREATE UNIQUE INDEX "KRMS_CNTXT_TC1" ON "KRMS_CNTXT_T" ("NM", "NMSPC_CD") 
  PCTFREE 10 INITRANS 2 MAXTRANS 255 
  STORAGE(INITIAL 65536 NEXT 1048576 MINEXTENTS 1 MAXEXTENTS 2147483645
  PCTINCREASE 0 FREELISTS 1 FREELIST GROUPS 1 BUFFER_POOL DEFAULT FLASH_CACHE DEFAULT CELL_FLASH_CACHE DEFAULT)
   ;
--------------------------------------------------------
--  DDL for Index KRIM_ROLE_PERM_TI1
--------------------------------------------------------

  CREATE INDEX "KRIM_ROLE_PERM_TI1" ON "KRIM_ROLE_PERM_T" ("PERM_ID") 
  PCTFREE 10 INITRANS 2 MAXTRANS 255 COMPUTE STATISTICS 
  STORAGE(INITIAL 65536 NEXT 1048576 MINEXTENTS 1 MAXEXTENTS 2147483645
  PCTINCREASE 0 FREELISTS 1 FREELIST GROUPS 1 BUFFER_POOL DEFAULT FLASH_CACHE DEFAULT CELL_FLASH_CACHE DEFAULT)
   ;
--------------------------------------------------------
--  DDL for Index KREN_MSG_DELIV_TC0
--------------------------------------------------------

  CREATE UNIQUE INDEX "KREN_MSG_DELIV_TC0" ON "KREN_MSG_DELIV_T" ("MSG_ID", "TYP_NM") 
  PCTFREE 10 INITRANS 2 MAXTRANS 255 COMPUTE STATISTICS 
  STORAGE(INITIAL 65536 NEXT 1048576 MINEXTENTS 1 MAXEXTENTS 2147483645
  PCTINCREASE 0 FREELISTS 1 FREELIST GROUPS 1 BUFFER_POOL DEFAULT FLASH_CACHE DEFAULT CELL_FLASH_CACHE DEFAULT)
   ;
--------------------------------------------------------
--  DDL for Index KREN_CHNL_PRODCR_TI2
--------------------------------------------------------

  CREATE INDEX "KREN_CHNL_PRODCR_TI2" ON "KREN_CHNL_PRODCR_T" ("PRODCR_ID") 
  PCTFREE 10 INITRANS 2 MAXTRANS 255 COMPUTE STATISTICS 
  STORAGE(INITIAL 65536 NEXT 1048576 MINEXTENTS 1 MAXEXTENTS 2147483645
  PCTINCREASE 0 FREELISTS 1 FREELIST GROUPS 1 BUFFER_POOL DEFAULT FLASH_CACHE DEFAULT CELL_FLASH_CACHE DEFAULT)
   ;
--------------------------------------------------------
--  DDL for Index KRMS_AGENDA_ATTR_T12
--------------------------------------------------------

  CREATE INDEX "KRMS_AGENDA_ATTR_T12" ON "KRMS_AGENDA_ATTR_T" ("ATTR_DEFN_ID") 
  PCTFREE 10 INITRANS 2 MAXTRANS 255 COMPUTE STATISTICS 
  STORAGE(INITIAL 65536 NEXT 1048576 MINEXTENTS 1 MAXEXTENTS 2147483645
  PCTINCREASE 0 FREELISTS 1 FREELIST GROUPS 1 BUFFER_POOL DEFAULT FLASH_CACHE DEFAULT CELL_FLASH_CACHE DEFAULT)
   ;
--------------------------------------------------------
--  DDL for Index KRAD_MSG_TC0
--------------------------------------------------------

  CREATE UNIQUE INDEX "KRAD_MSG_TC0" ON "KRAD_MSG_T" ("OBJ_ID") 
  PCTFREE 10 INITRANS 2 MAXTRANS 255 COMPUTE STATISTICS 
  STORAGE(INITIAL 65536 NEXT 1048576 MINEXTENTS 1 MAXEXTENTS 2147483645
  PCTINCREASE 0 FREELISTS 1 FREELIST GROUPS 1 BUFFER_POOL DEFAULT FLASH_CACHE DEFAULT CELL_FLASH_CACHE DEFAULT)
   ;
--------------------------------------------------------
--  DDL for Index KREW_RTE_BRCH_TI1
--------------------------------------------------------

  CREATE INDEX "KREW_RTE_BRCH_TI1" ON "KREW_RTE_BRCH_T" ("NM") 
  PCTFREE 10 INITRANS 2 MAXTRANS 255 COMPUTE STATISTICS 
  STORAGE(INITIAL 65536 NEXT 1048576 MINEXTENTS 1 MAXEXTENTS 2147483645
  PCTINCREASE 0 FREELISTS 1 FREELIST GROUPS 1 BUFFER_POOL DEFAULT FLASH_CACHE DEFAULT CELL_FLASH_CACHE DEFAULT)
   ;
--------------------------------------------------------
--  DDL for Index KRIM_PND_CTZNSHP_MTP1
--------------------------------------------------------

  CREATE UNIQUE INDEX "KRIM_PND_CTZNSHP_MTP1" ON "KRIM_PND_CTZNSHP_MT" ("FDOC_NBR", "ENTITY_CTZNSHP_ID") 
  PCTFREE 10 INITRANS 2 MAXTRANS 255 COMPUTE STATISTICS 
  STORAGE(INITIAL 65536 NEXT 1048576 MINEXTENTS 1 MAXEXTENTS 2147483645
  PCTINCREASE 0 FREELISTS 1 FREELIST GROUPS 1 BUFFER_POOL DEFAULT FLASH_CACHE DEFAULT CELL_FLASH_CACHE DEFAULT)
   ;
--------------------------------------------------------
--  DDL for Index KRIM_ENTITY_ETHNIC_TC0
--------------------------------------------------------

  CREATE UNIQUE INDEX "KRIM_ENTITY_ETHNIC_TC0" ON "KRIM_ENTITY_ETHNIC_T" ("OBJ_ID") 
  PCTFREE 10 INITRANS 2 MAXTRANS 255 COMPUTE STATISTICS 
  STORAGE(INITIAL 65536 NEXT 1048576 MINEXTENTS 1 MAXEXTENTS 2147483645
  PCTINCREASE 0 FREELISTS 1 FREELIST GROUPS 1 BUFFER_POOL DEFAULT FLASH_CACHE DEFAULT CELL_FLASH_CACHE DEFAULT)
   ;
--------------------------------------------------------
--  DDL for Index KRSB_QRTZ_FIRED_TRIGGERS_TI6
--------------------------------------------------------

  CREATE INDEX "KRSB_QRTZ_FIRED_TRIGGERS_TI6" ON "KRSB_QRTZ_FIRED_TRIGGERS" ("INSTANCE_NAME") 
  PCTFREE 10 INITRANS 2 MAXTRANS 255 COMPUTE STATISTICS 
  STORAGE(INITIAL 65536 NEXT 1048576 MINEXTENTS 1 MAXEXTENTS 2147483645
  PCTINCREASE 0 FREELISTS 1 FREELIST GROUPS 1 BUFFER_POOL DEFAULT FLASH_CACHE DEFAULT CELL_FLASH_CACHE DEFAULT)
   ;
--------------------------------------------------------
--  DDL for Index KRIM_ENTITY_EXT_ID_TP1
--------------------------------------------------------

  CREATE UNIQUE INDEX "KRIM_ENTITY_EXT_ID_TP1" ON "KRIM_ENTITY_EXT_ID_T" ("ENTITY_EXT_ID_ID") 
  PCTFREE 10 INITRANS 2 MAXTRANS 255 COMPUTE STATISTICS 
  STORAGE(INITIAL 65536 NEXT 1048576 MINEXTENTS 1 MAXEXTENTS 2147483645
  PCTINCREASE 0 FREELISTS 1 FREELIST GROUPS 1 BUFFER_POOL DEFAULT FLASH_CACHE DEFAULT CELL_FLASH_CACHE DEFAULT)
   ;
--------------------------------------------------------
--  DDL for Index KRSB_QRTZ_FIRED_TRIGGERS_TI1
--------------------------------------------------------

  CREATE INDEX "KRSB_QRTZ_FIRED_TRIGGERS_TI1" ON "KRSB_QRTZ_FIRED_TRIGGERS" ("JOB_GROUP") 
  PCTFREE 10 INITRANS 2 MAXTRANS 255 COMPUTE STATISTICS 
  STORAGE(INITIAL 65536 NEXT 1048576 MINEXTENTS 1 MAXEXTENTS 2147483645
  PCTINCREASE 0 FREELISTS 1 FREELIST GROUPS 1 BUFFER_POOL DEFAULT FLASH_CACHE DEFAULT CELL_FLASH_CACHE DEFAULT)
   ;
--------------------------------------------------------
--  DDL for Index KRMS_RULE_ATTR_TI1
--------------------------------------------------------

  CREATE INDEX "KRMS_RULE_ATTR_TI1" ON "KRMS_RULE_ATTR_T" ("RULE_ID") 
  PCTFREE 10 INITRANS 2 MAXTRANS 255 COMPUTE STATISTICS 
  STORAGE(INITIAL 65536 NEXT 1048576 MINEXTENTS 1 MAXEXTENTS 2147483645
  PCTINCREASE 0 FREELISTS 1 FREELIST GROUPS 1 BUFFER_POOL DEFAULT FLASH_CACHE DEFAULT CELL_FLASH_CACHE DEFAULT)
   ;
--------------------------------------------------------
--  DDL for Index KRIM_EMP_STAT_TC1
--------------------------------------------------------

  CREATE UNIQUE INDEX "KRIM_EMP_STAT_TC1" ON "KRIM_EMP_STAT_T" ("NM") 
  PCTFREE 10 INITRANS 2 MAXTRANS 255 
  STORAGE(INITIAL 65536 NEXT 1048576 MINEXTENTS 1 MAXEXTENTS 2147483645
  PCTINCREASE 0 FREELISTS 1 FREELIST GROUPS 1 BUFFER_POOL DEFAULT FLASH_CACHE DEFAULT CELL_FLASH_CACHE DEFAULT)
   ;
--------------------------------------------------------
--  DDL for Index KREW_RTE_NODE_TI4
--------------------------------------------------------

  CREATE INDEX "KREW_RTE_NODE_TI4" ON "KREW_RTE_NODE_T" ("DOC_TYP_ID") 
  PCTFREE 10 INITRANS 2 MAXTRANS 255 COMPUTE STATISTICS 
  STORAGE(INITIAL 65536 NEXT 1048576 MINEXTENTS 1 MAXEXTENTS 2147483645
  PCTINCREASE 0 FREELISTS 1 FREELIST GROUPS 1 BUFFER_POOL DEFAULT FLASH_CACHE DEFAULT CELL_FLASH_CACHE DEFAULT)
   ;
--------------------------------------------------------
--  DDL for Index KREW_EDL_ASSCTN_TP1
--------------------------------------------------------

  CREATE UNIQUE INDEX "KREW_EDL_ASSCTN_TP1" ON "KREW_EDL_ASSCTN_T" ("EDOCLT_ASSOC_ID") 
  PCTFREE 10 INITRANS 2 MAXTRANS 255 COMPUTE STATISTICS 
  STORAGE(INITIAL 65536 NEXT 1048576 MINEXTENTS 1 MAXEXTENTS 2147483645
  PCTINCREASE 0 FREELISTS 1 FREELIST GROUPS 1 BUFFER_POOL DEFAULT FLASH_CACHE DEFAULT CELL_FLASH_CACHE DEFAULT)
   ;
--------------------------------------------------------
--  DDL for Index KRLC_CMP_TYP_TP1
--------------------------------------------------------

  CREATE UNIQUE INDEX "KRLC_CMP_TYP_TP1" ON "KRLC_CMP_TYP_T" ("CAMPUS_TYP_CD") 
  PCTFREE 10 INITRANS 2 MAXTRANS 255 COMPUTE STATISTICS 
  STORAGE(INITIAL 65536 NEXT 1048576 MINEXTENTS 1 MAXEXTENTS 2147483645
  PCTINCREASE 0 FREELISTS 1 FREELIST GROUPS 1 BUFFER_POOL DEFAULT FLASH_CACHE DEFAULT CELL_FLASH_CACHE DEFAULT)
   ;
--------------------------------------------------------
--  DDL for Index KRIM_PND_ROLE_RSP_ACTN_MTP1
--------------------------------------------------------

  CREATE UNIQUE INDEX "KRIM_PND_ROLE_RSP_ACTN_MTP1" ON "KRIM_PND_ROLE_RSP_ACTN_MT" ("ROLE_RSP_ACTN_ID", "FDOC_NBR") 
  PCTFREE 10 INITRANS 2 MAXTRANS 255 COMPUTE STATISTICS 
  STORAGE(INITIAL 65536 NEXT 1048576 MINEXTENTS 1 MAXEXTENTS 2147483645
  PCTINCREASE 0 FREELISTS 1 FREELIST GROUPS 1 BUFFER_POOL DEFAULT FLASH_CACHE DEFAULT CELL_FLASH_CACHE DEFAULT)
   ;
--------------------------------------------------------
--  DDL for Index KRIM_PND_PHONE_MTP1
--------------------------------------------------------

  CREATE UNIQUE INDEX "KRIM_PND_PHONE_MTP1" ON "KRIM_PND_PHONE_MT" ("FDOC_NBR", "ENTITY_PHONE_ID") 
  PCTFREE 10 INITRANS 2 MAXTRANS 255 COMPUTE STATISTICS 
  STORAGE(INITIAL 65536 NEXT 1048576 MINEXTENTS 1 MAXEXTENTS 2147483645
  PCTINCREASE 0 FREELISTS 1 FREELIST GROUPS 1 BUFFER_POOL DEFAULT FLASH_CACHE DEFAULT CELL_FLASH_CACHE DEFAULT)
   ;
--------------------------------------------------------
--  DDL for Index KRNS_MAINT_DOC_ATT_LST_TI1
--------------------------------------------------------

  CREATE INDEX "KRNS_MAINT_DOC_ATT_LST_TI1" ON "KRNS_MAINT_DOC_ATT_LST_T" ("DOC_HDR_ID") 
  PCTFREE 10 INITRANS 2 MAXTRANS 255 COMPUTE STATISTICS 
  STORAGE(INITIAL 65536 NEXT 1048576 MINEXTENTS 1 MAXEXTENTS 2147483645
  PCTINCREASE 0 FREELISTS 1 FREELIST GROUPS 1 BUFFER_POOL DEFAULT FLASH_CACHE DEFAULT CELL_FLASH_CACHE DEFAULT)
   ;
--------------------------------------------------------
--  DDL for Index KRMS_TERM_PARM_TP1
--------------------------------------------------------

  CREATE UNIQUE INDEX "KRMS_TERM_PARM_TP1" ON "KRMS_TERM_PARM_T" ("TERM_PARM_ID") 
  PCTFREE 10 INITRANS 2 MAXTRANS 255 COMPUTE STATISTICS 
  STORAGE(INITIAL 65536 NEXT 1048576 MINEXTENTS 1 MAXEXTENTS 2147483645
  PCTINCREASE 0 FREELISTS 1 FREELIST GROUPS 1 BUFFER_POOL DEFAULT FLASH_CACHE DEFAULT CELL_FLASH_CACHE DEFAULT)
   ;
--------------------------------------------------------
--  DDL for Index KRIM_EMAIL_TYP_TC1
--------------------------------------------------------

  CREATE UNIQUE INDEX "KRIM_EMAIL_TYP_TC1" ON "KRIM_EMAIL_TYP_T" ("NM") 
  PCTFREE 10 INITRANS 2 MAXTRANS 255 COMPUTE STATISTICS 
  STORAGE(INITIAL 65536 NEXT 1048576 MINEXTENTS 1 MAXEXTENTS 2147483645
  PCTINCREASE 0 FREELISTS 1 FREELIST GROUPS 1 BUFFER_POOL DEFAULT FLASH_CACHE DEFAULT CELL_FLASH_CACHE DEFAULT)
   ;
--------------------------------------------------------
--  DDL for Index KR_COUNTY_TC0
--------------------------------------------------------

  CREATE UNIQUE INDEX "KR_COUNTY_TC0" ON "KRLC_CNTY_T" ("OBJ_ID") 
  PCTFREE 10 INITRANS 2 MAXTRANS 255 
  STORAGE(INITIAL 65536 NEXT 1048576 MINEXTENTS 1 MAXEXTENTS 2147483645
  PCTINCREASE 0 FREELISTS 1 FREELIST GROUPS 1 BUFFER_POOL DEFAULT FLASH_CACHE DEFAULT CELL_FLASH_CACHE DEFAULT)
   ;
--------------------------------------------------------
--  DDL for Index KRMS_TYP_RELN_TC1
--------------------------------------------------------

  CREATE UNIQUE INDEX "KRMS_TYP_RELN_TC1" ON "KRMS_TYP_RELN_T" ("FROM_TYP_ID", "TO_TYP_ID", "RELN_TYP") 
  PCTFREE 10 INITRANS 2 MAXTRANS 255 COMPUTE STATISTICS 
  STORAGE(INITIAL 65536 NEXT 1048576 MINEXTENTS 1 MAXEXTENTS 2147483645
  PCTINCREASE 0 FREELISTS 1 FREELIST GROUPS 1 BUFFER_POOL DEFAULT FLASH_CACHE DEFAULT CELL_FLASH_CACHE DEFAULT)
   ;
--------------------------------------------------------
--  DDL for Index KREW_PPL_FLW_TP1
--------------------------------------------------------

  CREATE UNIQUE INDEX "KREW_PPL_FLW_TP1" ON "KREW_PPL_FLW_T" ("PPL_FLW_ID") 
  PCTFREE 10 INITRANS 2 MAXTRANS 255 COMPUTE STATISTICS 
  STORAGE(INITIAL 65536 NEXT 1048576 MINEXTENTS 1 MAXEXTENTS 2147483645
  PCTINCREASE 0 FREELISTS 1 FREELIST GROUPS 1 BUFFER_POOL DEFAULT FLASH_CACHE DEFAULT CELL_FLASH_CACHE DEFAULT)
   ;
--------------------------------------------------------
--  DDL for Index KREN_CNTNT_TYP_TC0
--------------------------------------------------------

  CREATE UNIQUE INDEX "KREN_CNTNT_TYP_TC0" ON "KREN_CNTNT_TYP_T" ("NM", "CNTNT_TYP_VER_NBR") 
  PCTFREE 10 INITRANS 2 MAXTRANS 255 
  STORAGE(INITIAL 65536 NEXT 1048576 MINEXTENTS 1 MAXEXTENTS 2147483645
  PCTINCREASE 0 FREELISTS 1 FREELIST GROUPS 1 BUFFER_POOL DEFAULT FLASH_CACHE DEFAULT CELL_FLASH_CACHE DEFAULT)
   ;
--------------------------------------------------------
--  DDL for Index KRIM_ROLE_PERM_TI2
--------------------------------------------------------

  CREATE INDEX "KRIM_ROLE_PERM_TI2" ON "KRIM_ROLE_PERM_T" ("PERM_ID", "ACTV_IND") 
  PCTFREE 10 INITRANS 2 MAXTRANS 255 COMPUTE STATISTICS 
  STORAGE(INITIAL 65536 NEXT 1048576 MINEXTENTS 1 MAXEXTENTS 2147483645
  PCTINCREASE 0 FREELISTS 1 FREELIST GROUPS 1 BUFFER_POOL DEFAULT FLASH_CACHE DEFAULT CELL_FLASH_CACHE DEFAULT)
   ;
--------------------------------------------------------
--  DDL for Index KRIM_DLGN_MBR_TP1
--------------------------------------------------------

  CREATE UNIQUE INDEX "KRIM_DLGN_MBR_TP1" ON "KRIM_DLGN_MBR_T" ("DLGN_MBR_ID") 
  PCTFREE 10 INITRANS 2 MAXTRANS 255 COMPUTE STATISTICS 
  STORAGE(INITIAL 65536 NEXT 1048576 MINEXTENTS 1 MAXEXTENTS 2147483645
  PCTINCREASE 0 FREELISTS 1 FREELIST GROUPS 1 BUFFER_POOL DEFAULT FLASH_CACHE DEFAULT CELL_FLASH_CACHE DEFAULT)
   ;
--------------------------------------------------------
--  DDL for Index KREN_RECIP_TC0
--------------------------------------------------------

  CREATE UNIQUE INDEX "KREN_RECIP_TC0" ON "KREN_RECIP_T" ("NTFCTN_ID", "RECIP_TYP_CD", "PRNCPL_ID") 
  PCTFREE 10 INITRANS 2 MAXTRANS 255 COMPUTE STATISTICS 
  STORAGE(INITIAL 65536 NEXT 1048576 MINEXTENTS 1 MAXEXTENTS 2147483645
  PCTINCREASE 0 FREELISTS 1 FREELIST GROUPS 1 BUFFER_POOL DEFAULT FLASH_CACHE DEFAULT CELL_FLASH_CACHE DEFAULT)
   ;
--------------------------------------------------------
--  DDL for Index KREW_DOC_TYP_PROC_TI2
--------------------------------------------------------

  CREATE INDEX "KREW_DOC_TYP_PROC_TI2" ON "KREW_DOC_TYP_PROC_T" ("INIT_RTE_NODE_ID") 
  PCTFREE 10 INITRANS 2 MAXTRANS 255 COMPUTE STATISTICS 
  STORAGE(INITIAL 65536 NEXT 1048576 MINEXTENTS 1 MAXEXTENTS 2147483645
  PCTINCREASE 0 FREELISTS 1 FREELIST GROUPS 1 BUFFER_POOL DEFAULT FLASH_CACHE DEFAULT CELL_FLASH_CACHE DEFAULT)
   ;
--------------------------------------------------------
--  DDL for Index KRIM_ENTITY_VISA_TC0
--------------------------------------------------------

  CREATE UNIQUE INDEX "KRIM_ENTITY_VISA_TC0" ON "KRIM_ENTITY_VISA_T" ("OBJ_ID") 
  PCTFREE 10 INITRANS 2 MAXTRANS 255 COMPUTE STATISTICS 
  STORAGE(INITIAL 65536 NEXT 1048576 MINEXTENTS 1 MAXEXTENTS 2147483645
  PCTINCREASE 0 FREELISTS 1 FREELIST GROUPS 1 BUFFER_POOL DEFAULT FLASH_CACHE DEFAULT CELL_FLASH_CACHE DEFAULT)
   ;
--------------------------------------------------------
--  DDL for Index KRIM_PND_ROLE_PERM_TP1
--------------------------------------------------------

  CREATE UNIQUE INDEX "KRIM_PND_ROLE_PERM_TP1" ON "KRIM_PND_ROLE_PERM_T" ("FDOC_NBR", "ROLE_PERM_ID") 
  PCTFREE 10 INITRANS 2 MAXTRANS 255 COMPUTE STATISTICS 
  STORAGE(INITIAL 65536 NEXT 1048576 MINEXTENTS 1 MAXEXTENTS 2147483645
  PCTINCREASE 0 FREELISTS 1 FREELIST GROUPS 1 BUFFER_POOL DEFAULT FLASH_CACHE DEFAULT CELL_FLASH_CACHE DEFAULT)
   ;
--------------------------------------------------------
--  DDL for Index KRIM_GRP_MBR_TI1
--------------------------------------------------------

  CREATE INDEX "KRIM_GRP_MBR_TI1" ON "KRIM_GRP_MBR_T" ("MBR_ID") 
  PCTFREE 10 INITRANS 2 MAXTRANS 255 COMPUTE STATISTICS 
  STORAGE(INITIAL 65536 NEXT 1048576 MINEXTENTS 1 MAXEXTENTS 2147483645
  PCTINCREASE 0 FREELISTS 1 FREELIST GROUPS 1 BUFFER_POOL DEFAULT FLASH_CACHE DEFAULT CELL_FLASH_CACHE DEFAULT)
   ;
--------------------------------------------------------
--  DDL for Index KREW_DLGN_RSP_TC0
--------------------------------------------------------

  CREATE UNIQUE INDEX "KREW_DLGN_RSP_TC0" ON "KREW_DLGN_RSP_T" ("OBJ_ID") 
  PCTFREE 10 INITRANS 2 MAXTRANS 255 COMPUTE STATISTICS 
  STORAGE(INITIAL 65536 NEXT 1048576 MINEXTENTS 1 MAXEXTENTS 2147483645
  PCTINCREASE 0 FREELISTS 1 FREELIST GROUPS 1 BUFFER_POOL DEFAULT FLASH_CACHE DEFAULT CELL_FLASH_CACHE DEFAULT)
   ;
--------------------------------------------------------
--  DDL for Index KRMS_CNTXT_VLD_RULE_TYP_TI1
--------------------------------------------------------

  CREATE INDEX "KRMS_CNTXT_VLD_RULE_TYP_TI1" ON "KRMS_CNTXT_VLD_RULE_TYP_T" ("CNTXT_ID") 
  PCTFREE 10 INITRANS 2 MAXTRANS 255 COMPUTE STATISTICS 
  STORAGE(INITIAL 65536 NEXT 1048576 MINEXTENTS 1 MAXEXTENTS 2147483645
  PCTINCREASE 0 FREELISTS 1 FREELIST GROUPS 1 BUFFER_POOL DEFAULT FLASH_CACHE DEFAULT CELL_FLASH_CACHE DEFAULT)
   ;
--------------------------------------------------------
--  DDL for Index KRIM_ENTITY_ENT_TYP_TC0
--------------------------------------------------------

  CREATE UNIQUE INDEX "KRIM_ENTITY_ENT_TYP_TC0" ON "KRIM_ENTITY_ENT_TYP_T" ("OBJ_ID") 
  PCTFREE 10 INITRANS 2 MAXTRANS 255 
  STORAGE(INITIAL 65536 NEXT 1048576 MINEXTENTS 1 MAXEXTENTS 2147483645
  PCTINCREASE 0 FREELISTS 1 FREELIST GROUPS 1 BUFFER_POOL DEFAULT FLASH_CACHE DEFAULT CELL_FLASH_CACHE DEFAULT)
   ;
--------------------------------------------------------
--  DDL for Index KRIM_EMP_STAT_TC0
--------------------------------------------------------

  CREATE UNIQUE INDEX "KRIM_EMP_STAT_TC0" ON "KRIM_EMP_STAT_T" ("OBJ_ID") 
  PCTFREE 10 INITRANS 2 MAXTRANS 255 
  STORAGE(INITIAL 65536 NEXT 1048576 MINEXTENTS 1 MAXEXTENTS 2147483645
  PCTINCREASE 0 FREELISTS 1 FREELIST GROUPS 1 BUFFER_POOL DEFAULT FLASH_CACHE DEFAULT CELL_FLASH_CACHE DEFAULT)
   ;
--------------------------------------------------------
--  DDL for Index KREW_RTE_NODE_TI2
--------------------------------------------------------

  CREATE INDEX "KREW_RTE_NODE_TI2" ON "KREW_RTE_NODE_T" ("DOC_TYP_ID", "FNL_APRVR_IND") 
  PCTFREE 10 INITRANS 2 MAXTRANS 255 COMPUTE STATISTICS 
  STORAGE(INITIAL 65536 NEXT 1048576 MINEXTENTS 1 MAXEXTENTS 2147483645
  PCTINCREASE 0 FREELISTS 1 FREELIST GROUPS 1 BUFFER_POOL DEFAULT FLASH_CACHE DEFAULT CELL_FLASH_CACHE DEFAULT)
   ;
--------------------------------------------------------
--  DDL for Index KRIM_PHONE_TYP_TC1
--------------------------------------------------------

  CREATE UNIQUE INDEX "KRIM_PHONE_TYP_TC1" ON "KRIM_PHONE_TYP_T" ("PHONE_TYP_NM") 
  PCTFREE 10 INITRANS 2 MAXTRANS 255 COMPUTE STATISTICS 
  STORAGE(INITIAL 65536 NEXT 1048576 MINEXTENTS 1 MAXEXTENTS 2147483645
  PCTINCREASE 0 FREELISTS 1 FREELIST GROUPS 1 BUFFER_POOL DEFAULT FLASH_CACHE DEFAULT CELL_FLASH_CACHE DEFAULT)
   ;
--------------------------------------------------------
--  DDL for Index KREW_RULE_EXPR_TP1
--------------------------------------------------------

  CREATE UNIQUE INDEX "KREW_RULE_EXPR_TP1" ON "KREW_RULE_EXPR_T" ("RULE_EXPR_ID") 
  PCTFREE 10 INITRANS 2 MAXTRANS 255 COMPUTE STATISTICS 
  STORAGE(INITIAL 65536 NEXT 1048576 MINEXTENTS 1 MAXEXTENTS 2147483645
  PCTINCREASE 0 FREELISTS 1 FREELIST GROUPS 1 BUFFER_POOL DEFAULT FLASH_CACHE DEFAULT CELL_FLASH_CACHE DEFAULT)
   ;
--------------------------------------------------------
--  DDL for Index KRMS_AGENDA_ITM_TI2
--------------------------------------------------------

  CREATE INDEX "KRMS_AGENDA_ITM_TI2" ON "KRMS_AGENDA_ITM_T" ("AGENDA_ID") 
  PCTFREE 10 INITRANS 2 MAXTRANS 255 COMPUTE STATISTICS 
  STORAGE(INITIAL 65536 NEXT 1048576 MINEXTENTS 1 MAXEXTENTS 2147483645
  PCTINCREASE 0 FREELISTS 1 FREELIST GROUPS 1 BUFFER_POOL DEFAULT FLASH_CACHE DEFAULT CELL_FLASH_CACHE DEFAULT)
   ;
--------------------------------------------------------
--  DDL for Index KRIM_ROLE_RSP_ACTN_TP1
--------------------------------------------------------

  CREATE UNIQUE INDEX "KRIM_ROLE_RSP_ACTN_TP1" ON "KRIM_ROLE_RSP_ACTN_T" ("ROLE_RSP_ACTN_ID") 
  PCTFREE 10 INITRANS 2 MAXTRANS 255 COMPUTE STATISTICS 
  STORAGE(INITIAL 65536 NEXT 1048576 MINEXTENTS 1 MAXEXTENTS 2147483645
  PCTINCREASE 0 FREELISTS 1 FREELIST GROUPS 1 BUFFER_POOL DEFAULT FLASH_CACHE DEFAULT CELL_FLASH_CACHE DEFAULT)
   ;
--------------------------------------------------------
--  DDL for Index KRSB_MSG_QUE_TI2
--------------------------------------------------------

  CREATE INDEX "KRSB_MSG_QUE_TI2" ON "KRSB_MSG_QUE_T" ("APPL_ID", "STAT_CD", "IP_NBR", "DT") 
  PCTFREE 10 INITRANS 2 MAXTRANS 255 COMPUTE STATISTICS 
  STORAGE(INITIAL 65536 NEXT 1048576 MINEXTENTS 1 MAXEXTENTS 2147483645
  PCTINCREASE 0 FREELISTS 1 FREELIST GROUPS 1 BUFFER_POOL DEFAULT FLASH_CACHE DEFAULT CELL_FLASH_CACHE DEFAULT)
   ;
--------------------------------------------------------
--  DDL for Index KRIM_PERM_TC0
--------------------------------------------------------

  CREATE UNIQUE INDEX "KRIM_PERM_TC0" ON "KRIM_PERM_T" ("OBJ_ID") 
  PCTFREE 10 INITRANS 2 MAXTRANS 255 
  STORAGE(INITIAL 65536 NEXT 1048576 MINEXTENTS 1 MAXEXTENTS 2147483645
  PCTINCREASE 0 FREELISTS 1 FREELIST GROUPS 1 BUFFER_POOL DEFAULT FLASH_CACHE DEFAULT CELL_FLASH_CACHE DEFAULT)
   ;
--------------------------------------------------------
--  DDL for Index KRIM_GRP_ATTR_DATA_TP1
--------------------------------------------------------

  CREATE UNIQUE INDEX "KRIM_GRP_ATTR_DATA_TP1" ON "KRIM_GRP_ATTR_DATA_T" ("ATTR_DATA_ID") 
  PCTFREE 10 INITRANS 2 MAXTRANS 255 COMPUTE STATISTICS 
  STORAGE(INITIAL 65536 NEXT 1048576 MINEXTENTS 1 MAXEXTENTS 2147483645
  PCTINCREASE 0 FREELISTS 1 FREELIST GROUPS 1 BUFFER_POOL DEFAULT FLASH_CACHE DEFAULT CELL_FLASH_CACHE DEFAULT)
   ;
--------------------------------------------------------
--  DDL for Index KRNS_SESN_DOC_TP1
--------------------------------------------------------

  CREATE UNIQUE INDEX "KRNS_SESN_DOC_TP1" ON "KRNS_SESN_DOC_T" ("SESN_DOC_ID", "DOC_HDR_ID", "PRNCPL_ID", "IP_ADDR") 
  PCTFREE 10 INITRANS 2 MAXTRANS 255 COMPUTE STATISTICS 
  STORAGE(INITIAL 65536 NEXT 1048576 MINEXTENTS 1 MAXEXTENTS 2147483645
  PCTINCREASE 0 FREELISTS 1 FREELIST GROUPS 1 BUFFER_POOL DEFAULT FLASH_CACHE DEFAULT CELL_FLASH_CACHE DEFAULT)
   ;
--------------------------------------------------------
--  DDL for Index KRMS_ACTN_TI1
--------------------------------------------------------

  CREATE INDEX "KRMS_ACTN_TI1" ON "KRMS_ACTN_T" ("TYP_ID") 
  PCTFREE 10 INITRANS 2 MAXTRANS 255 COMPUTE STATISTICS 
  STORAGE(INITIAL 65536 NEXT 1048576 MINEXTENTS 1 MAXEXTENTS 2147483645
  PCTINCREASE 0 FREELISTS 1 FREELIST GROUPS 1 BUFFER_POOL DEFAULT FLASH_CACHE DEFAULT CELL_FLASH_CACHE DEFAULT)
   ;
--------------------------------------------------------
--  DDL for Index KREW_DLGN_RSP_TP1
--------------------------------------------------------

  CREATE UNIQUE INDEX "KREW_DLGN_RSP_TP1" ON "KREW_DLGN_RSP_T" ("DLGN_RULE_ID") 
  PCTFREE 10 INITRANS 2 MAXTRANS 255 COMPUTE STATISTICS 
  STORAGE(INITIAL 65536 NEXT 1048576 MINEXTENTS 1 MAXEXTENTS 2147483645
  PCTINCREASE 0 FREELISTS 1 FREELIST GROUPS 1 BUFFER_POOL DEFAULT FLASH_CACHE DEFAULT CELL_FLASH_CACHE DEFAULT)
   ;
--------------------------------------------------------
--  DDL for Index KREW_PPL_FLW_MBR_TI2
--------------------------------------------------------

  CREATE INDEX "KREW_PPL_FLW_MBR_TI2" ON "KREW_PPL_FLW_MBR_T" ("PPL_FLW_ID", "PRIO") 
  PCTFREE 10 INITRANS 2 MAXTRANS 255 COMPUTE STATISTICS 
  STORAGE(INITIAL 65536 NEXT 1048576 MINEXTENTS 1 MAXEXTENTS 2147483645
  PCTINCREASE 0 FREELISTS 1 FREELIST GROUPS 1 BUFFER_POOL DEFAULT FLASH_CACHE DEFAULT CELL_FLASH_CACHE DEFAULT)
   ;
--------------------------------------------------------
--  DDL for Index KRNS_LOOKUP_RSLT_TP1
--------------------------------------------------------

  CREATE UNIQUE INDEX "KRNS_LOOKUP_RSLT_TP1" ON "KRNS_LOOKUP_RSLT_T" ("LOOKUP_RSLT_ID") 
  PCTFREE 10 INITRANS 2 MAXTRANS 255 COMPUTE STATISTICS 
  STORAGE(INITIAL 65536 NEXT 1048576 MINEXTENTS 1 MAXEXTENTS 2147483645
  PCTINCREASE 0 FREELISTS 1 FREELIST GROUPS 1 BUFFER_POOL DEFAULT FLASH_CACHE DEFAULT CELL_FLASH_CACHE DEFAULT)
   ;
--------------------------------------------------------
--  DDL for Index KRIM_ROLE_RSP_ACTN_TC0
--------------------------------------------------------

  CREATE UNIQUE INDEX "KRIM_ROLE_RSP_ACTN_TC0" ON "KRIM_ROLE_RSP_ACTN_T" ("OBJ_ID") 
  PCTFREE 10 INITRANS 2 MAXTRANS 255 COMPUTE STATISTICS 
  STORAGE(INITIAL 65536 NEXT 1048576 MINEXTENTS 1 MAXEXTENTS 2147483645
  PCTINCREASE 0 FREELISTS 1 FREELIST GROUPS 1 BUFFER_POOL DEFAULT FLASH_CACHE DEFAULT CELL_FLASH_CACHE DEFAULT)
   ;
--------------------------------------------------------
--  DDL for Index KRIM_RSP_ATTR_DATA_TC0
--------------------------------------------------------

  CREATE UNIQUE INDEX "KRIM_RSP_ATTR_DATA_TC0" ON "KRIM_RSP_ATTR_DATA_T" ("OBJ_ID") 
  PCTFREE 10 INITRANS 2 MAXTRANS 255 COMPUTE STATISTICS 
  STORAGE(INITIAL 65536 NEXT 1048576 MINEXTENTS 1 MAXEXTENTS 2147483645
  PCTINCREASE 0 FREELISTS 1 FREELIST GROUPS 1 BUFFER_POOL DEFAULT FLASH_CACHE DEFAULT CELL_FLASH_CACHE DEFAULT)
   ;
--------------------------------------------------------
--  DDL for Index KRIM_AFLTN_TYP_TC1
--------------------------------------------------------

  CREATE UNIQUE INDEX "KRIM_AFLTN_TYP_TC1" ON "KRIM_AFLTN_TYP_T" ("NM") 
  PCTFREE 10 INITRANS 2 MAXTRANS 255 
  STORAGE(INITIAL 65536 NEXT 1048576 MINEXTENTS 1 MAXEXTENTS 2147483645
  PCTINCREASE 0 FREELISTS 1 FREELIST GROUPS 1 BUFFER_POOL DEFAULT FLASH_CACHE DEFAULT CELL_FLASH_CACHE DEFAULT)
   ;
--------------------------------------------------------
--  DDL for Index KRNS_DOC_HDR_TP1
--------------------------------------------------------

  CREATE UNIQUE INDEX "KRNS_DOC_HDR_TP1" ON "KRNS_DOC_HDR_T" ("DOC_HDR_ID") 
  PCTFREE 10 INITRANS 2 MAXTRANS 255 COMPUTE STATISTICS 
  STORAGE(INITIAL 65536 NEXT 1048576 MINEXTENTS 1 MAXEXTENTS 2147483645
  PCTINCREASE 0 FREELISTS 1 FREELIST GROUPS 1 BUFFER_POOL DEFAULT FLASH_CACHE DEFAULT CELL_FLASH_CACHE DEFAULT)
   ;
--------------------------------------------------------
--  DDL for Index KRSB_QRTZ_JOB_DETAILS_TI1
--------------------------------------------------------

  CREATE INDEX "KRSB_QRTZ_JOB_DETAILS_TI1" ON "KRSB_QRTZ_JOB_DETAILS" ("REQUESTS_RECOVERY") 
  PCTFREE 10 INITRANS 2 MAXTRANS 255 COMPUTE STATISTICS 
  STORAGE(INITIAL 65536 NEXT 1048576 MINEXTENTS 1 MAXEXTENTS 2147483645
  PCTINCREASE 0 FREELISTS 1 FREELIST GROUPS 1 BUFFER_POOL DEFAULT FLASH_CACHE DEFAULT CELL_FLASH_CACHE DEFAULT)
   ;
--------------------------------------------------------
--  DDL for Index KRIM_TYP_ATTR_TC0
--------------------------------------------------------

  CREATE UNIQUE INDEX "KRIM_TYP_ATTR_TC0" ON "KRIM_TYP_ATTR_T" ("OBJ_ID") 
  PCTFREE 10 INITRANS 2 MAXTRANS 255 COMPUTE STATISTICS 
  STORAGE(INITIAL 65536 NEXT 1048576 MINEXTENTS 1 MAXEXTENTS 2147483645
  PCTINCREASE 0 FREELISTS 1 FREELIST GROUPS 1 BUFFER_POOL DEFAULT FLASH_CACHE DEFAULT CELL_FLASH_CACHE DEFAULT)
   ;
--------------------------------------------------------
--  DDL for Index KRNS_ADHOC_RTE_ACTN_RECIP_TC0
--------------------------------------------------------

  CREATE UNIQUE INDEX "KRNS_ADHOC_RTE_ACTN_RECIP_TC0" ON "KRNS_ADHOC_RTE_ACTN_RECIP_T" ("OBJ_ID") 
  PCTFREE 10 INITRANS 2 MAXTRANS 255 COMPUTE STATISTICS 
  STORAGE(INITIAL 65536 NEXT 1048576 MINEXTENTS 1 MAXEXTENTS 2147483645
  PCTINCREASE 0 FREELISTS 1 FREELIST GROUPS 1 BUFFER_POOL DEFAULT FLASH_CACHE DEFAULT CELL_FLASH_CACHE DEFAULT)
   ;
--------------------------------------------------------
--  DDL for Index KREW_RTE_NODE_CFG_PARM_TP1
--------------------------------------------------------

  CREATE UNIQUE INDEX "KREW_RTE_NODE_CFG_PARM_TP1" ON "KREW_RTE_NODE_CFG_PARM_T" ("RTE_NODE_CFG_PARM_ID") 
  PCTFREE 10 INITRANS 2 MAXTRANS 255 COMPUTE STATISTICS 
  STORAGE(INITIAL 65536 NEXT 1048576 MINEXTENTS 1 MAXEXTENTS 2147483645
  PCTINCREASE 0 FREELISTS 1 FREELIST GROUPS 1 BUFFER_POOL DEFAULT FLASH_CACHE DEFAULT CELL_FLASH_CACHE DEFAULT)
   ;
--------------------------------------------------------
--  DDL for Index KREN_CHNL_SUBSCRP_TI1
--------------------------------------------------------

  CREATE INDEX "KREN_CHNL_SUBSCRP_TI1" ON "KREN_CHNL_SUBSCRP_T" ("CHNL_ID") 
  PCTFREE 10 INITRANS 2 MAXTRANS 255 COMPUTE STATISTICS 
  STORAGE(INITIAL 65536 NEXT 1048576 MINEXTENTS 1 MAXEXTENTS 2147483645
  PCTINCREASE 0 FREELISTS 1 FREELIST GROUPS 1 BUFFER_POOL DEFAULT FLASH_CACHE DEFAULT CELL_FLASH_CACHE DEFAULT)
   ;
--------------------------------------------------------
--  DDL for Index TRV_MULTI_ATT_SAMPLEP1
--------------------------------------------------------

  CREATE UNIQUE INDEX "TRV_MULTI_ATT_SAMPLEP1" ON "TRV_MULTI_ATT_SAMPLE" ("GEN_ID") 
  PCTFREE 10 INITRANS 2 MAXTRANS 255 COMPUTE STATISTICS 
  STORAGE(INITIAL 65536 NEXT 1048576 MINEXTENTS 1 MAXEXTENTS 2147483645
  PCTINCREASE 0 FREELISTS 1 FREELIST GROUPS 1 BUFFER_POOL DEFAULT FLASH_CACHE DEFAULT CELL_FLASH_CACHE DEFAULT)
   ;
--------------------------------------------------------
--  DDL for Index KREW_RULE_ATTR_TP1
--------------------------------------------------------

  CREATE UNIQUE INDEX "KREW_RULE_ATTR_TP1" ON "KREW_RULE_ATTR_T" ("RULE_ATTR_ID") 
  PCTFREE 10 INITRANS 2 MAXTRANS 255 COMPUTE STATISTICS 
  STORAGE(INITIAL 65536 NEXT 1048576 MINEXTENTS 1 MAXEXTENTS 2147483645
  PCTINCREASE 0 FREELISTS 1 FREELIST GROUPS 1 BUFFER_POOL DEFAULT FLASH_CACHE DEFAULT CELL_FLASH_CACHE DEFAULT)
   ;
--------------------------------------------------------
--  Constraints for Table KRSB_QRTZ_SCHEDULER_STATE
--------------------------------------------------------

  ALTER TABLE "KRSB_QRTZ_SCHEDULER_STATE" MODIFY ("LAST_CHECKIN_TIME" NOT NULL ENABLE);
  ALTER TABLE "KRSB_QRTZ_SCHEDULER_STATE" MODIFY ("CHECKIN_INTERVAL" NOT NULL ENABLE);
  ALTER TABLE "KRSB_QRTZ_SCHEDULER_STATE" ADD CONSTRAINT "KRSB_QRTZ_SCHEDULER_STATEP1" PRIMARY KEY ("INSTANCE_NAME")
  USING INDEX PCTFREE 10 INITRANS 2 MAXTRANS 255 COMPUTE STATISTICS 
  STORAGE(INITIAL 65536 NEXT 1048576 MINEXTENTS 1 MAXEXTENTS 2147483645
  PCTINCREASE 0 FREELISTS 1 FREELIST GROUPS 1 BUFFER_POOL DEFAULT FLASH_CACHE DEFAULT CELL_FLASH_CACHE DEFAULT)
    ENABLE;
--------------------------------------------------------
--  Constraints for Table KREW_PPL_FLW_DLGT_T
--------------------------------------------------------

  ALTER TABLE "KREW_PPL_FLW_DLGT_T" MODIFY ("PPL_FLW_MBR_ID" NOT NULL ENABLE);
  ALTER TABLE "KREW_PPL_FLW_DLGT_T" MODIFY ("MBR_ID" NOT NULL ENABLE);
  ALTER TABLE "KREW_PPL_FLW_DLGT_T" MODIFY ("MBR_TYP_CD" NOT NULL ENABLE);
  ALTER TABLE "KREW_PPL_FLW_DLGT_T" MODIFY ("DLGN_TYP_CD" NOT NULL ENABLE);
  ALTER TABLE "KREW_PPL_FLW_DLGT_T" MODIFY ("VER_NBR" NOT NULL ENABLE);
  ALTER TABLE "KREW_PPL_FLW_DLGT_T" MODIFY ("RSP_ID" NOT NULL ENABLE);
  ALTER TABLE "KREW_PPL_FLW_DLGT_T" ADD CONSTRAINT "KREW_PPL_FLW_DLGT_TP1" PRIMARY KEY ("PPL_FLW_DLGT_ID")
  USING INDEX PCTFREE 10 INITRANS 2 MAXTRANS 255 COMPUTE STATISTICS 
  STORAGE(INITIAL 65536 NEXT 1048576 MINEXTENTS 1 MAXEXTENTS 2147483645
  PCTINCREASE 0 FREELISTS 1 FREELIST GROUPS 1 BUFFER_POOL DEFAULT FLASH_CACHE DEFAULT CELL_FLASH_CACHE DEFAULT)
    ENABLE;
--------------------------------------------------------
--  Constraints for Table KRNS_LOOKUP_SEL_T
--------------------------------------------------------

  ALTER TABLE "KRNS_LOOKUP_SEL_T" MODIFY ("OBJ_ID" NOT NULL ENABLE);
  ALTER TABLE "KRNS_LOOKUP_SEL_T" MODIFY ("VER_NBR" NOT NULL ENABLE);
  ALTER TABLE "KRNS_LOOKUP_SEL_T" MODIFY ("PRNCPL_ID" NOT NULL ENABLE);
  ALTER TABLE "KRNS_LOOKUP_SEL_T" MODIFY ("LOOKUP_DT" NOT NULL ENABLE);
  ALTER TABLE "KRNS_LOOKUP_SEL_T" ADD CONSTRAINT "KRNS_LOOKUP_SEL_TC0" UNIQUE ("OBJ_ID")
  USING INDEX PCTFREE 10 INITRANS 2 MAXTRANS 255 COMPUTE STATISTICS 
  STORAGE(INITIAL 65536 NEXT 1048576 MINEXTENTS 1 MAXEXTENTS 2147483645
  PCTINCREASE 0 FREELISTS 1 FREELIST GROUPS 1 BUFFER_POOL DEFAULT FLASH_CACHE DEFAULT CELL_FLASH_CACHE DEFAULT)
    ENABLE;
  ALTER TABLE "KRNS_LOOKUP_SEL_T" ADD CONSTRAINT "KRNS_LOOKUP_SEL_TP1" PRIMARY KEY ("LOOKUP_RSLT_ID")
  USING INDEX PCTFREE 10 INITRANS 2 MAXTRANS 255 COMPUTE STATISTICS 
  STORAGE(INITIAL 65536 NEXT 1048576 MINEXTENTS 1 MAXEXTENTS 2147483645
  PCTINCREASE 0 FREELISTS 1 FREELIST GROUPS 1 BUFFER_POOL DEFAULT FLASH_CACHE DEFAULT CELL_FLASH_CACHE DEFAULT)
    ENABLE;
--------------------------------------------------------
--  Constraints for Table KRMS_CNTXT_VLD_AGENDA_TYP_T
--------------------------------------------------------

  ALTER TABLE "KRMS_CNTXT_VLD_AGENDA_TYP_T" MODIFY ("CNTXT_ID" NOT NULL ENABLE);
  ALTER TABLE "KRMS_CNTXT_VLD_AGENDA_TYP_T" MODIFY ("AGENDA_TYP_ID" NOT NULL ENABLE);
  ALTER TABLE "KRMS_CNTXT_VLD_AGENDA_TYP_T" MODIFY ("VER_NBR" NOT NULL ENABLE);
  ALTER TABLE "KRMS_CNTXT_VLD_AGENDA_TYP_T" ADD CONSTRAINT "KRMS_CNTXT_VLD_AGENDA_TYP_TP1" PRIMARY KEY ("CNTXT_VLD_AGENDA_ID")
  USING INDEX PCTFREE 10 INITRANS 2 MAXTRANS 255 COMPUTE STATISTICS 
  STORAGE(INITIAL 65536 NEXT 1048576 MINEXTENTS 1 MAXEXTENTS 2147483645
  PCTINCREASE 0 FREELISTS 1 FREELIST GROUPS 1 BUFFER_POOL DEFAULT FLASH_CACHE DEFAULT CELL_FLASH_CACHE DEFAULT)
    ENABLE;
--------------------------------------------------------
--  Constraints for Table KREW_RTE_NODE_INSTN_LNK_T
--------------------------------------------------------

  ALTER TABLE "KREW_RTE_NODE_INSTN_LNK_T" ADD CONSTRAINT "KREW_RTE_NODE_INSTN_LNK_TP1" PRIMARY KEY ("FROM_RTE_NODE_INSTN_ID", "TO_RTE_NODE_INSTN_ID")
  USING INDEX PCTFREE 10 INITRANS 2 MAXTRANS 255 COMPUTE STATISTICS 
  STORAGE(INITIAL 65536 NEXT 1048576 MINEXTENTS 1 MAXEXTENTS 2147483645
  PCTINCREASE 0 FREELISTS 1 FREELIST GROUPS 1 BUFFER_POOL DEFAULT FLASH_CACHE DEFAULT CELL_FLASH_CACHE DEFAULT)
    ENABLE;
--------------------------------------------------------
--  Constraints for Table KRIM_PND_DLGN_MBR_T
--------------------------------------------------------

  ALTER TABLE "KRIM_PND_DLGN_MBR_T" MODIFY ("OBJ_ID" NOT NULL ENABLE);
  ALTER TABLE "KRIM_PND_DLGN_MBR_T" MODIFY ("VER_NBR" NOT NULL ENABLE);
  ALTER TABLE "KRIM_PND_DLGN_MBR_T" MODIFY ("DLGN_ID" NOT NULL ENABLE);
  ALTER TABLE "KRIM_PND_DLGN_MBR_T" MODIFY ("MBR_TYP_CD" NOT NULL ENABLE);
  ALTER TABLE "KRIM_PND_DLGN_MBR_T" ADD CONSTRAINT "KRIM_PND_DLGN_MBR_TP1" PRIMARY KEY ("FDOC_NBR", "DLGN_MBR_ID")
  USING INDEX PCTFREE 10 INITRANS 2 MAXTRANS 255 COMPUTE STATISTICS 
  STORAGE(INITIAL 65536 NEXT 1048576 MINEXTENTS 1 MAXEXTENTS 2147483645
  PCTINCREASE 0 FREELISTS 1 FREELIST GROUPS 1 BUFFER_POOL DEFAULT FLASH_CACHE DEFAULT CELL_FLASH_CACHE DEFAULT)
    ENABLE;
--------------------------------------------------------
--  Constraints for Table KRIM_PERSON_DOCUMENT_T
--------------------------------------------------------

  ALTER TABLE "KRIM_PERSON_DOCUMENT_T" ADD CONSTRAINT "KRIM_PERSON_DOCUMENT_TP1" PRIMARY KEY ("FDOC_NBR")
  USING INDEX PCTFREE 10 INITRANS 2 MAXTRANS 255 COMPUTE STATISTICS 
  STORAGE(INITIAL 65536 NEXT 1048576 MINEXTENTS 1 MAXEXTENTS 2147483645
  PCTINCREASE 0 FREELISTS 1 FREELIST GROUPS 1 BUFFER_POOL DEFAULT FLASH_CACHE DEFAULT CELL_FLASH_CACHE DEFAULT)
    ENABLE;
  ALTER TABLE "KRIM_PERSON_DOCUMENT_T" MODIFY ("PRNCPL_NM" NOT NULL ENABLE);
  ALTER TABLE "KRIM_PERSON_DOCUMENT_T" MODIFY ("PRNCPL_ID" NOT NULL ENABLE);
  ALTER TABLE "KRIM_PERSON_DOCUMENT_T" MODIFY ("VER_NBR" NOT NULL ENABLE);
  ALTER TABLE "KRIM_PERSON_DOCUMENT_T" MODIFY ("OBJ_ID" NOT NULL ENABLE);
  ALTER TABLE "KRIM_PERSON_DOCUMENT_T" MODIFY ("ENTITY_ID" NOT NULL ENABLE);
--------------------------------------------------------
--  Constraints for Table KRIM_ENTITY_NM_T
--------------------------------------------------------

  ALTER TABLE "KRIM_ENTITY_NM_T" MODIFY ("OBJ_ID" NOT NULL ENABLE);
  ALTER TABLE "KRIM_ENTITY_NM_T" MODIFY ("VER_NBR" NOT NULL ENABLE);
  ALTER TABLE "KRIM_ENTITY_NM_T" ADD CONSTRAINT "KRIM_ENTITY_NM_TC0" UNIQUE ("OBJ_ID")
  USING INDEX PCTFREE 10 INITRANS 2 MAXTRANS 255 COMPUTE STATISTICS 
  STORAGE(INITIAL 65536 NEXT 1048576 MINEXTENTS 1 MAXEXTENTS 2147483645
  PCTINCREASE 0 FREELISTS 1 FREELIST GROUPS 1 BUFFER_POOL DEFAULT FLASH_CACHE DEFAULT CELL_FLASH_CACHE DEFAULT)
    ENABLE;
  ALTER TABLE "KRIM_ENTITY_NM_T" ADD CONSTRAINT "KRIM_ENTITY_NM_TP1" PRIMARY KEY ("ENTITY_NM_ID")
  USING INDEX PCTFREE 10 INITRANS 2 MAXTRANS 255 COMPUTE STATISTICS 
  STORAGE(INITIAL 65536 NEXT 1048576 MINEXTENTS 1 MAXEXTENTS 2147483645
  PCTINCREASE 0 FREELISTS 1 FREELIST GROUPS 1 BUFFER_POOL DEFAULT FLASH_CACHE DEFAULT CELL_FLASH_CACHE DEFAULT)
    ENABLE;
--------------------------------------------------------
--  Constraints for Table KREW_RTE_NODE_LNK_T
--------------------------------------------------------

  ALTER TABLE "KREW_RTE_NODE_LNK_T" ADD CONSTRAINT "KREW_RTE_NODE_LNK_TP1" PRIMARY KEY ("FROM_RTE_NODE_ID", "TO_RTE_NODE_ID")
  USING INDEX PCTFREE 10 INITRANS 2 MAXTRANS 255 COMPUTE STATISTICS 
  STORAGE(INITIAL 65536 NEXT 1048576 MINEXTENTS 1 MAXEXTENTS 2147483645
  PCTINCREASE 0 FREELISTS 1 FREELIST GROUPS 1 BUFFER_POOL DEFAULT FLASH_CACHE DEFAULT CELL_FLASH_CACHE DEFAULT)
    ENABLE;
--------------------------------------------------------
--  Constraints for Table KREW_RTE_NODE_INSTN_T
--------------------------------------------------------

  ALTER TABLE "KREW_RTE_NODE_INSTN_T" MODIFY ("DOC_HDR_ID" NOT NULL ENABLE);
  ALTER TABLE "KREW_RTE_NODE_INSTN_T" MODIFY ("RTE_NODE_ID" NOT NULL ENABLE);
  ALTER TABLE "KREW_RTE_NODE_INSTN_T" MODIFY ("ACTV_IND" NOT NULL ENABLE);
  ALTER TABLE "KREW_RTE_NODE_INSTN_T" MODIFY ("CMPLT_IND" NOT NULL ENABLE);
  ALTER TABLE "KREW_RTE_NODE_INSTN_T" MODIFY ("INIT_IND" NOT NULL ENABLE);
  ALTER TABLE "KREW_RTE_NODE_INSTN_T" ADD CONSTRAINT "KREW_RTE_NODE_INSTN_TP1" PRIMARY KEY ("RTE_NODE_INSTN_ID")
  USING INDEX PCTFREE 10 INITRANS 2 MAXTRANS 255 COMPUTE STATISTICS 
  STORAGE(INITIAL 65536 NEXT 1048576 MINEXTENTS 1 MAXEXTENTS 2147483645
  PCTINCREASE 0 FREELISTS 1 FREELIST GROUPS 1 BUFFER_POOL DEFAULT FLASH_CACHE DEFAULT CELL_FLASH_CACHE DEFAULT)
    ENABLE;
--------------------------------------------------------
--  Constraints for Table KRCR_PARM_T
--------------------------------------------------------

  ALTER TABLE "KRCR_PARM_T" MODIFY ("OBJ_ID" NOT NULL ENABLE);
  ALTER TABLE "KRCR_PARM_T" MODIFY ("VER_NBR" NOT NULL ENABLE);
  ALTER TABLE "KRCR_PARM_T" MODIFY ("PARM_TYP_CD" NOT NULL ENABLE);
  ALTER TABLE "KRCR_PARM_T" ADD CONSTRAINT "KRNS_PARM_TC0" UNIQUE ("OBJ_ID")
  USING INDEX PCTFREE 10 INITRANS 2 MAXTRANS 255 COMPUTE STATISTICS 
  STORAGE(INITIAL 65536 NEXT 1048576 MINEXTENTS 1 MAXEXTENTS 2147483645
  PCTINCREASE 0 FREELISTS 1 FREELIST GROUPS 1 BUFFER_POOL DEFAULT FLASH_CACHE DEFAULT CELL_FLASH_CACHE DEFAULT)
    ENABLE;
  ALTER TABLE "KRCR_PARM_T" ADD CONSTRAINT "KRCR_PARM_TP1" PRIMARY KEY ("NMSPC_CD", "CMPNT_CD", "PARM_NM", "APPL_ID")
  USING INDEX PCTFREE 10 INITRANS 2 MAXTRANS 255 COMPUTE STATISTICS 
  STORAGE(INITIAL 65536 NEXT 1048576 MINEXTENTS 1 MAXEXTENTS 2147483645
  PCTINCREASE 0 FREELISTS 1 FREELIST GROUPS 1 BUFFER_POOL DEFAULT FLASH_CACHE DEFAULT CELL_FLASH_CACHE DEFAULT)
    ENABLE;
--------------------------------------------------------
--  Constraints for Table KRIM_PRNCPL_T
--------------------------------------------------------

  ALTER TABLE "KRIM_PRNCPL_T" MODIFY ("OBJ_ID" NOT NULL ENABLE);
  ALTER TABLE "KRIM_PRNCPL_T" MODIFY ("VER_NBR" NOT NULL ENABLE);
  ALTER TABLE "KRIM_PRNCPL_T" MODIFY ("PRNCPL_NM" NOT NULL ENABLE);
  ALTER TABLE "KRIM_PRNCPL_T" ADD CONSTRAINT "KRIM_PRNCPL_TC0" UNIQUE ("OBJ_ID")
  USING INDEX PCTFREE 10 INITRANS 2 MAXTRANS 255 COMPUTE STATISTICS 
  STORAGE(INITIAL 65536 NEXT 1048576 MINEXTENTS 1 MAXEXTENTS 2147483645
  PCTINCREASE 0 FREELISTS 1 FREELIST GROUPS 1 BUFFER_POOL DEFAULT FLASH_CACHE DEFAULT CELL_FLASH_CACHE DEFAULT)
    ENABLE;
  ALTER TABLE "KRIM_PRNCPL_T" ADD CONSTRAINT "KRIM_PRNCPL_TC1" UNIQUE ("PRNCPL_NM")
  USING INDEX PCTFREE 10 INITRANS 2 MAXTRANS 255 COMPUTE STATISTICS 
  STORAGE(INITIAL 65536 NEXT 1048576 MINEXTENTS 1 MAXEXTENTS 2147483645
  PCTINCREASE 0 FREELISTS 1 FREELIST GROUPS 1 BUFFER_POOL DEFAULT FLASH_CACHE DEFAULT CELL_FLASH_CACHE DEFAULT)
    ENABLE;
  ALTER TABLE "KRIM_PRNCPL_T" ADD CONSTRAINT "KRIM_PRNCPL_TP1" PRIMARY KEY ("PRNCPL_ID")
  USING INDEX PCTFREE 10 INITRANS 2 MAXTRANS 255 COMPUTE STATISTICS 
  STORAGE(INITIAL 65536 NEXT 1048576 MINEXTENTS 1 MAXEXTENTS 2147483645
  PCTINCREASE 0 FREELISTS 1 FREELIST GROUPS 1 BUFFER_POOL DEFAULT FLASH_CACHE DEFAULT CELL_FLASH_CACHE DEFAULT)
    ENABLE;
--------------------------------------------------------
--  Constraints for Table KRMS_TERM_RSLVR_PARM_SPEC_T
--------------------------------------------------------

  ALTER TABLE "KRMS_TERM_RSLVR_PARM_SPEC_T" MODIFY ("TERM_RSLVR_ID" NOT NULL ENABLE);
  ALTER TABLE "KRMS_TERM_RSLVR_PARM_SPEC_T" MODIFY ("NM" NOT NULL ENABLE);
  ALTER TABLE "KRMS_TERM_RSLVR_PARM_SPEC_T" MODIFY ("VER_NBR" NOT NULL ENABLE);
  ALTER TABLE "KRMS_TERM_RSLVR_PARM_SPEC_T" ADD CONSTRAINT "KRMS_TERM_RSLVR_PARM_SPEC_TP1" PRIMARY KEY ("TERM_RSLVR_PARM_SPEC_ID")
  USING INDEX PCTFREE 10 INITRANS 2 MAXTRANS 255 COMPUTE STATISTICS 
  STORAGE(INITIAL 65536 NEXT 1048576 MINEXTENTS 1 MAXEXTENTS 2147483645
  PCTINCREASE 0 FREELISTS 1 FREELIST GROUPS 1 BUFFER_POOL DEFAULT FLASH_CACHE DEFAULT CELL_FLASH_CACHE DEFAULT)
    ENABLE;
--------------------------------------------------------
--  Constraints for Table KREN_RECIP_LIST_T
--------------------------------------------------------

  ALTER TABLE "KREN_RECIP_LIST_T" MODIFY ("CHNL_ID" NOT NULL ENABLE);
  ALTER TABLE "KREN_RECIP_LIST_T" MODIFY ("RECIP_TYP_CD" NOT NULL ENABLE);
  ALTER TABLE "KREN_RECIP_LIST_T" MODIFY ("RECIP_ID" NOT NULL ENABLE);
  ALTER TABLE "KREN_RECIP_LIST_T" ADD CONSTRAINT "KREN_RECIP_LIST_TC0" UNIQUE ("CHNL_ID", "RECIP_TYP_CD", "RECIP_ID")
  USING INDEX PCTFREE 10 INITRANS 2 MAXTRANS 255 COMPUTE STATISTICS 
  STORAGE(INITIAL 65536 NEXT 1048576 MINEXTENTS 1 MAXEXTENTS 2147483645
  PCTINCREASE 0 FREELISTS 1 FREELIST GROUPS 1 BUFFER_POOL DEFAULT FLASH_CACHE DEFAULT CELL_FLASH_CACHE DEFAULT)
    ENABLE;
  ALTER TABLE "KREN_RECIP_LIST_T" ADD CONSTRAINT "KREN_RECIP_LIST_TP1" PRIMARY KEY ("RECIP_LIST_ID")
  USING INDEX PCTFREE 10 INITRANS 2 MAXTRANS 255 COMPUTE STATISTICS 
  STORAGE(INITIAL 65536 NEXT 1048576 MINEXTENTS 1 MAXEXTENTS 2147483645
  PCTINCREASE 0 FREELISTS 1 FREELIST GROUPS 1 BUFFER_POOL DEFAULT FLASH_CACHE DEFAULT CELL_FLASH_CACHE DEFAULT)
    ENABLE;
--------------------------------------------------------
--  Constraints for Table KRIM_ENTITY_ETHNIC_T
--------------------------------------------------------

  ALTER TABLE "KRIM_ENTITY_ETHNIC_T" MODIFY ("VER_NBR" NOT NULL ENABLE);
  ALTER TABLE "KRIM_ENTITY_ETHNIC_T" MODIFY ("OBJ_ID" NOT NULL ENABLE);
  ALTER TABLE "KRIM_ENTITY_ETHNIC_T" ADD CONSTRAINT "KRIM_ENTITY_ETHNIC_TC0" UNIQUE ("OBJ_ID")
  USING INDEX PCTFREE 10 INITRANS 2 MAXTRANS 255 COMPUTE STATISTICS 
  STORAGE(INITIAL 65536 NEXT 1048576 MINEXTENTS 1 MAXEXTENTS 2147483645
  PCTINCREASE 0 FREELISTS 1 FREELIST GROUPS 1 BUFFER_POOL DEFAULT FLASH_CACHE DEFAULT CELL_FLASH_CACHE DEFAULT)
    ENABLE;
  ALTER TABLE "KRIM_ENTITY_ETHNIC_T" ADD CONSTRAINT "KRIM_ENTITY_ETHNIC_TP1" PRIMARY KEY ("ID")
  USING INDEX PCTFREE 10 INITRANS 2 MAXTRANS 255 COMPUTE STATISTICS 
  STORAGE(INITIAL 65536 NEXT 1048576 MINEXTENTS 1 MAXEXTENTS 2147483645
  PCTINCREASE 0 FREELISTS 1 FREELIST GROUPS 1 BUFFER_POOL DEFAULT FLASH_CACHE DEFAULT CELL_FLASH_CACHE DEFAULT)
    ENABLE;
--------------------------------------------------------
--  Constraints for Table TRAV_DOC_2_ACCOUNTS
--------------------------------------------------------

  ALTER TABLE "TRAV_DOC_2_ACCOUNTS" ADD CONSTRAINT "TRAV_DOC_2_ACCOUNTSP1" PRIMARY KEY ("FDOC_NBR", "ACCT_NUM")
  USING INDEX PCTFREE 10 INITRANS 2 MAXTRANS 255 COMPUTE STATISTICS 
  STORAGE(INITIAL 65536 NEXT 1048576 MINEXTENTS 1 MAXEXTENTS 2147483645
  PCTINCREASE 0 FREELISTS 1 FREELIST GROUPS 1 BUFFER_POOL DEFAULT FLASH_CACHE DEFAULT CELL_FLASH_CACHE DEFAULT)
    ENABLE;
--------------------------------------------------------
--  Constraints for Table KREN_CHNL_T
--------------------------------------------------------

  ALTER TABLE "KREN_CHNL_T" ADD CONSTRAINT "KREN_CHNL_TP1" PRIMARY KEY ("CHNL_ID")
  USING INDEX PCTFREE 10 INITRANS 2 MAXTRANS 255 COMPUTE STATISTICS 
  STORAGE(INITIAL 65536 NEXT 1048576 MINEXTENTS 1 MAXEXTENTS 2147483645
  PCTINCREASE 0 FREELISTS 1 FREELIST GROUPS 1 BUFFER_POOL DEFAULT FLASH_CACHE DEFAULT CELL_FLASH_CACHE DEFAULT)
    ENABLE;
  ALTER TABLE "KREN_CHNL_T" ADD CONSTRAINT "KREN_CHNL_TC0" UNIQUE ("NM")
  USING INDEX PCTFREE 10 INITRANS 2 MAXTRANS 255 
  STORAGE(INITIAL 65536 NEXT 1048576 MINEXTENTS 1 MAXEXTENTS 2147483645
  PCTINCREASE 0 FREELISTS 1 FREELIST GROUPS 1 BUFFER_POOL DEFAULT FLASH_CACHE DEFAULT CELL_FLASH_CACHE DEFAULT)
    ENABLE;
  ALTER TABLE "KREN_CHNL_T" MODIFY ("VER_NBR" NOT NULL ENABLE);
  ALTER TABLE "KREN_CHNL_T" MODIFY ("SUBSCRB_IND" NOT NULL ENABLE);
  ALTER TABLE "KREN_CHNL_T" MODIFY ("DESC_TXT" NOT NULL ENABLE);
  ALTER TABLE "KREN_CHNL_T" MODIFY ("NM" NOT NULL ENABLE);
--------------------------------------------------------
--  Constraints for Table KRIM_ATTR_DEFN_T
--------------------------------------------------------

  ALTER TABLE "KRIM_ATTR_DEFN_T" ADD CONSTRAINT "KRIM_ATTR_DEFN_TP1" PRIMARY KEY ("KIM_ATTR_DEFN_ID")
  USING INDEX PCTFREE 10 INITRANS 2 MAXTRANS 255 COMPUTE STATISTICS 
  STORAGE(INITIAL 65536 NEXT 1048576 MINEXTENTS 1 MAXEXTENTS 2147483645
  PCTINCREASE 0 FREELISTS 1 FREELIST GROUPS 1 BUFFER_POOL DEFAULT FLASH_CACHE DEFAULT CELL_FLASH_CACHE DEFAULT)
    ENABLE;
  ALTER TABLE "KRIM_ATTR_DEFN_T" ADD CONSTRAINT "KRIM_ATTR_DEFN_TC0" UNIQUE ("OBJ_ID")
  USING INDEX PCTFREE 10 INITRANS 2 MAXTRANS 255 
  STORAGE(INITIAL 65536 NEXT 1048576 MINEXTENTS 1 MAXEXTENTS 2147483645
  PCTINCREASE 0 FREELISTS 1 FREELIST GROUPS 1 BUFFER_POOL DEFAULT FLASH_CACHE DEFAULT CELL_FLASH_CACHE DEFAULT)
    ENABLE;
  ALTER TABLE "KRIM_ATTR_DEFN_T" MODIFY ("VER_NBR" NOT NULL ENABLE);
  ALTER TABLE "KRIM_ATTR_DEFN_T" MODIFY ("OBJ_ID" NOT NULL ENABLE);
--------------------------------------------------------
--  Constraints for Table KRMS_AGENDA_ITM_T
--------------------------------------------------------

  ALTER TABLE "KRMS_AGENDA_ITM_T" MODIFY ("AGENDA_ID" NOT NULL ENABLE);
  ALTER TABLE "KRMS_AGENDA_ITM_T" MODIFY ("VER_NBR" NOT NULL ENABLE);
  ALTER TABLE "KRMS_AGENDA_ITM_T" ADD CONSTRAINT "KRMS_AGENDA_ITM_TP1" PRIMARY KEY ("AGENDA_ITM_ID")
  USING INDEX PCTFREE 10 INITRANS 2 MAXTRANS 255 COMPUTE STATISTICS 
  STORAGE(INITIAL 65536 NEXT 1048576 MINEXTENTS 1 MAXEXTENTS 2147483645
  PCTINCREASE 0 FREELISTS 1 FREELIST GROUPS 1 BUFFER_POOL DEFAULT FLASH_CACHE DEFAULT CELL_FLASH_CACHE DEFAULT)
    ENABLE;
--------------------------------------------------------
--  Constraints for Table KRIM_CTZNSHP_STAT_T
--------------------------------------------------------

  ALTER TABLE "KRIM_CTZNSHP_STAT_T" ADD CONSTRAINT "KRIM_CTZNSHP_STAT_TP1" PRIMARY KEY ("CTZNSHP_STAT_CD")
  USING INDEX PCTFREE 10 INITRANS 2 MAXTRANS 255 COMPUTE STATISTICS 
  STORAGE(INITIAL 65536 NEXT 1048576 MINEXTENTS 1 MAXEXTENTS 2147483645
  PCTINCREASE 0 FREELISTS 1 FREELIST GROUPS 1 BUFFER_POOL DEFAULT FLASH_CACHE DEFAULT CELL_FLASH_CACHE DEFAULT)
    ENABLE;
  ALTER TABLE "KRIM_CTZNSHP_STAT_T" ADD CONSTRAINT "KRIM_CTZNSHP_STAT_TC1" UNIQUE ("NM")
  USING INDEX PCTFREE 10 INITRANS 2 MAXTRANS 255 
  STORAGE(INITIAL 65536 NEXT 1048576 MINEXTENTS 1 MAXEXTENTS 2147483645
  PCTINCREASE 0 FREELISTS 1 FREELIST GROUPS 1 BUFFER_POOL DEFAULT FLASH_CACHE DEFAULT CELL_FLASH_CACHE DEFAULT)
    ENABLE;
  ALTER TABLE "KRIM_CTZNSHP_STAT_T" ADD CONSTRAINT "KRIM_CTZNSHP_STAT_TC0" UNIQUE ("OBJ_ID")
  USING INDEX PCTFREE 10 INITRANS 2 MAXTRANS 255 
  STORAGE(INITIAL 65536 NEXT 1048576 MINEXTENTS 1 MAXEXTENTS 2147483645
  PCTINCREASE 0 FREELISTS 1 FREELIST GROUPS 1 BUFFER_POOL DEFAULT FLASH_CACHE DEFAULT CELL_FLASH_CACHE DEFAULT)
    ENABLE;
  ALTER TABLE "KRIM_CTZNSHP_STAT_T" MODIFY ("VER_NBR" NOT NULL ENABLE);
  ALTER TABLE "KRIM_CTZNSHP_STAT_T" MODIFY ("OBJ_ID" NOT NULL ENABLE);
--------------------------------------------------------
--  Constraints for Table KREW_RULE_ATTR_T
--------------------------------------------------------

  ALTER TABLE "KREW_RULE_ATTR_T" MODIFY ("NM" NOT NULL ENABLE);
  ALTER TABLE "KREW_RULE_ATTR_T" MODIFY ("LBL" NOT NULL ENABLE);
  ALTER TABLE "KREW_RULE_ATTR_T" MODIFY ("RULE_ATTR_TYP_CD" NOT NULL ENABLE);
  ALTER TABLE "KREW_RULE_ATTR_T" MODIFY ("OBJ_ID" NOT NULL ENABLE);
  ALTER TABLE "KREW_RULE_ATTR_T" ADD CONSTRAINT "KREW_RULE_ATTR_TC0" UNIQUE ("OBJ_ID")
  USING INDEX PCTFREE 10 INITRANS 2 MAXTRANS 255 COMPUTE STATISTICS 
  STORAGE(INITIAL 65536 NEXT 1048576 MINEXTENTS 1 MAXEXTENTS 2147483645
  PCTINCREASE 0 FREELISTS 1 FREELIST GROUPS 1 BUFFER_POOL DEFAULT FLASH_CACHE DEFAULT CELL_FLASH_CACHE DEFAULT)
    ENABLE;
  ALTER TABLE "KREW_RULE_ATTR_T" ADD CONSTRAINT "KREW_RULE_ATTR_TC1" UNIQUE ("NM")
  USING INDEX PCTFREE 10 INITRANS 2 MAXTRANS 255 COMPUTE STATISTICS 
  STORAGE(INITIAL 65536 NEXT 1048576 MINEXTENTS 1 MAXEXTENTS 2147483645
  PCTINCREASE 0 FREELISTS 1 FREELIST GROUPS 1 BUFFER_POOL DEFAULT FLASH_CACHE DEFAULT CELL_FLASH_CACHE DEFAULT)
    ENABLE;
  ALTER TABLE "KREW_RULE_ATTR_T" ADD CONSTRAINT "KREW_RULE_ATTR_TP1" PRIMARY KEY ("RULE_ATTR_ID")
  USING INDEX PCTFREE 10 INITRANS 2 MAXTRANS 255 COMPUTE STATISTICS 
  STORAGE(INITIAL 65536 NEXT 1048576 MINEXTENTS 1 MAXEXTENTS 2147483645
  PCTINCREASE 0 FREELISTS 1 FREELIST GROUPS 1 BUFFER_POOL DEFAULT FLASH_CACHE DEFAULT CELL_FLASH_CACHE DEFAULT)
    ENABLE;
--------------------------------------------------------
--  Constraints for Table KRIM_PND_DLGN_T
--------------------------------------------------------

  ALTER TABLE "KRIM_PND_DLGN_T" MODIFY ("ROLE_ID" NOT NULL ENABLE);
  ALTER TABLE "KRIM_PND_DLGN_T" MODIFY ("OBJ_ID" NOT NULL ENABLE);
  ALTER TABLE "KRIM_PND_DLGN_T" MODIFY ("VER_NBR" NOT NULL ENABLE);
  ALTER TABLE "KRIM_PND_DLGN_T" MODIFY ("DLGN_TYP_CD" NOT NULL ENABLE);
  ALTER TABLE "KRIM_PND_DLGN_T" ADD CONSTRAINT "KRIM_PND_DLGN_TP1" PRIMARY KEY ("FDOC_NBR", "DLGN_ID")
  USING INDEX PCTFREE 10 INITRANS 2 MAXTRANS 255 COMPUTE STATISTICS 
  STORAGE(INITIAL 65536 NEXT 1048576 MINEXTENTS 1 MAXEXTENTS 2147483645
  PCTINCREASE 0 FREELISTS 1 FREELIST GROUPS 1 BUFFER_POOL DEFAULT FLASH_CACHE DEFAULT CELL_FLASH_CACHE DEFAULT)
    ENABLE;
--------------------------------------------------------
--  Constraints for Table KRIM_PND_CTZNSHP_MT
--------------------------------------------------------

  ALTER TABLE "KRIM_PND_CTZNSHP_MT" MODIFY ("OBJ_ID" NOT NULL ENABLE);
  ALTER TABLE "KRIM_PND_CTZNSHP_MT" MODIFY ("VER_NBR" NOT NULL ENABLE);
  ALTER TABLE "KRIM_PND_CTZNSHP_MT" ADD CONSTRAINT "KRIM_PND_CTZNSHP_MTP1" PRIMARY KEY ("FDOC_NBR", "ENTITY_CTZNSHP_ID")
  USING INDEX PCTFREE 10 INITRANS 2 MAXTRANS 255 COMPUTE STATISTICS 
  STORAGE(INITIAL 65536 NEXT 1048576 MINEXTENTS 1 MAXEXTENTS 2147483645
  PCTINCREASE 0 FREELISTS 1 FREELIST GROUPS 1 BUFFER_POOL DEFAULT FLASH_CACHE DEFAULT CELL_FLASH_CACHE DEFAULT)
    ENABLE;
--------------------------------------------------------
--  Constraints for Table KREW_DOC_NTE_T
--------------------------------------------------------

  ALTER TABLE "KREW_DOC_NTE_T" MODIFY ("DOC_HDR_ID" NOT NULL ENABLE);
  ALTER TABLE "KREW_DOC_NTE_T" MODIFY ("AUTH_PRNCPL_ID" NOT NULL ENABLE);
  ALTER TABLE "KREW_DOC_NTE_T" MODIFY ("CRT_DT" NOT NULL ENABLE);
  ALTER TABLE "KREW_DOC_NTE_T" ADD CONSTRAINT "KREW_DOC_NTE_TP1" PRIMARY KEY ("DOC_NTE_ID")
  USING INDEX PCTFREE 10 INITRANS 2 MAXTRANS 255 COMPUTE STATISTICS 
  STORAGE(INITIAL 65536 NEXT 1048576 MINEXTENTS 1 MAXEXTENTS 2147483645
  PCTINCREASE 0 FREELISTS 1 FREELIST GROUPS 1 BUFFER_POOL DEFAULT FLASH_CACHE DEFAULT CELL_FLASH_CACHE DEFAULT)
    ENABLE;
--------------------------------------------------------
--  Constraints for Table KRIM_ENTITY_BIO_T
--------------------------------------------------------

  ALTER TABLE "KRIM_ENTITY_BIO_T" MODIFY ("OBJ_ID" NOT NULL ENABLE);
  ALTER TABLE "KRIM_ENTITY_BIO_T" MODIFY ("VER_NBR" NOT NULL ENABLE);
  ALTER TABLE "KRIM_ENTITY_BIO_T" MODIFY ("GNDR_CD" NOT NULL ENABLE);
  ALTER TABLE "KRIM_ENTITY_BIO_T" ADD CONSTRAINT "KRIM_ENTITY_BIO_TC0" UNIQUE ("OBJ_ID")
  USING INDEX PCTFREE 10 INITRANS 2 MAXTRANS 255 COMPUTE STATISTICS 
  STORAGE(INITIAL 65536 NEXT 1048576 MINEXTENTS 1 MAXEXTENTS 2147483645
  PCTINCREASE 0 FREELISTS 1 FREELIST GROUPS 1 BUFFER_POOL DEFAULT FLASH_CACHE DEFAULT CELL_FLASH_CACHE DEFAULT)
    ENABLE;
  ALTER TABLE "KRIM_ENTITY_BIO_T" ADD CONSTRAINT "KRIM_ENTITY_BIO_TP1" PRIMARY KEY ("ENTITY_ID")
  USING INDEX PCTFREE 10 INITRANS 2 MAXTRANS 255 COMPUTE STATISTICS 
  STORAGE(INITIAL 65536 NEXT 1048576 MINEXTENTS 1 MAXEXTENTS 2147483645
  PCTINCREASE 0 FREELISTS 1 FREELIST GROUPS 1 BUFFER_POOL DEFAULT FLASH_CACHE DEFAULT CELL_FLASH_CACHE DEFAULT)
    ENABLE;
--------------------------------------------------------
--  Constraints for Table KRIM_PND_ROLE_RSP_T
--------------------------------------------------------

  ALTER TABLE "KRIM_PND_ROLE_RSP_T" MODIFY ("OBJ_ID" NOT NULL ENABLE);
  ALTER TABLE "KRIM_PND_ROLE_RSP_T" MODIFY ("VER_NBR" NOT NULL ENABLE);
  ALTER TABLE "KRIM_PND_ROLE_RSP_T" MODIFY ("ROLE_ID" NOT NULL ENABLE);
  ALTER TABLE "KRIM_PND_ROLE_RSP_T" MODIFY ("RSP_ID" NOT NULL ENABLE);
  ALTER TABLE "KRIM_PND_ROLE_RSP_T" ADD CONSTRAINT "KRIM_PND_ROLE_RSP_TP1" PRIMARY KEY ("FDOC_NBR", "ROLE_RSP_ID")
  USING INDEX PCTFREE 10 INITRANS 2 MAXTRANS 255 COMPUTE STATISTICS 
  STORAGE(INITIAL 65536 NEXT 1048576 MINEXTENTS 1 MAXEXTENTS 2147483645
  PCTINCREASE 0 FREELISTS 1 FREELIST GROUPS 1 BUFFER_POOL DEFAULT FLASH_CACHE DEFAULT CELL_FLASH_CACHE DEFAULT)
    ENABLE;
--------------------------------------------------------
--  Constraints for Table KREW_RTE_BRCH_ST_T
--------------------------------------------------------

  ALTER TABLE "KREW_RTE_BRCH_ST_T" MODIFY ("RTE_BRCH_ID" NOT NULL ENABLE);
  ALTER TABLE "KREW_RTE_BRCH_ST_T" MODIFY ("KEY_CD" NOT NULL ENABLE);
  ALTER TABLE "KREW_RTE_BRCH_ST_T" ADD CONSTRAINT "KREW_RTE_BRCH_ST_TP1" PRIMARY KEY ("RTE_BRCH_ST_ID")
  USING INDEX PCTFREE 10 INITRANS 2 MAXTRANS 255 COMPUTE STATISTICS 
  STORAGE(INITIAL 65536 NEXT 1048576 MINEXTENTS 1 MAXEXTENTS 2147483645
  PCTINCREASE 0 FREELISTS 1 FREELIST GROUPS 1 BUFFER_POOL DEFAULT FLASH_CACHE DEFAULT CELL_FLASH_CACHE DEFAULT)
    ENABLE;
--------------------------------------------------------
--  Constraints for Table KRIM_GRP_DOCUMENT_T
--------------------------------------------------------

  ALTER TABLE "KRIM_GRP_DOCUMENT_T" MODIFY ("GRP_ID" NOT NULL ENABLE);
  ALTER TABLE "KRIM_GRP_DOCUMENT_T" MODIFY ("OBJ_ID" NOT NULL ENABLE);
  ALTER TABLE "KRIM_GRP_DOCUMENT_T" MODIFY ("VER_NBR" NOT NULL ENABLE);
  ALTER TABLE "KRIM_GRP_DOCUMENT_T" MODIFY ("KIM_TYP_ID" NOT NULL ENABLE);
  ALTER TABLE "KRIM_GRP_DOCUMENT_T" MODIFY ("GRP_NMSPC" NOT NULL ENABLE);
  ALTER TABLE "KRIM_GRP_DOCUMENT_T" ADD CONSTRAINT "KRIM_GRP_DOCUMENT_TP1" PRIMARY KEY ("FDOC_NBR")
  USING INDEX PCTFREE 10 INITRANS 2 MAXTRANS 255 COMPUTE STATISTICS 
  STORAGE(INITIAL 65536 NEXT 1048576 MINEXTENTS 1 MAXEXTENTS 2147483645
  PCTINCREASE 0 FREELISTS 1 FREELIST GROUPS 1 BUFFER_POOL DEFAULT FLASH_CACHE DEFAULT CELL_FLASH_CACHE DEFAULT)
    ENABLE;
--------------------------------------------------------
--  Constraints for Table TRVL_PER_DIEM_T
--------------------------------------------------------

  ALTER TABLE "TRVL_PER_DIEM_T" MODIFY ("TRIP_TYP_CD" NOT NULL ENABLE);
  ALTER TABLE "TRVL_PER_DIEM_T" MODIFY ("ACTV_IND" NOT NULL ENABLE);
  ALTER TABLE "TRVL_PER_DIEM_T" MODIFY ("VER_NBR" NOT NULL ENABLE);
  ALTER TABLE "TRVL_PER_DIEM_T" MODIFY ("OBJ_ID" NOT NULL ENABLE);
  ALTER TABLE "TRVL_PER_DIEM_T" ADD CONSTRAINT "TRVL_PER_DIEM_TP1" PRIMARY KEY ("ID")
  USING INDEX PCTFREE 10 INITRANS 2 MAXTRANS 255 COMPUTE STATISTICS 
  STORAGE(INITIAL 65536 NEXT 1048576 MINEXTENTS 1 MAXEXTENTS 2147483645
  PCTINCREASE 0 FREELISTS 1 FREELIST GROUPS 1 BUFFER_POOL DEFAULT FLASH_CACHE DEFAULT CELL_FLASH_CACHE DEFAULT)
    ENABLE;
--------------------------------------------------------
--  Constraints for Table KRIM_PND_EMP_INFO_MT
--------------------------------------------------------

  ALTER TABLE "KRIM_PND_EMP_INFO_MT" MODIFY ("OBJ_ID" NOT NULL ENABLE);
  ALTER TABLE "KRIM_PND_EMP_INFO_MT" MODIFY ("VER_NBR" NOT NULL ENABLE);
  ALTER TABLE "KRIM_PND_EMP_INFO_MT" ADD CONSTRAINT "KRIM_PND_EMP_INFO_MTP1" PRIMARY KEY ("FDOC_NBR", "ENTITY_EMP_ID")
  USING INDEX PCTFREE 10 INITRANS 2 MAXTRANS 255 COMPUTE STATISTICS 
  STORAGE(INITIAL 65536 NEXT 1048576 MINEXTENTS 1 MAXEXTENTS 2147483645
  PCTINCREASE 0 FREELISTS 1 FREELIST GROUPS 1 BUFFER_POOL DEFAULT FLASH_CACHE DEFAULT CELL_FLASH_CACHE DEFAULT)
    ENABLE;
--------------------------------------------------------
--  Constraints for Table KRIM_PND_ROLE_RSP_ACTN_MT
--------------------------------------------------------

  ALTER TABLE "KRIM_PND_ROLE_RSP_ACTN_MT" MODIFY ("OBJ_ID" NOT NULL ENABLE);
  ALTER TABLE "KRIM_PND_ROLE_RSP_ACTN_MT" MODIFY ("VER_NBR" NOT NULL ENABLE);
  ALTER TABLE "KRIM_PND_ROLE_RSP_ACTN_MT" ADD CONSTRAINT "KRIM_PND_ROLE_RSP_ACTN_MTP1" PRIMARY KEY ("ROLE_RSP_ACTN_ID", "FDOC_NBR")
  USING INDEX PCTFREE 10 INITRANS 2 MAXTRANS 255 COMPUTE STATISTICS 
  STORAGE(INITIAL 65536 NEXT 1048576 MINEXTENTS 1 MAXEXTENTS 2147483645
  PCTINCREASE 0 FREELISTS 1 FREELIST GROUPS 1 BUFFER_POOL DEFAULT FLASH_CACHE DEFAULT CELL_FLASH_CACHE DEFAULT)
    ENABLE;
--------------------------------------------------------
--  Constraints for Table KRMS_TERM_SPEC_T
--------------------------------------------------------

  ALTER TABLE "KRMS_TERM_SPEC_T" ADD CONSTRAINT "KRMS_TERM_SPEC_TP1" PRIMARY KEY ("TERM_SPEC_ID")
  USING INDEX PCTFREE 10 INITRANS 2 MAXTRANS 255 COMPUTE STATISTICS 
  STORAGE(INITIAL 65536 NEXT 1048576 MINEXTENTS 1 MAXEXTENTS 2147483645
  PCTINCREASE 0 FREELISTS 1 FREELIST GROUPS 1 BUFFER_POOL DEFAULT FLASH_CACHE DEFAULT CELL_FLASH_CACHE DEFAULT)
    ENABLE;
  ALTER TABLE "KRMS_TERM_SPEC_T" ADD CONSTRAINT "KRMS_TERM_SPEC_TC1" UNIQUE ("NM", "NMSPC_CD")
  USING INDEX PCTFREE 10 INITRANS 2 MAXTRANS 255 
  STORAGE(INITIAL 65536 NEXT 1048576 MINEXTENTS 1 MAXEXTENTS 2147483645
  PCTINCREASE 0 FREELISTS 1 FREELIST GROUPS 1 BUFFER_POOL DEFAULT FLASH_CACHE DEFAULT CELL_FLASH_CACHE DEFAULT)
    ENABLE;
  ALTER TABLE "KRMS_TERM_SPEC_T" MODIFY ("NMSPC_CD" NOT NULL ENABLE);
  ALTER TABLE "KRMS_TERM_SPEC_T" MODIFY ("VER_NBR" NOT NULL ENABLE);
  ALTER TABLE "KRMS_TERM_SPEC_T" MODIFY ("ACTV" NOT NULL ENABLE);
  ALTER TABLE "KRMS_TERM_SPEC_T" MODIFY ("TYP" NOT NULL ENABLE);
  ALTER TABLE "KRMS_TERM_SPEC_T" MODIFY ("NM" NOT NULL ENABLE);
--------------------------------------------------------
--  Constraints for Table KRIM_EMP_TYP_T
--------------------------------------------------------

  ALTER TABLE "KRIM_EMP_TYP_T" ADD CONSTRAINT "KRIM_EMP_TYP_TP1" PRIMARY KEY ("EMP_TYP_CD")
  USING INDEX PCTFREE 10 INITRANS 2 MAXTRANS 255 COMPUTE STATISTICS 
  STORAGE(INITIAL 65536 NEXT 1048576 MINEXTENTS 1 MAXEXTENTS 2147483645
  PCTINCREASE 0 FREELISTS 1 FREELIST GROUPS 1 BUFFER_POOL DEFAULT FLASH_CACHE DEFAULT CELL_FLASH_CACHE DEFAULT)
    ENABLE;
  ALTER TABLE "KRIM_EMP_TYP_T" ADD CONSTRAINT "KRIM_EMP_TYP_TC1" UNIQUE ("NM")
  USING INDEX PCTFREE 10 INITRANS 2 MAXTRANS 255 
  STORAGE(INITIAL 65536 NEXT 1048576 MINEXTENTS 1 MAXEXTENTS 2147483645
  PCTINCREASE 0 FREELISTS 1 FREELIST GROUPS 1 BUFFER_POOL DEFAULT FLASH_CACHE DEFAULT CELL_FLASH_CACHE DEFAULT)
    ENABLE;
  ALTER TABLE "KRIM_EMP_TYP_T" ADD CONSTRAINT "KRIM_EMP_TYP_TC0" UNIQUE ("OBJ_ID")
  USING INDEX PCTFREE 10 INITRANS 2 MAXTRANS 255 
  STORAGE(INITIAL 65536 NEXT 1048576 MINEXTENTS 1 MAXEXTENTS 2147483645
  PCTINCREASE 0 FREELISTS 1 FREELIST GROUPS 1 BUFFER_POOL DEFAULT FLASH_CACHE DEFAULT CELL_FLASH_CACHE DEFAULT)
    ENABLE;
  ALTER TABLE "KRIM_EMP_TYP_T" MODIFY ("VER_NBR" NOT NULL ENABLE);
  ALTER TABLE "KRIM_EMP_TYP_T" MODIFY ("OBJ_ID" NOT NULL ENABLE);
--------------------------------------------------------
--  Constraints for Table KREW_DOC_HDR_T
--------------------------------------------------------

  ALTER TABLE "KREW_DOC_HDR_T" MODIFY ("DOC_HDR_STAT_CD" NOT NULL ENABLE);
  ALTER TABLE "KREW_DOC_HDR_T" MODIFY ("RTE_LVL" NOT NULL ENABLE);
  ALTER TABLE "KREW_DOC_HDR_T" MODIFY ("STAT_MDFN_DT" NOT NULL ENABLE);
  ALTER TABLE "KREW_DOC_HDR_T" MODIFY ("CRTE_DT" NOT NULL ENABLE);
  ALTER TABLE "KREW_DOC_HDR_T" MODIFY ("DOC_VER_NBR" NOT NULL ENABLE);
  ALTER TABLE "KREW_DOC_HDR_T" MODIFY ("INITR_PRNCPL_ID" NOT NULL ENABLE);
  ALTER TABLE "KREW_DOC_HDR_T" MODIFY ("OBJ_ID" NOT NULL ENABLE);
  ALTER TABLE "KREW_DOC_HDR_T" ADD CONSTRAINT "KREW_DOC_HDR_TC0" UNIQUE ("OBJ_ID")
  USING INDEX PCTFREE 10 INITRANS 2 MAXTRANS 255 COMPUTE STATISTICS 
  STORAGE(INITIAL 65536 NEXT 1048576 MINEXTENTS 1 MAXEXTENTS 2147483645
  PCTINCREASE 0 FREELISTS 1 FREELIST GROUPS 1 BUFFER_POOL DEFAULT FLASH_CACHE DEFAULT CELL_FLASH_CACHE DEFAULT)
    ENABLE;
  ALTER TABLE "KREW_DOC_HDR_T" ADD CONSTRAINT "KREW_DOC_HDR_TP1" PRIMARY KEY ("DOC_HDR_ID")
  USING INDEX PCTFREE 10 INITRANS 2 MAXTRANS 255 COMPUTE STATISTICS 
  STORAGE(INITIAL 65536 NEXT 1048576 MINEXTENTS 1 MAXEXTENTS 2147483645
  PCTINCREASE 0 FREELISTS 1 FREELIST GROUPS 1 BUFFER_POOL DEFAULT FLASH_CACHE DEFAULT CELL_FLASH_CACHE DEFAULT)
    ENABLE;
--------------------------------------------------------
--  Constraints for Table TRVL_TRIP_TYP_T
--------------------------------------------------------

  ALTER TABLE "TRVL_TRIP_TYP_T" MODIFY ("NM" NOT NULL ENABLE);
  ALTER TABLE "TRVL_TRIP_TYP_T" MODIFY ("GEN_ENC_IND" NOT NULL ENABLE);
  ALTER TABLE "TRVL_TRIP_TYP_T" MODIFY ("CONT_INFO_REQ_IND" NOT NULL ENABLE);
  ALTER TABLE "TRVL_TRIP_TYP_T" MODIFY ("BLANKET_IND" NOT NULL ENABLE);
  ALTER TABLE "TRVL_TRIP_TYP_T" MODIFY ("AUTO_TR_LIMIT" NOT NULL ENABLE);
  ALTER TABLE "TRVL_TRIP_TYP_T" MODIFY ("USE_PER_DIEM" NOT NULL ENABLE);
  ALTER TABLE "TRVL_TRIP_TYP_T" MODIFY ("TA_REQUIRED" NOT NULL ENABLE);
  ALTER TABLE "TRVL_TRIP_TYP_T" MODIFY ("PER_DIEM_CALC_METHOD" NOT NULL ENABLE);
  ALTER TABLE "TRVL_TRIP_TYP_T" MODIFY ("ACTV_IND" NOT NULL ENABLE);
  ALTER TABLE "TRVL_TRIP_TYP_T" MODIFY ("VER_NBR" NOT NULL ENABLE);
  ALTER TABLE "TRVL_TRIP_TYP_T" MODIFY ("OBJ_ID" NOT NULL ENABLE);
  ALTER TABLE "TRVL_TRIP_TYP_T" ADD CONSTRAINT "TRVL_TRIP_TYP_TP1" PRIMARY KEY ("CODE")
  USING INDEX PCTFREE 10 INITRANS 2 MAXTRANS 255 COMPUTE STATISTICS 
  STORAGE(INITIAL 65536 NEXT 1048576 MINEXTENTS 1 MAXEXTENTS 2147483645
  PCTINCREASE 0 FREELISTS 1 FREELIST GROUPS 1 BUFFER_POOL DEFAULT FLASH_CACHE DEFAULT CELL_FLASH_CACHE DEFAULT)
    ENABLE;
--------------------------------------------------------
--  Constraints for Table KREW_RTE_NODE_T
--------------------------------------------------------

  ALTER TABLE "KREW_RTE_NODE_T" MODIFY ("NM" NOT NULL ENABLE);
  ALTER TABLE "KREW_RTE_NODE_T" MODIFY ("TYP" NOT NULL ENABLE);
  ALTER TABLE "KREW_RTE_NODE_T" ADD CONSTRAINT "KREW_RTE_NODE_TP1" PRIMARY KEY ("RTE_NODE_ID")
  USING INDEX PCTFREE 10 INITRANS 2 MAXTRANS 255 COMPUTE STATISTICS 
  STORAGE(INITIAL 65536 NEXT 1048576 MINEXTENTS 1 MAXEXTENTS 2147483645
  PCTINCREASE 0 FREELISTS 1 FREELIST GROUPS 1 BUFFER_POOL DEFAULT FLASH_CACHE DEFAULT CELL_FLASH_CACHE DEFAULT)
    ENABLE;
--------------------------------------------------------
--  Constraints for Table KRIM_PND_EMAIL_MT
--------------------------------------------------------

  ALTER TABLE "KRIM_PND_EMAIL_MT" MODIFY ("OBJ_ID" NOT NULL ENABLE);
  ALTER TABLE "KRIM_PND_EMAIL_MT" MODIFY ("VER_NBR" NOT NULL ENABLE);
  ALTER TABLE "KRIM_PND_EMAIL_MT" ADD CONSTRAINT "KRIM_PND_EMAIL_MTP1" PRIMARY KEY ("FDOC_NBR", "ENTITY_EMAIL_ID")
  USING INDEX PCTFREE 10 INITRANS 2 MAXTRANS 255 COMPUTE STATISTICS 
  STORAGE(INITIAL 65536 NEXT 1048576 MINEXTENTS 1 MAXEXTENTS 2147483645
  PCTINCREASE 0 FREELISTS 1 FREELIST GROUPS 1 BUFFER_POOL DEFAULT FLASH_CACHE DEFAULT CELL_FLASH_CACHE DEFAULT)
    ENABLE;
--------------------------------------------------------
--  Constraints for Table KREW_ACTN_TKN_T
--------------------------------------------------------

  ALTER TABLE "KREW_ACTN_TKN_T" MODIFY ("DOC_HDR_ID" NOT NULL ENABLE);
  ALTER TABLE "KREW_ACTN_TKN_T" MODIFY ("PRNCPL_ID" NOT NULL ENABLE);
  ALTER TABLE "KREW_ACTN_TKN_T" MODIFY ("ACTN_CD" NOT NULL ENABLE);
  ALTER TABLE "KREW_ACTN_TKN_T" MODIFY ("ACTN_DT" NOT NULL ENABLE);
  ALTER TABLE "KREW_ACTN_TKN_T" MODIFY ("DOC_VER_NBR" NOT NULL ENABLE);
  ALTER TABLE "KREW_ACTN_TKN_T" ADD CONSTRAINT "KREW_ACTN_TKN_TP1" PRIMARY KEY ("ACTN_TKN_ID")
  USING INDEX PCTFREE 10 INITRANS 2 MAXTRANS 255 COMPUTE STATISTICS 
  STORAGE(INITIAL 65536 NEXT 1048576 MINEXTENTS 1 MAXEXTENTS 2147483645
  PCTINCREASE 0 FREELISTS 1 FREELIST GROUPS 1 BUFFER_POOL DEFAULT FLASH_CACHE DEFAULT CELL_FLASH_CACHE DEFAULT)
    ENABLE;
--------------------------------------------------------
--  Constraints for Table KREW_PPL_FLW_T
--------------------------------------------------------

  ALTER TABLE "KREW_PPL_FLW_T" MODIFY ("NM" NOT NULL ENABLE);
  ALTER TABLE "KREW_PPL_FLW_T" MODIFY ("NMSPC_CD" NOT NULL ENABLE);
  ALTER TABLE "KREW_PPL_FLW_T" MODIFY ("ACTV" NOT NULL ENABLE);
  ALTER TABLE "KREW_PPL_FLW_T" MODIFY ("VER_NBR" NOT NULL ENABLE);
  ALTER TABLE "KREW_PPL_FLW_T" ADD CONSTRAINT "KREW_PPL_FLW_TC1" UNIQUE ("NM", "NMSPC_CD")
  USING INDEX PCTFREE 10 INITRANS 2 MAXTRANS 255 COMPUTE STATISTICS 
  STORAGE(INITIAL 65536 NEXT 1048576 MINEXTENTS 1 MAXEXTENTS 2147483645
  PCTINCREASE 0 FREELISTS 1 FREELIST GROUPS 1 BUFFER_POOL DEFAULT FLASH_CACHE DEFAULT CELL_FLASH_CACHE DEFAULT)
    ENABLE;
  ALTER TABLE "KREW_PPL_FLW_T" ADD CONSTRAINT "KREW_PPL_FLW_TP1" PRIMARY KEY ("PPL_FLW_ID")
  USING INDEX PCTFREE 10 INITRANS 2 MAXTRANS 255 COMPUTE STATISTICS 
  STORAGE(INITIAL 65536 NEXT 1048576 MINEXTENTS 1 MAXEXTENTS 2147483645
  PCTINCREASE 0 FREELISTS 1 FREELIST GROUPS 1 BUFFER_POOL DEFAULT FLASH_CACHE DEFAULT CELL_FLASH_CACHE DEFAULT)
    ENABLE;
--------------------------------------------------------
--  Constraints for Table KRMS_TERM_RSLVR_INPUT_SPEC_T
--------------------------------------------------------

  ALTER TABLE "KRMS_TERM_RSLVR_INPUT_SPEC_T" ADD CONSTRAINT "KRMS_TERM_RSLVR_INPUT_SPEC_P1" PRIMARY KEY ("TERM_SPEC_ID", "TERM_RSLVR_ID")
  USING INDEX PCTFREE 10 INITRANS 2 MAXTRANS 255 COMPUTE STATISTICS 
  STORAGE(INITIAL 65536 NEXT 1048576 MINEXTENTS 1 MAXEXTENTS 2147483645
  PCTINCREASE 0 FREELISTS 1 FREELIST GROUPS 1 BUFFER_POOL DEFAULT FLASH_CACHE DEFAULT CELL_FLASH_CACHE DEFAULT)
    ENABLE;
--------------------------------------------------------
--  Constraints for Table KRMS_NL_TMPL_ATTR_T
--------------------------------------------------------

  ALTER TABLE "KRMS_NL_TMPL_ATTR_T" ADD CONSTRAINT "KRMS_NL_TMPL_ATTR_TC1" UNIQUE ("NL_TMPL_ID", "ATTR_DEFN_ID")
  USING INDEX PCTFREE 10 INITRANS 2 MAXTRANS 255 COMPUTE STATISTICS 
  STORAGE(INITIAL 65536 NEXT 1048576 MINEXTENTS 1 MAXEXTENTS 2147483645
  PCTINCREASE 0 FREELISTS 1 FREELIST GROUPS 1 BUFFER_POOL DEFAULT FLASH_CACHE DEFAULT CELL_FLASH_CACHE DEFAULT)
    ENABLE;
  ALTER TABLE "KRMS_NL_TMPL_ATTR_T" ADD CONSTRAINT "KRMS_NL_TMPL_ATTR_TP1" PRIMARY KEY ("NL_TMPL_ATTR_ID")
  USING INDEX PCTFREE 10 INITRANS 2 MAXTRANS 255 COMPUTE STATISTICS 
  STORAGE(INITIAL 65536 NEXT 1048576 MINEXTENTS 1 MAXEXTENTS 2147483645
  PCTINCREASE 0 FREELISTS 1 FREELIST GROUPS 1 BUFFER_POOL DEFAULT FLASH_CACHE DEFAULT CELL_FLASH_CACHE DEFAULT)
    ENABLE;
  ALTER TABLE "KRMS_NL_TMPL_ATTR_T" MODIFY ("NL_TMPL_ID" NOT NULL ENABLE);
  ALTER TABLE "KRMS_NL_TMPL_ATTR_T" MODIFY ("ATTR_DEFN_ID" NOT NULL ENABLE);
  ALTER TABLE "KRMS_NL_TMPL_ATTR_T" MODIFY ("VER_NBR" NOT NULL ENABLE);
--------------------------------------------------------
--  Constraints for Table KREN_PRODCR_T
--------------------------------------------------------

  ALTER TABLE "KREN_PRODCR_T" ADD CONSTRAINT "KREN_PRODCR_TP1" PRIMARY KEY ("PRODCR_ID")
  USING INDEX PCTFREE 10 INITRANS 2 MAXTRANS 255 COMPUTE STATISTICS 
  STORAGE(INITIAL 65536 NEXT 1048576 MINEXTENTS 1 MAXEXTENTS 2147483645
  PCTINCREASE 0 FREELISTS 1 FREELIST GROUPS 1 BUFFER_POOL DEFAULT FLASH_CACHE DEFAULT CELL_FLASH_CACHE DEFAULT)
    ENABLE;
  ALTER TABLE "KREN_PRODCR_T" ADD CONSTRAINT "KREN_PRODCR_TC0" UNIQUE ("NM")
  USING INDEX PCTFREE 10 INITRANS 2 MAXTRANS 255 
  STORAGE(INITIAL 65536 NEXT 1048576 MINEXTENTS 1 MAXEXTENTS 2147483645
  PCTINCREASE 0 FREELISTS 1 FREELIST GROUPS 1 BUFFER_POOL DEFAULT FLASH_CACHE DEFAULT CELL_FLASH_CACHE DEFAULT)
    ENABLE;
  ALTER TABLE "KREN_PRODCR_T" MODIFY ("VER_NBR" NOT NULL ENABLE);
  ALTER TABLE "KREN_PRODCR_T" MODIFY ("CNTCT_INFO" NOT NULL ENABLE);
  ALTER TABLE "KREN_PRODCR_T" MODIFY ("DESC_TXT" NOT NULL ENABLE);
  ALTER TABLE "KREN_PRODCR_T" MODIFY ("NM" NOT NULL ENABLE);
--------------------------------------------------------
--  Constraints for Table KRSB_MSG_PYLD_T
--------------------------------------------------------

  ALTER TABLE "KRSB_MSG_PYLD_T" MODIFY ("MSG_PYLD" NOT NULL ENABLE);
  ALTER TABLE "KRSB_MSG_PYLD_T" ADD CONSTRAINT "KRSB_MSG_PYLD_TP1" PRIMARY KEY ("MSG_QUE_ID")
  USING INDEX PCTFREE 10 INITRANS 2 MAXTRANS 255 COMPUTE STATISTICS 
  STORAGE(INITIAL 65536 NEXT 1048576 MINEXTENTS 1 MAXEXTENTS 2147483645
  PCTINCREASE 0 FREELISTS 1 FREELIST GROUPS 1 BUFFER_POOL DEFAULT FLASH_CACHE DEFAULT CELL_FLASH_CACHE DEFAULT)
    ENABLE;
--------------------------------------------------------
--  Constraints for Table KRIM_ENT_NM_TYP_T
--------------------------------------------------------

  ALTER TABLE "KRIM_ENT_NM_TYP_T" MODIFY ("OBJ_ID" NOT NULL ENABLE);
  ALTER TABLE "KRIM_ENT_NM_TYP_T" MODIFY ("VER_NBR" NOT NULL ENABLE);
  ALTER TABLE "KRIM_ENT_NM_TYP_T" ADD CONSTRAINT "KRIM_ENT_NM_TYP_TC0" UNIQUE ("OBJ_ID")
  USING INDEX PCTFREE 10 INITRANS 2 MAXTRANS 255 COMPUTE STATISTICS 
  STORAGE(INITIAL 65536 NEXT 1048576 MINEXTENTS 1 MAXEXTENTS 2147483645
  PCTINCREASE 0 FREELISTS 1 FREELIST GROUPS 1 BUFFER_POOL DEFAULT FLASH_CACHE DEFAULT CELL_FLASH_CACHE DEFAULT)
    ENABLE;
  ALTER TABLE "KRIM_ENT_NM_TYP_T" ADD CONSTRAINT "KRIM_ENT_NM_TYP_TC1" UNIQUE ("NM")
  USING INDEX PCTFREE 10 INITRANS 2 MAXTRANS 255 COMPUTE STATISTICS 
  STORAGE(INITIAL 65536 NEXT 1048576 MINEXTENTS 1 MAXEXTENTS 2147483645
  PCTINCREASE 0 FREELISTS 1 FREELIST GROUPS 1 BUFFER_POOL DEFAULT FLASH_CACHE DEFAULT CELL_FLASH_CACHE DEFAULT)
    ENABLE;
  ALTER TABLE "KRIM_ENT_NM_TYP_T" ADD CONSTRAINT "KRIM_ENT_NM_TYP_TP1" PRIMARY KEY ("ENT_NM_TYP_CD")
  USING INDEX PCTFREE 10 INITRANS 2 MAXTRANS 255 COMPUTE STATISTICS 
  STORAGE(INITIAL 65536 NEXT 1048576 MINEXTENTS 1 MAXEXTENTS 2147483645
  PCTINCREASE 0 FREELISTS 1 FREELIST GROUPS 1 BUFFER_POOL DEFAULT FLASH_CACHE DEFAULT CELL_FLASH_CACHE DEFAULT)
    ENABLE;
--------------------------------------------------------
--  Constraints for Table KRIM_PND_ROLE_MT
--------------------------------------------------------

  ALTER TABLE "KRIM_PND_ROLE_MT" MODIFY ("OBJ_ID" NOT NULL ENABLE);
  ALTER TABLE "KRIM_PND_ROLE_MT" MODIFY ("VER_NBR" NOT NULL ENABLE);
  ALTER TABLE "KRIM_PND_ROLE_MT" MODIFY ("ROLE_NM" NOT NULL ENABLE);
  ALTER TABLE "KRIM_PND_ROLE_MT" ADD CONSTRAINT "KRIM_PND_ROLE_MTP1" PRIMARY KEY ("FDOC_NBR", "ROLE_ID")
  USING INDEX PCTFREE 10 INITRANS 2 MAXTRANS 255 COMPUTE STATISTICS 
  STORAGE(INITIAL 65536 NEXT 1048576 MINEXTENTS 1 MAXEXTENTS 2147483645
  PCTINCREASE 0 FREELISTS 1 FREELIST GROUPS 1 BUFFER_POOL DEFAULT FLASH_CACHE DEFAULT CELL_FLASH_CACHE DEFAULT)
    ENABLE;
--------------------------------------------------------
--  Constraints for Table TRVL_AUTH_DOC_T
--------------------------------------------------------

  ALTER TABLE "TRVL_AUTH_DOC_T" MODIFY ("VER_NBR" NOT NULL ENABLE);
  ALTER TABLE "TRVL_AUTH_DOC_T" MODIFY ("OBJ_ID" NOT NULL ENABLE);
  ALTER TABLE "TRVL_AUTH_DOC_T" ADD CONSTRAINT "TRVL_AUTH_DOC_TP1" PRIMARY KEY ("FDOC_NBR")
  USING INDEX PCTFREE 10 INITRANS 2 MAXTRANS 255 COMPUTE STATISTICS 
  STORAGE(INITIAL 65536 NEXT 1048576 MINEXTENTS 1 MAXEXTENTS 2147483645
  PCTINCREASE 0 FREELISTS 1 FREELIST GROUPS 1 BUFFER_POOL DEFAULT FLASH_CACHE DEFAULT CELL_FLASH_CACHE DEFAULT)
    ENABLE;
--------------------------------------------------------
--  Constraints for Table KREW_DOC_HDR_EXT_LONG_T
--------------------------------------------------------

  ALTER TABLE "KREW_DOC_HDR_EXT_LONG_T" MODIFY ("DOC_HDR_ID" NOT NULL ENABLE);
  ALTER TABLE "KREW_DOC_HDR_EXT_LONG_T" MODIFY ("KEY_CD" NOT NULL ENABLE);
  ALTER TABLE "KREW_DOC_HDR_EXT_LONG_T" ADD CONSTRAINT "KREW_DOC_HDR_EXT_LONG_TP1" PRIMARY KEY ("DOC_HDR_EXT_LONG_ID")
  USING INDEX PCTFREE 10 INITRANS 2 MAXTRANS 255 COMPUTE STATISTICS 
  STORAGE(INITIAL 65536 NEXT 1048576 MINEXTENTS 1 MAXEXTENTS 2147483645
  PCTINCREASE 0 FREELISTS 1 FREELIST GROUPS 1 BUFFER_POOL DEFAULT FLASH_CACHE DEFAULT CELL_FLASH_CACHE DEFAULT)
    ENABLE;
--------------------------------------------------------
--  Constraints for Table KRIM_PND_GRP_MBR_T
--------------------------------------------------------

  ALTER TABLE "KRIM_PND_GRP_MBR_T" MODIFY ("OBJ_ID" NOT NULL ENABLE);
  ALTER TABLE "KRIM_PND_GRP_MBR_T" MODIFY ("VER_NBR" NOT NULL ENABLE);
  ALTER TABLE "KRIM_PND_GRP_MBR_T" MODIFY ("GRP_ID" NOT NULL ENABLE);
  ALTER TABLE "KRIM_PND_GRP_MBR_T" MODIFY ("MBR_TYP_CD" NOT NULL ENABLE);
  ALTER TABLE "KRIM_PND_GRP_MBR_T" ADD CONSTRAINT "KRIM_PND_GRP_MBR_TP1" PRIMARY KEY ("FDOC_NBR", "GRP_MBR_ID")
  USING INDEX PCTFREE 10 INITRANS 2 MAXTRANS 255 COMPUTE STATISTICS 
  STORAGE(INITIAL 65536 NEXT 1048576 MINEXTENTS 1 MAXEXTENTS 2147483645
  PCTINCREASE 0 FREELISTS 1 FREELIST GROUPS 1 BUFFER_POOL DEFAULT FLASH_CACHE DEFAULT CELL_FLASH_CACHE DEFAULT)
    ENABLE;
--------------------------------------------------------
--  Constraints for Table KRAD_MSG_T
--------------------------------------------------------

  ALTER TABLE "KRAD_MSG_T" MODIFY ("OBJ_ID" NOT NULL ENABLE);
  ALTER TABLE "KRAD_MSG_T" MODIFY ("VER_NBR" NOT NULL ENABLE);
  ALTER TABLE "KRAD_MSG_T" ADD CONSTRAINT "KRAD_MSG_TC0" UNIQUE ("OBJ_ID")
  USING INDEX PCTFREE 10 INITRANS 2 MAXTRANS 255 COMPUTE STATISTICS 
  STORAGE(INITIAL 65536 NEXT 1048576 MINEXTENTS 1 MAXEXTENTS 2147483645
  PCTINCREASE 0 FREELISTS 1 FREELIST GROUPS 1 BUFFER_POOL DEFAULT FLASH_CACHE DEFAULT CELL_FLASH_CACHE DEFAULT)
    ENABLE;
  ALTER TABLE "KRAD_MSG_T" ADD CONSTRAINT "KRAD_MSG_TP1" PRIMARY KEY ("NMSPC_CD", "CMPNT_CD", "MSG_KEY", "LOC")
  USING INDEX PCTFREE 10 INITRANS 2 MAXTRANS 255 COMPUTE STATISTICS 
  STORAGE(INITIAL 65536 NEXT 1048576 MINEXTENTS 1 MAXEXTENTS 2147483645
  PCTINCREASE 0 FREELISTS 1 FREELIST GROUPS 1 BUFFER_POOL DEFAULT FLASH_CACHE DEFAULT CELL_FLASH_CACHE DEFAULT)
    ENABLE;
--------------------------------------------------------
--  Constraints for Table KREW_RULE_T
--------------------------------------------------------

  ALTER TABLE "KREW_RULE_T" MODIFY ("ACTV_IND" NOT NULL ENABLE);
  ALTER TABLE "KREW_RULE_T" MODIFY ("FRC_ACTN" NOT NULL ENABLE);
  ALTER TABLE "KREW_RULE_T" MODIFY ("DOC_TYP_NM" NOT NULL ENABLE);
  ALTER TABLE "KREW_RULE_T" MODIFY ("OBJ_ID" NOT NULL ENABLE);
  ALTER TABLE "KREW_RULE_T" ADD CONSTRAINT "KREW_RULE_TC0" UNIQUE ("OBJ_ID")
  USING INDEX PCTFREE 10 INITRANS 2 MAXTRANS 255 COMPUTE STATISTICS 
  STORAGE(INITIAL 65536 NEXT 1048576 MINEXTENTS 1 MAXEXTENTS 2147483645
  PCTINCREASE 0 FREELISTS 1 FREELIST GROUPS 1 BUFFER_POOL DEFAULT FLASH_CACHE DEFAULT CELL_FLASH_CACHE DEFAULT)
    ENABLE;
  ALTER TABLE "KREW_RULE_T" ADD CONSTRAINT "KREW_RULE_TP1" PRIMARY KEY ("RULE_ID")
  USING INDEX PCTFREE 10 INITRANS 2 MAXTRANS 255 COMPUTE STATISTICS 
  STORAGE(INITIAL 65536 NEXT 1048576 MINEXTENTS 1 MAXEXTENTS 2147483645
  PCTINCREASE 0 FREELISTS 1 FREELIST GROUPS 1 BUFFER_POOL DEFAULT FLASH_CACHE DEFAULT CELL_FLASH_CACHE DEFAULT)
    ENABLE;
--------------------------------------------------------
--  Constraints for Table KREW_RULE_TMPL_OPTN_T
--------------------------------------------------------

  ALTER TABLE "KREW_RULE_TMPL_OPTN_T" ADD CONSTRAINT "KREW_RULE_TMPL_OPTN_TP1" PRIMARY KEY ("RULE_TMPL_OPTN_ID")
  USING INDEX PCTFREE 10 INITRANS 2 MAXTRANS 255 COMPUTE STATISTICS 
  STORAGE(INITIAL 65536 NEXT 1048576 MINEXTENTS 1 MAXEXTENTS 2147483645
  PCTINCREASE 0 FREELISTS 1 FREELIST GROUPS 1 BUFFER_POOL DEFAULT FLASH_CACHE DEFAULT CELL_FLASH_CACHE DEFAULT)
    ENABLE;
--------------------------------------------------------
--  Constraints for Table KRMS_CNTXT_VLD_TERM_SPEC_T
--------------------------------------------------------

  ALTER TABLE "KRMS_CNTXT_VLD_TERM_SPEC_T" MODIFY ("CNTXT_ID" NOT NULL ENABLE);
  ALTER TABLE "KRMS_CNTXT_VLD_TERM_SPEC_T" MODIFY ("TERM_SPEC_ID" NOT NULL ENABLE);
  ALTER TABLE "KRMS_CNTXT_VLD_TERM_SPEC_T" ADD CONSTRAINT "KRMS_CNTXT_VLD_TERM_SPEC_TP1" PRIMARY KEY ("CNTXT_TERM_SPEC_PREREQ_ID")
  USING INDEX PCTFREE 10 INITRANS 2 MAXTRANS 255 COMPUTE STATISTICS 
  STORAGE(INITIAL 65536 NEXT 1048576 MINEXTENTS 1 MAXEXTENTS 2147483645
  PCTINCREASE 0 FREELISTS 1 FREELIST GROUPS 1 BUFFER_POOL DEFAULT FLASH_CACHE DEFAULT CELL_FLASH_CACHE DEFAULT)
    ENABLE;
--------------------------------------------------------
--  Constraints for Table KRIM_ROLE_T
--------------------------------------------------------

  ALTER TABLE "KRIM_ROLE_T" MODIFY ("OBJ_ID" NOT NULL ENABLE);
  ALTER TABLE "KRIM_ROLE_T" MODIFY ("VER_NBR" NOT NULL ENABLE);
  ALTER TABLE "KRIM_ROLE_T" MODIFY ("ROLE_NM" NOT NULL ENABLE);
  ALTER TABLE "KRIM_ROLE_T" MODIFY ("NMSPC_CD" NOT NULL ENABLE);
  ALTER TABLE "KRIM_ROLE_T" MODIFY ("KIM_TYP_ID" NOT NULL ENABLE);
  ALTER TABLE "KRIM_ROLE_T" ADD CONSTRAINT "KRIM_ROLE_TC0" UNIQUE ("OBJ_ID")
  USING INDEX PCTFREE 10 INITRANS 2 MAXTRANS 255 COMPUTE STATISTICS 
  STORAGE(INITIAL 65536 NEXT 1048576 MINEXTENTS 1 MAXEXTENTS 2147483645
  PCTINCREASE 0 FREELISTS 1 FREELIST GROUPS 1 BUFFER_POOL DEFAULT FLASH_CACHE DEFAULT CELL_FLASH_CACHE DEFAULT)
    ENABLE;
  ALTER TABLE "KRIM_ROLE_T" ADD CONSTRAINT "KRIM_ROLE_TC1" UNIQUE ("ROLE_NM", "NMSPC_CD")
  USING INDEX PCTFREE 10 INITRANS 2 MAXTRANS 255 COMPUTE STATISTICS 
  STORAGE(INITIAL 65536 NEXT 1048576 MINEXTENTS 1 MAXEXTENTS 2147483645
  PCTINCREASE 0 FREELISTS 1 FREELIST GROUPS 1 BUFFER_POOL DEFAULT FLASH_CACHE DEFAULT CELL_FLASH_CACHE DEFAULT)
    ENABLE;
  ALTER TABLE "KRIM_ROLE_T" ADD CONSTRAINT "KRIM_ROLE_TP1" PRIMARY KEY ("ROLE_ID")
  USING INDEX PCTFREE 10 INITRANS 2 MAXTRANS 255 COMPUTE STATISTICS 
  STORAGE(INITIAL 65536 NEXT 1048576 MINEXTENTS 1 MAXEXTENTS 2147483645
  PCTINCREASE 0 FREELISTS 1 FREELIST GROUPS 1 BUFFER_POOL DEFAULT FLASH_CACHE DEFAULT CELL_FLASH_CACHE DEFAULT)
    ENABLE;
--------------------------------------------------------
--  Constraints for Table KRCR_PARM_TYP_T
--------------------------------------------------------

  ALTER TABLE "KRCR_PARM_TYP_T" MODIFY ("OBJ_ID" NOT NULL ENABLE);
  ALTER TABLE "KRCR_PARM_TYP_T" MODIFY ("VER_NBR" NOT NULL ENABLE);
  ALTER TABLE "KRCR_PARM_TYP_T" MODIFY ("ACTV_IND" NOT NULL ENABLE);
  ALTER TABLE "KRCR_PARM_TYP_T" ADD CONSTRAINT "KRNS_PARM_TYP_TC0" UNIQUE ("OBJ_ID")
  USING INDEX PCTFREE 10 INITRANS 2 MAXTRANS 255 COMPUTE STATISTICS 
  STORAGE(INITIAL 65536 NEXT 1048576 MINEXTENTS 1 MAXEXTENTS 2147483645
  PCTINCREASE 0 FREELISTS 1 FREELIST GROUPS 1 BUFFER_POOL DEFAULT FLASH_CACHE DEFAULT CELL_FLASH_CACHE DEFAULT)
    ENABLE;
  ALTER TABLE "KRCR_PARM_TYP_T" ADD CONSTRAINT "KRCR_PARM_TYP_TP1" PRIMARY KEY ("PARM_TYP_CD")
  USING INDEX PCTFREE 10 INITRANS 2 MAXTRANS 255 COMPUTE STATISTICS 
  STORAGE(INITIAL 65536 NEXT 1048576 MINEXTENTS 1 MAXEXTENTS 2147483645
  PCTINCREASE 0 FREELISTS 1 FREELIST GROUPS 1 BUFFER_POOL DEFAULT FLASH_CACHE DEFAULT CELL_FLASH_CACHE DEFAULT)
    ENABLE;
--------------------------------------------------------
--  Constraints for Table KRSB_QRTZ_JOB_LISTENERS
--------------------------------------------------------

  ALTER TABLE "KRSB_QRTZ_JOB_LISTENERS" ADD CONSTRAINT "KRSB_QRTZ_JOB_LISTENERSP1" PRIMARY KEY ("JOB_NAME", "JOB_GROUP", "JOB_LISTENER")
  USING INDEX PCTFREE 10 INITRANS 2 MAXTRANS 255 COMPUTE STATISTICS 
  STORAGE(INITIAL 65536 NEXT 1048576 MINEXTENTS 1 MAXEXTENTS 2147483645
  PCTINCREASE 0 FREELISTS 1 FREELIST GROUPS 1 BUFFER_POOL DEFAULT FLASH_CACHE DEFAULT CELL_FLASH_CACHE DEFAULT)
    ENABLE;
--------------------------------------------------------
--  Constraints for Table KRIM_ENTITY_EXT_ID_T
--------------------------------------------------------

  ALTER TABLE "KRIM_ENTITY_EXT_ID_T" MODIFY ("OBJ_ID" NOT NULL ENABLE);
  ALTER TABLE "KRIM_ENTITY_EXT_ID_T" MODIFY ("VER_NBR" NOT NULL ENABLE);
  ALTER TABLE "KRIM_ENTITY_EXT_ID_T" ADD CONSTRAINT "KRIM_ENTITY_EXT_ID_TC0" UNIQUE ("OBJ_ID")
  USING INDEX PCTFREE 10 INITRANS 2 MAXTRANS 255 COMPUTE STATISTICS 
  STORAGE(INITIAL 65536 NEXT 1048576 MINEXTENTS 1 MAXEXTENTS 2147483645
  PCTINCREASE 0 FREELISTS 1 FREELIST GROUPS 1 BUFFER_POOL DEFAULT FLASH_CACHE DEFAULT CELL_FLASH_CACHE DEFAULT)
    ENABLE;
  ALTER TABLE "KRIM_ENTITY_EXT_ID_T" ADD CONSTRAINT "KRIM_ENTITY_EXT_ID_TP1" PRIMARY KEY ("ENTITY_EXT_ID_ID")
  USING INDEX PCTFREE 10 INITRANS 2 MAXTRANS 255 COMPUTE STATISTICS 
  STORAGE(INITIAL 65536 NEXT 1048576 MINEXTENTS 1 MAXEXTENTS 2147483645
  PCTINCREASE 0 FREELISTS 1 FREELIST GROUPS 1 BUFFER_POOL DEFAULT FLASH_CACHE DEFAULT CELL_FLASH_CACHE DEFAULT)
    ENABLE;
--------------------------------------------------------
--  Constraints for Table KRNS_ADHOC_RTE_ACTN_RECIP_T
--------------------------------------------------------

  ALTER TABLE "KRNS_ADHOC_RTE_ACTN_RECIP_T" MODIFY ("OBJ_ID" NOT NULL ENABLE);
  ALTER TABLE "KRNS_ADHOC_RTE_ACTN_RECIP_T" MODIFY ("VER_NBR" NOT NULL ENABLE);
  ALTER TABLE "KRNS_ADHOC_RTE_ACTN_RECIP_T" ADD CONSTRAINT "KRNS_ADHOC_RTE_ACTN_RECIP_TC0" UNIQUE ("OBJ_ID")
  USING INDEX PCTFREE 10 INITRANS 2 MAXTRANS 255 COMPUTE STATISTICS 
  STORAGE(INITIAL 65536 NEXT 1048576 MINEXTENTS 1 MAXEXTENTS 2147483645
  PCTINCREASE 0 FREELISTS 1 FREELIST GROUPS 1 BUFFER_POOL DEFAULT FLASH_CACHE DEFAULT CELL_FLASH_CACHE DEFAULT)
    ENABLE;
  ALTER TABLE "KRNS_ADHOC_RTE_ACTN_RECIP_T" ADD CONSTRAINT "KRNS_ADHOC_RTE_ACTN_RECIP_TP1" PRIMARY KEY ("RECIP_TYP_CD", "ACTN_RQST_CD", "ACTN_RQST_RECIP_ID", "DOC_HDR_ID")
  USING INDEX PCTFREE 10 INITRANS 2 MAXTRANS 255 COMPUTE STATISTICS 
  STORAGE(INITIAL 65536 NEXT 1048576 MINEXTENTS 1 MAXEXTENTS 2147483645
  PCTINCREASE 0 FREELISTS 1 FREELIST GROUPS 1 BUFFER_POOL DEFAULT FLASH_CACHE DEFAULT CELL_FLASH_CACHE DEFAULT)
    ENABLE;
--------------------------------------------------------
--  Constraints for Table KREW_DOC_HDR_CNTNT_T
--------------------------------------------------------

  ALTER TABLE "KREW_DOC_HDR_CNTNT_T" ADD CONSTRAINT "KREW_DOC_HDR_CNTNT_TP1" PRIMARY KEY ("DOC_HDR_ID")
  USING INDEX PCTFREE 10 INITRANS 2 MAXTRANS 255 COMPUTE STATISTICS 
  STORAGE(INITIAL 65536 NEXT 1048576 MINEXTENTS 1 MAXEXTENTS 2147483645
  PCTINCREASE 0 FREELISTS 1 FREELIST GROUPS 1 BUFFER_POOL DEFAULT FLASH_CACHE DEFAULT CELL_FLASH_CACHE DEFAULT)
    ENABLE;
--------------------------------------------------------
--  Constraints for Table KRSB_QRTZ_TRIGGERS
--------------------------------------------------------

  ALTER TABLE "KRSB_QRTZ_TRIGGERS" ADD CONSTRAINT "KRSB_QRTZ_TRIGGERSP1" PRIMARY KEY ("TRIGGER_NAME", "TRIGGER_GROUP")
  USING INDEX PCTFREE 10 INITRANS 2 MAXTRANS 255 COMPUTE STATISTICS 
  STORAGE(INITIAL 65536 NEXT 1048576 MINEXTENTS 1 MAXEXTENTS 2147483645
  PCTINCREASE 0 FREELISTS 1 FREELIST GROUPS 1 BUFFER_POOL DEFAULT FLASH_CACHE DEFAULT CELL_FLASH_CACHE DEFAULT)
    ENABLE;
  ALTER TABLE "KRSB_QRTZ_TRIGGERS" MODIFY ("START_TIME" NOT NULL ENABLE);
  ALTER TABLE "KRSB_QRTZ_TRIGGERS" MODIFY ("TRIGGER_TYPE" NOT NULL ENABLE);
  ALTER TABLE "KRSB_QRTZ_TRIGGERS" MODIFY ("TRIGGER_STATE" NOT NULL ENABLE);
  ALTER TABLE "KRSB_QRTZ_TRIGGERS" MODIFY ("IS_VOLATILE" NOT NULL ENABLE);
  ALTER TABLE "KRSB_QRTZ_TRIGGERS" MODIFY ("JOB_GROUP" NOT NULL ENABLE);
  ALTER TABLE "KRSB_QRTZ_TRIGGERS" MODIFY ("JOB_NAME" NOT NULL ENABLE);
--------------------------------------------------------
--  Constraints for Table KRIM_ROLE_RSP_T
--------------------------------------------------------

  ALTER TABLE "KRIM_ROLE_RSP_T" MODIFY ("OBJ_ID" NOT NULL ENABLE);
  ALTER TABLE "KRIM_ROLE_RSP_T" MODIFY ("VER_NBR" NOT NULL ENABLE);
  ALTER TABLE "KRIM_ROLE_RSP_T" ADD CONSTRAINT "KRIM_ROLE_RSP_TC0" UNIQUE ("OBJ_ID")
  USING INDEX PCTFREE 10 INITRANS 2 MAXTRANS 255 COMPUTE STATISTICS 
  STORAGE(INITIAL 65536 NEXT 1048576 MINEXTENTS 1 MAXEXTENTS 2147483645
  PCTINCREASE 0 FREELISTS 1 FREELIST GROUPS 1 BUFFER_POOL DEFAULT FLASH_CACHE DEFAULT CELL_FLASH_CACHE DEFAULT)
    ENABLE;
  ALTER TABLE "KRIM_ROLE_RSP_T" ADD CONSTRAINT "KRIM_ROLE_RSP_TP1" PRIMARY KEY ("ROLE_RSP_ID")
  USING INDEX PCTFREE 10 INITRANS 2 MAXTRANS 255 COMPUTE STATISTICS 
  STORAGE(INITIAL 65536 NEXT 1048576 MINEXTENTS 1 MAXEXTENTS 2147483645
  PCTINCREASE 0 FREELISTS 1 FREELIST GROUPS 1 BUFFER_POOL DEFAULT FLASH_CACHE DEFAULT CELL_FLASH_CACHE DEFAULT)
    ENABLE;
--------------------------------------------------------
--  Constraints for Table KRMS_FUNC_PARM_T
--------------------------------------------------------

  ALTER TABLE "KRMS_FUNC_PARM_T" MODIFY ("NM" NOT NULL ENABLE);
  ALTER TABLE "KRMS_FUNC_PARM_T" MODIFY ("TYP" NOT NULL ENABLE);
  ALTER TABLE "KRMS_FUNC_PARM_T" MODIFY ("FUNC_ID" NOT NULL ENABLE);
  ALTER TABLE "KRMS_FUNC_PARM_T" MODIFY ("SEQ_NO" NOT NULL ENABLE);
  ALTER TABLE "KRMS_FUNC_PARM_T" ADD CONSTRAINT "KRMS_FUNC_PARM_TP1" PRIMARY KEY ("FUNC_PARM_ID")
  USING INDEX PCTFREE 10 INITRANS 2 MAXTRANS 255 COMPUTE STATISTICS 
  STORAGE(INITIAL 65536 NEXT 1048576 MINEXTENTS 1 MAXEXTENTS 2147483645
  PCTINCREASE 0 FREELISTS 1 FREELIST GROUPS 1 BUFFER_POOL DEFAULT FLASH_CACHE DEFAULT CELL_FLASH_CACHE DEFAULT)
    ENABLE;
--------------------------------------------------------
--  Constraints for Table KRIM_EMP_STAT_T
--------------------------------------------------------

  ALTER TABLE "KRIM_EMP_STAT_T" ADD CONSTRAINT "KRIM_EMP_STAT_TP1" PRIMARY KEY ("EMP_STAT_CD")
  USING INDEX PCTFREE 10 INITRANS 2 MAXTRANS 255 COMPUTE STATISTICS 
  STORAGE(INITIAL 65536 NEXT 1048576 MINEXTENTS 1 MAXEXTENTS 2147483645
  PCTINCREASE 0 FREELISTS 1 FREELIST GROUPS 1 BUFFER_POOL DEFAULT FLASH_CACHE DEFAULT CELL_FLASH_CACHE DEFAULT)
    ENABLE;
  ALTER TABLE "KRIM_EMP_STAT_T" ADD CONSTRAINT "KRIM_EMP_STAT_TC1" UNIQUE ("NM")
  USING INDEX PCTFREE 10 INITRANS 2 MAXTRANS 255 
  STORAGE(INITIAL 65536 NEXT 1048576 MINEXTENTS 1 MAXEXTENTS 2147483645
  PCTINCREASE 0 FREELISTS 1 FREELIST GROUPS 1 BUFFER_POOL DEFAULT FLASH_CACHE DEFAULT CELL_FLASH_CACHE DEFAULT)
    ENABLE;
  ALTER TABLE "KRIM_EMP_STAT_T" ADD CONSTRAINT "KRIM_EMP_STAT_TC0" UNIQUE ("OBJ_ID")
  USING INDEX PCTFREE 10 INITRANS 2 MAXTRANS 255 
  STORAGE(INITIAL 65536 NEXT 1048576 MINEXTENTS 1 MAXEXTENTS 2147483645
  PCTINCREASE 0 FREELISTS 1 FREELIST GROUPS 1 BUFFER_POOL DEFAULT FLASH_CACHE DEFAULT CELL_FLASH_CACHE DEFAULT)
    ENABLE;
  ALTER TABLE "KRIM_EMP_STAT_T" MODIFY ("VER_NBR" NOT NULL ENABLE);
  ALTER TABLE "KRIM_EMP_STAT_T" MODIFY ("OBJ_ID" NOT NULL ENABLE);
--------------------------------------------------------
--  Constraints for Table KREW_DLGN_RSP_T
--------------------------------------------------------

  ALTER TABLE "KREW_DLGN_RSP_T" MODIFY ("RSP_ID" NOT NULL ENABLE);
  ALTER TABLE "KREW_DLGN_RSP_T" MODIFY ("DLGN_RULE_BASE_VAL_ID" NOT NULL ENABLE);
  ALTER TABLE "KREW_DLGN_RSP_T" MODIFY ("DLGN_TYP" NOT NULL ENABLE);
  ALTER TABLE "KREW_DLGN_RSP_T" MODIFY ("OBJ_ID" NOT NULL ENABLE);
  ALTER TABLE "KREW_DLGN_RSP_T" ADD CONSTRAINT "KREW_DLGN_RSP_TC0" UNIQUE ("OBJ_ID")
  USING INDEX PCTFREE 10 INITRANS 2 MAXTRANS 255 COMPUTE STATISTICS 
  STORAGE(INITIAL 65536 NEXT 1048576 MINEXTENTS 1 MAXEXTENTS 2147483645
  PCTINCREASE 0 FREELISTS 1 FREELIST GROUPS 1 BUFFER_POOL DEFAULT FLASH_CACHE DEFAULT CELL_FLASH_CACHE DEFAULT)
    ENABLE;
  ALTER TABLE "KREW_DLGN_RSP_T" ADD CONSTRAINT "KREW_DLGN_RSP_TP1" PRIMARY KEY ("DLGN_RULE_ID")
  USING INDEX PCTFREE 10 INITRANS 2 MAXTRANS 255 COMPUTE STATISTICS 
  STORAGE(INITIAL 65536 NEXT 1048576 MINEXTENTS 1 MAXEXTENTS 2147483645
  PCTINCREASE 0 FREELISTS 1 FREELIST GROUPS 1 BUFFER_POOL DEFAULT FLASH_CACHE DEFAULT CELL_FLASH_CACHE DEFAULT)
    ENABLE;
--------------------------------------------------------
--  Constraints for Table KRLC_CNTRY_T
--------------------------------------------------------

  ALTER TABLE "KRLC_CNTRY_T" ADD CONSTRAINT "KRLC_CNTRY_TP1" PRIMARY KEY ("POSTAL_CNTRY_CD")
  USING INDEX PCTFREE 10 INITRANS 2 MAXTRANS 255 COMPUTE STATISTICS 
  STORAGE(INITIAL 65536 NEXT 1048576 MINEXTENTS 1 MAXEXTENTS 2147483645
  PCTINCREASE 0 FREELISTS 1 FREELIST GROUPS 1 BUFFER_POOL DEFAULT FLASH_CACHE DEFAULT CELL_FLASH_CACHE DEFAULT)
    ENABLE;
  ALTER TABLE "KRLC_CNTRY_T" ADD CONSTRAINT "KR_COUNTRY_TC0" UNIQUE ("OBJ_ID")
  USING INDEX PCTFREE 10 INITRANS 2 MAXTRANS 255 
  STORAGE(INITIAL 65536 NEXT 1048576 MINEXTENTS 1 MAXEXTENTS 2147483645
  PCTINCREASE 0 FREELISTS 1 FREELIST GROUPS 1 BUFFER_POOL DEFAULT FLASH_CACHE DEFAULT CELL_FLASH_CACHE DEFAULT)
    ENABLE;
  ALTER TABLE "KRLC_CNTRY_T" MODIFY ("ACTV_IND" NOT NULL ENABLE);
  ALTER TABLE "KRLC_CNTRY_T" MODIFY ("PSTL_CNTRY_RSTRC_IND" NOT NULL ENABLE);
  ALTER TABLE "KRLC_CNTRY_T" MODIFY ("VER_NBR" NOT NULL ENABLE);
  ALTER TABLE "KRLC_CNTRY_T" MODIFY ("OBJ_ID" NOT NULL ENABLE);
--------------------------------------------------------
--  Constraints for Table KRMS_CNTXT_ATTR_T
--------------------------------------------------------

  ALTER TABLE "KRMS_CNTXT_ATTR_T" MODIFY ("CNTXT_ID" NOT NULL ENABLE);
  ALTER TABLE "KRMS_CNTXT_ATTR_T" MODIFY ("VER_NBR" NOT NULL ENABLE);
  ALTER TABLE "KRMS_CNTXT_ATTR_T" ADD CONSTRAINT "KRMS_CNTXT_ATTR_TP1" PRIMARY KEY ("CNTXT_ATTR_ID")
  USING INDEX PCTFREE 10 INITRANS 2 MAXTRANS 255 COMPUTE STATISTICS 
  STORAGE(INITIAL 65536 NEXT 1048576 MINEXTENTS 1 MAXEXTENTS 2147483645
  PCTINCREASE 0 FREELISTS 1 FREELIST GROUPS 1 BUFFER_POOL DEFAULT FLASH_CACHE DEFAULT CELL_FLASH_CACHE DEFAULT)
    ENABLE;
--------------------------------------------------------
--  Constraints for Table KRMS_CTGRY_T
--------------------------------------------------------

  ALTER TABLE "KRMS_CTGRY_T" ADD CONSTRAINT "KRMS_CTGRY_TP1" PRIMARY KEY ("CTGRY_ID")
  USING INDEX PCTFREE 10 INITRANS 2 MAXTRANS 255 COMPUTE STATISTICS 
  STORAGE(INITIAL 65536 NEXT 1048576 MINEXTENTS 1 MAXEXTENTS 2147483645
  PCTINCREASE 0 FREELISTS 1 FREELIST GROUPS 1 BUFFER_POOL DEFAULT FLASH_CACHE DEFAULT CELL_FLASH_CACHE DEFAULT)
    ENABLE;
  ALTER TABLE "KRMS_CTGRY_T" ADD CONSTRAINT "KRMS_CTGRY_TC0" UNIQUE ("NM", "NMSPC_CD")
  USING INDEX PCTFREE 10 INITRANS 2 MAXTRANS 255 
  STORAGE(INITIAL 65536 NEXT 1048576 MINEXTENTS 1 MAXEXTENTS 2147483645
  PCTINCREASE 0 FREELISTS 1 FREELIST GROUPS 1 BUFFER_POOL DEFAULT FLASH_CACHE DEFAULT CELL_FLASH_CACHE DEFAULT)
    ENABLE;
  ALTER TABLE "KRMS_CTGRY_T" MODIFY ("NMSPC_CD" NOT NULL ENABLE);
  ALTER TABLE "KRMS_CTGRY_T" MODIFY ("NM" NOT NULL ENABLE);
--------------------------------------------------------
--  Constraints for Table KREN_NTFCTN_T
--------------------------------------------------------

  ALTER TABLE "KREN_NTFCTN_T" ADD CONSTRAINT "KREN_NTFCTN_TP1" PRIMARY KEY ("NTFCTN_ID")
  USING INDEX PCTFREE 10 INITRANS 2 MAXTRANS 255 COMPUTE STATISTICS 
  STORAGE(INITIAL 65536 NEXT 1048576 MINEXTENTS 1 MAXEXTENTS 2147483645
  PCTINCREASE 0 FREELISTS 1 FREELIST GROUPS 1 BUFFER_POOL DEFAULT FLASH_CACHE DEFAULT CELL_FLASH_CACHE DEFAULT)
    ENABLE;
  ALTER TABLE "KREN_NTFCTN_T" MODIFY ("VER_NBR" NOT NULL ENABLE);
  ALTER TABLE "KREN_NTFCTN_T" MODIFY ("PROCESSING_FLAG" NOT NULL ENABLE);
  ALTER TABLE "KREN_NTFCTN_T" MODIFY ("PRODCR_ID" NOT NULL ENABLE);
  ALTER TABLE "KREN_NTFCTN_T" MODIFY ("CHNL_ID" NOT NULL ENABLE);
  ALTER TABLE "KREN_NTFCTN_T" MODIFY ("CNTNT_TYP_ID" NOT NULL ENABLE);
  ALTER TABLE "KREN_NTFCTN_T" MODIFY ("CNTNT" NOT NULL ENABLE);
  ALTER TABLE "KREN_NTFCTN_T" MODIFY ("PRIO_ID" NOT NULL ENABLE);
  ALTER TABLE "KREN_NTFCTN_T" MODIFY ("CRTE_DTTM" NOT NULL ENABLE);
  ALTER TABLE "KREN_NTFCTN_T" MODIFY ("DELIV_TYP" NOT NULL ENABLE);
--------------------------------------------------------
--  Constraints for Table KREW_RTE_BRCH_PROTO_T
--------------------------------------------------------

  ALTER TABLE "KREW_RTE_BRCH_PROTO_T" MODIFY ("BRCH_NM" NOT NULL ENABLE);
  ALTER TABLE "KREW_RTE_BRCH_PROTO_T" ADD CONSTRAINT "KREW_RTE_BRCH_PROTO_TP1" PRIMARY KEY ("RTE_BRCH_PROTO_ID")
  USING INDEX PCTFREE 10 INITRANS 2 MAXTRANS 255 COMPUTE STATISTICS 
  STORAGE(INITIAL 65536 NEXT 1048576 MINEXTENTS 1 MAXEXTENTS 2147483645
  PCTINCREASE 0 FREELISTS 1 FREELIST GROUPS 1 BUFFER_POOL DEFAULT FLASH_CACHE DEFAULT CELL_FLASH_CACHE DEFAULT)
    ENABLE;
--------------------------------------------------------
--  Constraints for Table KRIM_ENTITY_AFLTN_T
--------------------------------------------------------

  ALTER TABLE "KRIM_ENTITY_AFLTN_T" ADD CONSTRAINT "KRIM_ENTITY_AFLTN_TP1" PRIMARY KEY ("ENTITY_AFLTN_ID")
  USING INDEX PCTFREE 10 INITRANS 2 MAXTRANS 255 COMPUTE STATISTICS 
  STORAGE(INITIAL 65536 NEXT 1048576 MINEXTENTS 1 MAXEXTENTS 2147483645
  PCTINCREASE 0 FREELISTS 1 FREELIST GROUPS 1 BUFFER_POOL DEFAULT FLASH_CACHE DEFAULT CELL_FLASH_CACHE DEFAULT)
    ENABLE;
  ALTER TABLE "KRIM_ENTITY_AFLTN_T" ADD CONSTRAINT "KRIM_ENTITY_AFLTN_TC0" UNIQUE ("OBJ_ID")
  USING INDEX PCTFREE 10 INITRANS 2 MAXTRANS 255 
  STORAGE(INITIAL 65536 NEXT 1048576 MINEXTENTS 1 MAXEXTENTS 2147483645
  PCTINCREASE 0 FREELISTS 1 FREELIST GROUPS 1 BUFFER_POOL DEFAULT FLASH_CACHE DEFAULT CELL_FLASH_CACHE DEFAULT)
    ENABLE;
  ALTER TABLE "KRIM_ENTITY_AFLTN_T" MODIFY ("VER_NBR" NOT NULL ENABLE);
  ALTER TABLE "KRIM_ENTITY_AFLTN_T" MODIFY ("OBJ_ID" NOT NULL ENABLE);
--------------------------------------------------------
--  Constraints for Table KREW_USR_OPTN_T
--------------------------------------------------------

  ALTER TABLE "KREW_USR_OPTN_T" ADD CONSTRAINT "KREW_USR_OPTN_TP1" PRIMARY KEY ("PRNCPL_ID", "PRSN_OPTN_ID")
  USING INDEX PCTFREE 10 INITRANS 2 MAXTRANS 255 COMPUTE STATISTICS 
  STORAGE(INITIAL 65536 NEXT 1048576 MINEXTENTS 1 MAXEXTENTS 2147483645
  PCTINCREASE 0 FREELISTS 1 FREELIST GROUPS 1 BUFFER_POOL DEFAULT FLASH_CACHE DEFAULT CELL_FLASH_CACHE DEFAULT)
    ENABLE;
--------------------------------------------------------
--  Constraints for Table KREW_DOC_TYP_ATTR_T
--------------------------------------------------------

  ALTER TABLE "KREW_DOC_TYP_ATTR_T" MODIFY ("DOC_TYP_ID" NOT NULL ENABLE);
  ALTER TABLE "KREW_DOC_TYP_ATTR_T" MODIFY ("RULE_ATTR_ID" NOT NULL ENABLE);
  ALTER TABLE "KREW_DOC_TYP_ATTR_T" ADD CONSTRAINT "KREW_DOC_TYP_ATTR_TP1" PRIMARY KEY ("DOC_TYP_ATTRIB_ID")
  USING INDEX PCTFREE 10 INITRANS 2 MAXTRANS 255 COMPUTE STATISTICS 
  STORAGE(INITIAL 65536 NEXT 1048576 MINEXTENTS 1 MAXEXTENTS 2147483645
  PCTINCREASE 0 FREELISTS 1 FREELIST GROUPS 1 BUFFER_POOL DEFAULT FLASH_CACHE DEFAULT CELL_FLASH_CACHE DEFAULT)
    ENABLE;
--------------------------------------------------------
--  Constraints for Table KRIM_PND_DLGN_MBR_ATTR_DATA_T
--------------------------------------------------------

  ALTER TABLE "KRIM_PND_DLGN_MBR_ATTR_DATA_T" MODIFY ("OBJ_ID" NOT NULL ENABLE);
  ALTER TABLE "KRIM_PND_DLGN_MBR_ATTR_DATA_T" MODIFY ("VER_NBR" NOT NULL ENABLE);
  ALTER TABLE "KRIM_PND_DLGN_MBR_ATTR_DATA_T" ADD CONSTRAINT "KRIM_PND_DLGN_MBR_ATTR_DATAP1" PRIMARY KEY ("FDOC_NBR", "ATTR_DATA_ID")
  USING INDEX PCTFREE 10 INITRANS 2 MAXTRANS 255 COMPUTE STATISTICS 
  STORAGE(INITIAL 65536 NEXT 1048576 MINEXTENTS 1 MAXEXTENTS 2147483645
  PCTINCREASE 0 FREELISTS 1 FREELIST GROUPS 1 BUFFER_POOL DEFAULT FLASH_CACHE DEFAULT CELL_FLASH_CACHE DEFAULT)
    ENABLE;
--------------------------------------------------------
--  Constraints for Table KREW_DOC_TYP_PROC_T
--------------------------------------------------------

  ALTER TABLE "KREW_DOC_TYP_PROC_T" MODIFY ("DOC_TYP_ID" NOT NULL ENABLE);
  ALTER TABLE "KREW_DOC_TYP_PROC_T" MODIFY ("NM" NOT NULL ENABLE);
  ALTER TABLE "KREW_DOC_TYP_PROC_T" MODIFY ("INIT_IND" NOT NULL ENABLE);
  ALTER TABLE "KREW_DOC_TYP_PROC_T" ADD CONSTRAINT "KREW_DOC_TYP_PROC_TP1" PRIMARY KEY ("DOC_TYP_PROC_ID")
  USING INDEX PCTFREE 10 INITRANS 2 MAXTRANS 255 COMPUTE STATISTICS 
  STORAGE(INITIAL 65536 NEXT 1048576 MINEXTENTS 1 MAXEXTENTS 2147483645
  PCTINCREASE 0 FREELISTS 1 FREELIST GROUPS 1 BUFFER_POOL DEFAULT FLASH_CACHE DEFAULT CELL_FLASH_CACHE DEFAULT)
    ENABLE;
--------------------------------------------------------
--  Constraints for Table KRNS_MAINT_LOCK_T
--------------------------------------------------------

  ALTER TABLE "KRNS_MAINT_LOCK_T" ADD CONSTRAINT "KRNS_MAINT_LOCK_TP1" PRIMARY KEY ("MAINT_LOCK_ID")
  USING INDEX PCTFREE 10 INITRANS 2 MAXTRANS 255 COMPUTE STATISTICS 
  STORAGE(INITIAL 65536 NEXT 1048576 MINEXTENTS 1 MAXEXTENTS 2147483645
  PCTINCREASE 0 FREELISTS 1 FREELIST GROUPS 1 BUFFER_POOL DEFAULT FLASH_CACHE DEFAULT CELL_FLASH_CACHE DEFAULT)
    ENABLE;
  ALTER TABLE "KRNS_MAINT_LOCK_T" MODIFY ("OBJ_ID" NOT NULL ENABLE);
  ALTER TABLE "KRNS_MAINT_LOCK_T" MODIFY ("VER_NBR" NOT NULL ENABLE);
  ALTER TABLE "KRNS_MAINT_LOCK_T" MODIFY ("DOC_HDR_ID" NOT NULL ENABLE);
  ALTER TABLE "KRNS_MAINT_LOCK_T" ADD CONSTRAINT "KRNS_MAINT_LOCK_TC0" UNIQUE ("OBJ_ID")
  USING INDEX PCTFREE 10 INITRANS 2 MAXTRANS 255 COMPUTE STATISTICS 
  STORAGE(INITIAL 65536 NEXT 1048576 MINEXTENTS 1 MAXEXTENTS 2147483645
  PCTINCREASE 0 FREELISTS 1 FREELIST GROUPS 1 BUFFER_POOL DEFAULT FLASH_CACHE DEFAULT CELL_FLASH_CACHE DEFAULT)
    ENABLE;
--------------------------------------------------------
--  Constraints for Table KRSB_QRTZ_CALENDARS
--------------------------------------------------------

  ALTER TABLE "KRSB_QRTZ_CALENDARS" MODIFY ("CALENDAR" NOT NULL ENABLE);
  ALTER TABLE "KRSB_QRTZ_CALENDARS" ADD CONSTRAINT "KRSB_QRTZ_CALENDARSP1" PRIMARY KEY ("CALENDAR_NAME")
  USING INDEX PCTFREE 10 INITRANS 2 MAXTRANS 255 COMPUTE STATISTICS 
  STORAGE(INITIAL 65536 NEXT 1048576 MINEXTENTS 1 MAXEXTENTS 2147483645
  PCTINCREASE 0 FREELISTS 1 FREELIST GROUPS 1 BUFFER_POOL DEFAULT FLASH_CACHE DEFAULT CELL_FLASH_CACHE DEFAULT)
    ENABLE;
--------------------------------------------------------
--  Constraints for Table KREW_RTE_BRCH_T
--------------------------------------------------------

  ALTER TABLE "KREW_RTE_BRCH_T" MODIFY ("NM" NOT NULL ENABLE);
  ALTER TABLE "KREW_RTE_BRCH_T" ADD CONSTRAINT "KREW_RTE_BRCH_TP1" PRIMARY KEY ("RTE_BRCH_ID")
  USING INDEX PCTFREE 10 INITRANS 2 MAXTRANS 255 COMPUTE STATISTICS 
  STORAGE(INITIAL 65536 NEXT 1048576 MINEXTENTS 1 MAXEXTENTS 2147483645
  PCTINCREASE 0 FREELISTS 1 FREELIST GROUPS 1 BUFFER_POOL DEFAULT FLASH_CACHE DEFAULT CELL_FLASH_CACHE DEFAULT)
    ENABLE;
--------------------------------------------------------
--  Constraints for Table KREW_OUT_BOX_ITM_T
--------------------------------------------------------

  ALTER TABLE "KREW_OUT_BOX_ITM_T" MODIFY ("PRNCPL_ID" NOT NULL ENABLE);
  ALTER TABLE "KREW_OUT_BOX_ITM_T" MODIFY ("ASND_DT" NOT NULL ENABLE);
  ALTER TABLE "KREW_OUT_BOX_ITM_T" MODIFY ("RQST_CD" NOT NULL ENABLE);
  ALTER TABLE "KREW_OUT_BOX_ITM_T" MODIFY ("ACTN_RQST_ID" NOT NULL ENABLE);
  ALTER TABLE "KREW_OUT_BOX_ITM_T" MODIFY ("DOC_HDR_ID" NOT NULL ENABLE);
  ALTER TABLE "KREW_OUT_BOX_ITM_T" MODIFY ("DOC_TYP_LBL" NOT NULL ENABLE);
  ALTER TABLE "KREW_OUT_BOX_ITM_T" MODIFY ("DOC_HDLR_URL" NOT NULL ENABLE);
  ALTER TABLE "KREW_OUT_BOX_ITM_T" MODIFY ("DOC_TYP_NM" NOT NULL ENABLE);
  ALTER TABLE "KREW_OUT_BOX_ITM_T" MODIFY ("RSP_ID" NOT NULL ENABLE);
  ALTER TABLE "KREW_OUT_BOX_ITM_T" ADD CONSTRAINT "KREW_OUT_BOX_ITM_TP1" PRIMARY KEY ("ACTN_ITM_ID")
  USING INDEX PCTFREE 10 INITRANS 2 MAXTRANS 255 COMPUTE STATISTICS 
  STORAGE(INITIAL 65536 NEXT 1048576 MINEXTENTS 1 MAXEXTENTS 2147483645
  PCTINCREASE 0 FREELISTS 1 FREELIST GROUPS 1 BUFFER_POOL DEFAULT FLASH_CACHE DEFAULT CELL_FLASH_CACHE DEFAULT)
    ENABLE;
--------------------------------------------------------
--  Constraints for Table KRIM_ENT_TYP_T
--------------------------------------------------------

  ALTER TABLE "KRIM_ENT_TYP_T" ADD CONSTRAINT "KRIM_ENT_TYP_TP1" PRIMARY KEY ("ENT_TYP_CD")
  USING INDEX PCTFREE 10 INITRANS 2 MAXTRANS 255 COMPUTE STATISTICS 
  STORAGE(INITIAL 65536 NEXT 1048576 MINEXTENTS 1 MAXEXTENTS 2147483645
  PCTINCREASE 0 FREELISTS 1 FREELIST GROUPS 1 BUFFER_POOL DEFAULT FLASH_CACHE DEFAULT CELL_FLASH_CACHE DEFAULT)
    ENABLE;
  ALTER TABLE "KRIM_ENT_TYP_T" ADD CONSTRAINT "KRIM_ENT_TYP_TC1" UNIQUE ("NM")
  USING INDEX PCTFREE 10 INITRANS 2 MAXTRANS 255 
  STORAGE(INITIAL 65536 NEXT 1048576 MINEXTENTS 1 MAXEXTENTS 2147483645
  PCTINCREASE 0 FREELISTS 1 FREELIST GROUPS 1 BUFFER_POOL DEFAULT FLASH_CACHE DEFAULT CELL_FLASH_CACHE DEFAULT)
    ENABLE;
  ALTER TABLE "KRIM_ENT_TYP_T" ADD CONSTRAINT "KRIM_ENT_TYP_TC0" UNIQUE ("OBJ_ID")
  USING INDEX PCTFREE 10 INITRANS 2 MAXTRANS 255 
  STORAGE(INITIAL 65536 NEXT 1048576 MINEXTENTS 1 MAXEXTENTS 2147483645
  PCTINCREASE 0 FREELISTS 1 FREELIST GROUPS 1 BUFFER_POOL DEFAULT FLASH_CACHE DEFAULT CELL_FLASH_CACHE DEFAULT)
    ENABLE;
  ALTER TABLE "KRIM_ENT_TYP_T" MODIFY ("VER_NBR" NOT NULL ENABLE);
  ALTER TABLE "KRIM_ENT_TYP_T" MODIFY ("OBJ_ID" NOT NULL ENABLE);
--------------------------------------------------------
--  Constraints for Table KRIM_ENTITY_ADDR_T
--------------------------------------------------------

  ALTER TABLE "KRIM_ENTITY_ADDR_T" MODIFY ("OBJ_ID" NOT NULL ENABLE);
  ALTER TABLE "KRIM_ENTITY_ADDR_T" MODIFY ("VER_NBR" NOT NULL ENABLE);
  ALTER TABLE "KRIM_ENTITY_ADDR_T" ADD CONSTRAINT "KRIM_ENTITY_ADDR_TC0" UNIQUE ("OBJ_ID")
  USING INDEX PCTFREE 10 INITRANS 2 MAXTRANS 255 COMPUTE STATISTICS 
  STORAGE(INITIAL 65536 NEXT 1048576 MINEXTENTS 1 MAXEXTENTS 2147483645
  PCTINCREASE 0 FREELISTS 1 FREELIST GROUPS 1 BUFFER_POOL DEFAULT FLASH_CACHE DEFAULT CELL_FLASH_CACHE DEFAULT)
    ENABLE;
  ALTER TABLE "KRIM_ENTITY_ADDR_T" ADD CONSTRAINT "KRIM_ENTITY_ADDR_TP1" PRIMARY KEY ("ENTITY_ADDR_ID")
  USING INDEX PCTFREE 10 INITRANS 2 MAXTRANS 255 COMPUTE STATISTICS 
  STORAGE(INITIAL 65536 NEXT 1048576 MINEXTENTS 1 MAXEXTENTS 2147483645
  PCTINCREASE 0 FREELISTS 1 FREELIST GROUPS 1 BUFFER_POOL DEFAULT FLASH_CACHE DEFAULT CELL_FLASH_CACHE DEFAULT)
    ENABLE;
--------------------------------------------------------
--  Constraints for Table KRMS_TERM_T
--------------------------------------------------------

  ALTER TABLE "KRMS_TERM_T" MODIFY ("TERM_SPEC_ID" NOT NULL ENABLE);
  ALTER TABLE "KRMS_TERM_T" MODIFY ("VER_NBR" NOT NULL ENABLE);
  ALTER TABLE "KRMS_TERM_T" ADD CONSTRAINT "KRMS_TERM_TP1" PRIMARY KEY ("TERM_ID")
  USING INDEX PCTFREE 10 INITRANS 2 MAXTRANS 255 COMPUTE STATISTICS 
  STORAGE(INITIAL 65536 NEXT 1048576 MINEXTENTS 1 MAXEXTENTS 2147483645
  PCTINCREASE 0 FREELISTS 1 FREELIST GROUPS 1 BUFFER_POOL DEFAULT FLASH_CACHE DEFAULT CELL_FLASH_CACHE DEFAULT)
    ENABLE;
--------------------------------------------------------
--  Constraints for Table KREW_RULE_EXPR_T
--------------------------------------------------------

  ALTER TABLE "KREW_RULE_EXPR_T" ADD CONSTRAINT "KREW_RULE_EXPR_TP1" PRIMARY KEY ("RULE_EXPR_ID")
  USING INDEX PCTFREE 10 INITRANS 2 MAXTRANS 255 COMPUTE STATISTICS 
  STORAGE(INITIAL 65536 NEXT 1048576 MINEXTENTS 1 MAXEXTENTS 2147483645
  PCTINCREASE 0 FREELISTS 1 FREELIST GROUPS 1 BUFFER_POOL DEFAULT FLASH_CACHE DEFAULT CELL_FLASH_CACHE DEFAULT)
    ENABLE;
  ALTER TABLE "KREW_RULE_EXPR_T" ADD CONSTRAINT "KREW_RULE_EXPR_TC0" UNIQUE ("OBJ_ID")
  USING INDEX PCTFREE 10 INITRANS 2 MAXTRANS 255 
  STORAGE(INITIAL 65536 NEXT 1048576 MINEXTENTS 1 MAXEXTENTS 2147483645
  PCTINCREASE 0 FREELISTS 1 FREELIST GROUPS 1 BUFFER_POOL DEFAULT FLASH_CACHE DEFAULT CELL_FLASH_CACHE DEFAULT)
    ENABLE;
  ALTER TABLE "KREW_RULE_EXPR_T" MODIFY ("OBJ_ID" NOT NULL ENABLE);
  ALTER TABLE "KREW_RULE_EXPR_T" MODIFY ("TYP" NOT NULL ENABLE);
--------------------------------------------------------
--  Constraints for Table KREW_TYP_ATTR_T
--------------------------------------------------------

  ALTER TABLE "KREW_TYP_ATTR_T" MODIFY ("SEQ_NO" NOT NULL ENABLE);
  ALTER TABLE "KREW_TYP_ATTR_T" MODIFY ("TYP_ID" NOT NULL ENABLE);
  ALTER TABLE "KREW_TYP_ATTR_T" MODIFY ("ATTR_DEFN_ID" NOT NULL ENABLE);
  ALTER TABLE "KREW_TYP_ATTR_T" MODIFY ("ACTV" NOT NULL ENABLE);
  ALTER TABLE "KREW_TYP_ATTR_T" MODIFY ("VER_NBR" NOT NULL ENABLE);
  ALTER TABLE "KREW_TYP_ATTR_T" ADD CONSTRAINT "KREW_TYP_ATTR_TC1" UNIQUE ("TYP_ID", "ATTR_DEFN_ID")
  USING INDEX PCTFREE 10 INITRANS 2 MAXTRANS 255 COMPUTE STATISTICS 
  STORAGE(INITIAL 65536 NEXT 1048576 MINEXTENTS 1 MAXEXTENTS 2147483645
  PCTINCREASE 0 FREELISTS 1 FREELIST GROUPS 1 BUFFER_POOL DEFAULT FLASH_CACHE DEFAULT CELL_FLASH_CACHE DEFAULT)
    ENABLE;
  ALTER TABLE "KREW_TYP_ATTR_T" ADD CONSTRAINT "KREW_TYP_ATTR_TP1" PRIMARY KEY ("TYP_ATTR_ID")
  USING INDEX PCTFREE 10 INITRANS 2 MAXTRANS 255 COMPUTE STATISTICS 
  STORAGE(INITIAL 65536 NEXT 1048576 MINEXTENTS 1 MAXEXTENTS 2147483645
  PCTINCREASE 0 FREELISTS 1 FREELIST GROUPS 1 BUFFER_POOL DEFAULT FLASH_CACHE DEFAULT CELL_FLASH_CACHE DEFAULT)
    ENABLE;
--------------------------------------------------------
--  Constraints for Table KREN_MSG_DELIV_T
--------------------------------------------------------

  ALTER TABLE "KREN_MSG_DELIV_T" MODIFY ("MSG_ID" NOT NULL ENABLE);
  ALTER TABLE "KREN_MSG_DELIV_T" MODIFY ("TYP_NM" NOT NULL ENABLE);
  ALTER TABLE "KREN_MSG_DELIV_T" MODIFY ("STAT_CD" NOT NULL ENABLE);
  ALTER TABLE "KREN_MSG_DELIV_T" MODIFY ("PROC_CNT" NOT NULL ENABLE);
  ALTER TABLE "KREN_MSG_DELIV_T" MODIFY ("VER_NBR" NOT NULL ENABLE);
  ALTER TABLE "KREN_MSG_DELIV_T" ADD CONSTRAINT "KREN_MSG_DELIV_TC0" UNIQUE ("MSG_ID", "TYP_NM")
  USING INDEX PCTFREE 10 INITRANS 2 MAXTRANS 255 COMPUTE STATISTICS 
  STORAGE(INITIAL 65536 NEXT 1048576 MINEXTENTS 1 MAXEXTENTS 2147483645
  PCTINCREASE 0 FREELISTS 1 FREELIST GROUPS 1 BUFFER_POOL DEFAULT FLASH_CACHE DEFAULT CELL_FLASH_CACHE DEFAULT)
    ENABLE;
  ALTER TABLE "KREN_MSG_DELIV_T" ADD CONSTRAINT "KREN_MSG_DELIV_TP1" PRIMARY KEY ("MSG_DELIV_ID")
  USING INDEX PCTFREE 10 INITRANS 2 MAXTRANS 255 COMPUTE STATISTICS 
  STORAGE(INITIAL 65536 NEXT 1048576 MINEXTENTS 1 MAXEXTENTS 2147483645
  PCTINCREASE 0 FREELISTS 1 FREELIST GROUPS 1 BUFFER_POOL DEFAULT FLASH_CACHE DEFAULT CELL_FLASH_CACHE DEFAULT)
    ENABLE;
--------------------------------------------------------
--  Constraints for Table KREN_RECIP_T
--------------------------------------------------------

  ALTER TABLE "KREN_RECIP_T" MODIFY ("NTFCTN_ID" NOT NULL ENABLE);
  ALTER TABLE "KREN_RECIP_T" MODIFY ("RECIP_TYP_CD" NOT NULL ENABLE);
  ALTER TABLE "KREN_RECIP_T" MODIFY ("PRNCPL_ID" NOT NULL ENABLE);
  ALTER TABLE "KREN_RECIP_T" ADD CONSTRAINT "KREN_RECIP_TC0" UNIQUE ("NTFCTN_ID", "RECIP_TYP_CD", "PRNCPL_ID")
  USING INDEX PCTFREE 10 INITRANS 2 MAXTRANS 255 COMPUTE STATISTICS 
  STORAGE(INITIAL 65536 NEXT 1048576 MINEXTENTS 1 MAXEXTENTS 2147483645
  PCTINCREASE 0 FREELISTS 1 FREELIST GROUPS 1 BUFFER_POOL DEFAULT FLASH_CACHE DEFAULT CELL_FLASH_CACHE DEFAULT)
    ENABLE;
  ALTER TABLE "KREN_RECIP_T" ADD CONSTRAINT "KREN_RECIP_TP1" PRIMARY KEY ("RECIP_ID")
  USING INDEX PCTFREE 10 INITRANS 2 MAXTRANS 255 COMPUTE STATISTICS 
  STORAGE(INITIAL 65536 NEXT 1048576 MINEXTENTS 1 MAXEXTENTS 2147483645
  PCTINCREASE 0 FREELISTS 1 FREELIST GROUPS 1 BUFFER_POOL DEFAULT FLASH_CACHE DEFAULT CELL_FLASH_CACHE DEFAULT)
    ENABLE;
--------------------------------------------------------
--  Constraints for Table TRV_ACCT_USE_RT_T
--------------------------------------------------------

  ALTER TABLE "TRV_ACCT_USE_RT_T" MODIFY ("ACCT_NUM" NOT NULL ENABLE);
  ALTER TABLE "TRV_ACCT_USE_RT_T" MODIFY ("RATE" NOT NULL ENABLE);
  ALTER TABLE "TRV_ACCT_USE_RT_T" ADD CONSTRAINT "TRV_ACCT_USE_RT_TP1" PRIMARY KEY ("ID")
  USING INDEX PCTFREE 10 INITRANS 2 MAXTRANS 255 COMPUTE STATISTICS 
  STORAGE(INITIAL 65536 NEXT 1048576 MINEXTENTS 1 MAXEXTENTS 2147483645
  PCTINCREASE 0 FREELISTS 1 FREELIST GROUPS 1 BUFFER_POOL DEFAULT FLASH_CACHE DEFAULT CELL_FLASH_CACHE DEFAULT)
    ENABLE;
--------------------------------------------------------
--  Constraints for Table KREN_RECIP_PREFS_T
--------------------------------------------------------

  ALTER TABLE "KREN_RECIP_PREFS_T" MODIFY ("RECIP_ID" NOT NULL ENABLE);
  ALTER TABLE "KREN_RECIP_PREFS_T" MODIFY ("PROP" NOT NULL ENABLE);
  ALTER TABLE "KREN_RECIP_PREFS_T" MODIFY ("VAL" NOT NULL ENABLE);
  ALTER TABLE "KREN_RECIP_PREFS_T" MODIFY ("VER_NBR" NOT NULL ENABLE);
  ALTER TABLE "KREN_RECIP_PREFS_T" ADD CONSTRAINT "KREN_RECIP_PREFS_TC0" UNIQUE ("RECIP_ID", "PROP")
  USING INDEX PCTFREE 10 INITRANS 2 MAXTRANS 255 COMPUTE STATISTICS 
  STORAGE(INITIAL 65536 NEXT 1048576 MINEXTENTS 1 MAXEXTENTS 2147483645
  PCTINCREASE 0 FREELISTS 1 FREELIST GROUPS 1 BUFFER_POOL DEFAULT FLASH_CACHE DEFAULT CELL_FLASH_CACHE DEFAULT)
    ENABLE;
  ALTER TABLE "KREN_RECIP_PREFS_T" ADD CONSTRAINT "KREN_RECIP_PREFS_TP1" PRIMARY KEY ("RECIP_PREFS_ID")
  USING INDEX PCTFREE 10 INITRANS 2 MAXTRANS 255 COMPUTE STATISTICS 
  STORAGE(INITIAL 65536 NEXT 1048576 MINEXTENTS 1 MAXEXTENTS 2147483645
  PCTINCREASE 0 FREELISTS 1 FREELIST GROUPS 1 BUFFER_POOL DEFAULT FLASH_CACHE DEFAULT CELL_FLASH_CACHE DEFAULT)
    ENABLE;
--------------------------------------------------------
--  Constraints for Table KREW_HLP_T
--------------------------------------------------------

  ALTER TABLE "KREW_HLP_T" MODIFY ("NM" NOT NULL ENABLE);
  ALTER TABLE "KREW_HLP_T" MODIFY ("KEY_CD" NOT NULL ENABLE);
  ALTER TABLE "KREW_HLP_T" MODIFY ("HLP_TXT" NOT NULL ENABLE);
  ALTER TABLE "KREW_HLP_T" ADD CONSTRAINT "KREW_HLP_TP1" PRIMARY KEY ("HLP_ID")
  USING INDEX PCTFREE 10 INITRANS 2 MAXTRANS 255 COMPUTE STATISTICS 
  STORAGE(INITIAL 65536 NEXT 1048576 MINEXTENTS 1 MAXEXTENTS 2147483645
  PCTINCREASE 0 FREELISTS 1 FREELIST GROUPS 1 BUFFER_POOL DEFAULT FLASH_CACHE DEFAULT CELL_FLASH_CACHE DEFAULT)
    ENABLE;
--------------------------------------------------------
--  Constraints for Table KRMS_RULE_T
--------------------------------------------------------

  ALTER TABLE "KRMS_RULE_T" MODIFY ("NMSPC_CD" NOT NULL ENABLE);
  ALTER TABLE "KRMS_RULE_T" MODIFY ("NM" NOT NULL ENABLE);
  ALTER TABLE "KRMS_RULE_T" MODIFY ("ACTV" NOT NULL ENABLE);
  ALTER TABLE "KRMS_RULE_T" MODIFY ("VER_NBR" NOT NULL ENABLE);
  ALTER TABLE "KRMS_RULE_T" ADD CONSTRAINT "KRMS_RULE_TC1" UNIQUE ("NM", "NMSPC_CD")
  USING INDEX PCTFREE 10 INITRANS 2 MAXTRANS 255 COMPUTE STATISTICS 
  STORAGE(INITIAL 65536 NEXT 1048576 MINEXTENTS 1 MAXEXTENTS 2147483645
  PCTINCREASE 0 FREELISTS 1 FREELIST GROUPS 1 BUFFER_POOL DEFAULT FLASH_CACHE DEFAULT CELL_FLASH_CACHE DEFAULT)
    ENABLE;
  ALTER TABLE "KRMS_RULE_T" ADD CONSTRAINT "KRMS_RULE_TP1" PRIMARY KEY ("RULE_ID")
  USING INDEX PCTFREE 10 INITRANS 2 MAXTRANS 255 COMPUTE STATISTICS 
  STORAGE(INITIAL 65536 NEXT 1048576 MINEXTENTS 1 MAXEXTENTS 2147483645
  PCTINCREASE 0 FREELISTS 1 FREELIST GROUPS 1 BUFFER_POOL DEFAULT FLASH_CACHE DEFAULT CELL_FLASH_CACHE DEFAULT)
    ENABLE;
--------------------------------------------------------
--  Constraints for Table KRCR_NMSPC_T
--------------------------------------------------------

  ALTER TABLE "KRCR_NMSPC_T" ADD CONSTRAINT "KRCR_NMSPC_TP1" PRIMARY KEY ("NMSPC_CD")
  USING INDEX PCTFREE 10 INITRANS 2 MAXTRANS 255 COMPUTE STATISTICS 
  STORAGE(INITIAL 65536 NEXT 1048576 MINEXTENTS 1 MAXEXTENTS 2147483645
  PCTINCREASE 0 FREELISTS 1 FREELIST GROUPS 1 BUFFER_POOL DEFAULT FLASH_CACHE DEFAULT CELL_FLASH_CACHE DEFAULT)
    ENABLE;
  ALTER TABLE "KRCR_NMSPC_T" ADD CONSTRAINT "KRNS_NMSPC_TC0" UNIQUE ("OBJ_ID")
  USING INDEX PCTFREE 10 INITRANS 2 MAXTRANS 255 
  STORAGE(INITIAL 65536 NEXT 1048576 MINEXTENTS 1 MAXEXTENTS 2147483645
  PCTINCREASE 0 FREELISTS 1 FREELIST GROUPS 1 BUFFER_POOL DEFAULT FLASH_CACHE DEFAULT CELL_FLASH_CACHE DEFAULT)
    ENABLE;
  ALTER TABLE "KRCR_NMSPC_T" MODIFY ("ACTV_IND" NOT NULL ENABLE);
  ALTER TABLE "KRCR_NMSPC_T" MODIFY ("VER_NBR" NOT NULL ENABLE);
  ALTER TABLE "KRCR_NMSPC_T" MODIFY ("OBJ_ID" NOT NULL ENABLE);
--------------------------------------------------------
--  Constraints for Table KREW_APP_DOC_STAT_TRAN_T
--------------------------------------------------------

  ALTER TABLE "KREW_APP_DOC_STAT_TRAN_T" MODIFY ("OBJ_ID" NOT NULL ENABLE);
  ALTER TABLE "KREW_APP_DOC_STAT_TRAN_T" ADD CONSTRAINT "KREW_APP_DOC_STAT_TRAN_TC0" UNIQUE ("OBJ_ID")
  USING INDEX PCTFREE 10 INITRANS 2 MAXTRANS 255 COMPUTE STATISTICS 
  STORAGE(INITIAL 65536 NEXT 1048576 MINEXTENTS 1 MAXEXTENTS 2147483645
  PCTINCREASE 0 FREELISTS 1 FREELIST GROUPS 1 BUFFER_POOL DEFAULT FLASH_CACHE DEFAULT CELL_FLASH_CACHE DEFAULT)
    ENABLE;
  ALTER TABLE "KREW_APP_DOC_STAT_TRAN_T" ADD CONSTRAINT "KREW_APP_DOC_STAT_TRAN_TP1" PRIMARY KEY ("APP_DOC_STAT_TRAN_ID")
  USING INDEX PCTFREE 10 INITRANS 2 MAXTRANS 255 COMPUTE STATISTICS 
  STORAGE(INITIAL 65536 NEXT 1048576 MINEXTENTS 1 MAXEXTENTS 2147483645
  PCTINCREASE 0 FREELISTS 1 FREELIST GROUPS 1 BUFFER_POOL DEFAULT FLASH_CACHE DEFAULT CELL_FLASH_CACHE DEFAULT)
    ENABLE;
--------------------------------------------------------
--  Constraints for Table KRMS_PROP_T
--------------------------------------------------------

  ALTER TABLE "KRMS_PROP_T" ADD CONSTRAINT "KRMS_PROP_TP1" PRIMARY KEY ("PROP_ID")
  USING INDEX PCTFREE 10 INITRANS 2 MAXTRANS 255 COMPUTE STATISTICS 
  STORAGE(INITIAL 65536 NEXT 1048576 MINEXTENTS 1 MAXEXTENTS 2147483645
  PCTINCREASE 0 FREELISTS 1 FREELIST GROUPS 1 BUFFER_POOL DEFAULT FLASH_CACHE DEFAULT CELL_FLASH_CACHE DEFAULT)
    ENABLE;
  ALTER TABLE "KRMS_PROP_T" MODIFY ("VER_NBR" NOT NULL ENABLE);
  ALTER TABLE "KRMS_PROP_T" MODIFY ("RULE_ID" NOT NULL ENABLE);
  ALTER TABLE "KRMS_PROP_T" MODIFY ("DSCRM_TYP_CD" NOT NULL ENABLE);
--------------------------------------------------------
--  Constraints for Table KREW_DOC_TYP_PLCY_RELN_T
--------------------------------------------------------

  ALTER TABLE "KREW_DOC_TYP_PLCY_RELN_T" MODIFY ("PLCY_NM" NOT NULL ENABLE);
  ALTER TABLE "KREW_DOC_TYP_PLCY_RELN_T" MODIFY ("OBJ_ID" NOT NULL ENABLE);
  ALTER TABLE "KREW_DOC_TYP_PLCY_RELN_T" ADD CONSTRAINT "KREW_DOC_TYP_PLCY_RELN_TC0" UNIQUE ("OBJ_ID")
  USING INDEX PCTFREE 10 INITRANS 2 MAXTRANS 255 COMPUTE STATISTICS 
  STORAGE(INITIAL 65536 NEXT 1048576 MINEXTENTS 1 MAXEXTENTS 2147483645
  PCTINCREASE 0 FREELISTS 1 FREELIST GROUPS 1 BUFFER_POOL DEFAULT FLASH_CACHE DEFAULT CELL_FLASH_CACHE DEFAULT)
    ENABLE;
  ALTER TABLE "KREW_DOC_TYP_PLCY_RELN_T" ADD CONSTRAINT "KREW_DOC_TYP_PLCY_RELN_TP1" PRIMARY KEY ("DOC_TYP_ID", "DOC_PLCY_NM")
  USING INDEX PCTFREE 10 INITRANS 2 MAXTRANS 255 COMPUTE STATISTICS 
  STORAGE(INITIAL 65536 NEXT 1048576 MINEXTENTS 1 MAXEXTENTS 2147483645
  PCTINCREASE 0 FREELISTS 1 FREELIST GROUPS 1 BUFFER_POOL DEFAULT FLASH_CACHE DEFAULT CELL_FLASH_CACHE DEFAULT)
    ENABLE;
--------------------------------------------------------
--  Constraints for Table KRSB_QRTZ_JOB_DETAILS
--------------------------------------------------------

  ALTER TABLE "KRSB_QRTZ_JOB_DETAILS" ADD CONSTRAINT "KRSB_QRTZ_JOB_DETAILSP1" PRIMARY KEY ("JOB_NAME", "JOB_GROUP")
  USING INDEX PCTFREE 10 INITRANS 2 MAXTRANS 255 COMPUTE STATISTICS 
  STORAGE(INITIAL 65536 NEXT 1048576 MINEXTENTS 1 MAXEXTENTS 2147483645
  PCTINCREASE 0 FREELISTS 1 FREELIST GROUPS 1 BUFFER_POOL DEFAULT FLASH_CACHE DEFAULT CELL_FLASH_CACHE DEFAULT)
    ENABLE;
  ALTER TABLE "KRSB_QRTZ_JOB_DETAILS" MODIFY ("REQUESTS_RECOVERY" NOT NULL ENABLE);
  ALTER TABLE "KRSB_QRTZ_JOB_DETAILS" MODIFY ("IS_STATEFUL" NOT NULL ENABLE);
  ALTER TABLE "KRSB_QRTZ_JOB_DETAILS" MODIFY ("IS_VOLATILE" NOT NULL ENABLE);
  ALTER TABLE "KRSB_QRTZ_JOB_DETAILS" MODIFY ("IS_DURABLE" NOT NULL ENABLE);
  ALTER TABLE "KRSB_QRTZ_JOB_DETAILS" MODIFY ("JOB_CLASS_NAME" NOT NULL ENABLE);
--------------------------------------------------------
--  Constraints for Table KRIM_PERM_ATTR_DATA_T
--------------------------------------------------------

  ALTER TABLE "KRIM_PERM_ATTR_DATA_T" MODIFY ("OBJ_ID" NOT NULL ENABLE);
  ALTER TABLE "KRIM_PERM_ATTR_DATA_T" MODIFY ("VER_NBR" NOT NULL ENABLE);
  ALTER TABLE "KRIM_PERM_ATTR_DATA_T" MODIFY ("KIM_TYP_ID" NOT NULL ENABLE);
  ALTER TABLE "KRIM_PERM_ATTR_DATA_T" ADD CONSTRAINT "KRIM_PERM_ATTR_DATA_TC0" UNIQUE ("OBJ_ID")
  USING INDEX PCTFREE 10 INITRANS 2 MAXTRANS 255 COMPUTE STATISTICS 
  STORAGE(INITIAL 65536 NEXT 1048576 MINEXTENTS 1 MAXEXTENTS 2147483645
  PCTINCREASE 0 FREELISTS 1 FREELIST GROUPS 1 BUFFER_POOL DEFAULT FLASH_CACHE DEFAULT CELL_FLASH_CACHE DEFAULT)
    ENABLE;
  ALTER TABLE "KRIM_PERM_ATTR_DATA_T" ADD CONSTRAINT "KRIM_PERM_ATTR_DATA_TP1" PRIMARY KEY ("ATTR_DATA_ID")
  USING INDEX PCTFREE 10 INITRANS 2 MAXTRANS 255 COMPUTE STATISTICS 
  STORAGE(INITIAL 65536 NEXT 1048576 MINEXTENTS 1 MAXEXTENTS 2147483645
  PCTINCREASE 0 FREELISTS 1 FREELIST GROUPS 1 BUFFER_POOL DEFAULT FLASH_CACHE DEFAULT CELL_FLASH_CACHE DEFAULT)
    ENABLE;
--------------------------------------------------------
--  Constraints for Table BK_BOOK_TYP_T
--------------------------------------------------------

  ALTER TABLE "BK_BOOK_TYP_T" MODIFY ("OBJ_ID" NOT NULL ENABLE);
  ALTER TABLE "BK_BOOK_TYP_T" MODIFY ("VER_NBR" NOT NULL ENABLE);
  ALTER TABLE "BK_BOOK_TYP_T" ADD CONSTRAINT "BK_BOOK_TYP_TP1" PRIMARY KEY ("TYP_CD")
  USING INDEX PCTFREE 10 INITRANS 2 MAXTRANS 255 COMPUTE STATISTICS 
  STORAGE(INITIAL 65536 NEXT 1048576 MINEXTENTS 1 MAXEXTENTS 2147483645
  PCTINCREASE 0 FREELISTS 1 FREELIST GROUPS 1 BUFFER_POOL DEFAULT FLASH_CACHE DEFAULT CELL_FLASH_CACHE DEFAULT)
    ENABLE;
--------------------------------------------------------
--  Constraints for Table KRIM_AFLTN_TYP_T
--------------------------------------------------------

  ALTER TABLE "KRIM_AFLTN_TYP_T" ADD CONSTRAINT "KRIM_AFLTN_TYP_TP1" PRIMARY KEY ("AFLTN_TYP_CD")
  USING INDEX PCTFREE 10 INITRANS 2 MAXTRANS 255 COMPUTE STATISTICS 
  STORAGE(INITIAL 65536 NEXT 1048576 MINEXTENTS 1 MAXEXTENTS 2147483645
  PCTINCREASE 0 FREELISTS 1 FREELIST GROUPS 1 BUFFER_POOL DEFAULT FLASH_CACHE DEFAULT CELL_FLASH_CACHE DEFAULT)
    ENABLE;
  ALTER TABLE "KRIM_AFLTN_TYP_T" ADD CONSTRAINT "KRIM_AFLTN_TYP_TC1" UNIQUE ("NM")
  USING INDEX PCTFREE 10 INITRANS 2 MAXTRANS 255 
  STORAGE(INITIAL 65536 NEXT 1048576 MINEXTENTS 1 MAXEXTENTS 2147483645
  PCTINCREASE 0 FREELISTS 1 FREELIST GROUPS 1 BUFFER_POOL DEFAULT FLASH_CACHE DEFAULT CELL_FLASH_CACHE DEFAULT)
    ENABLE;
  ALTER TABLE "KRIM_AFLTN_TYP_T" ADD CONSTRAINT "KRIM_AFLTN_TYP_TC0" UNIQUE ("OBJ_ID")
  USING INDEX PCTFREE 10 INITRANS 2 MAXTRANS 255 
  STORAGE(INITIAL 65536 NEXT 1048576 MINEXTENTS 1 MAXEXTENTS 2147483645
  PCTINCREASE 0 FREELISTS 1 FREELIST GROUPS 1 BUFFER_POOL DEFAULT FLASH_CACHE DEFAULT CELL_FLASH_CACHE DEFAULT)
    ENABLE;
  ALTER TABLE "KRIM_AFLTN_TYP_T" MODIFY ("VER_NBR" NOT NULL ENABLE);
  ALTER TABLE "KRIM_AFLTN_TYP_T" MODIFY ("OBJ_ID" NOT NULL ENABLE);
--------------------------------------------------------
--  Constraints for Table KRMS_ACTN_T
--------------------------------------------------------

  ALTER TABLE "KRMS_ACTN_T" MODIFY ("TYP_ID" NOT NULL ENABLE);
  ALTER TABLE "KRMS_ACTN_T" MODIFY ("VER_NBR" NOT NULL ENABLE);
  ALTER TABLE "KRMS_ACTN_T" MODIFY ("NMSPC_CD" NOT NULL ENABLE);
  ALTER TABLE "KRMS_ACTN_T" ADD CONSTRAINT "KRMS_ACTN_TC2" UNIQUE ("ACTN_ID", "RULE_ID", "SEQ_NO")
  USING INDEX PCTFREE 10 INITRANS 2 MAXTRANS 255 COMPUTE STATISTICS 
  STORAGE(INITIAL 65536 NEXT 1048576 MINEXTENTS 1 MAXEXTENTS 2147483645
  PCTINCREASE 0 FREELISTS 1 FREELIST GROUPS 1 BUFFER_POOL DEFAULT FLASH_CACHE DEFAULT CELL_FLASH_CACHE DEFAULT)
    ENABLE;
  ALTER TABLE "KRMS_ACTN_T" ADD CONSTRAINT "KRMS_ACTN_TP1" PRIMARY KEY ("ACTN_ID")
  USING INDEX PCTFREE 10 INITRANS 2 MAXTRANS 255 COMPUTE STATISTICS 
  STORAGE(INITIAL 65536 NEXT 1048576 MINEXTENTS 1 MAXEXTENTS 2147483645
  PCTINCREASE 0 FREELISTS 1 FREELIST GROUPS 1 BUFFER_POOL DEFAULT FLASH_CACHE DEFAULT CELL_FLASH_CACHE DEFAULT)
    ENABLE;
--------------------------------------------------------
--  Constraints for Table KRIM_PERM_TMPL_T
--------------------------------------------------------

  ALTER TABLE "KRIM_PERM_TMPL_T" ADD CONSTRAINT "KRIM_PERM_TMPL_TP1" PRIMARY KEY ("PERM_TMPL_ID")
  USING INDEX PCTFREE 10 INITRANS 2 MAXTRANS 255 COMPUTE STATISTICS 
  STORAGE(INITIAL 65536 NEXT 1048576 MINEXTENTS 1 MAXEXTENTS 2147483645
  PCTINCREASE 0 FREELISTS 1 FREELIST GROUPS 1 BUFFER_POOL DEFAULT FLASH_CACHE DEFAULT CELL_FLASH_CACHE DEFAULT)
    ENABLE;
  ALTER TABLE "KRIM_PERM_TMPL_T" ADD CONSTRAINT "KRIM_PERM_TMPL_TC1" UNIQUE ("NM", "NMSPC_CD")
  USING INDEX PCTFREE 10 INITRANS 2 MAXTRANS 255 
  STORAGE(INITIAL 65536 NEXT 1048576 MINEXTENTS 1 MAXEXTENTS 2147483645
  PCTINCREASE 0 FREELISTS 1 FREELIST GROUPS 1 BUFFER_POOL DEFAULT FLASH_CACHE DEFAULT CELL_FLASH_CACHE DEFAULT)
    ENABLE;
  ALTER TABLE "KRIM_PERM_TMPL_T" ADD CONSTRAINT "KRIM_PERM_TMPL_TC0" UNIQUE ("OBJ_ID")
  USING INDEX PCTFREE 10 INITRANS 2 MAXTRANS 255 
  STORAGE(INITIAL 65536 NEXT 1048576 MINEXTENTS 1 MAXEXTENTS 2147483645
  PCTINCREASE 0 FREELISTS 1 FREELIST GROUPS 1 BUFFER_POOL DEFAULT FLASH_CACHE DEFAULT CELL_FLASH_CACHE DEFAULT)
    ENABLE;
  ALTER TABLE "KRIM_PERM_TMPL_T" MODIFY ("KIM_TYP_ID" NOT NULL ENABLE);
  ALTER TABLE "KRIM_PERM_TMPL_T" MODIFY ("NM" NOT NULL ENABLE);
  ALTER TABLE "KRIM_PERM_TMPL_T" MODIFY ("NMSPC_CD" NOT NULL ENABLE);
  ALTER TABLE "KRIM_PERM_TMPL_T" MODIFY ("VER_NBR" NOT NULL ENABLE);
  ALTER TABLE "KRIM_PERM_TMPL_T" MODIFY ("OBJ_ID" NOT NULL ENABLE);
--------------------------------------------------------
--  Constraints for Table KRIM_PND_ROLE_MBR_MT
--------------------------------------------------------

  ALTER TABLE "KRIM_PND_ROLE_MBR_MT" MODIFY ("OBJ_ID" NOT NULL ENABLE);
  ALTER TABLE "KRIM_PND_ROLE_MBR_MT" MODIFY ("VER_NBR" NOT NULL ENABLE);
  ALTER TABLE "KRIM_PND_ROLE_MBR_MT" MODIFY ("ROLE_ID" NOT NULL ENABLE);
  ALTER TABLE "KRIM_PND_ROLE_MBR_MT" MODIFY ("MBR_TYP_CD" NOT NULL ENABLE);
  ALTER TABLE "KRIM_PND_ROLE_MBR_MT" ADD CONSTRAINT "KRIM_PND_ROLE_MBR_MTP1" PRIMARY KEY ("FDOC_NBR", "ROLE_MBR_ID")
  USING INDEX PCTFREE 10 INITRANS 2 MAXTRANS 255 COMPUTE STATISTICS 
  STORAGE(INITIAL 65536 NEXT 1048576 MINEXTENTS 1 MAXEXTENTS 2147483645
  PCTINCREASE 0 FREELISTS 1 FREELIST GROUPS 1 BUFFER_POOL DEFAULT FLASH_CACHE DEFAULT CELL_FLASH_CACHE DEFAULT)
    ENABLE;
--------------------------------------------------------
--  Constraints for Table KRMS_TYP_RELN_T
--------------------------------------------------------

  ALTER TABLE "KRMS_TYP_RELN_T" MODIFY ("FROM_TYP_ID" NOT NULL ENABLE);
  ALTER TABLE "KRMS_TYP_RELN_T" MODIFY ("TO_TYP_ID" NOT NULL ENABLE);
  ALTER TABLE "KRMS_TYP_RELN_T" MODIFY ("RELN_TYP" NOT NULL ENABLE);
  ALTER TABLE "KRMS_TYP_RELN_T" MODIFY ("SEQ_NO" NOT NULL ENABLE);
  ALTER TABLE "KRMS_TYP_RELN_T" MODIFY ("VER_NBR" NOT NULL ENABLE);
  ALTER TABLE "KRMS_TYP_RELN_T" MODIFY ("ACTV" NOT NULL ENABLE);
  ALTER TABLE "KRMS_TYP_RELN_T" ADD CONSTRAINT "KRMS_TYP_RELN_TC1" UNIQUE ("FROM_TYP_ID", "TO_TYP_ID", "RELN_TYP")
  USING INDEX PCTFREE 10 INITRANS 2 MAXTRANS 255 COMPUTE STATISTICS 
  STORAGE(INITIAL 65536 NEXT 1048576 MINEXTENTS 1 MAXEXTENTS 2147483645
  PCTINCREASE 0 FREELISTS 1 FREELIST GROUPS 1 BUFFER_POOL DEFAULT FLASH_CACHE DEFAULT CELL_FLASH_CACHE DEFAULT)
    ENABLE;
  ALTER TABLE "KRMS_TYP_RELN_T" ADD CONSTRAINT "KRMS_TYP_RELN_TP1" PRIMARY KEY ("TYP_RELN_ID")
  USING INDEX PCTFREE 10 INITRANS 2 MAXTRANS 255 COMPUTE STATISTICS 
  STORAGE(INITIAL 65536 NEXT 1048576 MINEXTENTS 1 MAXEXTENTS 2147483645
  PCTINCREASE 0 FREELISTS 1 FREELIST GROUPS 1 BUFFER_POOL DEFAULT FLASH_CACHE DEFAULT CELL_FLASH_CACHE DEFAULT)
    ENABLE;
--------------------------------------------------------
--  Constraints for Table KRNS_NTE_T
--------------------------------------------------------

  ALTER TABLE "KRNS_NTE_T" MODIFY ("OBJ_ID" NOT NULL ENABLE);
  ALTER TABLE "KRNS_NTE_T" MODIFY ("VER_NBR" NOT NULL ENABLE);
  ALTER TABLE "KRNS_NTE_T" MODIFY ("RMT_OBJ_ID" NOT NULL ENABLE);
  ALTER TABLE "KRNS_NTE_T" MODIFY ("AUTH_PRNCPL_ID" NOT NULL ENABLE);
  ALTER TABLE "KRNS_NTE_T" MODIFY ("POST_TS" NOT NULL ENABLE);
  ALTER TABLE "KRNS_NTE_T" MODIFY ("NTE_TYP_CD" NOT NULL ENABLE);
  ALTER TABLE "KRNS_NTE_T" ADD CONSTRAINT "KRNS_NTE_TC0" UNIQUE ("OBJ_ID")
  USING INDEX PCTFREE 10 INITRANS 2 MAXTRANS 255 COMPUTE STATISTICS 
  STORAGE(INITIAL 65536 NEXT 1048576 MINEXTENTS 1 MAXEXTENTS 2147483645
  PCTINCREASE 0 FREELISTS 1 FREELIST GROUPS 1 BUFFER_POOL DEFAULT FLASH_CACHE DEFAULT CELL_FLASH_CACHE DEFAULT)
    ENABLE;
  ALTER TABLE "KRNS_NTE_T" ADD CONSTRAINT "KRNS_NTE_TP1" PRIMARY KEY ("NTE_ID")
  USING INDEX PCTFREE 10 INITRANS 2 MAXTRANS 255 COMPUTE STATISTICS 
  STORAGE(INITIAL 65536 NEXT 1048576 MINEXTENTS 1 MAXEXTENTS 2147483645
  PCTINCREASE 0 FREELISTS 1 FREELIST GROUPS 1 BUFFER_POOL DEFAULT FLASH_CACHE DEFAULT CELL_FLASH_CACHE DEFAULT)
    ENABLE;
--------------------------------------------------------
--  Constraints for Table KRMS_CNTXT_VLD_RULE_TYP_T
--------------------------------------------------------

  ALTER TABLE "KRMS_CNTXT_VLD_RULE_TYP_T" MODIFY ("CNTXT_ID" NOT NULL ENABLE);
  ALTER TABLE "KRMS_CNTXT_VLD_RULE_TYP_T" MODIFY ("RULE_TYP_ID" NOT NULL ENABLE);
  ALTER TABLE "KRMS_CNTXT_VLD_RULE_TYP_T" MODIFY ("VER_NBR" NOT NULL ENABLE);
  ALTER TABLE "KRMS_CNTXT_VLD_RULE_TYP_T" ADD CONSTRAINT "KRMS_CNTXT_VLD_RULE_TYP_TP1" PRIMARY KEY ("CNTXT_VLD_RULE_ID")
  USING INDEX PCTFREE 10 INITRANS 2 MAXTRANS 255 COMPUTE STATISTICS 
  STORAGE(INITIAL 65536 NEXT 1048576 MINEXTENTS 1 MAXEXTENTS 2147483645
  PCTINCREASE 0 FREELISTS 1 FREELIST GROUPS 1 BUFFER_POOL DEFAULT FLASH_CACHE DEFAULT CELL_FLASH_CACHE DEFAULT)
    ENABLE;
--------------------------------------------------------
--  Constraints for Table KRLC_PSTL_CD_T
--------------------------------------------------------

  ALTER TABLE "KRLC_PSTL_CD_T" MODIFY ("OBJ_ID" NOT NULL ENABLE);
  ALTER TABLE "KRLC_PSTL_CD_T" MODIFY ("VER_NBR" NOT NULL ENABLE);
  ALTER TABLE "KRLC_PSTL_CD_T" MODIFY ("ACTV_IND" NOT NULL ENABLE);
  ALTER TABLE "KRLC_PSTL_CD_T" ADD CONSTRAINT "KR_POSTAL_CODE_TC0" UNIQUE ("OBJ_ID")
  USING INDEX PCTFREE 10 INITRANS 2 MAXTRANS 255 COMPUTE STATISTICS 
  STORAGE(INITIAL 65536 NEXT 1048576 MINEXTENTS 1 MAXEXTENTS 2147483645
  PCTINCREASE 0 FREELISTS 1 FREELIST GROUPS 1 BUFFER_POOL DEFAULT FLASH_CACHE DEFAULT CELL_FLASH_CACHE DEFAULT)
    ENABLE;
  ALTER TABLE "KRLC_PSTL_CD_T" ADD CONSTRAINT "KRLC_PSTL_CD_TP1" PRIMARY KEY ("POSTAL_CD", "POSTAL_CNTRY_CD")
  USING INDEX PCTFREE 10 INITRANS 2 MAXTRANS 255 COMPUTE STATISTICS 
  STORAGE(INITIAL 65536 NEXT 1048576 MINEXTENTS 1 MAXEXTENTS 2147483645
  PCTINCREASE 0 FREELISTS 1 FREELIST GROUPS 1 BUFFER_POOL DEFAULT FLASH_CACHE DEFAULT CELL_FLASH_CACHE DEFAULT)
    ENABLE;
--------------------------------------------------------
--  Constraints for Table BK_ORDER_ENTRY_T
--------------------------------------------------------

  ALTER TABLE "BK_ORDER_ENTRY_T" MODIFY ("DOC_HDR_ID" NOT NULL ENABLE);
  ALTER TABLE "BK_ORDER_ENTRY_T" MODIFY ("BOOK_ID" NOT NULL ENABLE);
  ALTER TABLE "BK_ORDER_ENTRY_T" MODIFY ("QUANTITY" NOT NULL ENABLE);
  ALTER TABLE "BK_ORDER_ENTRY_T" MODIFY ("OBJ_ID" NOT NULL ENABLE);
  ALTER TABLE "BK_ORDER_ENTRY_T" MODIFY ("VER_NBR" NOT NULL ENABLE);
  ALTER TABLE "BK_ORDER_ENTRY_T" ADD CONSTRAINT "BK_ORDER_ENTRY_TP1" PRIMARY KEY ("BK_ORDER_ENTRY_ID")
  USING INDEX PCTFREE 10 INITRANS 2 MAXTRANS 255 COMPUTE STATISTICS 
  STORAGE(INITIAL 65536 NEXT 1048576 MINEXTENTS 1 MAXEXTENTS 2147483645
  PCTINCREASE 0 FREELISTS 1 FREELIST GROUPS 1 BUFFER_POOL DEFAULT FLASH_CACHE DEFAULT CELL_FLASH_CACHE DEFAULT)
    ENABLE;
--------------------------------------------------------
--  Constraints for Table KRSB_QRTZ_FIRED_TRIGGERS
--------------------------------------------------------

  ALTER TABLE "KRSB_QRTZ_FIRED_TRIGGERS" MODIFY ("TRIGGER_NAME" NOT NULL ENABLE);
  ALTER TABLE "KRSB_QRTZ_FIRED_TRIGGERS" MODIFY ("TRIGGER_GROUP" NOT NULL ENABLE);
  ALTER TABLE "KRSB_QRTZ_FIRED_TRIGGERS" MODIFY ("IS_VOLATILE" NOT NULL ENABLE);
  ALTER TABLE "KRSB_QRTZ_FIRED_TRIGGERS" MODIFY ("INSTANCE_NAME" NOT NULL ENABLE);
  ALTER TABLE "KRSB_QRTZ_FIRED_TRIGGERS" MODIFY ("FIRED_TIME" NOT NULL ENABLE);
  ALTER TABLE "KRSB_QRTZ_FIRED_TRIGGERS" MODIFY ("PRIORITY" NOT NULL ENABLE);
  ALTER TABLE "KRSB_QRTZ_FIRED_TRIGGERS" MODIFY ("STATE" NOT NULL ENABLE);
  ALTER TABLE "KRSB_QRTZ_FIRED_TRIGGERS" ADD CONSTRAINT "KRSB_QRTZ_FIRED_TRIGGERSP1" PRIMARY KEY ("ENTRY_ID")
  USING INDEX PCTFREE 10 INITRANS 2 MAXTRANS 255 COMPUTE STATISTICS 
  STORAGE(INITIAL 65536 NEXT 1048576 MINEXTENTS 1 MAXEXTENTS 2147483645
  PCTINCREASE 0 FREELISTS 1 FREELIST GROUPS 1 BUFFER_POOL DEFAULT FLASH_CACHE DEFAULT CELL_FLASH_CACHE DEFAULT)
    ENABLE;
--------------------------------------------------------
--  Constraints for Table KREW_DOC_TYP_T
--------------------------------------------------------

  ALTER TABLE "KREW_DOC_TYP_T" MODIFY ("LBL" NOT NULL ENABLE);
  ALTER TABLE "KREW_DOC_TYP_T" MODIFY ("OBJ_ID" NOT NULL ENABLE);
  ALTER TABLE "KREW_DOC_TYP_T" ADD CONSTRAINT "KREW_DOC_TYP_TC0" UNIQUE ("OBJ_ID")
  USING INDEX PCTFREE 10 INITRANS 2 MAXTRANS 255 COMPUTE STATISTICS 
  STORAGE(INITIAL 65536 NEXT 1048576 MINEXTENTS 1 MAXEXTENTS 2147483645
  PCTINCREASE 0 FREELISTS 1 FREELIST GROUPS 1 BUFFER_POOL DEFAULT FLASH_CACHE DEFAULT CELL_FLASH_CACHE DEFAULT)
    ENABLE;
  ALTER TABLE "KREW_DOC_TYP_T" ADD CONSTRAINT "KREW_DOC_TYP_TI1" UNIQUE ("DOC_TYP_NM", "DOC_TYP_VER_NBR")
  USING INDEX PCTFREE 10 INITRANS 2 MAXTRANS 255 COMPUTE STATISTICS 
  STORAGE(INITIAL 65536 NEXT 1048576 MINEXTENTS 1 MAXEXTENTS 2147483645
  PCTINCREASE 0 FREELISTS 1 FREELIST GROUPS 1 BUFFER_POOL DEFAULT FLASH_CACHE DEFAULT CELL_FLASH_CACHE DEFAULT)
    ENABLE;
  ALTER TABLE "KREW_DOC_TYP_T" ADD CONSTRAINT "KREW_DOC_TYP_TP1" PRIMARY KEY ("DOC_TYP_ID")
  USING INDEX PCTFREE 10 INITRANS 2 MAXTRANS 255 COMPUTE STATISTICS 
  STORAGE(INITIAL 65536 NEXT 1048576 MINEXTENTS 1 MAXEXTENTS 2147483645
  PCTINCREASE 0 FREELISTS 1 FREELIST GROUPS 1 BUFFER_POOL DEFAULT FLASH_CACHE DEFAULT CELL_FLASH_CACHE DEFAULT)
    ENABLE;
--------------------------------------------------------
--  Constraints for Table KRIM_ENTITY_T
--------------------------------------------------------

  ALTER TABLE "KRIM_ENTITY_T" ADD CONSTRAINT "KRIM_ENTITY_TP1" PRIMARY KEY ("ENTITY_ID")
  USING INDEX PCTFREE 10 INITRANS 2 MAXTRANS 255 COMPUTE STATISTICS 
  STORAGE(INITIAL 65536 NEXT 1048576 MINEXTENTS 1 MAXEXTENTS 2147483645
  PCTINCREASE 0 FREELISTS 1 FREELIST GROUPS 1 BUFFER_POOL DEFAULT FLASH_CACHE DEFAULT CELL_FLASH_CACHE DEFAULT)
    ENABLE;
  ALTER TABLE "KRIM_ENTITY_T" ADD CONSTRAINT "KRIM_ENTITY_TC0" UNIQUE ("OBJ_ID")
  USING INDEX PCTFREE 10 INITRANS 2 MAXTRANS 255 
  STORAGE(INITIAL 65536 NEXT 1048576 MINEXTENTS 1 MAXEXTENTS 2147483645
  PCTINCREASE 0 FREELISTS 1 FREELIST GROUPS 1 BUFFER_POOL DEFAULT FLASH_CACHE DEFAULT CELL_FLASH_CACHE DEFAULT)
    ENABLE;
  ALTER TABLE "KRIM_ENTITY_T" MODIFY ("VER_NBR" NOT NULL ENABLE);
  ALTER TABLE "KRIM_ENTITY_T" MODIFY ("OBJ_ID" NOT NULL ENABLE);
--------------------------------------------------------
--  Constraints for Table TRV_ATT_SAMPLE
--------------------------------------------------------

  ALTER TABLE "TRV_ATT_SAMPLE" ADD CONSTRAINT "TRV_ATT_SAMPLEP1" PRIMARY KEY ("ATTACHMENT_ID")
  USING INDEX PCTFREE 10 INITRANS 2 MAXTRANS 255 COMPUTE STATISTICS 
  STORAGE(INITIAL 65536 NEXT 1048576 MINEXTENTS 1 MAXEXTENTS 2147483645
  PCTINCREASE 0 FREELISTS 1 FREELIST GROUPS 1 BUFFER_POOL DEFAULT FLASH_CACHE DEFAULT CELL_FLASH_CACHE DEFAULT)
    ENABLE;
  ALTER TABLE "TRV_ATT_SAMPLE" MODIFY ("VER_NBR" NOT NULL ENABLE);
  ALTER TABLE "TRV_ATT_SAMPLE" MODIFY ("OBJ_ID" NOT NULL ENABLE);
--------------------------------------------------------
--  Constraints for Table KREW_RULE_TMPL_T
--------------------------------------------------------

  ALTER TABLE "KREW_RULE_TMPL_T" MODIFY ("NM" NOT NULL ENABLE);
  ALTER TABLE "KREW_RULE_TMPL_T" MODIFY ("OBJ_ID" NOT NULL ENABLE);
  ALTER TABLE "KREW_RULE_TMPL_T" ADD CONSTRAINT "KREW_RULE_TMPL_TC0" UNIQUE ("OBJ_ID")
  USING INDEX PCTFREE 10 INITRANS 2 MAXTRANS 255 COMPUTE STATISTICS 
  STORAGE(INITIAL 65536 NEXT 1048576 MINEXTENTS 1 MAXEXTENTS 2147483645
  PCTINCREASE 0 FREELISTS 1 FREELIST GROUPS 1 BUFFER_POOL DEFAULT FLASH_CACHE DEFAULT CELL_FLASH_CACHE DEFAULT)
    ENABLE;
  ALTER TABLE "KREW_RULE_TMPL_T" ADD CONSTRAINT "KREW_RULE_TMPL_TI1" UNIQUE ("NM")
  USING INDEX PCTFREE 10 INITRANS 2 MAXTRANS 255 COMPUTE STATISTICS 
  STORAGE(INITIAL 65536 NEXT 1048576 MINEXTENTS 1 MAXEXTENTS 2147483645
  PCTINCREASE 0 FREELISTS 1 FREELIST GROUPS 1 BUFFER_POOL DEFAULT FLASH_CACHE DEFAULT CELL_FLASH_CACHE DEFAULT)
    ENABLE;
  ALTER TABLE "KREW_RULE_TMPL_T" ADD CONSTRAINT "KREW_RULE_TMPL_TP1" PRIMARY KEY ("RULE_TMPL_ID")
  USING INDEX PCTFREE 10 INITRANS 2 MAXTRANS 255 COMPUTE STATISTICS 
  STORAGE(INITIAL 65536 NEXT 1048576 MINEXTENTS 1 MAXEXTENTS 2147483645
  PCTINCREASE 0 FREELISTS 1 FREELIST GROUPS 1 BUFFER_POOL DEFAULT FLASH_CACHE DEFAULT CELL_FLASH_CACHE DEFAULT)
    ENABLE;
--------------------------------------------------------
--  Constraints for Table KRIM_PND_ADDR_MT
--------------------------------------------------------

  ALTER TABLE "KRIM_PND_ADDR_MT" MODIFY ("VER_NBR" NOT NULL ENABLE);
  ALTER TABLE "KRIM_PND_ADDR_MT" ADD CONSTRAINT "KRIM_PND_ADDR_MTP1" PRIMARY KEY ("FDOC_NBR", "ENTITY_ADDR_ID")
  USING INDEX PCTFREE 10 INITRANS 2 MAXTRANS 255 COMPUTE STATISTICS 
  STORAGE(INITIAL 65536 NEXT 1048576 MINEXTENTS 1 MAXEXTENTS 2147483645
  PCTINCREASE 0 FREELISTS 1 FREELIST GROUPS 1 BUFFER_POOL DEFAULT FLASH_CACHE DEFAULT CELL_FLASH_CACHE DEFAULT)
    ENABLE;
  ALTER TABLE "KRIM_PND_ADDR_MT" MODIFY ("OBJ_ID" NOT NULL ENABLE);
--------------------------------------------------------
--  Constraints for Table KRIM_ENTITY_EMP_INFO_T
--------------------------------------------------------

  ALTER TABLE "KRIM_ENTITY_EMP_INFO_T" MODIFY ("OBJ_ID" NOT NULL ENABLE);
  ALTER TABLE "KRIM_ENTITY_EMP_INFO_T" MODIFY ("VER_NBR" NOT NULL ENABLE);
  ALTER TABLE "KRIM_ENTITY_EMP_INFO_T" ADD CONSTRAINT "KRIM_ENTITY_EMP_INFO_TC0" UNIQUE ("OBJ_ID")
  USING INDEX PCTFREE 10 INITRANS 2 MAXTRANS 255 COMPUTE STATISTICS 
  STORAGE(INITIAL 65536 NEXT 1048576 MINEXTENTS 1 MAXEXTENTS 2147483645
  PCTINCREASE 0 FREELISTS 1 FREELIST GROUPS 1 BUFFER_POOL DEFAULT FLASH_CACHE DEFAULT CELL_FLASH_CACHE DEFAULT)
    ENABLE;
  ALTER TABLE "KRIM_ENTITY_EMP_INFO_T" ADD CONSTRAINT "KRIM_ENTITY_EMP_INFO_TP1" PRIMARY KEY ("ENTITY_EMP_ID")
  USING INDEX PCTFREE 10 INITRANS 2 MAXTRANS 255 COMPUTE STATISTICS 
  STORAGE(INITIAL 65536 NEXT 1048576 MINEXTENTS 1 MAXEXTENTS 2147483645
  PCTINCREASE 0 FREELISTS 1 FREELIST GROUPS 1 BUFFER_POOL DEFAULT FLASH_CACHE DEFAULT CELL_FLASH_CACHE DEFAULT)
    ENABLE;
--------------------------------------------------------
--  Constraints for Table KREN_CNTNT_TYP_T
--------------------------------------------------------

  ALTER TABLE "KREN_CNTNT_TYP_T" ADD CONSTRAINT "KREN_CNTNT_TYP_TP1" PRIMARY KEY ("CNTNT_TYP_ID")
  USING INDEX PCTFREE 10 INITRANS 2 MAXTRANS 255 COMPUTE STATISTICS 
  STORAGE(INITIAL 65536 NEXT 1048576 MINEXTENTS 1 MAXEXTENTS 2147483645
  PCTINCREASE 0 FREELISTS 1 FREELIST GROUPS 1 BUFFER_POOL DEFAULT FLASH_CACHE DEFAULT CELL_FLASH_CACHE DEFAULT)
    ENABLE;
  ALTER TABLE "KREN_CNTNT_TYP_T" ADD CONSTRAINT "KREN_CNTNT_TYP_TC0" UNIQUE ("NM", "CNTNT_TYP_VER_NBR")
  USING INDEX PCTFREE 10 INITRANS 2 MAXTRANS 255 
  STORAGE(INITIAL 65536 NEXT 1048576 MINEXTENTS 1 MAXEXTENTS 2147483645
  PCTINCREASE 0 FREELISTS 1 FREELIST GROUPS 1 BUFFER_POOL DEFAULT FLASH_CACHE DEFAULT CELL_FLASH_CACHE DEFAULT)
    ENABLE;
  ALTER TABLE "KREN_CNTNT_TYP_T" MODIFY ("VER_NBR" NOT NULL ENABLE);
  --ALTER TABLE "KREN_CNTNT_TYP_T" MODIFY ("XSL" NOT NULL ENABLE);
  --ALTER TABLE "KREN_CNTNT_TYP_T" MODIFY ("XSD" NOT NULL ENABLE);
  ALTER TABLE "KREN_CNTNT_TYP_T" MODIFY ("NMSPC_CD" NOT NULL ENABLE);
  ALTER TABLE "KREN_CNTNT_TYP_T" MODIFY ("DESC_TXT" NOT NULL ENABLE);
  ALTER TABLE "KREN_CNTNT_TYP_T" MODIFY ("CNTNT_TYP_VER_NBR" NOT NULL ENABLE);
  ALTER TABLE "KREN_CNTNT_TYP_T" MODIFY ("CUR_IND" NOT NULL ENABLE);
  ALTER TABLE "KREN_CNTNT_TYP_T" MODIFY ("NM" NOT NULL ENABLE);
--------------------------------------------------------
--  Constraints for Table KRIM_ENTITY_CACHE_T
--------------------------------------------------------

  ALTER TABLE "KRIM_ENTITY_CACHE_T" MODIFY ("PRNCPL_ID" NOT NULL ENABLE);
  ALTER TABLE "KRIM_ENTITY_CACHE_T" MODIFY ("OBJ_ID" NOT NULL ENABLE);
  ALTER TABLE "KRIM_ENTITY_CACHE_T" ADD CONSTRAINT "KRIM_ENTITY_CACHE_TC0" UNIQUE ("OBJ_ID")
  USING INDEX PCTFREE 10 INITRANS 2 MAXTRANS 255 COMPUTE STATISTICS 
  STORAGE(INITIAL 65536 NEXT 1048576 MINEXTENTS 1 MAXEXTENTS 2147483645
  PCTINCREASE 0 FREELISTS 1 FREELIST GROUPS 1 BUFFER_POOL DEFAULT FLASH_CACHE DEFAULT CELL_FLASH_CACHE DEFAULT)
    ENABLE;
  ALTER TABLE "KRIM_ENTITY_CACHE_T" ADD CONSTRAINT "KRIM_ENTITY_CACHE_TC1" UNIQUE ("PRNCPL_ID")
  USING INDEX PCTFREE 10 INITRANS 2 MAXTRANS 255 COMPUTE STATISTICS 
  STORAGE(INITIAL 65536 NEXT 1048576 MINEXTENTS 1 MAXEXTENTS 2147483645
  PCTINCREASE 0 FREELISTS 1 FREELIST GROUPS 1 BUFFER_POOL DEFAULT FLASH_CACHE DEFAULT CELL_FLASH_CACHE DEFAULT)
    ENABLE;
  ALTER TABLE "KRIM_ENTITY_CACHE_T" ADD CONSTRAINT "KRIM_ENTITY_CACHE_TP1" PRIMARY KEY ("ENTITY_ID")
  USING INDEX PCTFREE 10 INITRANS 2 MAXTRANS 255 COMPUTE STATISTICS 
  STORAGE(INITIAL 65536 NEXT 1048576 MINEXTENTS 1 MAXEXTENTS 2147483645
  PCTINCREASE 0 FREELISTS 1 FREELIST GROUPS 1 BUFFER_POOL DEFAULT FLASH_CACHE DEFAULT CELL_FLASH_CACHE DEFAULT)
    ENABLE;
--------------------------------------------------------
--  Constraints for Table KRIM_TYP_T
--------------------------------------------------------

  ALTER TABLE "KRIM_TYP_T" ADD CONSTRAINT "KRIM_TYP_TP1" PRIMARY KEY ("KIM_TYP_ID")
  USING INDEX PCTFREE 10 INITRANS 2 MAXTRANS 255 COMPUTE STATISTICS 
  STORAGE(INITIAL 65536 NEXT 1048576 MINEXTENTS 1 MAXEXTENTS 2147483645
  PCTINCREASE 0 FREELISTS 1 FREELIST GROUPS 1 BUFFER_POOL DEFAULT FLASH_CACHE DEFAULT CELL_FLASH_CACHE DEFAULT)
    ENABLE;
  ALTER TABLE "KRIM_TYP_T" ADD CONSTRAINT "KRIM_TYP_TC0" UNIQUE ("OBJ_ID")
  USING INDEX PCTFREE 10 INITRANS 2 MAXTRANS 255 
  STORAGE(INITIAL 65536 NEXT 1048576 MINEXTENTS 1 MAXEXTENTS 2147483645
  PCTINCREASE 0 FREELISTS 1 FREELIST GROUPS 1 BUFFER_POOL DEFAULT FLASH_CACHE DEFAULT CELL_FLASH_CACHE DEFAULT)
    ENABLE;
  ALTER TABLE "KRIM_TYP_T" MODIFY ("VER_NBR" NOT NULL ENABLE);
  ALTER TABLE "KRIM_TYP_T" MODIFY ("OBJ_ID" NOT NULL ENABLE);
--------------------------------------------------------
--  Constraints for Table KREW_RULE_EXT_VAL_T
--------------------------------------------------------

  ALTER TABLE "KREW_RULE_EXT_VAL_T" MODIFY ("KEY_CD" NOT NULL ENABLE);
  ALTER TABLE "KREW_RULE_EXT_VAL_T" ADD CONSTRAINT "KREW_RULE_EXT_VAL_TP1" PRIMARY KEY ("RULE_EXT_VAL_ID")
  USING INDEX PCTFREE 10 INITRANS 2 MAXTRANS 255 COMPUTE STATISTICS 
  STORAGE(INITIAL 65536 NEXT 1048576 MINEXTENTS 1 MAXEXTENTS 2147483645
  PCTINCREASE 0 FREELISTS 1 FREELIST GROUPS 1 BUFFER_POOL DEFAULT FLASH_CACHE DEFAULT CELL_FLASH_CACHE DEFAULT)
    ENABLE;
  ALTER TABLE "KREW_RULE_EXT_VAL_T" MODIFY ("RULE_EXT_ID" NOT NULL ENABLE);
  ALTER TABLE "KREW_RULE_EXT_VAL_T" MODIFY ("VAL" NOT NULL ENABLE);
--------------------------------------------------------
--  Constraints for Table KREW_DOC_TYP_APP_DOC_STAT_T
--------------------------------------------------------

  ALTER TABLE "KREW_DOC_TYP_APP_DOC_STAT_T" MODIFY ("OBJ_ID" NOT NULL ENABLE);
  ALTER TABLE "KREW_DOC_TYP_APP_DOC_STAT_T" ADD CONSTRAINT "KREW_DOC_TYP_APP_DOC_STAT_TC0" UNIQUE ("OBJ_ID")
  USING INDEX PCTFREE 10 INITRANS 2 MAXTRANS 255 COMPUTE STATISTICS 
  STORAGE(INITIAL 65536 NEXT 1048576 MINEXTENTS 1 MAXEXTENTS 2147483645
  PCTINCREASE 0 FREELISTS 1 FREELIST GROUPS 1 BUFFER_POOL DEFAULT FLASH_CACHE DEFAULT CELL_FLASH_CACHE DEFAULT)
    ENABLE;
  ALTER TABLE "KREW_DOC_TYP_APP_DOC_STAT_T" ADD CONSTRAINT "KREW_DOC_TYP_APP_DOC_STAT_TP1" PRIMARY KEY ("DOC_TYP_ID", "DOC_STAT_NM")
  USING INDEX PCTFREE 10 INITRANS 2 MAXTRANS 255 COMPUTE STATISTICS 
  STORAGE(INITIAL 65536 NEXT 1048576 MINEXTENTS 1 MAXEXTENTS 2147483645
  PCTINCREASE 0 FREELISTS 1 FREELIST GROUPS 1 BUFFER_POOL DEFAULT FLASH_CACHE DEFAULT CELL_FLASH_CACHE DEFAULT)
    ENABLE;
--------------------------------------------------------
--  Constraints for Table KRNS_MAINT_DOC_T
--------------------------------------------------------

  ALTER TABLE "KRNS_MAINT_DOC_T" MODIFY ("OBJ_ID" NOT NULL ENABLE);
  ALTER TABLE "KRNS_MAINT_DOC_T" MODIFY ("VER_NBR" NOT NULL ENABLE);
  ALTER TABLE "KRNS_MAINT_DOC_T" ADD CONSTRAINT "KRNS_MAINT_DOC_TC0" UNIQUE ("OBJ_ID")
  USING INDEX PCTFREE 10 INITRANS 2 MAXTRANS 255 COMPUTE STATISTICS 
  STORAGE(INITIAL 65536 NEXT 1048576 MINEXTENTS 1 MAXEXTENTS 2147483645
  PCTINCREASE 0 FREELISTS 1 FREELIST GROUPS 1 BUFFER_POOL DEFAULT FLASH_CACHE DEFAULT CELL_FLASH_CACHE DEFAULT)
    ENABLE;
  ALTER TABLE "KRNS_MAINT_DOC_T" ADD CONSTRAINT "KRNS_MAINT_DOC_TP1" PRIMARY KEY ("DOC_HDR_ID")
  USING INDEX PCTFREE 10 INITRANS 2 MAXTRANS 255 COMPUTE STATISTICS 
  STORAGE(INITIAL 65536 NEXT 1048576 MINEXTENTS 1 MAXEXTENTS 2147483645
  PCTINCREASE 0 FREELISTS 1 FREELIST GROUPS 1 BUFFER_POOL DEFAULT FLASH_CACHE DEFAULT CELL_FLASH_CACHE DEFAULT)
    ENABLE;
--------------------------------------------------------
--  Constraints for Table KREW_DOC_HDR_EXT_DT_T
--------------------------------------------------------

  ALTER TABLE "KREW_DOC_HDR_EXT_DT_T" MODIFY ("DOC_HDR_ID" NOT NULL ENABLE);
  ALTER TABLE "KREW_DOC_HDR_EXT_DT_T" MODIFY ("KEY_CD" NOT NULL ENABLE);
  ALTER TABLE "KREW_DOC_HDR_EXT_DT_T" ADD CONSTRAINT "KREW_DOC_HDR_EXT_DT_TP1" PRIMARY KEY ("DOC_HDR_EXT_DT_ID")
  USING INDEX PCTFREE 10 INITRANS 2 MAXTRANS 255 COMPUTE STATISTICS 
  STORAGE(INITIAL 65536 NEXT 1048576 MINEXTENTS 1 MAXEXTENTS 2147483645
  PCTINCREASE 0 FREELISTS 1 FREELIST GROUPS 1 BUFFER_POOL DEFAULT FLASH_CACHE DEFAULT CELL_FLASH_CACHE DEFAULT)
    ENABLE;
--------------------------------------------------------
--  Constraints for Table KRNS_DOC_HDR_T
--------------------------------------------------------

  ALTER TABLE "KRNS_DOC_HDR_T" ADD CONSTRAINT "KRNS_DOC_HDR_TP1" PRIMARY KEY ("DOC_HDR_ID")
  USING INDEX PCTFREE 10 INITRANS 2 MAXTRANS 255 COMPUTE STATISTICS 
  STORAGE(INITIAL 65536 NEXT 1048576 MINEXTENTS 1 MAXEXTENTS 2147483645
  PCTINCREASE 0 FREELISTS 1 FREELIST GROUPS 1 BUFFER_POOL DEFAULT FLASH_CACHE DEFAULT CELL_FLASH_CACHE DEFAULT)
    ENABLE;
  ALTER TABLE "KRNS_DOC_HDR_T" ADD CONSTRAINT "KRNS_DOC_HDR_TC0" UNIQUE ("OBJ_ID")
  USING INDEX PCTFREE 10 INITRANS 2 MAXTRANS 255 
  STORAGE(INITIAL 65536 NEXT 1048576 MINEXTENTS 1 MAXEXTENTS 2147483645
  PCTINCREASE 0 FREELISTS 1 FREELIST GROUPS 1 BUFFER_POOL DEFAULT FLASH_CACHE DEFAULT CELL_FLASH_CACHE DEFAULT)
    ENABLE;
  ALTER TABLE "KRNS_DOC_HDR_T" MODIFY ("VER_NBR" NOT NULL ENABLE);
  ALTER TABLE "KRNS_DOC_HDR_T" MODIFY ("OBJ_ID" NOT NULL ENABLE);
--------------------------------------------------------
--  Constraints for Table KRSB_SVC_DEF_T
--------------------------------------------------------

  ALTER TABLE "KRSB_SVC_DEF_T" MODIFY ("SVC_NM" NOT NULL ENABLE);
  ALTER TABLE "KRSB_SVC_DEF_T" MODIFY ("SVC_URL" NOT NULL ENABLE);
  ALTER TABLE "KRSB_SVC_DEF_T" MODIFY ("INSTN_ID" NOT NULL ENABLE);
  ALTER TABLE "KRSB_SVC_DEF_T" MODIFY ("APPL_ID" NOT NULL ENABLE);
  ALTER TABLE "KRSB_SVC_DEF_T" MODIFY ("SRVR_IP" NOT NULL ENABLE);
  ALTER TABLE "KRSB_SVC_DEF_T" MODIFY ("TYP_CD" NOT NULL ENABLE);
  ALTER TABLE "KRSB_SVC_DEF_T" MODIFY ("SVC_VER" NOT NULL ENABLE);
  ALTER TABLE "KRSB_SVC_DEF_T" MODIFY ("STAT_CD" NOT NULL ENABLE);
  ALTER TABLE "KRSB_SVC_DEF_T" MODIFY ("SVC_DSCRPTR_ID" NOT NULL ENABLE);
  ALTER TABLE "KRSB_SVC_DEF_T" MODIFY ("CHKSM" NOT NULL ENABLE);
  ALTER TABLE "KRSB_SVC_DEF_T" MODIFY ("VER_NBR" NOT NULL ENABLE);
  ALTER TABLE "KRSB_SVC_DEF_T" ADD CONSTRAINT "KRSB_SVC_DEF_TP1" PRIMARY KEY ("SVC_DEF_ID")
  USING INDEX PCTFREE 10 INITRANS 2 MAXTRANS 255 COMPUTE STATISTICS 
  STORAGE(INITIAL 65536 NEXT 1048576 MINEXTENTS 1 MAXEXTENTS 2147483645
  PCTINCREASE 0 FREELISTS 1 FREELIST GROUPS 1 BUFFER_POOL DEFAULT FLASH_CACHE DEFAULT CELL_FLASH_CACHE DEFAULT)
    ENABLE;
--------------------------------------------------------
--  Constraints for Table KRIM_PND_GRP_PRNCPL_MT
--------------------------------------------------------

  ALTER TABLE "KRIM_PND_GRP_PRNCPL_MT" MODIFY ("OBJ_ID" NOT NULL ENABLE);
  ALTER TABLE "KRIM_PND_GRP_PRNCPL_MT" MODIFY ("VER_NBR" NOT NULL ENABLE);
  ALTER TABLE "KRIM_PND_GRP_PRNCPL_MT" MODIFY ("GRP_ID" NOT NULL ENABLE);
  ALTER TABLE "KRIM_PND_GRP_PRNCPL_MT" MODIFY ("GRP_NM" NOT NULL ENABLE);
  ALTER TABLE "KRIM_PND_GRP_PRNCPL_MT" ADD CONSTRAINT "KRIM_PND_GRP_PRNCPL_MTP1" PRIMARY KEY ("GRP_MBR_ID", "FDOC_NBR")
  USING INDEX PCTFREE 10 INITRANS 2 MAXTRANS 255 COMPUTE STATISTICS 
  STORAGE(INITIAL 65536 NEXT 1048576 MINEXTENTS 1 MAXEXTENTS 2147483645
  PCTINCREASE 0 FREELISTS 1 FREELIST GROUPS 1 BUFFER_POOL DEFAULT FLASH_CACHE DEFAULT CELL_FLASH_CACHE DEFAULT)
    ENABLE;
--------------------------------------------------------
--  Constraints for Table BK_ORDER_DOC_T
--------------------------------------------------------

  ALTER TABLE "BK_ORDER_DOC_T" MODIFY ("OBJ_ID" NOT NULL ENABLE);
  ALTER TABLE "BK_ORDER_DOC_T" MODIFY ("VER_NBR" NOT NULL ENABLE);
  ALTER TABLE "BK_ORDER_DOC_T" ADD CONSTRAINT "BK_ORDER_DOC_TP1" PRIMARY KEY ("DOC_HDR_ID")
  USING INDEX PCTFREE 10 INITRANS 2 MAXTRANS 255 COMPUTE STATISTICS 
  STORAGE(INITIAL 65536 NEXT 1048576 MINEXTENTS 1 MAXEXTENTS 2147483645
  PCTINCREASE 0 FREELISTS 1 FREELIST GROUPS 1 BUFFER_POOL DEFAULT FLASH_CACHE DEFAULT CELL_FLASH_CACHE DEFAULT)
    ENABLE;
--------------------------------------------------------
--  Constraints for Table TRV_ACCT
--------------------------------------------------------

  ALTER TABLE "TRV_ACCT" MODIFY ("ACCT_NUM" NOT NULL ENABLE);
--------------------------------------------------------
--  Constraints for Table KRMS_ATTR_DEFN_T
--------------------------------------------------------

  ALTER TABLE "KRMS_ATTR_DEFN_T" ADD CONSTRAINT "KRMS_ATTR_DEFN_TP1" PRIMARY KEY ("ATTR_DEFN_ID")
  USING INDEX PCTFREE 10 INITRANS 2 MAXTRANS 255 COMPUTE STATISTICS 
  STORAGE(INITIAL 65536 NEXT 1048576 MINEXTENTS 1 MAXEXTENTS 2147483645
  PCTINCREASE 0 FREELISTS 1 FREELIST GROUPS 1 BUFFER_POOL DEFAULT FLASH_CACHE DEFAULT CELL_FLASH_CACHE DEFAULT)
    ENABLE;
  ALTER TABLE "KRMS_ATTR_DEFN_T" ADD CONSTRAINT "KRMS_ATTR_DEFN_TC1" UNIQUE ("NM", "NMSPC_CD")
  USING INDEX PCTFREE 10 INITRANS 2 MAXTRANS 255 
  STORAGE(INITIAL 65536 NEXT 1048576 MINEXTENTS 1 MAXEXTENTS 2147483645
  PCTINCREASE 0 FREELISTS 1 FREELIST GROUPS 1 BUFFER_POOL DEFAULT FLASH_CACHE DEFAULT CELL_FLASH_CACHE DEFAULT)
    ENABLE;
  ALTER TABLE "KRMS_ATTR_DEFN_T" MODIFY ("VER_NBR" NOT NULL ENABLE);
  ALTER TABLE "KRMS_ATTR_DEFN_T" MODIFY ("ACTV" NOT NULL ENABLE);
  ALTER TABLE "KRMS_ATTR_DEFN_T" MODIFY ("NMSPC_CD" NOT NULL ENABLE);
  ALTER TABLE "KRMS_ATTR_DEFN_T" MODIFY ("NM" NOT NULL ENABLE);
--------------------------------------------------------
--  Constraints for Table KRIM_RSP_TMPL_T
--------------------------------------------------------

  ALTER TABLE "KRIM_RSP_TMPL_T" MODIFY ("OBJ_ID" NOT NULL ENABLE);
  ALTER TABLE "KRIM_RSP_TMPL_T" MODIFY ("VER_NBR" NOT NULL ENABLE);
  ALTER TABLE "KRIM_RSP_TMPL_T" MODIFY ("NMSPC_CD" NOT NULL ENABLE);
  ALTER TABLE "KRIM_RSP_TMPL_T" MODIFY ("NM" NOT NULL ENABLE);
  ALTER TABLE "KRIM_RSP_TMPL_T" MODIFY ("KIM_TYP_ID" NOT NULL ENABLE);
  ALTER TABLE "KRIM_RSP_TMPL_T" ADD CONSTRAINT "KRIM_RSP_TMPL_TC0" UNIQUE ("OBJ_ID")
  USING INDEX PCTFREE 10 INITRANS 2 MAXTRANS 255 COMPUTE STATISTICS 
  STORAGE(INITIAL 65536 NEXT 1048576 MINEXTENTS 1 MAXEXTENTS 2147483645
  PCTINCREASE 0 FREELISTS 1 FREELIST GROUPS 1 BUFFER_POOL DEFAULT FLASH_CACHE DEFAULT CELL_FLASH_CACHE DEFAULT)
    ENABLE;
  ALTER TABLE "KRIM_RSP_TMPL_T" ADD CONSTRAINT "KRIM_RSP_TMPL_TC1" UNIQUE ("NM", "NMSPC_CD")
  USING INDEX PCTFREE 10 INITRANS 2 MAXTRANS 255 COMPUTE STATISTICS 
  STORAGE(INITIAL 65536 NEXT 1048576 MINEXTENTS 1 MAXEXTENTS 2147483645
  PCTINCREASE 0 FREELISTS 1 FREELIST GROUPS 1 BUFFER_POOL DEFAULT FLASH_CACHE DEFAULT CELL_FLASH_CACHE DEFAULT)
    ENABLE;
  ALTER TABLE "KRIM_RSP_TMPL_T" ADD CONSTRAINT "KRIM_RSP_TMPL_TP1" PRIMARY KEY ("RSP_TMPL_ID")
  USING INDEX PCTFREE 10 INITRANS 2 MAXTRANS 255 COMPUTE STATISTICS 
  STORAGE(INITIAL 65536 NEXT 1048576 MINEXTENTS 1 MAXEXTENTS 2147483645
  PCTINCREASE 0 FREELISTS 1 FREELIST GROUPS 1 BUFFER_POOL DEFAULT FLASH_CACHE DEFAULT CELL_FLASH_CACHE DEFAULT)
    ENABLE;
--------------------------------------------------------
--  Constraints for Table KRSB_QRTZ_BLOB_TRIGGERS
--------------------------------------------------------

  ALTER TABLE "KRSB_QRTZ_BLOB_TRIGGERS" ADD CONSTRAINT "KRSB_QRTZ_BLOB_TRIGGERSP1" PRIMARY KEY ("TRIGGER_NAME", "TRIGGER_GROUP")
  USING INDEX PCTFREE 10 INITRANS 2 MAXTRANS 255 COMPUTE STATISTICS 
  STORAGE(INITIAL 65536 NEXT 1048576 MINEXTENTS 1 MAXEXTENTS 2147483645
  PCTINCREASE 0 FREELISTS 1 FREELIST GROUPS 1 BUFFER_POOL DEFAULT FLASH_CACHE DEFAULT CELL_FLASH_CACHE DEFAULT)
    ENABLE;
--------------------------------------------------------
--  Constraints for Table KRIM_PND_PRIV_PREF_MT
--------------------------------------------------------

  ALTER TABLE "KRIM_PND_PRIV_PREF_MT" MODIFY ("OBJ_ID" NOT NULL ENABLE);
  ALTER TABLE "KRIM_PND_PRIV_PREF_MT" MODIFY ("VER_NBR" NOT NULL ENABLE);
  ALTER TABLE "KRIM_PND_PRIV_PREF_MT" ADD CONSTRAINT "KRIM_PND_PRIV_PREF_MTP1" PRIMARY KEY ("FDOC_NBR")
  USING INDEX PCTFREE 10 INITRANS 2 MAXTRANS 255 COMPUTE STATISTICS 
  STORAGE(INITIAL 65536 NEXT 1048576 MINEXTENTS 1 MAXEXTENTS 2147483645
  PCTINCREASE 0 FREELISTS 1 FREELIST GROUPS 1 BUFFER_POOL DEFAULT FLASH_CACHE DEFAULT CELL_FLASH_CACHE DEFAULT)
    ENABLE;
--------------------------------------------------------
--  Constraints for Table KREN_PRIO_T
--------------------------------------------------------

  ALTER TABLE "KREN_PRIO_T" ADD CONSTRAINT "KREN_PRIO_TP1" PRIMARY KEY ("PRIO_ID")
  USING INDEX PCTFREE 10 INITRANS 2 MAXTRANS 255 COMPUTE STATISTICS 
  STORAGE(INITIAL 65536 NEXT 1048576 MINEXTENTS 1 MAXEXTENTS 2147483645
  PCTINCREASE 0 FREELISTS 1 FREELIST GROUPS 1 BUFFER_POOL DEFAULT FLASH_CACHE DEFAULT CELL_FLASH_CACHE DEFAULT)
    ENABLE;
  ALTER TABLE "KREN_PRIO_T" ADD CONSTRAINT "KREN_PRIO_TC0" UNIQUE ("NM")
  USING INDEX PCTFREE 10 INITRANS 2 MAXTRANS 255 
  STORAGE(INITIAL 65536 NEXT 1048576 MINEXTENTS 1 MAXEXTENTS 2147483645
  PCTINCREASE 0 FREELISTS 1 FREELIST GROUPS 1 BUFFER_POOL DEFAULT FLASH_CACHE DEFAULT CELL_FLASH_CACHE DEFAULT)
    ENABLE;
  ALTER TABLE "KREN_PRIO_T" MODIFY ("VER_NBR" NOT NULL ENABLE);
  ALTER TABLE "KREN_PRIO_T" MODIFY ("PRIO_ORD" NOT NULL ENABLE);
  ALTER TABLE "KREN_PRIO_T" MODIFY ("DESC_TXT" NOT NULL ENABLE);
  ALTER TABLE "KREN_PRIO_T" MODIFY ("NM" NOT NULL ENABLE);
--------------------------------------------------------
--  Constraints for Table KREW_DOC_LNK_T
--------------------------------------------------------

  ALTER TABLE "KREW_DOC_LNK_T" MODIFY ("ORGN_DOC_ID" NOT NULL ENABLE);
  ALTER TABLE "KREW_DOC_LNK_T" MODIFY ("DEST_DOC_ID" NOT NULL ENABLE);
  ALTER TABLE "KREW_DOC_LNK_T" ADD CONSTRAINT "KREW_DOC_LNK_TP1" PRIMARY KEY ("DOC_LNK_ID")
  USING INDEX PCTFREE 10 INITRANS 2 MAXTRANS 255 COMPUTE STATISTICS 
  STORAGE(INITIAL 65536 NEXT 1048576 MINEXTENTS 1 MAXEXTENTS 2147483645
  PCTINCREASE 0 FREELISTS 1 FREELIST GROUPS 1 BUFFER_POOL DEFAULT FLASH_CACHE DEFAULT CELL_FLASH_CACHE DEFAULT)
    ENABLE;
--------------------------------------------------------
--  Constraints for Table KRIM_DLGN_T
--------------------------------------------------------

  ALTER TABLE "KRIM_DLGN_T" MODIFY ("VER_NBR" NOT NULL ENABLE);
  ALTER TABLE "KRIM_DLGN_T" MODIFY ("OBJ_ID" NOT NULL ENABLE);
  ALTER TABLE "KRIM_DLGN_T" MODIFY ("KIM_TYP_ID" NOT NULL ENABLE);
  ALTER TABLE "KRIM_DLGN_T" ADD CONSTRAINT "KRIM_DLGN_TC0" UNIQUE ("OBJ_ID")
  USING INDEX PCTFREE 10 INITRANS 2 MAXTRANS 255 COMPUTE STATISTICS 
  STORAGE(INITIAL 65536 NEXT 1048576 MINEXTENTS 1 MAXEXTENTS 2147483645
  PCTINCREASE 0 FREELISTS 1 FREELIST GROUPS 1 BUFFER_POOL DEFAULT FLASH_CACHE DEFAULT CELL_FLASH_CACHE DEFAULT)
    ENABLE;
  ALTER TABLE "KRIM_DLGN_T" ADD CONSTRAINT "KRIM_DLGN_TP1" PRIMARY KEY ("DLGN_ID")
  USING INDEX PCTFREE 10 INITRANS 2 MAXTRANS 255 COMPUTE STATISTICS 
  STORAGE(INITIAL 65536 NEXT 1048576 MINEXTENTS 1 MAXEXTENTS 2147483645
  PCTINCREASE 0 FREELISTS 1 FREELIST GROUPS 1 BUFFER_POOL DEFAULT FLASH_CACHE DEFAULT CELL_FLASH_CACHE DEFAULT)
    ENABLE;
--------------------------------------------------------
--  Constraints for Table KREN_SNDR_T
--------------------------------------------------------

  ALTER TABLE "KREN_SNDR_T" MODIFY ("NTFCTN_ID" NOT NULL ENABLE);
  ALTER TABLE "KREN_SNDR_T" MODIFY ("NM" NOT NULL ENABLE);
  ALTER TABLE "KREN_SNDR_T" ADD CONSTRAINT "KREN_SNDR_TC0" UNIQUE ("NTFCTN_ID", "NM")
  USING INDEX PCTFREE 10 INITRANS 2 MAXTRANS 255 COMPUTE STATISTICS 
  STORAGE(INITIAL 65536 NEXT 1048576 MINEXTENTS 1 MAXEXTENTS 2147483645
  PCTINCREASE 0 FREELISTS 1 FREELIST GROUPS 1 BUFFER_POOL DEFAULT FLASH_CACHE DEFAULT CELL_FLASH_CACHE DEFAULT)
    ENABLE;
  ALTER TABLE "KREN_SNDR_T" ADD CONSTRAINT "KREN_SNDR_TP1" PRIMARY KEY ("SNDR_ID")
  USING INDEX PCTFREE 10 INITRANS 2 MAXTRANS 255 COMPUTE STATISTICS 
  STORAGE(INITIAL 65536 NEXT 1048576 MINEXTENTS 1 MAXEXTENTS 2147483645
  PCTINCREASE 0 FREELISTS 1 FREELIST GROUPS 1 BUFFER_POOL DEFAULT FLASH_CACHE DEFAULT CELL_FLASH_CACHE DEFAULT)
    ENABLE;
--------------------------------------------------------
--  Constraints for Table KREW_EDL_DEF_T
--------------------------------------------------------

  ALTER TABLE "KREW_EDL_DEF_T" MODIFY ("OBJ_ID" NOT NULL ENABLE);
  ALTER TABLE "KREW_EDL_DEF_T" ADD CONSTRAINT "KREW_EDL_DEF_TC0" UNIQUE ("OBJ_ID")
  USING INDEX PCTFREE 10 INITRANS 2 MAXTRANS 255 COMPUTE STATISTICS 
  STORAGE(INITIAL 65536 NEXT 1048576 MINEXTENTS 1 MAXEXTENTS 2147483645
  PCTINCREASE 0 FREELISTS 1 FREELIST GROUPS 1 BUFFER_POOL DEFAULT FLASH_CACHE DEFAULT CELL_FLASH_CACHE DEFAULT)
    ENABLE;
  ALTER TABLE "KREW_EDL_DEF_T" ADD CONSTRAINT "KREW_EDL_DEF_TP1" PRIMARY KEY ("EDOCLT_DEF_ID")
  USING INDEX PCTFREE 10 INITRANS 2 MAXTRANS 255 COMPUTE STATISTICS 
  STORAGE(INITIAL 65536 NEXT 1048576 MINEXTENTS 1 MAXEXTENTS 2147483645
  PCTINCREASE 0 FREELISTS 1 FREELIST GROUPS 1 BUFFER_POOL DEFAULT FLASH_CACHE DEFAULT CELL_FLASH_CACHE DEFAULT)
    ENABLE;
  ALTER TABLE "KREW_EDL_DEF_T" MODIFY ("NM" NOT NULL ENABLE);
  ALTER TABLE "KREW_EDL_DEF_T" MODIFY ("ACTV_IND" NOT NULL ENABLE);
--------------------------------------------------------
--  Constraints for Table KRMS_TERM_RSLVR_ATTR_T
--------------------------------------------------------

  ALTER TABLE "KRMS_TERM_RSLVR_ATTR_T" MODIFY ("TERM_RSLVR_ID" NOT NULL ENABLE);
  ALTER TABLE "KRMS_TERM_RSLVR_ATTR_T" MODIFY ("ATTR_DEFN_ID" NOT NULL ENABLE);
  ALTER TABLE "KRMS_TERM_RSLVR_ATTR_T" MODIFY ("VER_NBR" NOT NULL ENABLE);
  ALTER TABLE "KRMS_TERM_RSLVR_ATTR_T" ADD CONSTRAINT "KRMS_TERM_RSLVR_ATTR_TP1" PRIMARY KEY ("TERM_RSLVR_ATTR_ID")
  USING INDEX PCTFREE 10 INITRANS 2 MAXTRANS 255 COMPUTE STATISTICS 
  STORAGE(INITIAL 65536 NEXT 1048576 MINEXTENTS 1 MAXEXTENTS 2147483645
  PCTINCREASE 0 FREELISTS 1 FREELIST GROUPS 1 BUFFER_POOL DEFAULT FLASH_CACHE DEFAULT CELL_FLASH_CACHE DEFAULT)
    ENABLE;
--------------------------------------------------------
--  Constraints for Table KREW_DOC_HDR_EXT_T
--------------------------------------------------------

  ALTER TABLE "KREW_DOC_HDR_EXT_T" MODIFY ("DOC_HDR_ID" NOT NULL ENABLE);
  ALTER TABLE "KREW_DOC_HDR_EXT_T" MODIFY ("KEY_CD" NOT NULL ENABLE);
  ALTER TABLE "KREW_DOC_HDR_EXT_T" ADD CONSTRAINT "KREW_DOC_HDR_EXT_TP1" PRIMARY KEY ("DOC_HDR_EXT_ID")
  USING INDEX PCTFREE 10 INITRANS 2 MAXTRANS 255 COMPUTE STATISTICS 
  STORAGE(INITIAL 65536 NEXT 1048576 MINEXTENTS 1 MAXEXTENTS 2147483645
  PCTINCREASE 0 FREELISTS 1 FREELIST GROUPS 1 BUFFER_POOL DEFAULT FLASH_CACHE DEFAULT CELL_FLASH_CACHE DEFAULT)
    ENABLE;
--------------------------------------------------------
--  Constraints for Table KREN_RECIP_DELIV_T
--------------------------------------------------------

  ALTER TABLE "KREN_RECIP_DELIV_T" MODIFY ("RECIP_ID" NOT NULL ENABLE);
  ALTER TABLE "KREN_RECIP_DELIV_T" MODIFY ("CHNL" NOT NULL ENABLE);
  ALTER TABLE "KREN_RECIP_DELIV_T" MODIFY ("NM" NOT NULL ENABLE);
  ALTER TABLE "KREN_RECIP_DELIV_T" MODIFY ("VER_NBR" NOT NULL ENABLE);
  ALTER TABLE "KREN_RECIP_DELIV_T" ADD CONSTRAINT "KREN_RECIP_DELIV_TP1" PRIMARY KEY ("RECIP_DELIV_ID")
  USING INDEX PCTFREE 10 INITRANS 2 MAXTRANS 255 COMPUTE STATISTICS 
  STORAGE(INITIAL 65536 NEXT 1048576 MINEXTENTS 1 MAXEXTENTS 2147483645
  PCTINCREASE 0 FREELISTS 1 FREELIST GROUPS 1 BUFFER_POOL DEFAULT FLASH_CACHE DEFAULT CELL_FLASH_CACHE DEFAULT)
    ENABLE;
--------------------------------------------------------
--  Constraints for Table KRNS_LOOKUP_RSLT_T
--------------------------------------------------------

  ALTER TABLE "KRNS_LOOKUP_RSLT_T" MODIFY ("OBJ_ID" NOT NULL ENABLE);
  ALTER TABLE "KRNS_LOOKUP_RSLT_T" MODIFY ("VER_NBR" NOT NULL ENABLE);
  ALTER TABLE "KRNS_LOOKUP_RSLT_T" MODIFY ("PRNCPL_ID" NOT NULL ENABLE);
  ALTER TABLE "KRNS_LOOKUP_RSLT_T" MODIFY ("LOOKUP_DT" NOT NULL ENABLE);
  ALTER TABLE "KRNS_LOOKUP_RSLT_T" ADD CONSTRAINT "KRNS_LOOKUP_RSLT_TC0" UNIQUE ("OBJ_ID")
  USING INDEX PCTFREE 10 INITRANS 2 MAXTRANS 255 COMPUTE STATISTICS 
  STORAGE(INITIAL 65536 NEXT 1048576 MINEXTENTS 1 MAXEXTENTS 2147483645
  PCTINCREASE 0 FREELISTS 1 FREELIST GROUPS 1 BUFFER_POOL DEFAULT FLASH_CACHE DEFAULT CELL_FLASH_CACHE DEFAULT)
    ENABLE;
  ALTER TABLE "KRNS_LOOKUP_RSLT_T" ADD CONSTRAINT "KRNS_LOOKUP_RSLT_TP1" PRIMARY KEY ("LOOKUP_RSLT_ID")
  USING INDEX PCTFREE 10 INITRANS 2 MAXTRANS 255 COMPUTE STATISTICS 
  STORAGE(INITIAL 65536 NEXT 1048576 MINEXTENTS 1 MAXEXTENTS 2147483645
  PCTINCREASE 0 FREELISTS 1 FREELIST GROUPS 1 BUFFER_POOL DEFAULT FLASH_CACHE DEFAULT CELL_FLASH_CACHE DEFAULT)
    ENABLE;
--------------------------------------------------------
--  Constraints for Table KRSB_QRTZ_PAUSED_TRIGGER_GRPS
--------------------------------------------------------

  ALTER TABLE "KRSB_QRTZ_PAUSED_TRIGGER_GRPS" ADD CONSTRAINT "KRSB_QRTZ_PAUSED_TRIGGER_GRP1" PRIMARY KEY ("TRIGGER_GROUP")
  USING INDEX PCTFREE 10 INITRANS 2 MAXTRANS 255 COMPUTE STATISTICS 
  STORAGE(INITIAL 65536 NEXT 1048576 MINEXTENTS 1 MAXEXTENTS 2147483645
  PCTINCREASE 0 FREELISTS 1 FREELIST GROUPS 1 BUFFER_POOL DEFAULT FLASH_CACHE DEFAULT CELL_FLASH_CACHE DEFAULT)
    ENABLE;
--------------------------------------------------------
--  Constraints for Table KRIM_ENTITY_VISA_T
--------------------------------------------------------

  ALTER TABLE "KRIM_ENTITY_VISA_T" MODIFY ("VER_NBR" NOT NULL ENABLE);
  ALTER TABLE "KRIM_ENTITY_VISA_T" MODIFY ("OBJ_ID" NOT NULL ENABLE);
  ALTER TABLE "KRIM_ENTITY_VISA_T" ADD CONSTRAINT "KRIM_ENTITY_VISA_TC0" UNIQUE ("OBJ_ID")
  USING INDEX PCTFREE 10 INITRANS 2 MAXTRANS 255 COMPUTE STATISTICS 
  STORAGE(INITIAL 65536 NEXT 1048576 MINEXTENTS 1 MAXEXTENTS 2147483645
  PCTINCREASE 0 FREELISTS 1 FREELIST GROUPS 1 BUFFER_POOL DEFAULT FLASH_CACHE DEFAULT CELL_FLASH_CACHE DEFAULT)
    ENABLE;
  ALTER TABLE "KRIM_ENTITY_VISA_T" ADD CONSTRAINT "KRIM_ENTITY_VISA_TP1" PRIMARY KEY ("ID")
  USING INDEX PCTFREE 10 INITRANS 2 MAXTRANS 255 COMPUTE STATISTICS 
  STORAGE(INITIAL 65536 NEXT 1048576 MINEXTENTS 1 MAXEXTENTS 2147483645
  PCTINCREASE 0 FREELISTS 1 FREELIST GROUPS 1 BUFFER_POOL DEFAULT FLASH_CACHE DEFAULT CELL_FLASH_CACHE DEFAULT)
    ENABLE;
--------------------------------------------------------
--  Constraints for Table KRLC_ST_T
--------------------------------------------------------

  ALTER TABLE "KRLC_ST_T" ADD CONSTRAINT "KRLC_ST_TP1" PRIMARY KEY ("POSTAL_STATE_CD", "POSTAL_CNTRY_CD")
  USING INDEX PCTFREE 10 INITRANS 2 MAXTRANS 255 COMPUTE STATISTICS 
  STORAGE(INITIAL 65536 NEXT 1048576 MINEXTENTS 1 MAXEXTENTS 2147483645
  PCTINCREASE 0 FREELISTS 1 FREELIST GROUPS 1 BUFFER_POOL DEFAULT FLASH_CACHE DEFAULT CELL_FLASH_CACHE DEFAULT)
    ENABLE;
  ALTER TABLE "KRLC_ST_T" ADD CONSTRAINT "KR_STATE_TC0" UNIQUE ("OBJ_ID")
  USING INDEX PCTFREE 10 INITRANS 2 MAXTRANS 255 
  STORAGE(INITIAL 65536 NEXT 1048576 MINEXTENTS 1 MAXEXTENTS 2147483645
  PCTINCREASE 0 FREELISTS 1 FREELIST GROUPS 1 BUFFER_POOL DEFAULT FLASH_CACHE DEFAULT CELL_FLASH_CACHE DEFAULT)
    ENABLE;
  ALTER TABLE "KRLC_ST_T" MODIFY ("ACTV_IND" NOT NULL ENABLE);
  ALTER TABLE "KRLC_ST_T" MODIFY ("VER_NBR" NOT NULL ENABLE);
  ALTER TABLE "KRLC_ST_T" MODIFY ("OBJ_ID" NOT NULL ENABLE);
--------------------------------------------------------
--  Constraints for Table KREN_NTFCTN_MSG_DELIV_T
--------------------------------------------------------

  ALTER TABLE "KREN_NTFCTN_MSG_DELIV_T" ADD CONSTRAINT "KREN_NTFCTN_MSG_DELIV_TP1" PRIMARY KEY ("NTFCTN_MSG_DELIV_ID")
  USING INDEX PCTFREE 10 INITRANS 2 MAXTRANS 255 COMPUTE STATISTICS 
  STORAGE(INITIAL 65536 NEXT 1048576 MINEXTENTS 1 MAXEXTENTS 2147483645
  PCTINCREASE 0 FREELISTS 1 FREELIST GROUPS 1 BUFFER_POOL DEFAULT FLASH_CACHE DEFAULT CELL_FLASH_CACHE DEFAULT)
    ENABLE;
  ALTER TABLE "KREN_NTFCTN_MSG_DELIV_T" MODIFY ("NTFCTN_ID" NOT NULL ENABLE);
  ALTER TABLE "KREN_NTFCTN_MSG_DELIV_T" MODIFY ("RECIP_ID" NOT NULL ENABLE);
  ALTER TABLE "KREN_NTFCTN_MSG_DELIV_T" MODIFY ("STAT_CD" NOT NULL ENABLE);
  ALTER TABLE "KREN_NTFCTN_MSG_DELIV_T" MODIFY ("VER_NBR" NOT NULL ENABLE);
  ALTER TABLE "KREN_NTFCTN_MSG_DELIV_T" ADD CONSTRAINT "KREN_NTFCTN_MSG_DELIV_TC0" UNIQUE ("NTFCTN_ID", "RECIP_ID")
  USING INDEX PCTFREE 10 INITRANS 2 MAXTRANS 255 COMPUTE STATISTICS 
  STORAGE(INITIAL 65536 NEXT 1048576 MINEXTENTS 1 MAXEXTENTS 2147483645
  PCTINCREASE 0 FREELISTS 1 FREELIST GROUPS 1 BUFFER_POOL DEFAULT FLASH_CACHE DEFAULT CELL_FLASH_CACHE DEFAULT)
    ENABLE;
--------------------------------------------------------
--  Constraints for Table KRIM_DLGN_MBR_T
--------------------------------------------------------

  ALTER TABLE "KRIM_DLGN_MBR_T" MODIFY ("OBJ_ID" NOT NULL ENABLE);
  ALTER TABLE "KRIM_DLGN_MBR_T" ADD CONSTRAINT "KRIM_DLGN_MBR_TC0" UNIQUE ("OBJ_ID")
  USING INDEX PCTFREE 10 INITRANS 2 MAXTRANS 255 COMPUTE STATISTICS 
  STORAGE(INITIAL 65536 NEXT 1048576 MINEXTENTS 1 MAXEXTENTS 2147483645
  PCTINCREASE 0 FREELISTS 1 FREELIST GROUPS 1 BUFFER_POOL DEFAULT FLASH_CACHE DEFAULT CELL_FLASH_CACHE DEFAULT)
    ENABLE;
  ALTER TABLE "KRIM_DLGN_MBR_T" ADD CONSTRAINT "KRIM_DLGN_MBR_TP1" PRIMARY KEY ("DLGN_MBR_ID")
  USING INDEX PCTFREE 10 INITRANS 2 MAXTRANS 255 COMPUTE STATISTICS 
  STORAGE(INITIAL 65536 NEXT 1048576 MINEXTENTS 1 MAXEXTENTS 2147483645
  PCTINCREASE 0 FREELISTS 1 FREELIST GROUPS 1 BUFFER_POOL DEFAULT FLASH_CACHE DEFAULT CELL_FLASH_CACHE DEFAULT)
    ENABLE;
  ALTER TABLE "KRIM_DLGN_MBR_T" MODIFY ("VER_NBR" NOT NULL ENABLE);
--------------------------------------------------------
--  Constraints for Table KRIM_PND_ROLE_PERM_T
--------------------------------------------------------

  ALTER TABLE "KRIM_PND_ROLE_PERM_T" MODIFY ("OBJ_ID" NOT NULL ENABLE);
  ALTER TABLE "KRIM_PND_ROLE_PERM_T" MODIFY ("VER_NBR" NOT NULL ENABLE);
  ALTER TABLE "KRIM_PND_ROLE_PERM_T" MODIFY ("ROLE_ID" NOT NULL ENABLE);
  ALTER TABLE "KRIM_PND_ROLE_PERM_T" MODIFY ("PERM_ID" NOT NULL ENABLE);
  ALTER TABLE "KRIM_PND_ROLE_PERM_T" ADD CONSTRAINT "KRIM_PND_ROLE_PERM_TP1" PRIMARY KEY ("FDOC_NBR", "ROLE_PERM_ID")
  USING INDEX PCTFREE 10 INITRANS 2 MAXTRANS 255 COMPUTE STATISTICS 
  STORAGE(INITIAL 65536 NEXT 1048576 MINEXTENTS 1 MAXEXTENTS 2147483645
  PCTINCREASE 0 FREELISTS 1 FREELIST GROUPS 1 BUFFER_POOL DEFAULT FLASH_CACHE DEFAULT CELL_FLASH_CACHE DEFAULT)
    ENABLE;
--------------------------------------------------------
--  Constraints for Table KRNS_SESN_DOC_T
--------------------------------------------------------

  ALTER TABLE "KRNS_SESN_DOC_T" ADD CONSTRAINT "KRNS_SESN_DOC_TP1" PRIMARY KEY ("SESN_DOC_ID", "DOC_HDR_ID", "PRNCPL_ID", "IP_ADDR")
  USING INDEX PCTFREE 10 INITRANS 2 MAXTRANS 255 COMPUTE STATISTICS 
  STORAGE(INITIAL 65536 NEXT 1048576 MINEXTENTS 1 MAXEXTENTS 2147483645
  PCTINCREASE 0 FREELISTS 1 FREELIST GROUPS 1 BUFFER_POOL DEFAULT FLASH_CACHE DEFAULT CELL_FLASH_CACHE DEFAULT)
    ENABLE;
--------------------------------------------------------
--  Constraints for Table KRIM_PND_NM_MT
--------------------------------------------------------

  ALTER TABLE "KRIM_PND_NM_MT" MODIFY ("OBJ_ID" NOT NULL ENABLE);
  ALTER TABLE "KRIM_PND_NM_MT" MODIFY ("VER_NBR" NOT NULL ENABLE);
  ALTER TABLE "KRIM_PND_NM_MT" ADD CONSTRAINT "KRIM_PND_NM_MTP1" PRIMARY KEY ("FDOC_NBR", "ENTITY_NM_ID")
  USING INDEX PCTFREE 10 INITRANS 2 MAXTRANS 255 COMPUTE STATISTICS 
  STORAGE(INITIAL 65536 NEXT 1048576 MINEXTENTS 1 MAXEXTENTS 2147483645
  PCTINCREASE 0 FREELISTS 1 FREELIST GROUPS 1 BUFFER_POOL DEFAULT FLASH_CACHE DEFAULT CELL_FLASH_CACHE DEFAULT)
    ENABLE;
--------------------------------------------------------
--  Constraints for Table KRSB_BAM_T
--------------------------------------------------------

  ALTER TABLE "KRSB_BAM_T" MODIFY ("SVC_NM" NOT NULL ENABLE);
  ALTER TABLE "KRSB_BAM_T" MODIFY ("SVC_URL" NOT NULL ENABLE);
  ALTER TABLE "KRSB_BAM_T" MODIFY ("MTHD_NM" NOT NULL ENABLE);
  ALTER TABLE "KRSB_BAM_T" MODIFY ("THRD_NM" NOT NULL ENABLE);
  ALTER TABLE "KRSB_BAM_T" MODIFY ("CALL_DT" NOT NULL ENABLE);
  ALTER TABLE "KRSB_BAM_T" MODIFY ("TGT_TO_STR" NOT NULL ENABLE);
  ALTER TABLE "KRSB_BAM_T" MODIFY ("SRVR_IND" NOT NULL ENABLE);
  ALTER TABLE "KRSB_BAM_T" ADD CONSTRAINT "KRSB_BAM_TP1" PRIMARY KEY ("BAM_ID")
  USING INDEX PCTFREE 10 INITRANS 2 MAXTRANS 255 COMPUTE STATISTICS 
  STORAGE(INITIAL 65536 NEXT 1048576 MINEXTENTS 1 MAXEXTENTS 2147483645
  PCTINCREASE 0 FREELISTS 1 FREELIST GROUPS 1 BUFFER_POOL DEFAULT FLASH_CACHE DEFAULT CELL_FLASH_CACHE DEFAULT)
    ENABLE;
--------------------------------------------------------
--  Constraints for Table KREW_DOC_HDR_EXT_FLT_T
--------------------------------------------------------

  ALTER TABLE "KREW_DOC_HDR_EXT_FLT_T" MODIFY ("DOC_HDR_ID" NOT NULL ENABLE);
  ALTER TABLE "KREW_DOC_HDR_EXT_FLT_T" MODIFY ("KEY_CD" NOT NULL ENABLE);
  ALTER TABLE "KREW_DOC_HDR_EXT_FLT_T" ADD CONSTRAINT "KREW_DOC_HDR_EXT_FLT_TP1" PRIMARY KEY ("DOC_HDR_EXT_FLT_ID")
  USING INDEX PCTFREE 10 INITRANS 2 MAXTRANS 255 COMPUTE STATISTICS 
  STORAGE(INITIAL 65536 NEXT 1048576 MINEXTENTS 1 MAXEXTENTS 2147483645
  PCTINCREASE 0 FREELISTS 1 FREELIST GROUPS 1 BUFFER_POOL DEFAULT FLASH_CACHE DEFAULT CELL_FLASH_CACHE DEFAULT)
    ENABLE;
--------------------------------------------------------
--  Constraints for Table TRV_ACCT_FO
--------------------------------------------------------

  ALTER TABLE "TRV_ACCT_FO" MODIFY ("ACCT_FO_USER_NAME" NOT NULL ENABLE);
  ALTER TABLE "TRV_ACCT_FO" ADD CONSTRAINT "TRV_ACCT_FOP1" PRIMARY KEY ("ACCT_FO_ID")
  USING INDEX PCTFREE 10 INITRANS 2 MAXTRANS 255 COMPUTE STATISTICS 
  STORAGE(INITIAL 65536 NEXT 1048576 MINEXTENTS 1 MAXEXTENTS 2147483645
  PCTINCREASE 0 FREELISTS 1 FREELIST GROUPS 1 BUFFER_POOL DEFAULT FLASH_CACHE DEFAULT CELL_FLASH_CACHE DEFAULT)
    ENABLE;
--------------------------------------------------------
--  Constraints for Table TRV_ACCT_TYPE
--------------------------------------------------------

  ALTER TABLE "TRV_ACCT_TYPE" ADD CONSTRAINT "TRV_ACCT_TYPEP1" PRIMARY KEY ("ACCT_TYPE")
  USING INDEX PCTFREE 10 INITRANS 2 MAXTRANS 255 COMPUTE STATISTICS 
  STORAGE(INITIAL 65536 NEXT 1048576 MINEXTENTS 1 MAXEXTENTS 2147483645
  PCTINCREASE 0 FREELISTS 1 FREELIST GROUPS 1 BUFFER_POOL DEFAULT FLASH_CACHE DEFAULT CELL_FLASH_CACHE DEFAULT)
    ENABLE;
--------------------------------------------------------
--  Constraints for Table KREW_DOC_TYP_APP_STAT_CAT_T
--------------------------------------------------------

  ALTER TABLE "KREW_DOC_TYP_APP_STAT_CAT_T" MODIFY ("OBJ_ID" NOT NULL ENABLE);
  ALTER TABLE "KREW_DOC_TYP_APP_STAT_CAT_T" ADD CONSTRAINT "KREW_DOC_TYP_APP_STAT_CAT_TC1" UNIQUE ("OBJ_ID")
  USING INDEX PCTFREE 10 INITRANS 2 MAXTRANS 255 COMPUTE STATISTICS 
  STORAGE(INITIAL 65536 NEXT 1048576 MINEXTENTS 1 MAXEXTENTS 2147483645
  PCTINCREASE 0 FREELISTS 1 FREELIST GROUPS 1 BUFFER_POOL DEFAULT FLASH_CACHE DEFAULT CELL_FLASH_CACHE DEFAULT)
    ENABLE;
  ALTER TABLE "KREW_DOC_TYP_APP_STAT_CAT_T" ADD CONSTRAINT "KREW_DOC_TYP_APP_STAT_CAT_TP1" PRIMARY KEY ("DOC_TYP_ID", "CAT_NM")
  USING INDEX PCTFREE 10 INITRANS 2 MAXTRANS 255 COMPUTE STATISTICS 
  STORAGE(INITIAL 65536 NEXT 1048576 MINEXTENTS 1 MAXEXTENTS 2147483645
  PCTINCREASE 0 FREELISTS 1 FREELIST GROUPS 1 BUFFER_POOL DEFAULT FLASH_CACHE DEFAULT CELL_FLASH_CACHE DEFAULT)
    ENABLE;
--------------------------------------------------------
--  Constraints for Table KRIM_ROLE_MBR_ATTR_DATA_T
--------------------------------------------------------

  ALTER TABLE "KRIM_ROLE_MBR_ATTR_DATA_T" MODIFY ("OBJ_ID" NOT NULL ENABLE);
  ALTER TABLE "KRIM_ROLE_MBR_ATTR_DATA_T" MODIFY ("VER_NBR" NOT NULL ENABLE);
  ALTER TABLE "KRIM_ROLE_MBR_ATTR_DATA_T" MODIFY ("KIM_TYP_ID" NOT NULL ENABLE);
  ALTER TABLE "KRIM_ROLE_MBR_ATTR_DATA_T" ADD CONSTRAINT "KRIM_ROLE_MBR_ATTR_DATA_TC0" UNIQUE ("OBJ_ID")
  USING INDEX PCTFREE 10 INITRANS 2 MAXTRANS 255 COMPUTE STATISTICS 
  STORAGE(INITIAL 65536 NEXT 1048576 MINEXTENTS 1 MAXEXTENTS 2147483645
  PCTINCREASE 0 FREELISTS 1 FREELIST GROUPS 1 BUFFER_POOL DEFAULT FLASH_CACHE DEFAULT CELL_FLASH_CACHE DEFAULT)
    ENABLE;
  ALTER TABLE "KRIM_ROLE_MBR_ATTR_DATA_T" ADD CONSTRAINT "KRIM_ROLE_MBR_ATTR_DATA_TP1" PRIMARY KEY ("ATTR_DATA_ID")
  USING INDEX PCTFREE 10 INITRANS 2 MAXTRANS 255 COMPUTE STATISTICS 
  STORAGE(INITIAL 65536 NEXT 1048576 MINEXTENTS 1 MAXEXTENTS 2147483645
  PCTINCREASE 0 FREELISTS 1 FREELIST GROUPS 1 BUFFER_POOL DEFAULT FLASH_CACHE DEFAULT CELL_FLASH_CACHE DEFAULT)
    ENABLE;
--------------------------------------------------------
--  Constraints for Table KRIM_ENTITY_PRIV_PREF_T
--------------------------------------------------------

  ALTER TABLE "KRIM_ENTITY_PRIV_PREF_T" MODIFY ("OBJ_ID" NOT NULL ENABLE);
  ALTER TABLE "KRIM_ENTITY_PRIV_PREF_T" MODIFY ("VER_NBR" NOT NULL ENABLE);
  ALTER TABLE "KRIM_ENTITY_PRIV_PREF_T" ADD CONSTRAINT "KRIM_ENTITY_PRIV_PREF_TC0" UNIQUE ("OBJ_ID")
  USING INDEX PCTFREE 10 INITRANS 2 MAXTRANS 255 COMPUTE STATISTICS 
  STORAGE(INITIAL 65536 NEXT 1048576 MINEXTENTS 1 MAXEXTENTS 2147483645
  PCTINCREASE 0 FREELISTS 1 FREELIST GROUPS 1 BUFFER_POOL DEFAULT FLASH_CACHE DEFAULT CELL_FLASH_CACHE DEFAULT)
    ENABLE;
  ALTER TABLE "KRIM_ENTITY_PRIV_PREF_T" ADD CONSTRAINT "KRIM_ENTITY_PRIV_PREF_TP1" PRIMARY KEY ("ENTITY_ID")
  USING INDEX PCTFREE 10 INITRANS 2 MAXTRANS 255 COMPUTE STATISTICS 
  STORAGE(INITIAL 65536 NEXT 1048576 MINEXTENTS 1 MAXEXTENTS 2147483645
  PCTINCREASE 0 FREELISTS 1 FREELIST GROUPS 1 BUFFER_POOL DEFAULT FLASH_CACHE DEFAULT CELL_FLASH_CACHE DEFAULT)
    ENABLE;
--------------------------------------------------------
--  Constraints for Table KREW_RTE_NODE_INSTN_ST_T
--------------------------------------------------------

  ALTER TABLE "KREW_RTE_NODE_INSTN_ST_T" MODIFY ("KEY_CD" NOT NULL ENABLE);
  ALTER TABLE "KREW_RTE_NODE_INSTN_ST_T" ADD CONSTRAINT "KREW_RTE_NODE_INSTN_ST_TP1" PRIMARY KEY ("RTE_NODE_INSTN_ST_ID")
  USING INDEX PCTFREE 10 INITRANS 2 MAXTRANS 255 COMPUTE STATISTICS 
  STORAGE(INITIAL 65536 NEXT 1048576 MINEXTENTS 1 MAXEXTENTS 2147483645
  PCTINCREASE 0 FREELISTS 1 FREELIST GROUPS 1 BUFFER_POOL DEFAULT FLASH_CACHE DEFAULT CELL_FLASH_CACHE DEFAULT)
    ENABLE;
  ALTER TABLE "KREW_RTE_NODE_INSTN_ST_T" MODIFY ("RTE_NODE_INSTN_ID" NOT NULL ENABLE);
--------------------------------------------------------
--  Constraints for Table KREW_TYP_T
--------------------------------------------------------

  ALTER TABLE "KREW_TYP_T" MODIFY ("NM" NOT NULL ENABLE);
  ALTER TABLE "KREW_TYP_T" MODIFY ("NMSPC_CD" NOT NULL ENABLE);
  ALTER TABLE "KREW_TYP_T" MODIFY ("ACTV" NOT NULL ENABLE);
  ALTER TABLE "KREW_TYP_T" MODIFY ("VER_NBR" NOT NULL ENABLE);
  ALTER TABLE "KREW_TYP_T" ADD CONSTRAINT "KREW_TYP_TC1" UNIQUE ("NM", "NMSPC_CD")
  USING INDEX PCTFREE 10 INITRANS 2 MAXTRANS 255 COMPUTE STATISTICS 
  STORAGE(INITIAL 65536 NEXT 1048576 MINEXTENTS 1 MAXEXTENTS 2147483645
  PCTINCREASE 0 FREELISTS 1 FREELIST GROUPS 1 BUFFER_POOL DEFAULT FLASH_CACHE DEFAULT CELL_FLASH_CACHE DEFAULT)
    ENABLE;
  ALTER TABLE "KREW_TYP_T" ADD CONSTRAINT "KREW_TYP_TP1" PRIMARY KEY ("TYP_ID")
  USING INDEX PCTFREE 10 INITRANS 2 MAXTRANS 255 COMPUTE STATISTICS 
  STORAGE(INITIAL 65536 NEXT 1048576 MINEXTENTS 1 MAXEXTENTS 2147483645
  PCTINCREASE 0 FREELISTS 1 FREELIST GROUPS 1 BUFFER_POOL DEFAULT FLASH_CACHE DEFAULT CELL_FLASH_CACHE DEFAULT)
    ENABLE;
--------------------------------------------------------
--  Constraints for Table KREW_INIT_RTE_NODE_INSTN_T
--------------------------------------------------------

  ALTER TABLE "KREW_INIT_RTE_NODE_INSTN_T" ADD CONSTRAINT "KREW_INIT_RTE_NODE_INSTN_TP1" PRIMARY KEY ("DOC_HDR_ID", "RTE_NODE_INSTN_ID")
  USING INDEX PCTFREE 10 INITRANS 2 MAXTRANS 255 COMPUTE STATISTICS 
  STORAGE(INITIAL 65536 NEXT 1048576 MINEXTENTS 1 MAXEXTENTS 2147483645
  PCTINCREASE 0 FREELISTS 1 FREELIST GROUPS 1 BUFFER_POOL DEFAULT FLASH_CACHE DEFAULT CELL_FLASH_CACHE DEFAULT)
    ENABLE;
--------------------------------------------------------
--  Constraints for Table KREW_RTE_NODE_CFG_PARM_T
--------------------------------------------------------

  ALTER TABLE "KREW_RTE_NODE_CFG_PARM_T" MODIFY ("RTE_NODE_ID" NOT NULL ENABLE);
  ALTER TABLE "KREW_RTE_NODE_CFG_PARM_T" MODIFY ("KEY_CD" NOT NULL ENABLE);
  ALTER TABLE "KREW_RTE_NODE_CFG_PARM_T" ADD CONSTRAINT "KREW_RTE_NODE_CFG_PARM_TP1" PRIMARY KEY ("RTE_NODE_CFG_PARM_ID")
  USING INDEX PCTFREE 10 INITRANS 2 MAXTRANS 255 COMPUTE STATISTICS 
  STORAGE(INITIAL 65536 NEXT 1048576 MINEXTENTS 1 MAXEXTENTS 2147483645
  PCTINCREASE 0 FREELISTS 1 FREELIST GROUPS 1 BUFFER_POOL DEFAULT FLASH_CACHE DEFAULT CELL_FLASH_CACHE DEFAULT)
    ENABLE;
--------------------------------------------------------
--  Constraints for Table KRMS_ACTN_ATTR_T
--------------------------------------------------------

  ALTER TABLE "KRMS_ACTN_ATTR_T" MODIFY ("ACTN_ID" NOT NULL ENABLE);
  ALTER TABLE "KRMS_ACTN_ATTR_T" MODIFY ("ATTR_DEFN_ID" NOT NULL ENABLE);
  ALTER TABLE "KRMS_ACTN_ATTR_T" MODIFY ("VER_NBR" NOT NULL ENABLE);
  ALTER TABLE "KRMS_ACTN_ATTR_T" ADD CONSTRAINT "KRMS_ACTN_ATTR_TP1" PRIMARY KEY ("ACTN_ATTR_DATA_ID")
  USING INDEX PCTFREE 10 INITRANS 2 MAXTRANS 255 COMPUTE STATISTICS 
  STORAGE(INITIAL 65536 NEXT 1048576 MINEXTENTS 1 MAXEXTENTS 2147483645
  PCTINCREASE 0 FREELISTS 1 FREELIST GROUPS 1 BUFFER_POOL DEFAULT FLASH_CACHE DEFAULT CELL_FLASH_CACHE DEFAULT)
    ENABLE;
--------------------------------------------------------
--  Constraints for Table KREN_CHNL_PRODCR_T
--------------------------------------------------------

  ALTER TABLE "KREN_CHNL_PRODCR_T" ADD CONSTRAINT "KREN_CHNL_PRODCR_TP1" PRIMARY KEY ("CHNL_ID", "PRODCR_ID")
  USING INDEX PCTFREE 10 INITRANS 2 MAXTRANS 255 COMPUTE STATISTICS 
  STORAGE(INITIAL 65536 NEXT 1048576 MINEXTENTS 1 MAXEXTENTS 2147483645
  PCTINCREASE 0 FREELISTS 1 FREELIST GROUPS 1 BUFFER_POOL DEFAULT FLASH_CACHE DEFAULT CELL_FLASH_CACHE DEFAULT)
    ENABLE;
--------------------------------------------------------
--  Constraints for Table KRMS_TYP_T
--------------------------------------------------------

  ALTER TABLE "KRMS_TYP_T" ADD CONSTRAINT "KRMS_TYP_TP1" PRIMARY KEY ("TYP_ID")
  USING INDEX PCTFREE 10 INITRANS 2 MAXTRANS 255 COMPUTE STATISTICS 
  STORAGE(INITIAL 65536 NEXT 1048576 MINEXTENTS 1 MAXEXTENTS 2147483645
  PCTINCREASE 0 FREELISTS 1 FREELIST GROUPS 1 BUFFER_POOL DEFAULT FLASH_CACHE DEFAULT CELL_FLASH_CACHE DEFAULT)
    ENABLE;
  ALTER TABLE "KRMS_TYP_T" ADD CONSTRAINT "KRMS_TYP_TC1" UNIQUE ("NM", "NMSPC_CD")
  USING INDEX PCTFREE 10 INITRANS 2 MAXTRANS 255 
  STORAGE(INITIAL 65536 NEXT 1048576 MINEXTENTS 1 MAXEXTENTS 2147483645
  PCTINCREASE 0 FREELISTS 1 FREELIST GROUPS 1 BUFFER_POOL DEFAULT FLASH_CACHE DEFAULT CELL_FLASH_CACHE DEFAULT)
    ENABLE;
  ALTER TABLE "KRMS_TYP_T" MODIFY ("VER_NBR" NOT NULL ENABLE);
  ALTER TABLE "KRMS_TYP_T" MODIFY ("ACTV" NOT NULL ENABLE);
  ALTER TABLE "KRMS_TYP_T" MODIFY ("NMSPC_CD" NOT NULL ENABLE);
  ALTER TABLE "KRMS_TYP_T" MODIFY ("NM" NOT NULL ENABLE);
--------------------------------------------------------
--  Constraints for Table KRIM_ROLE_RSP_ACTN_T
--------------------------------------------------------

  ALTER TABLE "KRIM_ROLE_RSP_ACTN_T" MODIFY ("OBJ_ID" NOT NULL ENABLE);
  ALTER TABLE "KRIM_ROLE_RSP_ACTN_T" MODIFY ("VER_NBR" NOT NULL ENABLE);
  ALTER TABLE "KRIM_ROLE_RSP_ACTN_T" ADD CONSTRAINT "KRIM_ROLE_RSP_ACTN_TC0" UNIQUE ("OBJ_ID")
  USING INDEX PCTFREE 10 INITRANS 2 MAXTRANS 255 COMPUTE STATISTICS 
  STORAGE(INITIAL 65536 NEXT 1048576 MINEXTENTS 1 MAXEXTENTS 2147483645
  PCTINCREASE 0 FREELISTS 1 FREELIST GROUPS 1 BUFFER_POOL DEFAULT FLASH_CACHE DEFAULT CELL_FLASH_CACHE DEFAULT)
    ENABLE;
  ALTER TABLE "KRIM_ROLE_RSP_ACTN_T" ADD CONSTRAINT "KRIM_ROLE_RSP_ACTN_TC1" UNIQUE ("ROLE_RSP_ID", "ROLE_MBR_ID")
  USING INDEX PCTFREE 10 INITRANS 2 MAXTRANS 255 COMPUTE STATISTICS 
  STORAGE(INITIAL 65536 NEXT 1048576 MINEXTENTS 1 MAXEXTENTS 2147483645
  PCTINCREASE 0 FREELISTS 1 FREELIST GROUPS 1 BUFFER_POOL DEFAULT FLASH_CACHE DEFAULT CELL_FLASH_CACHE DEFAULT)
    ENABLE;
  ALTER TABLE "KRIM_ROLE_RSP_ACTN_T" ADD CONSTRAINT "KRIM_ROLE_RSP_ACTN_TP1" PRIMARY KEY ("ROLE_RSP_ACTN_ID")
  USING INDEX PCTFREE 10 INITRANS 2 MAXTRANS 255 COMPUTE STATISTICS 
  STORAGE(INITIAL 65536 NEXT 1048576 MINEXTENTS 1 MAXEXTENTS 2147483645
  PCTINCREASE 0 FREELISTS 1 FREELIST GROUPS 1 BUFFER_POOL DEFAULT FLASH_CACHE DEFAULT CELL_FLASH_CACHE DEFAULT)
    ENABLE;
--------------------------------------------------------
--  Constraints for Table TRV_ACCT_EXT
--------------------------------------------------------

  ALTER TABLE "TRV_ACCT_EXT" ADD CONSTRAINT "TRV_ACCT_EXTP1" PRIMARY KEY ("ACCT_NUM", "ACCT_TYPE")
  USING INDEX PCTFREE 10 INITRANS 2 MAXTRANS 255 COMPUTE STATISTICS 
  STORAGE(INITIAL 65536 NEXT 1048576 MINEXTENTS 1 MAXEXTENTS 2147483645
  PCTINCREASE 0 FREELISTS 1 FREELIST GROUPS 1 BUFFER_POOL DEFAULT FLASH_CACHE DEFAULT CELL_FLASH_CACHE DEFAULT)
    ENABLE;
--------------------------------------------------------
--  Constraints for Table KREW_ACTN_RQST_T
--------------------------------------------------------

  ALTER TABLE "KREW_ACTN_RQST_T" ADD CONSTRAINT "KREW_ACTN_RQST_TP1" PRIMARY KEY ("ACTN_RQST_ID")
  USING INDEX PCTFREE 10 INITRANS 2 MAXTRANS 255 COMPUTE STATISTICS 
  STORAGE(INITIAL 65536 NEXT 1048576 MINEXTENTS 1 MAXEXTENTS 2147483645
  PCTINCREASE 0 FREELISTS 1 FREELIST GROUPS 1 BUFFER_POOL DEFAULT FLASH_CACHE DEFAULT CELL_FLASH_CACHE DEFAULT)
    ENABLE;
  ALTER TABLE "KREW_ACTN_RQST_T" MODIFY ("ACTN_RQST_CD" NOT NULL ENABLE);
  ALTER TABLE "KREW_ACTN_RQST_T" MODIFY ("DOC_HDR_ID" NOT NULL ENABLE);
  ALTER TABLE "KREW_ACTN_RQST_T" MODIFY ("STAT_CD" NOT NULL ENABLE);
  ALTER TABLE "KREW_ACTN_RQST_T" MODIFY ("RSP_ID" NOT NULL ENABLE);
  ALTER TABLE "KREW_ACTN_RQST_T" MODIFY ("PRIO_NBR" NOT NULL ENABLE);
  ALTER TABLE "KREW_ACTN_RQST_T" MODIFY ("RTE_LVL_NBR" NOT NULL ENABLE);
  ALTER TABLE "KREW_ACTN_RQST_T" MODIFY ("DOC_VER_NBR" NOT NULL ENABLE);
  ALTER TABLE "KREW_ACTN_RQST_T" MODIFY ("CRTE_DT" NOT NULL ENABLE);
--------------------------------------------------------
--  Constraints for Table KREW_EDL_FLD_DMP_T
--------------------------------------------------------

  ALTER TABLE "KREW_EDL_FLD_DMP_T" MODIFY ("DOC_HDR_ID" NOT NULL ENABLE);
  ALTER TABLE "KREW_EDL_FLD_DMP_T" MODIFY ("FLD_NM" NOT NULL ENABLE);
  ALTER TABLE "KREW_EDL_FLD_DMP_T" ADD CONSTRAINT "KREW_EDL_FLD_DMP_TP1" PRIMARY KEY ("EDL_FIELD_DMP_ID")
  USING INDEX PCTFREE 10 INITRANS 2 MAXTRANS 255 COMPUTE STATISTICS 
  STORAGE(INITIAL 65536 NEXT 1048576 MINEXTENTS 1 MAXEXTENTS 2147483645
  PCTINCREASE 0 FREELISTS 1 FREELIST GROUPS 1 BUFFER_POOL DEFAULT FLASH_CACHE DEFAULT CELL_FLASH_CACHE DEFAULT)
    ENABLE;
--------------------------------------------------------
--  Constraints for Table KRIM_PND_AFLTN_MT
--------------------------------------------------------

  ALTER TABLE "KRIM_PND_AFLTN_MT" MODIFY ("OBJ_ID" NOT NULL ENABLE);
  ALTER TABLE "KRIM_PND_AFLTN_MT" MODIFY ("VER_NBR" NOT NULL ENABLE);
  ALTER TABLE "KRIM_PND_AFLTN_MT" ADD CONSTRAINT "KRIM_PND_AFLTN_MTP1" PRIMARY KEY ("FDOC_NBR", "ENTITY_AFLTN_ID")
  USING INDEX PCTFREE 10 INITRANS 2 MAXTRANS 255 COMPUTE STATISTICS 
  STORAGE(INITIAL 65536 NEXT 1048576 MINEXTENTS 1 MAXEXTENTS 2147483645
  PCTINCREASE 0 FREELISTS 1 FREELIST GROUPS 1 BUFFER_POOL DEFAULT FLASH_CACHE DEFAULT CELL_FLASH_CACHE DEFAULT)
    ENABLE;
--------------------------------------------------------
--  Constraints for Table KRMS_AGENDA_T
--------------------------------------------------------

  ALTER TABLE "KRMS_AGENDA_T" MODIFY ("NM" NOT NULL ENABLE);
  ALTER TABLE "KRMS_AGENDA_T" MODIFY ("CNTXT_ID" NOT NULL ENABLE);
  ALTER TABLE "KRMS_AGENDA_T" MODIFY ("ACTV" NOT NULL ENABLE);
  ALTER TABLE "KRMS_AGENDA_T" MODIFY ("VER_NBR" NOT NULL ENABLE);
  ALTER TABLE "KRMS_AGENDA_T" ADD CONSTRAINT "KRMS_AGENDA_TC1" UNIQUE ("NM", "CNTXT_ID")
  USING INDEX PCTFREE 10 INITRANS 2 MAXTRANS 255 COMPUTE STATISTICS 
  STORAGE(INITIAL 65536 NEXT 1048576 MINEXTENTS 1 MAXEXTENTS 2147483645
  PCTINCREASE 0 FREELISTS 1 FREELIST GROUPS 1 BUFFER_POOL DEFAULT FLASH_CACHE DEFAULT CELL_FLASH_CACHE DEFAULT)
    ENABLE;
  ALTER TABLE "KRMS_AGENDA_T" ADD CONSTRAINT "KRMS_AGENDA_TP1" PRIMARY KEY ("AGENDA_ID")
  USING INDEX PCTFREE 10 INITRANS 2 MAXTRANS 255 COMPUTE STATISTICS 
  STORAGE(INITIAL 65536 NEXT 1048576 MINEXTENTS 1 MAXEXTENTS 2147483645
  PCTINCREASE 0 FREELISTS 1 FREELIST GROUPS 1 BUFFER_POOL DEFAULT FLASH_CACHE DEFAULT CELL_FLASH_CACHE DEFAULT)
    ENABLE;
--------------------------------------------------------
--  Constraints for Table KREW_ACTN_ITM_T
--------------------------------------------------------

  ALTER TABLE "KREW_ACTN_ITM_T" MODIFY ("PRNCPL_ID" NOT NULL ENABLE);
  ALTER TABLE "KREW_ACTN_ITM_T" MODIFY ("ASND_DT" NOT NULL ENABLE);
  ALTER TABLE "KREW_ACTN_ITM_T" MODIFY ("RQST_CD" NOT NULL ENABLE);
  ALTER TABLE "KREW_ACTN_ITM_T" MODIFY ("ACTN_RQST_ID" NOT NULL ENABLE);
  ALTER TABLE "KREW_ACTN_ITM_T" MODIFY ("DOC_HDR_ID" NOT NULL ENABLE);
  ALTER TABLE "KREW_ACTN_ITM_T" MODIFY ("DOC_TYP_LBL" NOT NULL ENABLE);
  ALTER TABLE "KREW_ACTN_ITM_T" MODIFY ("DOC_HDLR_URL" NOT NULL ENABLE);
  ALTER TABLE "KREW_ACTN_ITM_T" MODIFY ("DOC_TYP_NM" NOT NULL ENABLE);
  ALTER TABLE "KREW_ACTN_ITM_T" MODIFY ("RSP_ID" NOT NULL ENABLE);
  ALTER TABLE "KREW_ACTN_ITM_T" ADD CONSTRAINT "KREW_ACTN_ITM_TP1" PRIMARY KEY ("ACTN_ITM_ID")
  USING INDEX PCTFREE 10 INITRANS 2 MAXTRANS 255 COMPUTE STATISTICS 
  STORAGE(INITIAL 65536 NEXT 1048576 MINEXTENTS 1 MAXEXTENTS 2147483645
  PCTINCREASE 0 FREELISTS 1 FREELIST GROUPS 1 BUFFER_POOL DEFAULT FLASH_CACHE DEFAULT CELL_FLASH_CACHE DEFAULT)
    ENABLE;
--------------------------------------------------------
--  Constraints for Table KRLC_CMP_T
--------------------------------------------------------

  ALTER TABLE "KRLC_CMP_T" MODIFY ("OBJ_ID" NOT NULL ENABLE);
  ALTER TABLE "KRLC_CMP_T" MODIFY ("VER_NBR" NOT NULL ENABLE);
  ALTER TABLE "KRLC_CMP_T" MODIFY ("ACTV_IND" NOT NULL ENABLE);
  ALTER TABLE "KRLC_CMP_T" ADD CONSTRAINT "KRNS_CAMPUS_TC0" UNIQUE ("OBJ_ID")
  USING INDEX PCTFREE 10 INITRANS 2 MAXTRANS 255 COMPUTE STATISTICS 
  STORAGE(INITIAL 65536 NEXT 1048576 MINEXTENTS 1 MAXEXTENTS 2147483645
  PCTINCREASE 0 FREELISTS 1 FREELIST GROUPS 1 BUFFER_POOL DEFAULT FLASH_CACHE DEFAULT CELL_FLASH_CACHE DEFAULT)
    ENABLE;
  ALTER TABLE "KRLC_CMP_T" ADD CONSTRAINT "KRLC_CMP_TP1" PRIMARY KEY ("CAMPUS_CD")
  USING INDEX PCTFREE 10 INITRANS 2 MAXTRANS 255 COMPUTE STATISTICS 
  STORAGE(INITIAL 65536 NEXT 1048576 MINEXTENTS 1 MAXEXTENTS 2147483645
  PCTINCREASE 0 FREELISTS 1 FREELIST GROUPS 1 BUFFER_POOL DEFAULT FLASH_CACHE DEFAULT CELL_FLASH_CACHE DEFAULT)
    ENABLE;
--------------------------------------------------------
--  Constraints for Table BK_BOOK_T
--------------------------------------------------------

  ALTER TABLE "BK_BOOK_T" ADD CONSTRAINT "BK_BOOK_TP1" PRIMARY KEY ("BOOK_ID")
  USING INDEX PCTFREE 10 INITRANS 2 MAXTRANS 255 COMPUTE STATISTICS 
  STORAGE(INITIAL 65536 NEXT 1048576 MINEXTENTS 1 MAXEXTENTS 2147483645
  PCTINCREASE 0 FREELISTS 1 FREELIST GROUPS 1 BUFFER_POOL DEFAULT FLASH_CACHE DEFAULT CELL_FLASH_CACHE DEFAULT)
    ENABLE;
  ALTER TABLE "BK_BOOK_T" MODIFY ("VER_NBR" NOT NULL ENABLE);
  ALTER TABLE "BK_BOOK_T" MODIFY ("OBJ_ID" NOT NULL ENABLE);
--------------------------------------------------------
--  Constraints for Table KRMS_CNTXT_VLD_ACTN_TYP_T
--------------------------------------------------------

  ALTER TABLE "KRMS_CNTXT_VLD_ACTN_TYP_T" MODIFY ("CNTXT_ID" NOT NULL ENABLE);
  ALTER TABLE "KRMS_CNTXT_VLD_ACTN_TYP_T" MODIFY ("ACTN_TYP_ID" NOT NULL ENABLE);
  ALTER TABLE "KRMS_CNTXT_VLD_ACTN_TYP_T" MODIFY ("VER_NBR" NOT NULL ENABLE);
  ALTER TABLE "KRMS_CNTXT_VLD_ACTN_TYP_T" ADD CONSTRAINT "KRMS_CNTXT_VLD_ACTN_TYP_TP1" PRIMARY KEY ("CNTXT_VLD_ACTN_ID")
  USING INDEX PCTFREE 10 INITRANS 2 MAXTRANS 255 COMPUTE STATISTICS 
  STORAGE(INITIAL 65536 NEXT 1048576 MINEXTENTS 1 MAXEXTENTS 2147483645
  PCTINCREASE 0 FREELISTS 1 FREELIST GROUPS 1 BUFFER_POOL DEFAULT FLASH_CACHE DEFAULT CELL_FLASH_CACHE DEFAULT)
    ENABLE;
--------------------------------------------------------
--  Constraints for Table KRMS_TERM_SPEC_CTGRY_T
--------------------------------------------------------

  ALTER TABLE "KRMS_TERM_SPEC_CTGRY_T" ADD CONSTRAINT "KRMS_TERM_SPEC_CTGRY_TP1" PRIMARY KEY ("TERM_SPEC_ID", "CTGRY_ID")
  USING INDEX PCTFREE 10 INITRANS 2 MAXTRANS 255 COMPUTE STATISTICS 
  STORAGE(INITIAL 65536 NEXT 1048576 MINEXTENTS 1 MAXEXTENTS 2147483645
  PCTINCREASE 0 FREELISTS 1 FREELIST GROUPS 1 BUFFER_POOL DEFAULT FLASH_CACHE DEFAULT CELL_FLASH_CACHE DEFAULT)
    ENABLE;
--------------------------------------------------------
--  Constraints for Table KRNS_MAINT_DOC_ATT_T
--------------------------------------------------------

  ALTER TABLE "KRNS_MAINT_DOC_ATT_T" MODIFY ("ATT_CNTNT" NOT NULL ENABLE);
  ALTER TABLE "KRNS_MAINT_DOC_ATT_T" MODIFY ("OBJ_ID" NOT NULL ENABLE);
  ALTER TABLE "KRNS_MAINT_DOC_ATT_T" MODIFY ("VER_NBR" NOT NULL ENABLE);
  ALTER TABLE "KRNS_MAINT_DOC_ATT_T" ADD CONSTRAINT "KRNS_MAINT_DOC_ATT_TC0" UNIQUE ("OBJ_ID")
  USING INDEX PCTFREE 10 INITRANS 2 MAXTRANS 255 COMPUTE STATISTICS 
  STORAGE(INITIAL 65536 NEXT 1048576 MINEXTENTS 1 MAXEXTENTS 2147483645
  PCTINCREASE 0 FREELISTS 1 FREELIST GROUPS 1 BUFFER_POOL DEFAULT FLASH_CACHE DEFAULT CELL_FLASH_CACHE DEFAULT)
    ENABLE;
  ALTER TABLE "KRNS_MAINT_DOC_ATT_T" ADD CONSTRAINT "KRNS_MAINT_DOC_ATT_TP1" PRIMARY KEY ("DOC_HDR_ID")
  USING INDEX PCTFREE 10 INITRANS 2 MAXTRANS 255 COMPUTE STATISTICS 
  STORAGE(INITIAL 65536 NEXT 1048576 MINEXTENTS 1 MAXEXTENTS 2147483645
  PCTINCREASE 0 FREELISTS 1 FREELIST GROUPS 1 BUFFER_POOL DEFAULT FLASH_CACHE DEFAULT CELL_FLASH_CACHE DEFAULT)
    ENABLE;
--------------------------------------------------------
--  Constraints for Table KRIM_PHONE_TYP_T
--------------------------------------------------------

  ALTER TABLE "KRIM_PHONE_TYP_T" MODIFY ("OBJ_ID" NOT NULL ENABLE);
  ALTER TABLE "KRIM_PHONE_TYP_T" MODIFY ("VER_NBR" NOT NULL ENABLE);
  ALTER TABLE "KRIM_PHONE_TYP_T" ADD CONSTRAINT "KRIM_PHONE_TYP_TC0" UNIQUE ("OBJ_ID")
  USING INDEX PCTFREE 10 INITRANS 2 MAXTRANS 255 COMPUTE STATISTICS 
  STORAGE(INITIAL 65536 NEXT 1048576 MINEXTENTS 1 MAXEXTENTS 2147483645
  PCTINCREASE 0 FREELISTS 1 FREELIST GROUPS 1 BUFFER_POOL DEFAULT FLASH_CACHE DEFAULT CELL_FLASH_CACHE DEFAULT)
    ENABLE;
  ALTER TABLE "KRIM_PHONE_TYP_T" ADD CONSTRAINT "KRIM_PHONE_TYP_TC1" UNIQUE ("PHONE_TYP_NM")
  USING INDEX PCTFREE 10 INITRANS 2 MAXTRANS 255 COMPUTE STATISTICS 
  STORAGE(INITIAL 65536 NEXT 1048576 MINEXTENTS 1 MAXEXTENTS 2147483645
  PCTINCREASE 0 FREELISTS 1 FREELIST GROUPS 1 BUFFER_POOL DEFAULT FLASH_CACHE DEFAULT CELL_FLASH_CACHE DEFAULT)
    ENABLE;
  ALTER TABLE "KRIM_PHONE_TYP_T" ADD CONSTRAINT "KRIM_PHONE_TYP_TP1" PRIMARY KEY ("PHONE_TYP_CD")
  USING INDEX PCTFREE 10 INITRANS 2 MAXTRANS 255 COMPUTE STATISTICS 
  STORAGE(INITIAL 65536 NEXT 1048576 MINEXTENTS 1 MAXEXTENTS 2147483645
  PCTINCREASE 0 FREELISTS 1 FREELIST GROUPS 1 BUFFER_POOL DEFAULT FLASH_CACHE DEFAULT CELL_FLASH_CACHE DEFAULT)
    ENABLE;
--------------------------------------------------------
--  Constraints for Table KRCR_CMPNT_T
--------------------------------------------------------

  ALTER TABLE "KRCR_CMPNT_T" MODIFY ("OBJ_ID" NOT NULL ENABLE);
  ALTER TABLE "KRCR_CMPNT_T" MODIFY ("VER_NBR" NOT NULL ENABLE);
  ALTER TABLE "KRCR_CMPNT_T" MODIFY ("ACTV_IND" NOT NULL ENABLE);
  ALTER TABLE "KRCR_CMPNT_T" ADD CONSTRAINT "KRNS_PARM_DTL_TYP_TC0" UNIQUE ("OBJ_ID")
  USING INDEX PCTFREE 10 INITRANS 2 MAXTRANS 255 COMPUTE STATISTICS 
  STORAGE(INITIAL 65536 NEXT 1048576 MINEXTENTS 1 MAXEXTENTS 2147483645
  PCTINCREASE 0 FREELISTS 1 FREELIST GROUPS 1 BUFFER_POOL DEFAULT FLASH_CACHE DEFAULT CELL_FLASH_CACHE DEFAULT)
    ENABLE;
  ALTER TABLE "KRCR_CMPNT_T" ADD CONSTRAINT "KRCR_CMPNT_TP1" PRIMARY KEY ("NMSPC_CD", "CMPNT_CD")
  USING INDEX PCTFREE 10 INITRANS 2 MAXTRANS 255 COMPUTE STATISTICS 
  STORAGE(INITIAL 65536 NEXT 1048576 MINEXTENTS 1 MAXEXTENTS 2147483645
  PCTINCREASE 0 FREELISTS 1 FREELIST GROUPS 1 BUFFER_POOL DEFAULT FLASH_CACHE DEFAULT CELL_FLASH_CACHE DEFAULT)
    ENABLE;
--------------------------------------------------------
--  Constraints for Table KRMS_CNTXT_VLD_FUNC_T
--------------------------------------------------------

  ALTER TABLE "KRMS_CNTXT_VLD_FUNC_T" MODIFY ("CNTXT_ID" NOT NULL ENABLE);
  ALTER TABLE "KRMS_CNTXT_VLD_FUNC_T" MODIFY ("FUNC_ID" NOT NULL ENABLE);
  ALTER TABLE "KRMS_CNTXT_VLD_FUNC_T" MODIFY ("VER_NBR" NOT NULL ENABLE);
  ALTER TABLE "KRMS_CNTXT_VLD_FUNC_T" ADD CONSTRAINT "KRMS_CNTXT_VLD_FUNC_TP1" PRIMARY KEY ("CNTXT_VLD_FUNC_ID")
  USING INDEX PCTFREE 10 INITRANS 2 MAXTRANS 255 COMPUTE STATISTICS 
  STORAGE(INITIAL 65536 NEXT 1048576 MINEXTENTS 1 MAXEXTENTS 2147483645
  PCTINCREASE 0 FREELISTS 1 FREELIST GROUPS 1 BUFFER_POOL DEFAULT FLASH_CACHE DEFAULT CELL_FLASH_CACHE DEFAULT)
    ENABLE;
--------------------------------------------------------
--  Constraints for Table KREW_ATT_T
--------------------------------------------------------

  ALTER TABLE "KREW_ATT_T" MODIFY ("FILE_NM" NOT NULL ENABLE);
  ALTER TABLE "KREW_ATT_T" MODIFY ("FILE_LOC" NOT NULL ENABLE);
  ALTER TABLE "KREW_ATT_T" MODIFY ("MIME_TYP" NOT NULL ENABLE);
  ALTER TABLE "KREW_ATT_T" ADD CONSTRAINT "KREW_ATT_TP1" PRIMARY KEY ("ATTACHMENT_ID")
  USING INDEX PCTFREE 10 INITRANS 2 MAXTRANS 255 COMPUTE STATISTICS 
  STORAGE(INITIAL 65536 NEXT 1048576 MINEXTENTS 1 MAXEXTENTS 2147483645
  PCTINCREASE 0 FREELISTS 1 FREELIST GROUPS 1 BUFFER_POOL DEFAULT FLASH_CACHE DEFAULT CELL_FLASH_CACHE DEFAULT)
    ENABLE;
--------------------------------------------------------
--  Constraints for Table KREW_EDL_ASSCTN_T
--------------------------------------------------------

  ALTER TABLE "KREW_EDL_ASSCTN_T" MODIFY ("DOC_TYP_NM" NOT NULL ENABLE);
  ALTER TABLE "KREW_EDL_ASSCTN_T" MODIFY ("ACTV_IND" NOT NULL ENABLE);
  ALTER TABLE "KREW_EDL_ASSCTN_T" MODIFY ("OBJ_ID" NOT NULL ENABLE);
  ALTER TABLE "KREW_EDL_ASSCTN_T" ADD CONSTRAINT "KREW_EDL_ASSCTN_TC0" UNIQUE ("OBJ_ID")
  USING INDEX PCTFREE 10 INITRANS 2 MAXTRANS 255 COMPUTE STATISTICS 
  STORAGE(INITIAL 65536 NEXT 1048576 MINEXTENTS 1 MAXEXTENTS 2147483645
  PCTINCREASE 0 FREELISTS 1 FREELIST GROUPS 1 BUFFER_POOL DEFAULT FLASH_CACHE DEFAULT CELL_FLASH_CACHE DEFAULT)
    ENABLE;
  ALTER TABLE "KREW_EDL_ASSCTN_T" ADD CONSTRAINT "KREW_EDL_ASSCTN_TP1" PRIMARY KEY ("EDOCLT_ASSOC_ID")
  USING INDEX PCTFREE 10 INITRANS 2 MAXTRANS 255 COMPUTE STATISTICS 
  STORAGE(INITIAL 65536 NEXT 1048576 MINEXTENTS 1 MAXEXTENTS 2147483645
  PCTINCREASE 0 FREELISTS 1 FREELIST GROUPS 1 BUFFER_POOL DEFAULT FLASH_CACHE DEFAULT CELL_FLASH_CACHE DEFAULT)
    ENABLE;
--------------------------------------------------------
--  Constraints for Table KRMS_NL_USAGE_ATTR_T
--------------------------------------------------------

  ALTER TABLE "KRMS_NL_USAGE_ATTR_T" MODIFY ("NL_USAGE_ID" NOT NULL ENABLE);
  ALTER TABLE "KRMS_NL_USAGE_ATTR_T" MODIFY ("ATTR_DEFN_ID" NOT NULL ENABLE);
  ALTER TABLE "KRMS_NL_USAGE_ATTR_T" MODIFY ("VER_NBR" NOT NULL ENABLE);
  ALTER TABLE "KRMS_NL_USAGE_ATTR_T" ADD CONSTRAINT "KRMS_NL_USAGE_ATTR_TC1" UNIQUE ("NL_USAGE_ID", "ATTR_DEFN_ID")
  USING INDEX PCTFREE 10 INITRANS 2 MAXTRANS 255 COMPUTE STATISTICS 
  STORAGE(INITIAL 65536 NEXT 1048576 MINEXTENTS 1 MAXEXTENTS 2147483645
  PCTINCREASE 0 FREELISTS 1 FREELIST GROUPS 1 BUFFER_POOL DEFAULT FLASH_CACHE DEFAULT CELL_FLASH_CACHE DEFAULT)
    ENABLE;
  ALTER TABLE "KRMS_NL_USAGE_ATTR_T" ADD CONSTRAINT "KRMS_NL_USAGE_ATTR_TP1" PRIMARY KEY ("NL_USAGE_ATTR_ID")
  USING INDEX PCTFREE 10 INITRANS 2 MAXTRANS 255 COMPUTE STATISTICS 
  STORAGE(INITIAL 65536 NEXT 1048576 MINEXTENTS 1 MAXEXTENTS 2147483645
  PCTINCREASE 0 FREELISTS 1 FREELIST GROUPS 1 BUFFER_POOL DEFAULT FLASH_CACHE DEFAULT CELL_FLASH_CACHE DEFAULT)
    ENABLE;
--------------------------------------------------------
--  Constraints for Table KRIM_EMAIL_TYP_T
--------------------------------------------------------

  ALTER TABLE "KRIM_EMAIL_TYP_T" MODIFY ("OBJ_ID" NOT NULL ENABLE);
  ALTER TABLE "KRIM_EMAIL_TYP_T" MODIFY ("VER_NBR" NOT NULL ENABLE);
  ALTER TABLE "KRIM_EMAIL_TYP_T" ADD CONSTRAINT "KRIM_EMAIL_TYP_TC0" UNIQUE ("OBJ_ID")
  USING INDEX PCTFREE 10 INITRANS 2 MAXTRANS 255 COMPUTE STATISTICS 
  STORAGE(INITIAL 65536 NEXT 1048576 MINEXTENTS 1 MAXEXTENTS 2147483645
  PCTINCREASE 0 FREELISTS 1 FREELIST GROUPS 1 BUFFER_POOL DEFAULT FLASH_CACHE DEFAULT CELL_FLASH_CACHE DEFAULT)
    ENABLE;
  ALTER TABLE "KRIM_EMAIL_TYP_T" ADD CONSTRAINT "KRIM_EMAIL_TYP_TC1" UNIQUE ("NM")
  USING INDEX PCTFREE 10 INITRANS 2 MAXTRANS 255 COMPUTE STATISTICS 
  STORAGE(INITIAL 65536 NEXT 1048576 MINEXTENTS 1 MAXEXTENTS 2147483645
  PCTINCREASE 0 FREELISTS 1 FREELIST GROUPS 1 BUFFER_POOL DEFAULT FLASH_CACHE DEFAULT CELL_FLASH_CACHE DEFAULT)
    ENABLE;
  ALTER TABLE "KRIM_EMAIL_TYP_T" ADD CONSTRAINT "KRIM_EMAIL_TYP_TP1" PRIMARY KEY ("EMAIL_TYP_CD")
  USING INDEX PCTFREE 10 INITRANS 2 MAXTRANS 255 COMPUTE STATISTICS 
  STORAGE(INITIAL 65536 NEXT 1048576 MINEXTENTS 1 MAXEXTENTS 2147483645
  PCTINCREASE 0 FREELISTS 1 FREELIST GROUPS 1 BUFFER_POOL DEFAULT FLASH_CACHE DEFAULT CELL_FLASH_CACHE DEFAULT)
    ENABLE;
--------------------------------------------------------
--  Constraints for Table KRLC_CMP_TYP_T
--------------------------------------------------------

  ALTER TABLE "KRLC_CMP_TYP_T" MODIFY ("OBJ_ID" NOT NULL ENABLE);
  ALTER TABLE "KRLC_CMP_TYP_T" MODIFY ("VER_NBR" NOT NULL ENABLE);
  ALTER TABLE "KRLC_CMP_TYP_T" MODIFY ("ACTV_IND" NOT NULL ENABLE);
  ALTER TABLE "KRLC_CMP_TYP_T" ADD CONSTRAINT "KRNS_CMP_TYP_TC0" UNIQUE ("OBJ_ID")
  USING INDEX PCTFREE 10 INITRANS 2 MAXTRANS 255 COMPUTE STATISTICS 
  STORAGE(INITIAL 65536 NEXT 1048576 MINEXTENTS 1 MAXEXTENTS 2147483645
  PCTINCREASE 0 FREELISTS 1 FREELIST GROUPS 1 BUFFER_POOL DEFAULT FLASH_CACHE DEFAULT CELL_FLASH_CACHE DEFAULT)
    ENABLE;
  ALTER TABLE "KRLC_CMP_TYP_T" ADD CONSTRAINT "KRLC_CMP_TYP_TP1" PRIMARY KEY ("CAMPUS_TYP_CD")
  USING INDEX PCTFREE 10 INITRANS 2 MAXTRANS 255 COMPUTE STATISTICS 
  STORAGE(INITIAL 65536 NEXT 1048576 MINEXTENTS 1 MAXEXTENTS 2147483645
  PCTINCREASE 0 FREELISTS 1 FREELIST GROUPS 1 BUFFER_POOL DEFAULT FLASH_CACHE DEFAULT CELL_FLASH_CACHE DEFAULT)
    ENABLE;
--------------------------------------------------------
--  Constraints for Table KREW_RULE_TMPL_ATTR_T
--------------------------------------------------------

  ALTER TABLE "KREW_RULE_TMPL_ATTR_T" MODIFY ("RULE_TMPL_ID" NOT NULL ENABLE);
  ALTER TABLE "KREW_RULE_TMPL_ATTR_T" MODIFY ("RULE_ATTR_ID" NOT NULL ENABLE);
  ALTER TABLE "KREW_RULE_TMPL_ATTR_T" MODIFY ("REQ_IND" NOT NULL ENABLE);
  ALTER TABLE "KREW_RULE_TMPL_ATTR_T" MODIFY ("ACTV_IND" NOT NULL ENABLE);
  ALTER TABLE "KREW_RULE_TMPL_ATTR_T" MODIFY ("DSPL_ORD" NOT NULL ENABLE);
  ALTER TABLE "KREW_RULE_TMPL_ATTR_T" MODIFY ("OBJ_ID" NOT NULL ENABLE);
  ALTER TABLE "KREW_RULE_TMPL_ATTR_T" ADD CONSTRAINT "KREW_RULE_TMPL_ATTR_TC0" UNIQUE ("OBJ_ID")
  USING INDEX PCTFREE 10 INITRANS 2 MAXTRANS 255 COMPUTE STATISTICS 
  STORAGE(INITIAL 65536 NEXT 1048576 MINEXTENTS 1 MAXEXTENTS 2147483645
  PCTINCREASE 0 FREELISTS 1 FREELIST GROUPS 1 BUFFER_POOL DEFAULT FLASH_CACHE DEFAULT CELL_FLASH_CACHE DEFAULT)
    ENABLE;
  ALTER TABLE "KREW_RULE_TMPL_ATTR_T" ADD CONSTRAINT "KREW_RULE_TMPL_ATTR_TP1" PRIMARY KEY ("RULE_TMPL_ATTR_ID")
  USING INDEX PCTFREE 10 INITRANS 2 MAXTRANS 255 COMPUTE STATISTICS 
  STORAGE(INITIAL 65536 NEXT 1048576 MINEXTENTS 1 MAXEXTENTS 2147483645
  PCTINCREASE 0 FREELISTS 1 FREELIST GROUPS 1 BUFFER_POOL DEFAULT FLASH_CACHE DEFAULT CELL_FLASH_CACHE DEFAULT)
    ENABLE;
--------------------------------------------------------
--  Constraints for Table KRIM_ENTITY_CTZNSHP_T
--------------------------------------------------------

  ALTER TABLE "KRIM_ENTITY_CTZNSHP_T" MODIFY ("OBJ_ID" NOT NULL ENABLE);
  ALTER TABLE "KRIM_ENTITY_CTZNSHP_T" MODIFY ("VER_NBR" NOT NULL ENABLE);
  ALTER TABLE "KRIM_ENTITY_CTZNSHP_T" ADD CONSTRAINT "KRIM_ENTITY_CTZNSHP_TC0" UNIQUE ("OBJ_ID")
  USING INDEX PCTFREE 10 INITRANS 2 MAXTRANS 255 COMPUTE STATISTICS 
  STORAGE(INITIAL 65536 NEXT 1048576 MINEXTENTS 1 MAXEXTENTS 2147483645
  PCTINCREASE 0 FREELISTS 1 FREELIST GROUPS 1 BUFFER_POOL DEFAULT FLASH_CACHE DEFAULT CELL_FLASH_CACHE DEFAULT)
    ENABLE;
  ALTER TABLE "KRIM_ENTITY_CTZNSHP_T" ADD CONSTRAINT "KRIM_ENTITY_CTZNSHP_TP1" PRIMARY KEY ("ENTITY_CTZNSHP_ID")
  USING INDEX PCTFREE 10 INITRANS 2 MAXTRANS 255 COMPUTE STATISTICS 
  STORAGE(INITIAL 65536 NEXT 1048576 MINEXTENTS 1 MAXEXTENTS 2147483645
  PCTINCREASE 0 FREELISTS 1 FREELIST GROUPS 1 BUFFER_POOL DEFAULT FLASH_CACHE DEFAULT CELL_FLASH_CACHE DEFAULT)
    ENABLE;
--------------------------------------------------------
--  Constraints for Table KRIM_ENTITY_EMAIL_T
--------------------------------------------------------

  ALTER TABLE "KRIM_ENTITY_EMAIL_T" MODIFY ("OBJ_ID" NOT NULL ENABLE);
  ALTER TABLE "KRIM_ENTITY_EMAIL_T" MODIFY ("VER_NBR" NOT NULL ENABLE);
  ALTER TABLE "KRIM_ENTITY_EMAIL_T" ADD CONSTRAINT "KRIM_ENTITY_EMAIL_TC0" UNIQUE ("OBJ_ID")
  USING INDEX PCTFREE 10 INITRANS 2 MAXTRANS 255 COMPUTE STATISTICS 
  STORAGE(INITIAL 65536 NEXT 1048576 MINEXTENTS 1 MAXEXTENTS 2147483645
  PCTINCREASE 0 FREELISTS 1 FREELIST GROUPS 1 BUFFER_POOL DEFAULT FLASH_CACHE DEFAULT CELL_FLASH_CACHE DEFAULT)
    ENABLE;
  ALTER TABLE "KRIM_ENTITY_EMAIL_T" ADD CONSTRAINT "KRIM_ENTITY_EMAIL_TP1" PRIMARY KEY ("ENTITY_EMAIL_ID")
  USING INDEX PCTFREE 10 INITRANS 2 MAXTRANS 255 COMPUTE STATISTICS 
  STORAGE(INITIAL 65536 NEXT 1048576 MINEXTENTS 1 MAXEXTENTS 2147483645
  PCTINCREASE 0 FREELISTS 1 FREELIST GROUPS 1 BUFFER_POOL DEFAULT FLASH_CACHE DEFAULT CELL_FLASH_CACHE DEFAULT)
    ENABLE;
--------------------------------------------------------
--  Constraints for Table KRMS_FUNC_CTGRY_T
--------------------------------------------------------

  ALTER TABLE "KRMS_FUNC_CTGRY_T" ADD CONSTRAINT "KRMS_FUNC_CTGRY_TP1" PRIMARY KEY ("FUNC_ID", "CTGRY_ID")
  USING INDEX PCTFREE 10 INITRANS 2 MAXTRANS 255 COMPUTE STATISTICS 
  STORAGE(INITIAL 65536 NEXT 1048576 MINEXTENTS 1 MAXEXTENTS 2147483645
  PCTINCREASE 0 FREELISTS 1 FREELIST GROUPS 1 BUFFER_POOL DEFAULT FLASH_CACHE DEFAULT CELL_FLASH_CACHE DEFAULT)
    ENABLE;
--------------------------------------------------------
--  Constraints for Table KREW_RULE_EXT_T
--------------------------------------------------------

  ALTER TABLE "KREW_RULE_EXT_T" MODIFY ("RULE_TMPL_ATTR_ID" NOT NULL ENABLE);
  ALTER TABLE "KREW_RULE_EXT_T" MODIFY ("RULE_ID" NOT NULL ENABLE);
  ALTER TABLE "KREW_RULE_EXT_T" ADD CONSTRAINT "KREW_RULE_EXT_TP1" PRIMARY KEY ("RULE_EXT_ID")
  USING INDEX PCTFREE 10 INITRANS 2 MAXTRANS 255 COMPUTE STATISTICS 
  STORAGE(INITIAL 65536 NEXT 1048576 MINEXTENTS 1 MAXEXTENTS 2147483645
  PCTINCREASE 0 FREELISTS 1 FREELIST GROUPS 1 BUFFER_POOL DEFAULT FLASH_CACHE DEFAULT CELL_FLASH_CACHE DEFAULT)
    ENABLE;
--------------------------------------------------------
--  Constraints for Table KRMS_TERM_RSLVR_T
--------------------------------------------------------

  ALTER TABLE "KRMS_TERM_RSLVR_T" MODIFY ("NMSPC_CD" NOT NULL ENABLE);
  ALTER TABLE "KRMS_TERM_RSLVR_T" MODIFY ("NM" NOT NULL ENABLE);
  ALTER TABLE "KRMS_TERM_RSLVR_T" MODIFY ("TYP_ID" NOT NULL ENABLE);
  ALTER TABLE "KRMS_TERM_RSLVR_T" MODIFY ("OUTPUT_TERM_SPEC_ID" NOT NULL ENABLE);
  ALTER TABLE "KRMS_TERM_RSLVR_T" MODIFY ("ACTV" NOT NULL ENABLE);
  ALTER TABLE "KRMS_TERM_RSLVR_T" MODIFY ("VER_NBR" NOT NULL ENABLE);
  ALTER TABLE "KRMS_TERM_RSLVR_T" ADD CONSTRAINT "KRMS_TERM_RSLVR_TC1" UNIQUE ("NM", "NMSPC_CD")
  USING INDEX PCTFREE 10 INITRANS 2 MAXTRANS 255 COMPUTE STATISTICS 
  STORAGE(INITIAL 65536 NEXT 1048576 MINEXTENTS 1 MAXEXTENTS 2147483645
  PCTINCREASE 0 FREELISTS 1 FREELIST GROUPS 1 BUFFER_POOL DEFAULT FLASH_CACHE DEFAULT CELL_FLASH_CACHE DEFAULT)
    ENABLE;
  ALTER TABLE "KRMS_TERM_RSLVR_T" ADD CONSTRAINT "KRMS_TERM_RSLVR_TP1" PRIMARY KEY ("TERM_RSLVR_ID")
  USING INDEX PCTFREE 10 INITRANS 2 MAXTRANS 255 COMPUTE STATISTICS 
  STORAGE(INITIAL 65536 NEXT 1048576 MINEXTENTS 1 MAXEXTENTS 2147483645
  PCTINCREASE 0 FREELISTS 1 FREELIST GROUPS 1 BUFFER_POOL DEFAULT FLASH_CACHE DEFAULT CELL_FLASH_CACHE DEFAULT)
    ENABLE;
--------------------------------------------------------
--  Constraints for Table KRIM_PERM_T
--------------------------------------------------------

  ALTER TABLE "KRIM_PERM_T" ADD CONSTRAINT "KRIM_PERM_TP1" PRIMARY KEY ("PERM_ID")
  USING INDEX PCTFREE 10 INITRANS 2 MAXTRANS 255 COMPUTE STATISTICS 
  STORAGE(INITIAL 65536 NEXT 1048576 MINEXTENTS 1 MAXEXTENTS 2147483645
  PCTINCREASE 0 FREELISTS 1 FREELIST GROUPS 1 BUFFER_POOL DEFAULT FLASH_CACHE DEFAULT CELL_FLASH_CACHE DEFAULT)
    ENABLE;
  ALTER TABLE "KRIM_PERM_T" ADD CONSTRAINT "KRIM_PERM_T_TC1" UNIQUE ("NM", "NMSPC_CD")
  USING INDEX PCTFREE 10 INITRANS 2 MAXTRANS 255 
  STORAGE(INITIAL 65536 NEXT 1048576 MINEXTENTS 1 MAXEXTENTS 2147483645
  PCTINCREASE 0 FREELISTS 1 FREELIST GROUPS 1 BUFFER_POOL DEFAULT FLASH_CACHE DEFAULT CELL_FLASH_CACHE DEFAULT)
    ENABLE;
  ALTER TABLE "KRIM_PERM_T" ADD CONSTRAINT "KRIM_PERM_TC0" UNIQUE ("OBJ_ID")
  USING INDEX PCTFREE 10 INITRANS 2 MAXTRANS 255 
  STORAGE(INITIAL 65536 NEXT 1048576 MINEXTENTS 1 MAXEXTENTS 2147483645
  PCTINCREASE 0 FREELISTS 1 FREELIST GROUPS 1 BUFFER_POOL DEFAULT FLASH_CACHE DEFAULT CELL_FLASH_CACHE DEFAULT)
    ENABLE;
  ALTER TABLE "KRIM_PERM_T" MODIFY ("NM" NOT NULL ENABLE);
  ALTER TABLE "KRIM_PERM_T" MODIFY ("NMSPC_CD" NOT NULL ENABLE);
  ALTER TABLE "KRIM_PERM_T" MODIFY ("VER_NBR" NOT NULL ENABLE);
  ALTER TABLE "KRIM_PERM_T" MODIFY ("OBJ_ID" NOT NULL ENABLE);
--------------------------------------------------------
--  Constraints for Table KRNS_MAINT_DOC_ATT_LST_T
--------------------------------------------------------

  ALTER TABLE "KRNS_MAINT_DOC_ATT_LST_T" MODIFY ("DOC_HDR_ID" NOT NULL ENABLE);
  ALTER TABLE "KRNS_MAINT_DOC_ATT_LST_T" MODIFY ("ATT_CNTNT" NOT NULL ENABLE);
  ALTER TABLE "KRNS_MAINT_DOC_ATT_LST_T" MODIFY ("OBJ_ID" NOT NULL ENABLE);
  ALTER TABLE "KRNS_MAINT_DOC_ATT_LST_T" MODIFY ("VER_NBR" NOT NULL ENABLE);
  ALTER TABLE "KRNS_MAINT_DOC_ATT_LST_T" ADD CONSTRAINT "KRNS_MAINT_DOC_ATT_LST_TC0" UNIQUE ("OBJ_ID")
  USING INDEX PCTFREE 10 INITRANS 2 MAXTRANS 255 COMPUTE STATISTICS 
  STORAGE(INITIAL 65536 NEXT 1048576 MINEXTENTS 1 MAXEXTENTS 2147483645
  PCTINCREASE 0 FREELISTS 1 FREELIST GROUPS 1 BUFFER_POOL DEFAULT FLASH_CACHE DEFAULT CELL_FLASH_CACHE DEFAULT)
    ENABLE;
  ALTER TABLE "KRNS_MAINT_DOC_ATT_LST_T" ADD CONSTRAINT "KRNS_MAINT_DOC_ATT_LST_TP1" PRIMARY KEY ("ATT_ID")
  USING INDEX PCTFREE 10 INITRANS 2 MAXTRANS 255 COMPUTE STATISTICS 
  STORAGE(INITIAL 65536 NEXT 1048576 MINEXTENTS 1 MAXEXTENTS 2147483645
  PCTINCREASE 0 FREELISTS 1 FREELIST GROUPS 1 BUFFER_POOL DEFAULT FLASH_CACHE DEFAULT CELL_FLASH_CACHE DEFAULT)
    ENABLE;
--------------------------------------------------------
--  Constraints for Table KRSB_MSG_QUE_T
--------------------------------------------------------

  ALTER TABLE "KRSB_MSG_QUE_T" MODIFY ("DT" NOT NULL ENABLE);
  ALTER TABLE "KRSB_MSG_QUE_T" MODIFY ("PRIO" NOT NULL ENABLE);
  ALTER TABLE "KRSB_MSG_QUE_T" MODIFY ("STAT_CD" NOT NULL ENABLE);
  ALTER TABLE "KRSB_MSG_QUE_T" MODIFY ("RTRY_CNT" NOT NULL ENABLE);
  ALTER TABLE "KRSB_MSG_QUE_T" MODIFY ("IP_NBR" NOT NULL ENABLE);
  ALTER TABLE "KRSB_MSG_QUE_T" MODIFY ("APPL_ID" NOT NULL ENABLE);
  ALTER TABLE "KRSB_MSG_QUE_T" ADD CONSTRAINT "KRSB_MSG_QUE_TP1" PRIMARY KEY ("MSG_QUE_ID")
  USING INDEX PCTFREE 10 INITRANS 2 MAXTRANS 255 COMPUTE STATISTICS 
  STORAGE(INITIAL 65536 NEXT 1048576 MINEXTENTS 1 MAXEXTENTS 2147483645
  PCTINCREASE 0 FREELISTS 1 FREELIST GROUPS 1 BUFFER_POOL DEFAULT FLASH_CACHE DEFAULT CELL_FLASH_CACHE DEFAULT)
    ENABLE;
--------------------------------------------------------
--  Constraints for Table KRIM_GRP_ATTR_DATA_T
--------------------------------------------------------

  ALTER TABLE "KRIM_GRP_ATTR_DATA_T" MODIFY ("OBJ_ID" NOT NULL ENABLE);
  ALTER TABLE "KRIM_GRP_ATTR_DATA_T" MODIFY ("VER_NBR" NOT NULL ENABLE);
  ALTER TABLE "KRIM_GRP_ATTR_DATA_T" MODIFY ("KIM_TYP_ID" NOT NULL ENABLE);
  ALTER TABLE "KRIM_GRP_ATTR_DATA_T" ADD CONSTRAINT "KRIM_GRP_ATTR_DATA_TC0" UNIQUE ("OBJ_ID")
  USING INDEX PCTFREE 10 INITRANS 2 MAXTRANS 255 COMPUTE STATISTICS 
  STORAGE(INITIAL 65536 NEXT 1048576 MINEXTENTS 1 MAXEXTENTS 2147483645
  PCTINCREASE 0 FREELISTS 1 FREELIST GROUPS 1 BUFFER_POOL DEFAULT FLASH_CACHE DEFAULT CELL_FLASH_CACHE DEFAULT)
    ENABLE;
  ALTER TABLE "KRIM_GRP_ATTR_DATA_T" ADD CONSTRAINT "KRIM_GRP_ATTR_DATA_TP1" PRIMARY KEY ("ATTR_DATA_ID")
  USING INDEX PCTFREE 10 INITRANS 2 MAXTRANS 255 COMPUTE STATISTICS 
  STORAGE(INITIAL 65536 NEXT 1048576 MINEXTENTS 1 MAXEXTENTS 2147483645
  PCTINCREASE 0 FREELISTS 1 FREELIST GROUPS 1 BUFFER_POOL DEFAULT FLASH_CACHE DEFAULT CELL_FLASH_CACHE DEFAULT)
    ENABLE;
--------------------------------------------------------
--  Constraints for Table KREW_RULE_RSP_T
--------------------------------------------------------

  ALTER TABLE "KREW_RULE_RSP_T" MODIFY ("RSP_ID" NOT NULL ENABLE);
  ALTER TABLE "KREW_RULE_RSP_T" MODIFY ("RULE_ID" NOT NULL ENABLE);
  ALTER TABLE "KREW_RULE_RSP_T" MODIFY ("OBJ_ID" NOT NULL ENABLE);
  ALTER TABLE "KREW_RULE_RSP_T" ADD CONSTRAINT "KREW_RULE_RSP_TC0" UNIQUE ("OBJ_ID")
  USING INDEX PCTFREE 10 INITRANS 2 MAXTRANS 255 COMPUTE STATISTICS 
  STORAGE(INITIAL 65536 NEXT 1048576 MINEXTENTS 1 MAXEXTENTS 2147483645
  PCTINCREASE 0 FREELISTS 1 FREELIST GROUPS 1 BUFFER_POOL DEFAULT FLASH_CACHE DEFAULT CELL_FLASH_CACHE DEFAULT)
    ENABLE;
  ALTER TABLE "KREW_RULE_RSP_T" ADD CONSTRAINT "KREW_RULE_RSP_TP1" PRIMARY KEY ("RULE_RSP_ID")
  USING INDEX PCTFREE 10 INITRANS 2 MAXTRANS 255 COMPUTE STATISTICS 
  STORAGE(INITIAL 65536 NEXT 1048576 MINEXTENTS 1 MAXEXTENTS 2147483645
  PCTINCREASE 0 FREELISTS 1 FREELIST GROUPS 1 BUFFER_POOL DEFAULT FLASH_CACHE DEFAULT CELL_FLASH_CACHE DEFAULT)
    ENABLE;
--------------------------------------------------------
--  Constraints for Table KRNS_NTE_TYP_T
--------------------------------------------------------

  ALTER TABLE "KRNS_NTE_TYP_T" MODIFY ("OBJ_ID" NOT NULL ENABLE);
  ALTER TABLE "KRNS_NTE_TYP_T" MODIFY ("VER_NBR" NOT NULL ENABLE);
  ALTER TABLE "KRNS_NTE_TYP_T" ADD CONSTRAINT "KRNS_NTE_TYP_TC0" UNIQUE ("OBJ_ID")
  USING INDEX PCTFREE 10 INITRANS 2 MAXTRANS 255 COMPUTE STATISTICS 
  STORAGE(INITIAL 65536 NEXT 1048576 MINEXTENTS 1 MAXEXTENTS 2147483645
  PCTINCREASE 0 FREELISTS 1 FREELIST GROUPS 1 BUFFER_POOL DEFAULT FLASH_CACHE DEFAULT CELL_FLASH_CACHE DEFAULT)
    ENABLE;
  ALTER TABLE "KRNS_NTE_TYP_T" ADD CONSTRAINT "KRNS_NTE_TYP_TP1" PRIMARY KEY ("NTE_TYP_CD")
  USING INDEX PCTFREE 10 INITRANS 2 MAXTRANS 255 COMPUTE STATISTICS 
  STORAGE(INITIAL 65536 NEXT 1048576 MINEXTENTS 1 MAXEXTENTS 2147483645
  PCTINCREASE 0 FREELISTS 1 FREELIST GROUPS 1 BUFFER_POOL DEFAULT FLASH_CACHE DEFAULT CELL_FLASH_CACHE DEFAULT)
    ENABLE;
--------------------------------------------------------
--  Constraints for Table KRLC_CNTY_T
--------------------------------------------------------

  ALTER TABLE "KRLC_CNTY_T" ADD CONSTRAINT "KRLC_CNTY_TP1" PRIMARY KEY ("COUNTY_CD", "STATE_CD", "POSTAL_CNTRY_CD")
  USING INDEX PCTFREE 10 INITRANS 2 MAXTRANS 255 COMPUTE STATISTICS 
  STORAGE(INITIAL 65536 NEXT 1048576 MINEXTENTS 1 MAXEXTENTS 2147483645
  PCTINCREASE 0 FREELISTS 1 FREELIST GROUPS 1 BUFFER_POOL DEFAULT FLASH_CACHE DEFAULT CELL_FLASH_CACHE DEFAULT)
    ENABLE;
  ALTER TABLE "KRLC_CNTY_T" ADD CONSTRAINT "KR_COUNTY_TC0" UNIQUE ("OBJ_ID")
  USING INDEX PCTFREE 10 INITRANS 2 MAXTRANS 255 
  STORAGE(INITIAL 65536 NEXT 1048576 MINEXTENTS 1 MAXEXTENTS 2147483645
  PCTINCREASE 0 FREELISTS 1 FREELIST GROUPS 1 BUFFER_POOL DEFAULT FLASH_CACHE DEFAULT CELL_FLASH_CACHE DEFAULT)
    ENABLE;
  ALTER TABLE "KRLC_CNTY_T" MODIFY ("VER_NBR" NOT NULL ENABLE);
  ALTER TABLE "KRLC_CNTY_T" MODIFY ("OBJ_ID" NOT NULL ENABLE);
--------------------------------------------------------
--  Constraints for Table KRMS_NL_USAGE_T
--------------------------------------------------------

  ALTER TABLE "KRMS_NL_USAGE_T" MODIFY ("NM" NOT NULL ENABLE);
  ALTER TABLE "KRMS_NL_USAGE_T" MODIFY ("NMSPC_CD" NOT NULL ENABLE);
  ALTER TABLE "KRMS_NL_USAGE_T" MODIFY ("ACTV" NOT NULL ENABLE);
  ALTER TABLE "KRMS_NL_USAGE_T" MODIFY ("VER_NBR" NOT NULL ENABLE);
  ALTER TABLE "KRMS_NL_USAGE_T" ADD CONSTRAINT "KRMS_NL_USAGE_TC1" UNIQUE ("NM", "NMSPC_CD")
  USING INDEX PCTFREE 10 INITRANS 2 MAXTRANS 255 COMPUTE STATISTICS 
  STORAGE(INITIAL 65536 NEXT 1048576 MINEXTENTS 1 MAXEXTENTS 2147483645
  PCTINCREASE 0 FREELISTS 1 FREELIST GROUPS 1 BUFFER_POOL DEFAULT FLASH_CACHE DEFAULT CELL_FLASH_CACHE DEFAULT)
    ENABLE;
  ALTER TABLE "KRMS_NL_USAGE_T" ADD CONSTRAINT "KRMS_NL_USAGE_TP1" PRIMARY KEY ("NL_USAGE_ID")
  USING INDEX PCTFREE 10 INITRANS 2 MAXTRANS 255 COMPUTE STATISTICS 
  STORAGE(INITIAL 65536 NEXT 1048576 MINEXTENTS 1 MAXEXTENTS 2147483645
  PCTINCREASE 0 FREELISTS 1 FREELIST GROUPS 1 BUFFER_POOL DEFAULT FLASH_CACHE DEFAULT CELL_FLASH_CACHE DEFAULT)
    ENABLE;
--------------------------------------------------------
--  Constraints for Table KRSB_BAM_PARM_T
--------------------------------------------------------

  ALTER TABLE "KRSB_BAM_PARM_T" MODIFY ("BAM_ID" NOT NULL ENABLE);
  ALTER TABLE "KRSB_BAM_PARM_T" MODIFY ("PARM" NOT NULL ENABLE);
  ALTER TABLE "KRSB_BAM_PARM_T" ADD CONSTRAINT "KRSB_BAM_PARM_TP1" PRIMARY KEY ("BAM_PARM_ID")
  USING INDEX PCTFREE 10 INITRANS 2 MAXTRANS 255 COMPUTE STATISTICS 
  STORAGE(INITIAL 65536 NEXT 1048576 MINEXTENTS 1 MAXEXTENTS 2147483645
  PCTINCREASE 0 FREELISTS 1 FREELIST GROUPS 1 BUFFER_POOL DEFAULT FLASH_CACHE DEFAULT CELL_FLASH_CACHE DEFAULT)
    ENABLE;
--------------------------------------------------------
--  Constraints for Table KRIM_EXT_ID_TYP_T
--------------------------------------------------------

  ALTER TABLE "KRIM_EXT_ID_TYP_T" MODIFY ("OBJ_ID" NOT NULL ENABLE);
  ALTER TABLE "KRIM_EXT_ID_TYP_T" MODIFY ("VER_NBR" NOT NULL ENABLE);
  ALTER TABLE "KRIM_EXT_ID_TYP_T" ADD CONSTRAINT "KRIM_EXT_ID_TYP_TC0" UNIQUE ("OBJ_ID")
  USING INDEX PCTFREE 10 INITRANS 2 MAXTRANS 255 COMPUTE STATISTICS 
  STORAGE(INITIAL 65536 NEXT 1048576 MINEXTENTS 1 MAXEXTENTS 2147483645
  PCTINCREASE 0 FREELISTS 1 FREELIST GROUPS 1 BUFFER_POOL DEFAULT FLASH_CACHE DEFAULT CELL_FLASH_CACHE DEFAULT)
    ENABLE;
  ALTER TABLE "KRIM_EXT_ID_TYP_T" ADD CONSTRAINT "KRIM_EXT_ID_TYP_TC1" UNIQUE ("NM")
  USING INDEX PCTFREE 10 INITRANS 2 MAXTRANS 255 COMPUTE STATISTICS 
  STORAGE(INITIAL 65536 NEXT 1048576 MINEXTENTS 1 MAXEXTENTS 2147483645
  PCTINCREASE 0 FREELISTS 1 FREELIST GROUPS 1 BUFFER_POOL DEFAULT FLASH_CACHE DEFAULT CELL_FLASH_CACHE DEFAULT)
    ENABLE;
  ALTER TABLE "KRIM_EXT_ID_TYP_T" ADD CONSTRAINT "KRIM_EXT_ID_TYP_TP1" PRIMARY KEY ("EXT_ID_TYP_CD")
  USING INDEX PCTFREE 10 INITRANS 2 MAXTRANS 255 COMPUTE STATISTICS 
  STORAGE(INITIAL 65536 NEXT 1048576 MINEXTENTS 1 MAXEXTENTS 2147483645
  PCTINCREASE 0 FREELISTS 1 FREELIST GROUPS 1 BUFFER_POOL DEFAULT FLASH_CACHE DEFAULT CELL_FLASH_CACHE DEFAULT)
    ENABLE;
--------------------------------------------------------
--  Constraints for Table KRIM_RSP_T
--------------------------------------------------------

  ALTER TABLE "KRIM_RSP_T" MODIFY ("OBJ_ID" NOT NULL ENABLE);
  ALTER TABLE "KRIM_RSP_T" MODIFY ("VER_NBR" NOT NULL ENABLE);
  ALTER TABLE "KRIM_RSP_T" MODIFY ("NMSPC_CD" NOT NULL ENABLE);
  ALTER TABLE "KRIM_RSP_T" MODIFY ("NM" NOT NULL ENABLE);
  ALTER TABLE "KRIM_RSP_T" ADD CONSTRAINT "KRIM_RSP_TC0" UNIQUE ("OBJ_ID")
  USING INDEX PCTFREE 10 INITRANS 2 MAXTRANS 255 COMPUTE STATISTICS 
  STORAGE(INITIAL 65536 NEXT 1048576 MINEXTENTS 1 MAXEXTENTS 2147483645
  PCTINCREASE 0 FREELISTS 1 FREELIST GROUPS 1 BUFFER_POOL DEFAULT FLASH_CACHE DEFAULT CELL_FLASH_CACHE DEFAULT)
    ENABLE;
  ALTER TABLE "KRIM_RSP_T" ADD CONSTRAINT "KRIM_RSP_T_TC1" UNIQUE ("NM", "NMSPC_CD")
  USING INDEX PCTFREE 10 INITRANS 2 MAXTRANS 255 COMPUTE STATISTICS 
  STORAGE(INITIAL 65536 NEXT 1048576 MINEXTENTS 1 MAXEXTENTS 2147483645
  PCTINCREASE 0 FREELISTS 1 FREELIST GROUPS 1 BUFFER_POOL DEFAULT FLASH_CACHE DEFAULT CELL_FLASH_CACHE DEFAULT)
    ENABLE;
  ALTER TABLE "KRIM_RSP_T" ADD CONSTRAINT "KRIM_RSP_TP1" PRIMARY KEY ("RSP_ID")
  USING INDEX PCTFREE 10 INITRANS 2 MAXTRANS 255 COMPUTE STATISTICS 
  STORAGE(INITIAL 65536 NEXT 1048576 MINEXTENTS 1 MAXEXTENTS 2147483645
  PCTINCREASE 0 FREELISTS 1 FREELIST GROUPS 1 BUFFER_POOL DEFAULT FLASH_CACHE DEFAULT CELL_FLASH_CACHE DEFAULT)
    ENABLE;
--------------------------------------------------------
--  Constraints for Table KRMS_REF_OBJ_KRMS_OBJ_T
--------------------------------------------------------

  ALTER TABLE "KRMS_REF_OBJ_KRMS_OBJ_T" MODIFY ("KRMS_OBJ_ID" NOT NULL ENABLE);
  ALTER TABLE "KRMS_REF_OBJ_KRMS_OBJ_T" MODIFY ("KRMS_DSCR_TYP" NOT NULL ENABLE);
  ALTER TABLE "KRMS_REF_OBJ_KRMS_OBJ_T" MODIFY ("REF_OBJ_ID" NOT NULL ENABLE);
  ALTER TABLE "KRMS_REF_OBJ_KRMS_OBJ_T" MODIFY ("REF_DSCR_TYP" NOT NULL ENABLE);
  ALTER TABLE "KRMS_REF_OBJ_KRMS_OBJ_T" MODIFY ("NMSPC_CD" NOT NULL ENABLE);
  ALTER TABLE "KRMS_REF_OBJ_KRMS_OBJ_T" MODIFY ("ACTV" NOT NULL ENABLE);
  ALTER TABLE "KRMS_REF_OBJ_KRMS_OBJ_T" MODIFY ("VER_NBR" NOT NULL ENABLE);
  ALTER TABLE "KRMS_REF_OBJ_KRMS_OBJ_T" ADD CONSTRAINT "KRMS_REF_OBJ_KRMS_OBJ_TC1" UNIQUE ("COLLECTION_NM", "KRMS_OBJ_ID", "KRMS_DSCR_TYP", "REF_OBJ_ID", "REF_DSCR_TYP", "NMSPC_CD")
  USING INDEX PCTFREE 10 INITRANS 2 MAXTRANS 255 COMPUTE STATISTICS 
  STORAGE(INITIAL 65536 NEXT 1048576 MINEXTENTS 1 MAXEXTENTS 2147483645
  PCTINCREASE 0 FREELISTS 1 FREELIST GROUPS 1 BUFFER_POOL DEFAULT FLASH_CACHE DEFAULT CELL_FLASH_CACHE DEFAULT)
    ENABLE;
  ALTER TABLE "KRMS_REF_OBJ_KRMS_OBJ_T" ADD CONSTRAINT "KRMS_REF_OBJ_KRMS_OBJ_TP1" PRIMARY KEY ("REF_OBJ_KRMS_OBJ_ID")
  USING INDEX PCTFREE 10 INITRANS 2 MAXTRANS 255 COMPUTE STATISTICS 
  STORAGE(INITIAL 65536 NEXT 1048576 MINEXTENTS 1 MAXEXTENTS 2147483645
  PCTINCREASE 0 FREELISTS 1 FREELIST GROUPS 1 BUFFER_POOL DEFAULT FLASH_CACHE DEFAULT CELL_FLASH_CACHE DEFAULT)
    ENABLE;
--------------------------------------------------------
--  Constraints for Table KREN_CHNL_SUBSCRP_T
--------------------------------------------------------

  ALTER TABLE "KREN_CHNL_SUBSCRP_T" MODIFY ("CHNL_ID" NOT NULL ENABLE);
  ALTER TABLE "KREN_CHNL_SUBSCRP_T" MODIFY ("PRNCPL_ID" NOT NULL ENABLE);
  ALTER TABLE "KREN_CHNL_SUBSCRP_T" ADD CONSTRAINT "KREN_CHNL_SUBSCRP_TC0" UNIQUE ("CHNL_ID", "PRNCPL_ID")
  USING INDEX PCTFREE 10 INITRANS 2 MAXTRANS 255 COMPUTE STATISTICS 
  STORAGE(INITIAL 65536 NEXT 1048576 MINEXTENTS 1 MAXEXTENTS 2147483645
  PCTINCREASE 0 FREELISTS 1 FREELIST GROUPS 1 BUFFER_POOL DEFAULT FLASH_CACHE DEFAULT CELL_FLASH_CACHE DEFAULT)
    ENABLE;
  ALTER TABLE "KREN_CHNL_SUBSCRP_T" ADD CONSTRAINT "KREN_CHNL_SUBSCRP_TP1" PRIMARY KEY ("CHNL_SUBSCRP_ID")
  USING INDEX PCTFREE 10 INITRANS 2 MAXTRANS 255 COMPUTE STATISTICS 
  STORAGE(INITIAL 65536 NEXT 1048576 MINEXTENTS 1 MAXEXTENTS 2147483645
  PCTINCREASE 0 FREELISTS 1 FREELIST GROUPS 1 BUFFER_POOL DEFAULT FLASH_CACHE DEFAULT CELL_FLASH_CACHE DEFAULT)
    ENABLE;
--------------------------------------------------------
--  Constraints for Table KRNS_PESSIMISTIC_LOCK_T
--------------------------------------------------------

  ALTER TABLE "KRNS_PESSIMISTIC_LOCK_T" MODIFY ("OBJ_ID" NOT NULL ENABLE);
  ALTER TABLE "KRNS_PESSIMISTIC_LOCK_T" MODIFY ("VER_NBR" NOT NULL ENABLE);
  ALTER TABLE "KRNS_PESSIMISTIC_LOCK_T" MODIFY ("DOC_HDR_ID" NOT NULL ENABLE);
  ALTER TABLE "KRNS_PESSIMISTIC_LOCK_T" MODIFY ("GNRT_DT" NOT NULL ENABLE);
  ALTER TABLE "KRNS_PESSIMISTIC_LOCK_T" MODIFY ("PRNCPL_ID" NOT NULL ENABLE);
  ALTER TABLE "KRNS_PESSIMISTIC_LOCK_T" MODIFY ("SESN_ID" NOT NULL ENABLE);
  ALTER TABLE "KRNS_PESSIMISTIC_LOCK_T" ADD CONSTRAINT "KRNS_PESSIMISTIC_LOCK_TC0" UNIQUE ("OBJ_ID")
  USING INDEX PCTFREE 10 INITRANS 2 MAXTRANS 255 COMPUTE STATISTICS 
  STORAGE(INITIAL 65536 NEXT 1048576 MINEXTENTS 1 MAXEXTENTS 2147483645
  PCTINCREASE 0 FREELISTS 1 FREELIST GROUPS 1 BUFFER_POOL DEFAULT FLASH_CACHE DEFAULT CELL_FLASH_CACHE DEFAULT)
    ENABLE;
  ALTER TABLE "KRNS_PESSIMISTIC_LOCK_T" ADD CONSTRAINT "KRNS_PESSIMISTIC_LOCK_TP1" PRIMARY KEY ("PESSIMISTIC_LOCK_ID")
  USING INDEX PCTFREE 10 INITRANS 2 MAXTRANS 255 COMPUTE STATISTICS 
  STORAGE(INITIAL 65536 NEXT 1048576 MINEXTENTS 1 MAXEXTENTS 2147483645
  PCTINCREASE 0 FREELISTS 1 FREELIST GROUPS 1 BUFFER_POOL DEFAULT FLASH_CACHE DEFAULT CELL_FLASH_CACHE DEFAULT)
    ENABLE;
--------------------------------------------------------
--  Constraints for Table KRMS_CMPND_PROP_PROPS_T
--------------------------------------------------------

  ALTER TABLE "KRMS_CMPND_PROP_PROPS_T" ADD CONSTRAINT "KRMS_CMPND_PROP_PROPS_TP1" PRIMARY KEY ("CMPND_PROP_ID", "PROP_ID")
  USING INDEX PCTFREE 10 INITRANS 2 MAXTRANS 255 COMPUTE STATISTICS 
  STORAGE(INITIAL 65536 NEXT 1048576 MINEXTENTS 1 MAXEXTENTS 2147483645
  PCTINCREASE 0 FREELISTS 1 FREELIST GROUPS 1 BUFFER_POOL DEFAULT FLASH_CACHE DEFAULT CELL_FLASH_CACHE DEFAULT)
    ENABLE;
--------------------------------------------------------
--  Constraints for Table KRIM_GRP_MBR_T
--------------------------------------------------------

  ALTER TABLE "KRIM_GRP_MBR_T" MODIFY ("VER_NBR" NOT NULL ENABLE);
  ALTER TABLE "KRIM_GRP_MBR_T" MODIFY ("OBJ_ID" NOT NULL ENABLE);
  ALTER TABLE "KRIM_GRP_MBR_T" MODIFY ("GRP_ID" NOT NULL ENABLE);
  ALTER TABLE "KRIM_GRP_MBR_T" MODIFY ("MBR_ID" NOT NULL ENABLE);
  ALTER TABLE "KRIM_GRP_MBR_T" MODIFY ("MBR_TYP_CD" NOT NULL ENABLE);
  ALTER TABLE "KRIM_GRP_MBR_T" ADD CONSTRAINT "KRIM_GRP_MBR_TC0" UNIQUE ("OBJ_ID")
  USING INDEX PCTFREE 10 INITRANS 2 MAXTRANS 255 COMPUTE STATISTICS 
  STORAGE(INITIAL 65536 NEXT 1048576 MINEXTENTS 1 MAXEXTENTS 2147483645
  PCTINCREASE 0 FREELISTS 1 FREELIST GROUPS 1 BUFFER_POOL DEFAULT FLASH_CACHE DEFAULT CELL_FLASH_CACHE DEFAULT)
    ENABLE;
  ALTER TABLE "KRIM_GRP_MBR_T" ADD CONSTRAINT "KRIM_GRP_MBR_TP1" PRIMARY KEY ("GRP_MBR_ID")
  USING INDEX PCTFREE 10 INITRANS 2 MAXTRANS 255 COMPUTE STATISTICS 
  STORAGE(INITIAL 65536 NEXT 1048576 MINEXTENTS 1 MAXEXTENTS 2147483645
  PCTINCREASE 0 FREELISTS 1 FREELIST GROUPS 1 BUFFER_POOL DEFAULT FLASH_CACHE DEFAULT CELL_FLASH_CACHE DEFAULT)
    ENABLE;
--------------------------------------------------------
--  Constraints for Table KRMS_TERM_PARM_T
--------------------------------------------------------

  ALTER TABLE "KRMS_TERM_PARM_T" MODIFY ("TERM_ID" NOT NULL ENABLE);
  ALTER TABLE "KRMS_TERM_PARM_T" MODIFY ("NM" NOT NULL ENABLE);
  ALTER TABLE "KRMS_TERM_PARM_T" MODIFY ("VER_NBR" NOT NULL ENABLE);
  ALTER TABLE "KRMS_TERM_PARM_T" ADD CONSTRAINT "KRMS_TERM_PARM_TP1" PRIMARY KEY ("TERM_PARM_ID")
  USING INDEX PCTFREE 10 INITRANS 2 MAXTRANS 255 COMPUTE STATISTICS 
  STORAGE(INITIAL 65536 NEXT 1048576 MINEXTENTS 1 MAXEXTENTS 2147483645
  PCTINCREASE 0 FREELISTS 1 FREELIST GROUPS 1 BUFFER_POOL DEFAULT FLASH_CACHE DEFAULT CELL_FLASH_CACHE DEFAULT)
    ENABLE;
--------------------------------------------------------
--  Constraints for Table KREW_ATTR_DEFN_T
--------------------------------------------------------

  ALTER TABLE "KREW_ATTR_DEFN_T" ADD CONSTRAINT "KREW_ATTR_DEFN_TP1" PRIMARY KEY ("ATTR_DEFN_ID")
  USING INDEX PCTFREE 10 INITRANS 2 MAXTRANS 255 COMPUTE STATISTICS 
  STORAGE(INITIAL 65536 NEXT 1048576 MINEXTENTS 1 MAXEXTENTS 2147483645
  PCTINCREASE 0 FREELISTS 1 FREELIST GROUPS 1 BUFFER_POOL DEFAULT FLASH_CACHE DEFAULT CELL_FLASH_CACHE DEFAULT)
    ENABLE;
  ALTER TABLE "KREW_ATTR_DEFN_T" ADD CONSTRAINT "KREW_ATTR_DEFN_TC1" UNIQUE ("NM", "NMSPC_CD")
  USING INDEX PCTFREE 10 INITRANS 2 MAXTRANS 255 
  STORAGE(INITIAL 65536 NEXT 1048576 MINEXTENTS 1 MAXEXTENTS 2147483645
  PCTINCREASE 0 FREELISTS 1 FREELIST GROUPS 1 BUFFER_POOL DEFAULT FLASH_CACHE DEFAULT CELL_FLASH_CACHE DEFAULT)
    ENABLE;
  ALTER TABLE "KREW_ATTR_DEFN_T" MODIFY ("VER_NBR" NOT NULL ENABLE);
  ALTER TABLE "KREW_ATTR_DEFN_T" MODIFY ("ACTV" NOT NULL ENABLE);
  ALTER TABLE "KREW_ATTR_DEFN_T" MODIFY ("NMSPC_CD" NOT NULL ENABLE);
  ALTER TABLE "KREW_ATTR_DEFN_T" MODIFY ("NM" NOT NULL ENABLE);
--------------------------------------------------------
--  Constraints for Table TST_SEARCH_ATTR_INDX_TST_DOC_T
--------------------------------------------------------

  ALTER TABLE "TST_SEARCH_ATTR_INDX_TST_DOC_T" ADD CONSTRAINT "TST_SEARCH_ATTR_INDX_TST_DOP1" PRIMARY KEY ("DOC_HDR_ID")
  USING INDEX PCTFREE 10 INITRANS 2 MAXTRANS 255 COMPUTE STATISTICS 
  STORAGE(INITIAL 65536 NEXT 1048576 MINEXTENTS 1 MAXEXTENTS 2147483645
  PCTINCREASE 0 FREELISTS 1 FREELIST GROUPS 1 BUFFER_POOL DEFAULT FLASH_CACHE DEFAULT CELL_FLASH_CACHE DEFAULT)
    ENABLE;
--------------------------------------------------------
--  Constraints for Table KREW_PPL_FLW_MBR_T
--------------------------------------------------------

  ALTER TABLE "KREW_PPL_FLW_MBR_T" MODIFY ("PPL_FLW_ID" NOT NULL ENABLE);
  ALTER TABLE "KREW_PPL_FLW_MBR_T" MODIFY ("MBR_TYP_CD" NOT NULL ENABLE);
  ALTER TABLE "KREW_PPL_FLW_MBR_T" MODIFY ("MBR_ID" NOT NULL ENABLE);
  ALTER TABLE "KREW_PPL_FLW_MBR_T" MODIFY ("VER_NBR" NOT NULL ENABLE);
  ALTER TABLE "KREW_PPL_FLW_MBR_T" MODIFY ("RSP_ID" NOT NULL ENABLE);
  ALTER TABLE "KREW_PPL_FLW_MBR_T" ADD CONSTRAINT "KREW_PPL_FLW_MBR_TP1" PRIMARY KEY ("PPL_FLW_MBR_ID")
  USING INDEX PCTFREE 10 INITRANS 2 MAXTRANS 255 COMPUTE STATISTICS 
  STORAGE(INITIAL 65536 NEXT 1048576 MINEXTENTS 1 MAXEXTENTS 2147483645
  PCTINCREASE 0 FREELISTS 1 FREELIST GROUPS 1 BUFFER_POOL DEFAULT FLASH_CACHE DEFAULT CELL_FLASH_CACHE DEFAULT)
    ENABLE;
--------------------------------------------------------
--  Constraints for Table KRMS_AGENDA_ATTR_T
--------------------------------------------------------

  ALTER TABLE "KRMS_AGENDA_ATTR_T" MODIFY ("AGENDA_ID" NOT NULL ENABLE);
  ALTER TABLE "KRMS_AGENDA_ATTR_T" MODIFY ("ATTR_DEFN_ID" NOT NULL ENABLE);
  ALTER TABLE "KRMS_AGENDA_ATTR_T" MODIFY ("VER_NBR" NOT NULL ENABLE);
  ALTER TABLE "KRMS_AGENDA_ATTR_T" ADD CONSTRAINT "KRMS_AGENDA_ATTR_TP1" PRIMARY KEY ("AGENDA_ATTR_ID")
  USING INDEX PCTFREE 10 INITRANS 2 MAXTRANS 255 COMPUTE STATISTICS 
  STORAGE(INITIAL 65536 NEXT 1048576 MINEXTENTS 1 MAXEXTENTS 2147483645
  PCTINCREASE 0 FREELISTS 1 FREELIST GROUPS 1 BUFFER_POOL DEFAULT FLASH_CACHE DEFAULT CELL_FLASH_CACHE DEFAULT)
    ENABLE;
--------------------------------------------------------
--  Constraints for Table KRIM_PND_ROLE_MBR_ATTR_DATA_MT
--------------------------------------------------------

  ALTER TABLE "KRIM_PND_ROLE_MBR_ATTR_DATA_MT" MODIFY ("OBJ_ID" NOT NULL ENABLE);
  ALTER TABLE "KRIM_PND_ROLE_MBR_ATTR_DATA_MT" MODIFY ("VER_NBR" NOT NULL ENABLE);
  ALTER TABLE "KRIM_PND_ROLE_MBR_ATTR_DATA_MT" ADD CONSTRAINT "KRIM_PND_ROLE_MBR_ATTR_DATAP1" PRIMARY KEY ("FDOC_NBR", "ATTR_DATA_ID")
  USING INDEX PCTFREE 10 INITRANS 2 MAXTRANS 255 COMPUTE STATISTICS 
  STORAGE(INITIAL 65536 NEXT 1048576 MINEXTENTS 1 MAXEXTENTS 2147483645
  PCTINCREASE 0 FREELISTS 1 FREELIST GROUPS 1 BUFFER_POOL DEFAULT FLASH_CACHE DEFAULT CELL_FLASH_CACHE DEFAULT)
    ENABLE;
--------------------------------------------------------
--  Constraints for Table KRIM_PND_GRP_ATTR_DATA_T
--------------------------------------------------------

  ALTER TABLE "KRIM_PND_GRP_ATTR_DATA_T" MODIFY ("OBJ_ID" NOT NULL ENABLE);
  ALTER TABLE "KRIM_PND_GRP_ATTR_DATA_T" MODIFY ("VER_NBR" NOT NULL ENABLE);
  ALTER TABLE "KRIM_PND_GRP_ATTR_DATA_T" ADD CONSTRAINT "KRIM_PND_GRP_ATTR_DATA_TP1" PRIMARY KEY ("FDOC_NBR", "ATTR_DATA_ID")
  USING INDEX PCTFREE 10 INITRANS 2 MAXTRANS 255 COMPUTE STATISTICS 
  STORAGE(INITIAL 65536 NEXT 1048576 MINEXTENTS 1 MAXEXTENTS 2147483645
  PCTINCREASE 0 FREELISTS 1 FREELIST GROUPS 1 BUFFER_POOL DEFAULT FLASH_CACHE DEFAULT CELL_FLASH_CACHE DEFAULT)
    ENABLE;
--------------------------------------------------------
--  Constraints for Table KRMS_PROP_PARM_T
--------------------------------------------------------

  ALTER TABLE "KRMS_PROP_PARM_T" MODIFY ("PROP_ID" NOT NULL ENABLE);
  ALTER TABLE "KRMS_PROP_PARM_T" MODIFY ("PARM_TYP_CD" NOT NULL ENABLE);
  ALTER TABLE "KRMS_PROP_PARM_T" MODIFY ("SEQ_NO" NOT NULL ENABLE);
  ALTER TABLE "KRMS_PROP_PARM_T" MODIFY ("VER_NBR" NOT NULL ENABLE);
  ALTER TABLE "KRMS_PROP_PARM_T" ADD CONSTRAINT "KRMS_PROP_PARM_TP1" PRIMARY KEY ("PROP_PARM_ID")
  USING INDEX PCTFREE 10 INITRANS 2 MAXTRANS 255 COMPUTE STATISTICS 
  STORAGE(INITIAL 65536 NEXT 1048576 MINEXTENTS 1 MAXEXTENTS 2147483645
  PCTINCREASE 0 FREELISTS 1 FREELIST GROUPS 1 BUFFER_POOL DEFAULT FLASH_CACHE DEFAULT CELL_FLASH_CACHE DEFAULT)
    ENABLE;
--------------------------------------------------------
--  Constraints for Table KRMS_FUNC_T
--------------------------------------------------------

  ALTER TABLE "KRMS_FUNC_T" MODIFY ("NMSPC_CD" NOT NULL ENABLE);
  ALTER TABLE "KRMS_FUNC_T" MODIFY ("NM" NOT NULL ENABLE);
  ALTER TABLE "KRMS_FUNC_T" MODIFY ("RTRN_TYP" NOT NULL ENABLE);
  ALTER TABLE "KRMS_FUNC_T" MODIFY ("TYP_ID" NOT NULL ENABLE);
  ALTER TABLE "KRMS_FUNC_T" MODIFY ("ACTV" NOT NULL ENABLE);
  ALTER TABLE "KRMS_FUNC_T" MODIFY ("VER_NBR" NOT NULL ENABLE);
  ALTER TABLE "KRMS_FUNC_T" ADD CONSTRAINT "KRMS_FUNC_TC1" UNIQUE ("NM", "NMSPC_CD")
  USING INDEX PCTFREE 10 INITRANS 2 MAXTRANS 255 COMPUTE STATISTICS 
  STORAGE(INITIAL 65536 NEXT 1048576 MINEXTENTS 1 MAXEXTENTS 2147483645
  PCTINCREASE 0 FREELISTS 1 FREELIST GROUPS 1 BUFFER_POOL DEFAULT FLASH_CACHE DEFAULT CELL_FLASH_CACHE DEFAULT)
    ENABLE;
  ALTER TABLE "KRMS_FUNC_T" ADD CONSTRAINT "KRMS_FUNC_TP1" PRIMARY KEY ("FUNC_ID")
  USING INDEX PCTFREE 10 INITRANS 2 MAXTRANS 255 COMPUTE STATISTICS 
  STORAGE(INITIAL 65536 NEXT 1048576 MINEXTENTS 1 MAXEXTENTS 2147483645
  PCTINCREASE 0 FREELISTS 1 FREELIST GROUPS 1 BUFFER_POOL DEFAULT FLASH_CACHE DEFAULT CELL_FLASH_CACHE DEFAULT)
    ENABLE;
--------------------------------------------------------
--  Constraints for Table KREN_MSG_T
--------------------------------------------------------

  ALTER TABLE "KREN_MSG_T" MODIFY ("CHNL" NOT NULL ENABLE);
  ALTER TABLE "KREN_MSG_T" MODIFY ("CNTNT" NOT NULL ENABLE);
  ALTER TABLE "KREN_MSG_T" MODIFY ("RECIP_ID" NOT NULL ENABLE);
  ALTER TABLE "KREN_MSG_T" MODIFY ("VER_NBR" NOT NULL ENABLE);
  ALTER TABLE "KREN_MSG_T" ADD CONSTRAINT "KREN_MSG_TC0" UNIQUE ("ORGN_ID")
  USING INDEX PCTFREE 10 INITRANS 2 MAXTRANS 255 COMPUTE STATISTICS 
  STORAGE(INITIAL 65536 NEXT 1048576 MINEXTENTS 1 MAXEXTENTS 2147483645
  PCTINCREASE 0 FREELISTS 1 FREELIST GROUPS 1 BUFFER_POOL DEFAULT FLASH_CACHE DEFAULT CELL_FLASH_CACHE DEFAULT)
    ENABLE;
  ALTER TABLE "KREN_MSG_T" ADD CONSTRAINT "KREN_MSG_TP1" PRIMARY KEY ("MSG_ID")
  USING INDEX PCTFREE 10 INITRANS 2 MAXTRANS 255 COMPUTE STATISTICS 
  STORAGE(INITIAL 65536 NEXT 1048576 MINEXTENTS 1 MAXEXTENTS 2147483645
  PCTINCREASE 0 FREELISTS 1 FREELIST GROUPS 1 BUFFER_POOL DEFAULT FLASH_CACHE DEFAULT CELL_FLASH_CACHE DEFAULT)
    ENABLE;
  ALTER TABLE "KREN_MSG_T" MODIFY ("DELIV_TYP" NOT NULL ENABLE);
  ALTER TABLE "KREN_MSG_T" MODIFY ("CRTE_DTTM" NOT NULL ENABLE);
--------------------------------------------------------
--  Constraints for Table KRIM_ADDR_TYP_T
--------------------------------------------------------

  ALTER TABLE "KRIM_ADDR_TYP_T" ADD CONSTRAINT "KRIM_ADDR_TYP_TP1" PRIMARY KEY ("ADDR_TYP_CD")
  USING INDEX PCTFREE 10 INITRANS 2 MAXTRANS 255 COMPUTE STATISTICS 
  STORAGE(INITIAL 65536 NEXT 1048576 MINEXTENTS 1 MAXEXTENTS 2147483645
  PCTINCREASE 0 FREELISTS 1 FREELIST GROUPS 1 BUFFER_POOL DEFAULT FLASH_CACHE DEFAULT CELL_FLASH_CACHE DEFAULT)
    ENABLE;
  ALTER TABLE "KRIM_ADDR_TYP_T" ADD CONSTRAINT "KRIM_ADDR_TYP_TC1" UNIQUE ("NM")
  USING INDEX PCTFREE 10 INITRANS 2 MAXTRANS 255 
  STORAGE(INITIAL 65536 NEXT 1048576 MINEXTENTS 1 MAXEXTENTS 2147483645
  PCTINCREASE 0 FREELISTS 1 FREELIST GROUPS 1 BUFFER_POOL DEFAULT FLASH_CACHE DEFAULT CELL_FLASH_CACHE DEFAULT)
    ENABLE;
  ALTER TABLE "KRIM_ADDR_TYP_T" ADD CONSTRAINT "KRIM_ADDR_TYP_TC0" UNIQUE ("OBJ_ID")
  USING INDEX PCTFREE 10 INITRANS 2 MAXTRANS 255 
  STORAGE(INITIAL 65536 NEXT 1048576 MINEXTENTS 1 MAXEXTENTS 2147483645
  PCTINCREASE 0 FREELISTS 1 FREELIST GROUPS 1 BUFFER_POOL DEFAULT FLASH_CACHE DEFAULT CELL_FLASH_CACHE DEFAULT)
    ENABLE;
  ALTER TABLE "KRIM_ADDR_TYP_T" MODIFY ("VER_NBR" NOT NULL ENABLE);
  ALTER TABLE "KRIM_ADDR_TYP_T" MODIFY ("OBJ_ID" NOT NULL ENABLE);
--------------------------------------------------------
--  Constraints for Table KRMS_RULE_ATTR_T
--------------------------------------------------------

  ALTER TABLE "KRMS_RULE_ATTR_T" MODIFY ("RULE_ID" NOT NULL ENABLE);
  ALTER TABLE "KRMS_RULE_ATTR_T" MODIFY ("ATTR_DEFN_ID" NOT NULL ENABLE);
  ALTER TABLE "KRMS_RULE_ATTR_T" MODIFY ("VER_NBR" NOT NULL ENABLE);
  ALTER TABLE "KRMS_RULE_ATTR_T" ADD CONSTRAINT "KRMS_RULE_ATTR_TP1" PRIMARY KEY ("RULE_ATTR_ID")
  USING INDEX PCTFREE 10 INITRANS 2 MAXTRANS 255 COMPUTE STATISTICS 
  STORAGE(INITIAL 65536 NEXT 1048576 MINEXTENTS 1 MAXEXTENTS 2147483645
  PCTINCREASE 0 FREELISTS 1 FREELIST GROUPS 1 BUFFER_POOL DEFAULT FLASH_CACHE DEFAULT CELL_FLASH_CACHE DEFAULT)
    ENABLE;
--------------------------------------------------------
--  Constraints for Table KREW_EDL_DMP_T
--------------------------------------------------------

  ALTER TABLE "KREW_EDL_DMP_T" MODIFY ("DOC_TYP_NM" NOT NULL ENABLE);
  ALTER TABLE "KREW_EDL_DMP_T" MODIFY ("DOC_HDR_STAT_CD" NOT NULL ENABLE);
  ALTER TABLE "KREW_EDL_DMP_T" MODIFY ("DOC_HDR_MDFN_DT" NOT NULL ENABLE);
  ALTER TABLE "KREW_EDL_DMP_T" MODIFY ("DOC_HDR_CRTE_DT" NOT NULL ENABLE);
  ALTER TABLE "KREW_EDL_DMP_T" MODIFY ("DOC_HDR_INITR_PRNCPL_ID" NOT NULL ENABLE);
  ALTER TABLE "KREW_EDL_DMP_T" MODIFY ("CRNT_NODE_NM" NOT NULL ENABLE);
  ALTER TABLE "KREW_EDL_DMP_T" ADD CONSTRAINT "KREW_EDL_DMP_TP1" PRIMARY KEY ("DOC_HDR_ID")
  USING INDEX PCTFREE 10 INITRANS 2 MAXTRANS 255 COMPUTE STATISTICS 
  STORAGE(INITIAL 65536 NEXT 1048576 MINEXTENTS 1 MAXEXTENTS 2147483645
  PCTINCREASE 0 FREELISTS 1 FREELIST GROUPS 1 BUFFER_POOL DEFAULT FLASH_CACHE DEFAULT CELL_FLASH_CACHE DEFAULT)
    ENABLE;
--------------------------------------------------------
--  Constraints for Table TRV_DOC_2
--------------------------------------------------------

  ALTER TABLE "TRV_DOC_2" MODIFY ("OBJ_ID" NOT NULL ENABLE);
  ALTER TABLE "TRV_DOC_2" MODIFY ("VER_NBR" NOT NULL ENABLE);
  ALTER TABLE "TRV_DOC_2" MODIFY ("REQUEST_TRAV" NOT NULL ENABLE);
  ALTER TABLE "TRV_DOC_2" ADD CONSTRAINT "TRV_DOC_2P1" PRIMARY KEY ("FDOC_NBR")
  USING INDEX PCTFREE 10 INITRANS 2 MAXTRANS 255 COMPUTE STATISTICS 
  STORAGE(INITIAL 65536 NEXT 1048576 MINEXTENTS 1 MAXEXTENTS 2147483645
  PCTINCREASE 0 FREELISTS 1 FREELIST GROUPS 1 BUFFER_POOL DEFAULT FLASH_CACHE DEFAULT CELL_FLASH_CACHE DEFAULT)
    ENABLE;
--------------------------------------------------------
--  Constraints for Table KRCR_DRVD_CMPNT_T
--------------------------------------------------------

  ALTER TABLE "KRCR_DRVD_CMPNT_T" MODIFY ("CMPNT_SET_ID" NOT NULL ENABLE);
  ALTER TABLE "KRCR_DRVD_CMPNT_T" ADD CONSTRAINT "KRCR_DRVD_CMPNT_TP1" PRIMARY KEY ("NMSPC_CD", "CMPNT_CD")
  USING INDEX PCTFREE 10 INITRANS 2 MAXTRANS 255 COMPUTE STATISTICS 
  STORAGE(INITIAL 65536 NEXT 1048576 MINEXTENTS 1 MAXEXTENTS 2147483645
  PCTINCREASE 0 FREELISTS 1 FREELIST GROUPS 1 BUFFER_POOL DEFAULT FLASH_CACHE DEFAULT CELL_FLASH_CACHE DEFAULT)
    ENABLE;
--------------------------------------------------------
--  Constraints for Table KRCR_CMPNT_SET_T
--------------------------------------------------------

  ALTER TABLE "KRCR_CMPNT_SET_T" MODIFY ("LAST_UPDT_TS" NOT NULL ENABLE);
  ALTER TABLE "KRCR_CMPNT_SET_T" MODIFY ("CHKSM" NOT NULL ENABLE);
  ALTER TABLE "KRCR_CMPNT_SET_T" MODIFY ("VER_NBR" NOT NULL ENABLE);
  ALTER TABLE "KRCR_CMPNT_SET_T" ADD CONSTRAINT "KRCR_CMPNT_SET_TP1" PRIMARY KEY ("CMPNT_SET_ID")
  USING INDEX PCTFREE 10 INITRANS 2 MAXTRANS 255 COMPUTE STATISTICS 
  STORAGE(INITIAL 65536 NEXT 1048576 MINEXTENTS 1 MAXEXTENTS 2147483645
  PCTINCREASE 0 FREELISTS 1 FREELIST GROUPS 1 BUFFER_POOL DEFAULT FLASH_CACHE DEFAULT CELL_FLASH_CACHE DEFAULT)
    ENABLE;
--------------------------------------------------------
--  Constraints for Table KRIM_ENTITY_PHONE_T
--------------------------------------------------------

  ALTER TABLE "KRIM_ENTITY_PHONE_T" MODIFY ("OBJ_ID" NOT NULL ENABLE);
  ALTER TABLE "KRIM_ENTITY_PHONE_T" MODIFY ("VER_NBR" NOT NULL ENABLE);
  ALTER TABLE "KRIM_ENTITY_PHONE_T" ADD CONSTRAINT "KRIM_ENTITY_PHONE_TC0" UNIQUE ("OBJ_ID")
  USING INDEX PCTFREE 10 INITRANS 2 MAXTRANS 255 COMPUTE STATISTICS 
  STORAGE(INITIAL 65536 NEXT 1048576 MINEXTENTS 1 MAXEXTENTS 2147483645
  PCTINCREASE 0 FREELISTS 1 FREELIST GROUPS 1 BUFFER_POOL DEFAULT FLASH_CACHE DEFAULT CELL_FLASH_CACHE DEFAULT)
    ENABLE;
  ALTER TABLE "KRIM_ENTITY_PHONE_T" ADD CONSTRAINT "KRIM_ENTITY_PHONE_TP1" PRIMARY KEY ("ENTITY_PHONE_ID")
  USING INDEX PCTFREE 10 INITRANS 2 MAXTRANS 255 COMPUTE STATISTICS 
  STORAGE(INITIAL 65536 NEXT 1048576 MINEXTENTS 1 MAXEXTENTS 2147483645
  PCTINCREASE 0 FREELISTS 1 FREELIST GROUPS 1 BUFFER_POOL DEFAULT FLASH_CACHE DEFAULT CELL_FLASH_CACHE DEFAULT)
    ENABLE;
--------------------------------------------------------
--  Constraints for Table KRIM_ROLE_PERM_T
--------------------------------------------------------

  ALTER TABLE "KRIM_ROLE_PERM_T" MODIFY ("OBJ_ID" NOT NULL ENABLE);
  ALTER TABLE "KRIM_ROLE_PERM_T" MODIFY ("VER_NBR" NOT NULL ENABLE);
  ALTER TABLE "KRIM_ROLE_PERM_T" MODIFY ("ROLE_ID" NOT NULL ENABLE);
  ALTER TABLE "KRIM_ROLE_PERM_T" MODIFY ("PERM_ID" NOT NULL ENABLE);
  ALTER TABLE "KRIM_ROLE_PERM_T" ADD CONSTRAINT "KRIM_ROLE_PERM_TC0" UNIQUE ("OBJ_ID")
  USING INDEX PCTFREE 10 INITRANS 2 MAXTRANS 255 COMPUTE STATISTICS 
  STORAGE(INITIAL 65536 NEXT 1048576 MINEXTENTS 1 MAXEXTENTS 2147483645
  PCTINCREASE 0 FREELISTS 1 FREELIST GROUPS 1 BUFFER_POOL DEFAULT FLASH_CACHE DEFAULT CELL_FLASH_CACHE DEFAULT)
    ENABLE;
  ALTER TABLE "KRIM_ROLE_PERM_T" ADD CONSTRAINT "KRIM_ROLE_PERM_TP1" PRIMARY KEY ("ROLE_PERM_ID")
  USING INDEX PCTFREE 10 INITRANS 2 MAXTRANS 255 COMPUTE STATISTICS 
  STORAGE(INITIAL 65536 NEXT 1048576 MINEXTENTS 1 MAXEXTENTS 2147483645
  PCTINCREASE 0 FREELISTS 1 FREELIST GROUPS 1 BUFFER_POOL DEFAULT FLASH_CACHE DEFAULT CELL_FLASH_CACHE DEFAULT)
    ENABLE;
--------------------------------------------------------
--  Constraints for Table KRSB_QRTZ_CRON_TRIGGERS
--------------------------------------------------------

  ALTER TABLE "KRSB_QRTZ_CRON_TRIGGERS" MODIFY ("CRON_EXPRESSION" NOT NULL ENABLE);
  ALTER TABLE "KRSB_QRTZ_CRON_TRIGGERS" ADD CONSTRAINT "KRSB_QRTZ_CRON_TRIGGERSP1" PRIMARY KEY ("TRIGGER_NAME", "TRIGGER_GROUP")
  USING INDEX PCTFREE 10 INITRANS 2 MAXTRANS 255 COMPUTE STATISTICS 
  STORAGE(INITIAL 65536 NEXT 1048576 MINEXTENTS 1 MAXEXTENTS 2147483645
  PCTINCREASE 0 FREELISTS 1 FREELIST GROUPS 1 BUFFER_POOL DEFAULT FLASH_CACHE DEFAULT CELL_FLASH_CACHE DEFAULT)
    ENABLE;
--------------------------------------------------------
--  Constraints for Table KRCR_STYLE_T
--------------------------------------------------------

  ALTER TABLE "KRCR_STYLE_T" MODIFY ("NM" NOT NULL ENABLE);
  ALTER TABLE "KRCR_STYLE_T" MODIFY ("ACTV_IND" NOT NULL ENABLE);
  ALTER TABLE "KRCR_STYLE_T" MODIFY ("OBJ_ID" NOT NULL ENABLE);
  ALTER TABLE "KRCR_STYLE_T" ADD CONSTRAINT "KRCR_STYLE_TC0" UNIQUE ("OBJ_ID")
  USING INDEX PCTFREE 10 INITRANS 2 MAXTRANS 255 COMPUTE STATISTICS 
  STORAGE(INITIAL 65536 NEXT 1048576 MINEXTENTS 1 MAXEXTENTS 2147483645
  PCTINCREASE 0 FREELISTS 1 FREELIST GROUPS 1 BUFFER_POOL DEFAULT FLASH_CACHE DEFAULT CELL_FLASH_CACHE DEFAULT)
    ENABLE;
  ALTER TABLE "KRCR_STYLE_T" ADD CONSTRAINT "KRCR_STYLE_TP1" PRIMARY KEY ("STYLE_ID")
  USING INDEX PCTFREE 10 INITRANS 2 MAXTRANS 255 COMPUTE STATISTICS 
  STORAGE(INITIAL 65536 NEXT 1048576 MINEXTENTS 1 MAXEXTENTS 2147483645
  PCTINCREASE 0 FREELISTS 1 FREELIST GROUPS 1 BUFFER_POOL DEFAULT FLASH_CACHE DEFAULT CELL_FLASH_CACHE DEFAULT)
    ENABLE;
--------------------------------------------------------
--  Constraints for Table KRIM_ENTITY_ENT_TYP_T
--------------------------------------------------------

  ALTER TABLE "KRIM_ENTITY_ENT_TYP_T" ADD CONSTRAINT "KRIM_ENTITY_ENT_TYP_TP1" PRIMARY KEY ("ENT_TYP_CD", "ENTITY_ID")
  USING INDEX PCTFREE 10 INITRANS 2 MAXTRANS 255 COMPUTE STATISTICS 
  STORAGE(INITIAL 65536 NEXT 1048576 MINEXTENTS 1 MAXEXTENTS 2147483645
  PCTINCREASE 0 FREELISTS 1 FREELIST GROUPS 1 BUFFER_POOL DEFAULT FLASH_CACHE DEFAULT CELL_FLASH_CACHE DEFAULT)
    ENABLE;
  ALTER TABLE "KRIM_ENTITY_ENT_TYP_T" ADD CONSTRAINT "KRIM_ENTITY_ENT_TYP_TC0" UNIQUE ("OBJ_ID")
  USING INDEX PCTFREE 10 INITRANS 2 MAXTRANS 255 
  STORAGE(INITIAL 65536 NEXT 1048576 MINEXTENTS 1 MAXEXTENTS 2147483645
  PCTINCREASE 0 FREELISTS 1 FREELIST GROUPS 1 BUFFER_POOL DEFAULT FLASH_CACHE DEFAULT CELL_FLASH_CACHE DEFAULT)
    ENABLE;
  ALTER TABLE "KRIM_ENTITY_ENT_TYP_T" MODIFY ("VER_NBR" NOT NULL ENABLE);
  ALTER TABLE "KRIM_ENTITY_ENT_TYP_T" MODIFY ("OBJ_ID" NOT NULL ENABLE);
--------------------------------------------------------
--  Constraints for Table KREW_PPL_FLW_ATTR_T
--------------------------------------------------------

  ALTER TABLE "KREW_PPL_FLW_ATTR_T" MODIFY ("PPL_FLW_ID" NOT NULL ENABLE);
  ALTER TABLE "KREW_PPL_FLW_ATTR_T" MODIFY ("ATTR_DEFN_ID" NOT NULL ENABLE);
  ALTER TABLE "KREW_PPL_FLW_ATTR_T" MODIFY ("VER_NBR" NOT NULL ENABLE);
  ALTER TABLE "KREW_PPL_FLW_ATTR_T" ADD CONSTRAINT "KREW_PPL_FLW_ATTR_TP1" PRIMARY KEY ("PPL_FLW_ATTR_ID")
  USING INDEX PCTFREE 10 INITRANS 2 MAXTRANS 255 COMPUTE STATISTICS 
  STORAGE(INITIAL 65536 NEXT 1048576 MINEXTENTS 1 MAXEXTENTS 2147483645
  PCTINCREASE 0 FREELISTS 1 FREELIST GROUPS 1 BUFFER_POOL DEFAULT FLASH_CACHE DEFAULT CELL_FLASH_CACHE DEFAULT)
    ENABLE;
--------------------------------------------------------
--  Constraints for Table TRV_MULTI_ATT_SAMPLE
--------------------------------------------------------

  ALTER TABLE "TRV_MULTI_ATT_SAMPLE" MODIFY ("OBJ_ID" NOT NULL ENABLE);
  ALTER TABLE "TRV_MULTI_ATT_SAMPLE" MODIFY ("VER_NBR" NOT NULL ENABLE);
  ALTER TABLE "TRV_MULTI_ATT_SAMPLE" ADD CONSTRAINT "TRV_MULTI_ATT_SAMPLEP1" PRIMARY KEY ("GEN_ID")
  USING INDEX PCTFREE 10 INITRANS 2 MAXTRANS 255 COMPUTE STATISTICS 
  STORAGE(INITIAL 65536 NEXT 1048576 MINEXTENTS 1 MAXEXTENTS 2147483645
  PCTINCREASE 0 FREELISTS 1 FREELIST GROUPS 1 BUFFER_POOL DEFAULT FLASH_CACHE DEFAULT CELL_FLASH_CACHE DEFAULT)
    ENABLE;
--------------------------------------------------------
--  Constraints for Table KREN_RVWER_T
--------------------------------------------------------

  ALTER TABLE "KREN_RVWER_T" MODIFY ("CHNL_ID" NOT NULL ENABLE);
  ALTER TABLE "KREN_RVWER_T" MODIFY ("TYP" NOT NULL ENABLE);
  ALTER TABLE "KREN_RVWER_T" MODIFY ("PRNCPL_ID" NOT NULL ENABLE);
  ALTER TABLE "KREN_RVWER_T" MODIFY ("VER_NBR" NOT NULL ENABLE);
  ALTER TABLE "KREN_RVWER_T" ADD CONSTRAINT "KREN_RVWER_TC0" UNIQUE ("CHNL_ID", "TYP", "PRNCPL_ID")
  USING INDEX PCTFREE 10 INITRANS 2 MAXTRANS 255 COMPUTE STATISTICS 
  STORAGE(INITIAL 65536 NEXT 1048576 MINEXTENTS 1 MAXEXTENTS 2147483645
  PCTINCREASE 0 FREELISTS 1 FREELIST GROUPS 1 BUFFER_POOL DEFAULT FLASH_CACHE DEFAULT CELL_FLASH_CACHE DEFAULT)
    ENABLE;
  ALTER TABLE "KREN_RVWER_T" ADD CONSTRAINT "KREN_RVWER_TP1" PRIMARY KEY ("RVWER_ID")
  USING INDEX PCTFREE 10 INITRANS 2 MAXTRANS 255 COMPUTE STATISTICS 
  STORAGE(INITIAL 65536 NEXT 1048576 MINEXTENTS 1 MAXEXTENTS 2147483645
  PCTINCREASE 0 FREELISTS 1 FREELIST GROUPS 1 BUFFER_POOL DEFAULT FLASH_CACHE DEFAULT CELL_FLASH_CACHE DEFAULT)
    ENABLE;
--------------------------------------------------------
--  Constraints for Table KRMS_NL_TMPL_T
--------------------------------------------------------

  ALTER TABLE "KRMS_NL_TMPL_T" MODIFY ("LANG_CD" NOT NULL ENABLE);
  ALTER TABLE "KRMS_NL_TMPL_T" MODIFY ("NL_USAGE_ID" NOT NULL ENABLE);
  ALTER TABLE "KRMS_NL_TMPL_T" MODIFY ("TYP_ID" NOT NULL ENABLE);
  ALTER TABLE "KRMS_NL_TMPL_T" MODIFY ("TMPL" NOT NULL ENABLE);
  ALTER TABLE "KRMS_NL_TMPL_T" MODIFY ("VER_NBR" NOT NULL ENABLE);
  ALTER TABLE "KRMS_NL_TMPL_T" ADD CONSTRAINT "KRMS_NL_TMPL_TC1" UNIQUE ("LANG_CD", "NL_USAGE_ID", "TYP_ID")
  USING INDEX PCTFREE 10 INITRANS 2 MAXTRANS 255 COMPUTE STATISTICS 
  STORAGE(INITIAL 65536 NEXT 1048576 MINEXTENTS 1 MAXEXTENTS 2147483645
  PCTINCREASE 0 FREELISTS 1 FREELIST GROUPS 1 BUFFER_POOL DEFAULT FLASH_CACHE DEFAULT CELL_FLASH_CACHE DEFAULT)
    ENABLE;
  ALTER TABLE "KRMS_NL_TMPL_T" ADD CONSTRAINT "KRMS_NL_TMPL_TP1" PRIMARY KEY ("NL_TMPL_ID")
  USING INDEX PCTFREE 10 INITRANS 2 MAXTRANS 255 COMPUTE STATISTICS 
  STORAGE(INITIAL 65536 NEXT 1048576 MINEXTENTS 1 MAXEXTENTS 2147483645
  PCTINCREASE 0 FREELISTS 1 FREELIST GROUPS 1 BUFFER_POOL DEFAULT FLASH_CACHE DEFAULT CELL_FLASH_CACHE DEFAULT)
    ENABLE;
--------------------------------------------------------
--  Constraints for Table KRMS_CNTXT_T
--------------------------------------------------------

  ALTER TABLE "KRMS_CNTXT_T" ADD CONSTRAINT "KRMS_CNTXT_TP1" PRIMARY KEY ("CNTXT_ID")
  USING INDEX PCTFREE 10 INITRANS 2 MAXTRANS 255 COMPUTE STATISTICS 
  STORAGE(INITIAL 65536 NEXT 1048576 MINEXTENTS 1 MAXEXTENTS 2147483645
  PCTINCREASE 0 FREELISTS 1 FREELIST GROUPS 1 BUFFER_POOL DEFAULT FLASH_CACHE DEFAULT CELL_FLASH_CACHE DEFAULT)
    ENABLE;
  ALTER TABLE "KRMS_CNTXT_T" ADD CONSTRAINT "KRMS_CNTXT_TC1" UNIQUE ("NM", "NMSPC_CD")
  USING INDEX PCTFREE 10 INITRANS 2 MAXTRANS 255 
  STORAGE(INITIAL 65536 NEXT 1048576 MINEXTENTS 1 MAXEXTENTS 2147483645
  PCTINCREASE 0 FREELISTS 1 FREELIST GROUPS 1 BUFFER_POOL DEFAULT FLASH_CACHE DEFAULT CELL_FLASH_CACHE DEFAULT)
    ENABLE;
  ALTER TABLE "KRMS_CNTXT_T" MODIFY ("VER_NBR" NOT NULL ENABLE);
  ALTER TABLE "KRMS_CNTXT_T" MODIFY ("ACTV" NOT NULL ENABLE);
  ALTER TABLE "KRMS_CNTXT_T" MODIFY ("NM" NOT NULL ENABLE);
  ALTER TABLE "KRMS_CNTXT_T" MODIFY ("NMSPC_CD" NOT NULL ENABLE);
--------------------------------------------------------
--  Constraints for Table KRIM_TYP_ATTR_T
--------------------------------------------------------

  ALTER TABLE "KRIM_TYP_ATTR_T" MODIFY ("OBJ_ID" NOT NULL ENABLE);
  ALTER TABLE "KRIM_TYP_ATTR_T" MODIFY ("VER_NBR" NOT NULL ENABLE);
  ALTER TABLE "KRIM_TYP_ATTR_T" MODIFY ("KIM_TYP_ID" NOT NULL ENABLE);
  ALTER TABLE "KRIM_TYP_ATTR_T" ADD CONSTRAINT "KRIM_TYP_ATTR_TC0" UNIQUE ("OBJ_ID")
  USING INDEX PCTFREE 10 INITRANS 2 MAXTRANS 255 COMPUTE STATISTICS 
  STORAGE(INITIAL 65536 NEXT 1048576 MINEXTENTS 1 MAXEXTENTS 2147483645
  PCTINCREASE 0 FREELISTS 1 FREELIST GROUPS 1 BUFFER_POOL DEFAULT FLASH_CACHE DEFAULT CELL_FLASH_CACHE DEFAULT)
    ENABLE;
  ALTER TABLE "KRIM_TYP_ATTR_T" ADD CONSTRAINT "KRIM_TYP_ATTR_TC1" UNIQUE ("SORT_CD", "KIM_TYP_ID", "KIM_ATTR_DEFN_ID", "ACTV_IND")
  USING INDEX PCTFREE 10 INITRANS 2 MAXTRANS 255 COMPUTE STATISTICS 
  STORAGE(INITIAL 65536 NEXT 1048576 MINEXTENTS 1 MAXEXTENTS 2147483645
  PCTINCREASE 0 FREELISTS 1 FREELIST GROUPS 1 BUFFER_POOL DEFAULT FLASH_CACHE DEFAULT CELL_FLASH_CACHE DEFAULT)
    ENABLE;
  ALTER TABLE "KRIM_TYP_ATTR_T" ADD CONSTRAINT "KRIM_TYP_ATTR_TP1" PRIMARY KEY ("KIM_TYP_ATTR_ID")
  USING INDEX PCTFREE 10 INITRANS 2 MAXTRANS 255 COMPUTE STATISTICS 
  STORAGE(INITIAL 65536 NEXT 1048576 MINEXTENTS 1 MAXEXTENTS 2147483645
  PCTINCREASE 0 FREELISTS 1 FREELIST GROUPS 1 BUFFER_POOL DEFAULT FLASH_CACHE DEFAULT CELL_FLASH_CACHE DEFAULT)
    ENABLE;
--------------------------------------------------------
--  Constraints for Table KRIM_RSP_ATTR_DATA_T
--------------------------------------------------------

  ALTER TABLE "KRIM_RSP_ATTR_DATA_T" MODIFY ("OBJ_ID" NOT NULL ENABLE);
  ALTER TABLE "KRIM_RSP_ATTR_DATA_T" MODIFY ("VER_NBR" NOT NULL ENABLE);
  ALTER TABLE "KRIM_RSP_ATTR_DATA_T" MODIFY ("KIM_TYP_ID" NOT NULL ENABLE);
  ALTER TABLE "KRIM_RSP_ATTR_DATA_T" ADD CONSTRAINT "KRIM_RSP_ATTR_DATA_TC0" UNIQUE ("OBJ_ID")
  USING INDEX PCTFREE 10 INITRANS 2 MAXTRANS 255 COMPUTE STATISTICS 
  STORAGE(INITIAL 65536 NEXT 1048576 MINEXTENTS 1 MAXEXTENTS 2147483645
  PCTINCREASE 0 FREELISTS 1 FREELIST GROUPS 1 BUFFER_POOL DEFAULT FLASH_CACHE DEFAULT CELL_FLASH_CACHE DEFAULT)
    ENABLE;
  ALTER TABLE "KRIM_RSP_ATTR_DATA_T" ADD CONSTRAINT "KRIM_RSP_ATTR_DATA_TP1" PRIMARY KEY ("ATTR_DATA_ID")
  USING INDEX PCTFREE 10 INITRANS 2 MAXTRANS 255 COMPUTE STATISTICS 
  STORAGE(INITIAL 65536 NEXT 1048576 MINEXTENTS 1 MAXEXTENTS 2147483645
  PCTINCREASE 0 FREELISTS 1 FREELIST GROUPS 1 BUFFER_POOL DEFAULT FLASH_CACHE DEFAULT CELL_FLASH_CACHE DEFAULT)
    ENABLE;
--------------------------------------------------------
--  Constraints for Table KRIM_PND_PHONE_MT
--------------------------------------------------------

  ALTER TABLE "KRIM_PND_PHONE_MT" MODIFY ("OBJ_ID" NOT NULL ENABLE);
  ALTER TABLE "KRIM_PND_PHONE_MT" MODIFY ("VER_NBR" NOT NULL ENABLE);
  ALTER TABLE "KRIM_PND_PHONE_MT" ADD CONSTRAINT "KRIM_PND_PHONE_MTP1" PRIMARY KEY ("FDOC_NBR", "ENTITY_PHONE_ID")
  USING INDEX PCTFREE 10 INITRANS 2 MAXTRANS 255 COMPUTE STATISTICS 
  STORAGE(INITIAL 65536 NEXT 1048576 MINEXTENTS 1 MAXEXTENTS 2147483645
  PCTINCREASE 0 FREELISTS 1 FREELIST GROUPS 1 BUFFER_POOL DEFAULT FLASH_CACHE DEFAULT CELL_FLASH_CACHE DEFAULT)
    ENABLE;
--------------------------------------------------------
--  Constraints for Table KRIM_ROLE_MBR_T
--------------------------------------------------------

  ALTER TABLE "KRIM_ROLE_MBR_T" MODIFY ("VER_NBR" NOT NULL ENABLE);
  ALTER TABLE "KRIM_ROLE_MBR_T" MODIFY ("OBJ_ID" NOT NULL ENABLE);
  ALTER TABLE "KRIM_ROLE_MBR_T" MODIFY ("ROLE_ID" NOT NULL ENABLE);
  ALTER TABLE "KRIM_ROLE_MBR_T" MODIFY ("MBR_ID" NOT NULL ENABLE);
  ALTER TABLE "KRIM_ROLE_MBR_T" MODIFY ("MBR_TYP_CD" NOT NULL ENABLE);
  ALTER TABLE "KRIM_ROLE_MBR_T" ADD CONSTRAINT "KRIM_ROLE_MBR_TC0" UNIQUE ("OBJ_ID")
  USING INDEX PCTFREE 10 INITRANS 2 MAXTRANS 255 COMPUTE STATISTICS 
  STORAGE(INITIAL 65536 NEXT 1048576 MINEXTENTS 1 MAXEXTENTS 2147483645
  PCTINCREASE 0 FREELISTS 1 FREELIST GROUPS 1 BUFFER_POOL DEFAULT FLASH_CACHE DEFAULT CELL_FLASH_CACHE DEFAULT)
    ENABLE;
  ALTER TABLE "KRIM_ROLE_MBR_T" ADD CONSTRAINT "KRIM_ROLE_MBR_TP1" PRIMARY KEY ("ROLE_MBR_ID")
  USING INDEX PCTFREE 10 INITRANS 2 MAXTRANS 255 COMPUTE STATISTICS 
  STORAGE(INITIAL 65536 NEXT 1048576 MINEXTENTS 1 MAXEXTENTS 2147483645
  PCTINCREASE 0 FREELISTS 1 FREELIST GROUPS 1 BUFFER_POOL DEFAULT FLASH_CACHE DEFAULT CELL_FLASH_CACHE DEFAULT)
    ENABLE;
--------------------------------------------------------
--  Constraints for Table KRSB_QRTZ_SIMPLE_TRIGGERS
--------------------------------------------------------

  ALTER TABLE "KRSB_QRTZ_SIMPLE_TRIGGERS" MODIFY ("REPEAT_COUNT" NOT NULL ENABLE);
  ALTER TABLE "KRSB_QRTZ_SIMPLE_TRIGGERS" MODIFY ("REPEAT_INTERVAL" NOT NULL ENABLE);
  ALTER TABLE "KRSB_QRTZ_SIMPLE_TRIGGERS" MODIFY ("TIMES_TRIGGERED" NOT NULL ENABLE);
  ALTER TABLE "KRSB_QRTZ_SIMPLE_TRIGGERS" ADD CONSTRAINT "KRSB_QRTZ_SIMPLE_TRIGGERSP1" PRIMARY KEY ("TRIGGER_NAME", "TRIGGER_GROUP")
  USING INDEX PCTFREE 10 INITRANS 2 MAXTRANS 255 COMPUTE STATISTICS 
  STORAGE(INITIAL 65536 NEXT 1048576 MINEXTENTS 1 MAXEXTENTS 2147483645
  PCTINCREASE 0 FREELISTS 1 FREELIST GROUPS 1 BUFFER_POOL DEFAULT FLASH_CACHE DEFAULT CELL_FLASH_CACHE DEFAULT)
    ENABLE;
--------------------------------------------------------
--  Constraints for Table KRIM_ENTITY_RESIDENCY_T
--------------------------------------------------------

  ALTER TABLE "KRIM_ENTITY_RESIDENCY_T" MODIFY ("VER_NBR" NOT NULL ENABLE);
  ALTER TABLE "KRIM_ENTITY_RESIDENCY_T" MODIFY ("OBJ_ID" NOT NULL ENABLE);
  ALTER TABLE "KRIM_ENTITY_RESIDENCY_T" ADD CONSTRAINT "KRIM_ENTITY_RESIDENCY_TC0" UNIQUE ("OBJ_ID")
  USING INDEX PCTFREE 10 INITRANS 2 MAXTRANS 255 COMPUTE STATISTICS 
  STORAGE(INITIAL 65536 NEXT 1048576 MINEXTENTS 1 MAXEXTENTS 2147483645
  PCTINCREASE 0 FREELISTS 1 FREELIST GROUPS 1 BUFFER_POOL DEFAULT FLASH_CACHE DEFAULT CELL_FLASH_CACHE DEFAULT)
    ENABLE;
  ALTER TABLE "KRIM_ENTITY_RESIDENCY_T" ADD CONSTRAINT "KRIM_ENTITY_RESIDENCY_TP1" PRIMARY KEY ("ID")
  USING INDEX PCTFREE 10 INITRANS 2 MAXTRANS 255 COMPUTE STATISTICS 
  STORAGE(INITIAL 65536 NEXT 1048576 MINEXTENTS 1 MAXEXTENTS 2147483645
  PCTINCREASE 0 FREELISTS 1 FREELIST GROUPS 1 BUFFER_POOL DEFAULT FLASH_CACHE DEFAULT CELL_FLASH_CACHE DEFAULT)
    ENABLE;
--------------------------------------------------------
--  Constraints for Table KRIM_DLGN_MBR_ATTR_DATA_T
--------------------------------------------------------

  ALTER TABLE "KRIM_DLGN_MBR_ATTR_DATA_T" MODIFY ("OBJ_ID" NOT NULL ENABLE);
  ALTER TABLE "KRIM_DLGN_MBR_ATTR_DATA_T" MODIFY ("VER_NBR" NOT NULL ENABLE);
  ALTER TABLE "KRIM_DLGN_MBR_ATTR_DATA_T" MODIFY ("KIM_TYP_ID" NOT NULL ENABLE);
  ALTER TABLE "KRIM_DLGN_MBR_ATTR_DATA_T" ADD CONSTRAINT "KRIM_DLGN_MBR_ATTR_DATA_TC0" UNIQUE ("OBJ_ID")
  USING INDEX PCTFREE 10 INITRANS 2 MAXTRANS 255 COMPUTE STATISTICS 
  STORAGE(INITIAL 65536 NEXT 1048576 MINEXTENTS 1 MAXEXTENTS 2147483645
  PCTINCREASE 0 FREELISTS 1 FREELIST GROUPS 1 BUFFER_POOL DEFAULT FLASH_CACHE DEFAULT CELL_FLASH_CACHE DEFAULT)
    ENABLE;
  ALTER TABLE "KRIM_DLGN_MBR_ATTR_DATA_T" ADD CONSTRAINT "KRIM_DLGN_MBR_ATTR_DATA_TP1" PRIMARY KEY ("ATTR_DATA_ID")
  USING INDEX PCTFREE 10 INITRANS 2 MAXTRANS 255 COMPUTE STATISTICS 
  STORAGE(INITIAL 65536 NEXT 1048576 MINEXTENTS 1 MAXEXTENTS 2147483645
  PCTINCREASE 0 FREELISTS 1 FREELIST GROUPS 1 BUFFER_POOL DEFAULT FLASH_CACHE DEFAULT CELL_FLASH_CACHE DEFAULT)
    ENABLE;
--------------------------------------------------------
--  Constraints for Table KRMS_TYP_ATTR_T
--------------------------------------------------------

  ALTER TABLE "KRMS_TYP_ATTR_T" MODIFY ("SEQ_NO" NOT NULL ENABLE);
  ALTER TABLE "KRMS_TYP_ATTR_T" MODIFY ("TYP_ID" NOT NULL ENABLE);
  ALTER TABLE "KRMS_TYP_ATTR_T" MODIFY ("ATTR_DEFN_ID" NOT NULL ENABLE);
  ALTER TABLE "KRMS_TYP_ATTR_T" MODIFY ("ACTV" NOT NULL ENABLE);
  ALTER TABLE "KRMS_TYP_ATTR_T" MODIFY ("VER_NBR" NOT NULL ENABLE);
  ALTER TABLE "KRMS_TYP_ATTR_T" ADD CONSTRAINT "KRMS_TYP_ATTR_TC1" UNIQUE ("TYP_ID", "ATTR_DEFN_ID")
  USING INDEX PCTFREE 10 INITRANS 2 MAXTRANS 255 COMPUTE STATISTICS 
  STORAGE(INITIAL 65536 NEXT 1048576 MINEXTENTS 1 MAXEXTENTS 2147483645
  PCTINCREASE 0 FREELISTS 1 FREELIST GROUPS 1 BUFFER_POOL DEFAULT FLASH_CACHE DEFAULT CELL_FLASH_CACHE DEFAULT)
    ENABLE;
  ALTER TABLE "KRMS_TYP_ATTR_T" ADD CONSTRAINT "KRMS_TYP_ATTR_TP1" PRIMARY KEY ("TYP_ATTR_ID")
  USING INDEX PCTFREE 10 INITRANS 2 MAXTRANS 255 COMPUTE STATISTICS 
  STORAGE(INITIAL 65536 NEXT 1048576 MINEXTENTS 1 MAXEXTENTS 2147483645
  PCTINCREASE 0 FREELISTS 1 FREELIST GROUPS 1 BUFFER_POOL DEFAULT FLASH_CACHE DEFAULT CELL_FLASH_CACHE DEFAULT)
    ENABLE;
--------------------------------------------------------
--  Constraints for Table KRSB_SVC_DSCRPTR_T
--------------------------------------------------------

  ALTER TABLE "KRSB_SVC_DSCRPTR_T" ADD CONSTRAINT "KRSB_SVC_DSCRPTR_TP1" PRIMARY KEY ("SVC_DSCRPTR_ID")
  USING INDEX PCTFREE 10 INITRANS 2 MAXTRANS 255 COMPUTE STATISTICS 
  STORAGE(INITIAL 65536 NEXT 1048576 MINEXTENTS 1 MAXEXTENTS 2147483645
  PCTINCREASE 0 FREELISTS 1 FREELIST GROUPS 1 BUFFER_POOL DEFAULT FLASH_CACHE DEFAULT CELL_FLASH_CACHE DEFAULT)
    ENABLE;
--------------------------------------------------------
--  Constraints for Table KRSB_QRTZ_TRIGGER_LISTENERS
--------------------------------------------------------

  ALTER TABLE "KRSB_QRTZ_TRIGGER_LISTENERS" ADD CONSTRAINT "KRSB_QRTZ_TRIGGER_LISTENERSP1" PRIMARY KEY ("TRIGGER_NAME", "TRIGGER_GROUP", "TRIGGER_LISTENER")
  USING INDEX PCTFREE 10 INITRANS 2 MAXTRANS 255 COMPUTE STATISTICS 
  STORAGE(INITIAL 65536 NEXT 1048576 MINEXTENTS 1 MAXEXTENTS 2147483645
  PCTINCREASE 0 FREELISTS 1 FREELIST GROUPS 1 BUFFER_POOL DEFAULT FLASH_CACHE DEFAULT CELL_FLASH_CACHE DEFAULT)
    ENABLE;
--------------------------------------------------------
--  Constraints for Table KRIM_GRP_T
--------------------------------------------------------

  ALTER TABLE "KRIM_GRP_T" MODIFY ("OBJ_ID" NOT NULL ENABLE);
  ALTER TABLE "KRIM_GRP_T" MODIFY ("VER_NBR" NOT NULL ENABLE);
  ALTER TABLE "KRIM_GRP_T" MODIFY ("GRP_NM" NOT NULL ENABLE);
  ALTER TABLE "KRIM_GRP_T" MODIFY ("NMSPC_CD" NOT NULL ENABLE);
  ALTER TABLE "KRIM_GRP_T" MODIFY ("KIM_TYP_ID" NOT NULL ENABLE);
  ALTER TABLE "KRIM_GRP_T" ADD CONSTRAINT "KRIM_GRP_TC0" UNIQUE ("OBJ_ID")
  USING INDEX PCTFREE 10 INITRANS 2 MAXTRANS 255 COMPUTE STATISTICS 
  STORAGE(INITIAL 65536 NEXT 1048576 MINEXTENTS 1 MAXEXTENTS 2147483645
  PCTINCREASE 0 FREELISTS 1 FREELIST GROUPS 1 BUFFER_POOL DEFAULT FLASH_CACHE DEFAULT CELL_FLASH_CACHE DEFAULT)
    ENABLE;
  ALTER TABLE "KRIM_GRP_T" ADD CONSTRAINT "KRIM_GRP_TC1" UNIQUE ("GRP_NM", "NMSPC_CD")
  USING INDEX PCTFREE 10 INITRANS 2 MAXTRANS 255 COMPUTE STATISTICS 
  STORAGE(INITIAL 65536 NEXT 1048576 MINEXTENTS 1 MAXEXTENTS 2147483645
  PCTINCREASE 0 FREELISTS 1 FREELIST GROUPS 1 BUFFER_POOL DEFAULT FLASH_CACHE DEFAULT CELL_FLASH_CACHE DEFAULT)
    ENABLE;
  ALTER TABLE "KRIM_GRP_T" ADD CONSTRAINT "KRIM_GRP_TP1" PRIMARY KEY ("GRP_ID")
  USING INDEX PCTFREE 10 INITRANS 2 MAXTRANS 255 COMPUTE STATISTICS 
  STORAGE(INITIAL 65536 NEXT 1048576 MINEXTENTS 1 MAXEXTENTS 2147483645
  PCTINCREASE 0 FREELISTS 1 FREELIST GROUPS 1 BUFFER_POOL DEFAULT FLASH_CACHE DEFAULT CELL_FLASH_CACHE DEFAULT)
    ENABLE;
--------------------------------------------------------
--  Constraints for Table KRSB_QRTZ_LOCKS
--------------------------------------------------------

  ALTER TABLE "KRSB_QRTZ_LOCKS" ADD CONSTRAINT "KRSB_QRTZ_LOCKSP1" PRIMARY KEY ("LOCK_NAME")
  USING INDEX PCTFREE 10 INITRANS 2 MAXTRANS 255 COMPUTE STATISTICS 
  STORAGE(INITIAL 65536 NEXT 1048576 MINEXTENTS 1 MAXEXTENTS 2147483645
  PCTINCREASE 0 FREELISTS 1 FREELIST GROUPS 1 BUFFER_POOL DEFAULT FLASH_CACHE DEFAULT CELL_FLASH_CACHE DEFAULT)
    ENABLE;
--------------------------------------------------------
--  Constraints for Table TRV_DOC_ACCT
--------------------------------------------------------

  ALTER TABLE "TRV_DOC_ACCT" ADD CONSTRAINT "TRV_DOC_ACCTP1" PRIMARY KEY ("DOC_HDR_ID", "ACCT_NUM")
  USING INDEX PCTFREE 10 INITRANS 2 MAXTRANS 255 COMPUTE STATISTICS 
  STORAGE(INITIAL 65536 NEXT 1048576 MINEXTENTS 1 MAXEXTENTS 2147483645
  PCTINCREASE 0 FREELISTS 1 FREELIST GROUPS 1 BUFFER_POOL DEFAULT FLASH_CACHE DEFAULT CELL_FLASH_CACHE DEFAULT)
    ENABLE;
--------------------------------------------------------
--  Constraints for Table KRIM_ROLE_DOCUMENT_T
--------------------------------------------------------

  ALTER TABLE "KRIM_ROLE_DOCUMENT_T" MODIFY ("ROLE_ID" NOT NULL ENABLE);
  ALTER TABLE "KRIM_ROLE_DOCUMENT_T" MODIFY ("OBJ_ID" NOT NULL ENABLE);
  ALTER TABLE "KRIM_ROLE_DOCUMENT_T" MODIFY ("VER_NBR" NOT NULL ENABLE);
  ALTER TABLE "KRIM_ROLE_DOCUMENT_T" MODIFY ("ROLE_TYP_ID" NOT NULL ENABLE);
  ALTER TABLE "KRIM_ROLE_DOCUMENT_T" MODIFY ("ROLE_NMSPC" NOT NULL ENABLE);
  ALTER TABLE "KRIM_ROLE_DOCUMENT_T" ADD CONSTRAINT "KRIM_ROLE_DOCUMENT_TP1" PRIMARY KEY ("FDOC_NBR")
  USING INDEX PCTFREE 10 INITRANS 2 MAXTRANS 255 COMPUTE STATISTICS 
  STORAGE(INITIAL 65536 NEXT 1048576 MINEXTENTS 1 MAXEXTENTS 2147483645
  PCTINCREASE 0 FREELISTS 1 FREELIST GROUPS 1 BUFFER_POOL DEFAULT FLASH_CACHE DEFAULT CELL_FLASH_CACHE DEFAULT)
    ENABLE;
--------------------------------------------------------
--  Constraints for Table KRNS_ATT_T
--------------------------------------------------------

  ALTER TABLE "KRNS_ATT_T" MODIFY ("OBJ_ID" NOT NULL ENABLE);
  ALTER TABLE "KRNS_ATT_T" MODIFY ("VER_NBR" NOT NULL ENABLE);
  ALTER TABLE "KRNS_ATT_T" ADD CONSTRAINT "KRNS_ATT_TC0" UNIQUE ("OBJ_ID")
  USING INDEX PCTFREE 10 INITRANS 2 MAXTRANS 255 COMPUTE STATISTICS 
  STORAGE(INITIAL 65536 NEXT 1048576 MINEXTENTS 1 MAXEXTENTS 2147483645
  PCTINCREASE 0 FREELISTS 1 FREELIST GROUPS 1 BUFFER_POOL DEFAULT FLASH_CACHE DEFAULT CELL_FLASH_CACHE DEFAULT)
    ENABLE;
  ALTER TABLE "KRNS_ATT_T" ADD CONSTRAINT "KRNS_ATT_TP1" PRIMARY KEY ("NTE_ID")
  USING INDEX PCTFREE 10 INITRANS 2 MAXTRANS 255 COMPUTE STATISTICS 
  STORAGE(INITIAL 65536 NEXT 1048576 MINEXTENTS 1 MAXEXTENTS 2147483645
  PCTINCREASE 0 FREELISTS 1 FREELIST GROUPS 1 BUFFER_POOL DEFAULT FLASH_CACHE DEFAULT CELL_FLASH_CACHE DEFAULT)
    ENABLE;
--------------------------------------------------------
--  Ref Constraints for Table BK_ORDER_ENTRY_T
--------------------------------------------------------

  ALTER TABLE "BK_ORDER_ENTRY_T" ADD CONSTRAINT "BK_ORDER_ENTRY_T_BK_BOOK_T" FOREIGN KEY ("BOOK_ID")
	  REFERENCES "BK_BOOK_T" ("BOOK_ID") ENABLE;
  ALTER TABLE "BK_ORDER_ENTRY_T" ADD CONSTRAINT "BK_ORDER_ENTRY_T_KRNS_DO_ADV1" FOREIGN KEY ("DOC_HDR_ID")
	  REFERENCES "KRNS_DOC_HDR_T" ("DOC_HDR_ID") ENABLE;
--------------------------------------------------------
--  Ref Constraints for Table KRCR_CMPNT_T
--------------------------------------------------------

  ALTER TABLE "KRCR_CMPNT_T" ADD CONSTRAINT "KRNS_PARM_DTL_TYP_TR1" FOREIGN KEY ("NMSPC_CD")
	  REFERENCES "KRCR_NMSPC_T" ("NMSPC_CD") ENABLE;
--------------------------------------------------------
--  Ref Constraints for Table KRCR_PARM_T
--------------------------------------------------------

  ALTER TABLE "KRCR_PARM_T" ADD CONSTRAINT "KRNS_PARM_TR1" FOREIGN KEY ("NMSPC_CD")
	  REFERENCES "KRCR_NMSPC_T" ("NMSPC_CD") ENABLE;
  ALTER TABLE "KRCR_PARM_T" ADD CONSTRAINT "KRNS_PARM_TR2" FOREIGN KEY ("PARM_TYP_CD")
	  REFERENCES "KRCR_PARM_TYP_T" ("PARM_TYP_CD") ENABLE;
--------------------------------------------------------
--  Ref Constraints for Table KREN_CHNL_PRODCR_T
--------------------------------------------------------

  ALTER TABLE "KREN_CHNL_PRODCR_T" ADD CONSTRAINT "KREN_CHNL_PRODCR_FK1" FOREIGN KEY ("CHNL_ID")
	  REFERENCES "KREN_CHNL_T" ("CHNL_ID") ENABLE;
  ALTER TABLE "KREN_CHNL_PRODCR_T" ADD CONSTRAINT "KREN_CHNL_PRODCR_FK2" FOREIGN KEY ("PRODCR_ID")
	  REFERENCES "KREN_PRODCR_T" ("PRODCR_ID") ENABLE;
--------------------------------------------------------
--  Ref Constraints for Table KREN_CHNL_SUBSCRP_T
--------------------------------------------------------

  ALTER TABLE "KREN_CHNL_SUBSCRP_T" ADD CONSTRAINT "KREN_CHAN_SUBSCRP_FK1" FOREIGN KEY ("CHNL_ID")
	  REFERENCES "KREN_CHNL_T" ("CHNL_ID") ENABLE;
--------------------------------------------------------
--  Ref Constraints for Table KREN_MSG_DELIV_T
--------------------------------------------------------

  ALTER TABLE "KREN_MSG_DELIV_T" ADD CONSTRAINT "KREN_MSG_DELIV_FK1" FOREIGN KEY ("MSG_ID")
	  REFERENCES "KREN_MSG_T" ("MSG_ID") ENABLE;
--------------------------------------------------------
--  Ref Constraints for Table KREN_NTFCTN_MSG_DELIV_T
--------------------------------------------------------

  ALTER TABLE "KREN_NTFCTN_MSG_DELIV_T" ADD CONSTRAINT "KREN_NTFCTN_MSG_DELIV_FK1" FOREIGN KEY ("NTFCTN_ID")
	  REFERENCES "KREN_NTFCTN_T" ("NTFCTN_ID") ENABLE;
--------------------------------------------------------
--  Ref Constraints for Table KREN_NTFCTN_T
--------------------------------------------------------

  ALTER TABLE "KREN_NTFCTN_T" ADD CONSTRAINT "KREN_NTFCTN_FK1" FOREIGN KEY ("CHNL_ID")
	  REFERENCES "KREN_CHNL_T" ("CHNL_ID") ENABLE;
  ALTER TABLE "KREN_NTFCTN_T" ADD CONSTRAINT "KREN_NTFCTN_FK2" FOREIGN KEY ("CNTNT_TYP_ID")
	  REFERENCES "KREN_CNTNT_TYP_T" ("CNTNT_TYP_ID") ENABLE;
  ALTER TABLE "KREN_NTFCTN_T" ADD CONSTRAINT "KREN_NTFCTN_FK3" FOREIGN KEY ("PRIO_ID")
	  REFERENCES "KREN_PRIO_T" ("PRIO_ID") ENABLE;
  ALTER TABLE "KREN_NTFCTN_T" ADD CONSTRAINT "KREN_NTFCTN_FK4" FOREIGN KEY ("PRODCR_ID")
	  REFERENCES "KREN_PRODCR_T" ("PRODCR_ID") ENABLE;
--------------------------------------------------------
--  Ref Constraints for Table KREN_RECIP_LIST_T
--------------------------------------------------------

  ALTER TABLE "KREN_RECIP_LIST_T" ADD CONSTRAINT "KREN_RECIP_LIST_FK1" FOREIGN KEY ("CHNL_ID")
	  REFERENCES "KREN_CHNL_T" ("CHNL_ID") ENABLE;
--------------------------------------------------------
--  Ref Constraints for Table KREN_RECIP_T
--------------------------------------------------------

  ALTER TABLE "KREN_RECIP_T" ADD CONSTRAINT "KREN_RECIP_FK1" FOREIGN KEY ("NTFCTN_ID")
	  REFERENCES "KREN_NTFCTN_T" ("NTFCTN_ID") ENABLE;
--------------------------------------------------------
--  Ref Constraints for Table KREN_RVWER_T
--------------------------------------------------------

  ALTER TABLE "KREN_RVWER_T" ADD CONSTRAINT "NOTIFICATION_REVIEWERS_N_FK1" FOREIGN KEY ("CHNL_ID")
	  REFERENCES "KREN_CHNL_T" ("CHNL_ID") ENABLE;
--------------------------------------------------------
--  Ref Constraints for Table KREN_SNDR_T
--------------------------------------------------------

  ALTER TABLE "KREN_SNDR_T" ADD CONSTRAINT "KREN_SNDR_FK1" FOREIGN KEY ("NTFCTN_ID")
	  REFERENCES "KREN_NTFCTN_T" ("NTFCTN_ID") ENABLE;
--------------------------------------------------------
--  Ref Constraints for Table KREW_DOC_TYP_APP_DOC_STAT_T
--------------------------------------------------------

  ALTER TABLE "KREW_DOC_TYP_APP_DOC_STAT_T" ADD CONSTRAINT "KREW_DOC_TYP_APP_DOC_STAT_FK1" FOREIGN KEY ("DOC_TYP_ID", "CAT_NM")
	  REFERENCES "KREW_DOC_TYP_APP_STAT_CAT_T" ("DOC_TYP_ID", "CAT_NM") ENABLE;
--------------------------------------------------------
--  Ref Constraints for Table KREW_DOC_TYP_APP_STAT_CAT_T
--------------------------------------------------------

  ALTER TABLE "KREW_DOC_TYP_APP_STAT_CAT_T" ADD CONSTRAINT "KREW_DOC_TYP_APP_STAT_CAT_FK1" FOREIGN KEY ("DOC_TYP_ID")
	  REFERENCES "KREW_DOC_TYP_T" ("DOC_TYP_ID") ENABLE;
--------------------------------------------------------
--  Ref Constraints for Table KREW_PPL_FLW_ATTR_T
--------------------------------------------------------

  ALTER TABLE "KREW_PPL_FLW_ATTR_T" ADD CONSTRAINT "KREW_PPL_FLW_ATTR_FK1" FOREIGN KEY ("PPL_FLW_ID")
	  REFERENCES "KREW_PPL_FLW_T" ("PPL_FLW_ID") ENABLE;
  ALTER TABLE "KREW_PPL_FLW_ATTR_T" ADD CONSTRAINT "KREW_PPL_FLW_ATTR_FK2" FOREIGN KEY ("ATTR_DEFN_ID")
	  REFERENCES "KREW_ATTR_DEFN_T" ("ATTR_DEFN_ID") ENABLE;
--------------------------------------------------------
--  Ref Constraints for Table KREW_PPL_FLW_DLGT_T
--------------------------------------------------------

  ALTER TABLE "KREW_PPL_FLW_DLGT_T" ADD CONSTRAINT "KREW_PPL_FLW_DLGT_FK1" FOREIGN KEY ("PPL_FLW_MBR_ID")
	  REFERENCES "KREW_PPL_FLW_MBR_T" ("PPL_FLW_MBR_ID") ENABLE;
--------------------------------------------------------
--  Ref Constraints for Table KREW_PPL_FLW_MBR_T
--------------------------------------------------------

  ALTER TABLE "KREW_PPL_FLW_MBR_T" ADD CONSTRAINT "KREW_PPL_FLW_MBR_FK1" FOREIGN KEY ("PPL_FLW_ID")
	  REFERENCES "KREW_PPL_FLW_T" ("PPL_FLW_ID") ENABLE;
--------------------------------------------------------
--  Ref Constraints for Table KREW_PPL_FLW_T
--------------------------------------------------------

  ALTER TABLE "KREW_PPL_FLW_T" ADD CONSTRAINT "KREW_PPL_FLW_FK1" FOREIGN KEY ("TYP_ID")
	  REFERENCES "KREW_TYP_T" ("TYP_ID") ENABLE;

--------------------------------------------------------
--  Ref Constraints for Table KREW_TYP_ATTR_T
--------------------------------------------------------

  ALTER TABLE "KREW_TYP_ATTR_T" ADD CONSTRAINT "KREW_TYP_ATTR_FK1" FOREIGN KEY ("ATTR_DEFN_ID")
	  REFERENCES "KREW_ATTR_DEFN_T" ("ATTR_DEFN_ID") ENABLE;
  ALTER TABLE "KREW_TYP_ATTR_T" ADD CONSTRAINT "KREW_TYP_ATTR_FK2" FOREIGN KEY ("TYP_ID")
	  REFERENCES "KREW_TYP_T" ("TYP_ID") ENABLE;
--------------------------------------------------------
--  Ref Constraints for Table KRIM_DLGN_MBR_ATTR_DATA_T
--------------------------------------------------------

  ALTER TABLE "KRIM_DLGN_MBR_ATTR_DATA_T" ADD CONSTRAINT "KRIM_DLGN_MBR_ATTR_DATA_TR1" FOREIGN KEY ("KIM_TYP_ID")
	  REFERENCES "KRIM_TYP_T" ("KIM_TYP_ID") ENABLE;
  ALTER TABLE "KRIM_DLGN_MBR_ATTR_DATA_T" ADD CONSTRAINT "KRIM_DLGN_MBR_ATTR_DATA_TR2" FOREIGN KEY ("KIM_ATTR_DEFN_ID")
	  REFERENCES "KRIM_ATTR_DEFN_T" ("KIM_ATTR_DEFN_ID") ENABLE;
--------------------------------------------------------
--  Ref Constraints for Table KRIM_DLGN_MBR_T
--------------------------------------------------------

  ALTER TABLE "KRIM_DLGN_MBR_T" ADD CONSTRAINT "KRIM_DLGN_MBR_TR2" FOREIGN KEY ("DLGN_ID")
	  REFERENCES "KRIM_DLGN_T" ("DLGN_ID") ENABLE;
--------------------------------------------------------
--  Ref Constraints for Table KRIM_DLGN_T
--------------------------------------------------------

  ALTER TABLE "KRIM_DLGN_T" ADD CONSTRAINT "KRIM_DLGN_TR1" FOREIGN KEY ("ROLE_ID")
	  REFERENCES "KRIM_ROLE_T" ("ROLE_ID") ENABLE;
  ALTER TABLE "KRIM_DLGN_T" ADD CONSTRAINT "KRIM_DLGN_TR2" FOREIGN KEY ("KIM_TYP_ID")
	  REFERENCES "KRIM_TYP_T" ("KIM_TYP_ID") ENABLE;
--------------------------------------------------------
--  Ref Constraints for Table KRIM_ENTITY_ADDR_T
--------------------------------------------------------

  ALTER TABLE "KRIM_ENTITY_ADDR_T" ADD CONSTRAINT "KRIM_ENTITY_ADDR_TR1" FOREIGN KEY ("ENT_TYP_CD", "ENTITY_ID")
	  REFERENCES "KRIM_ENTITY_ENT_TYP_T" ("ENT_TYP_CD", "ENTITY_ID") ON DELETE CASCADE ENABLE;
  ALTER TABLE "KRIM_ENTITY_ADDR_T" ADD CONSTRAINT "KRIM_ENTITY_ADDR_TR2" FOREIGN KEY ("ADDR_TYP_CD")
	  REFERENCES "KRIM_ADDR_TYP_T" ("ADDR_TYP_CD") ENABLE;
--------------------------------------------------------
--  Ref Constraints for Table KRIM_ENTITY_AFLTN_T
--------------------------------------------------------

  ALTER TABLE "KRIM_ENTITY_AFLTN_T" ADD CONSTRAINT "KRIM_ENTITY_AFLTN_TR1" FOREIGN KEY ("ENTITY_ID")
	  REFERENCES "KRIM_ENTITY_T" ("ENTITY_ID") ON DELETE CASCADE ENABLE;
  ALTER TABLE "KRIM_ENTITY_AFLTN_T" ADD CONSTRAINT "KRIM_ENTITY_AFLTN_TR2" FOREIGN KEY ("AFLTN_TYP_CD")
	  REFERENCES "KRIM_AFLTN_TYP_T" ("AFLTN_TYP_CD") ENABLE;
--------------------------------------------------------
--  Ref Constraints for Table KRIM_ENTITY_CTZNSHP_T
--------------------------------------------------------

  ALTER TABLE "KRIM_ENTITY_CTZNSHP_T" ADD CONSTRAINT "KRIM_ENTITY_CTZNSHP_TR1" FOREIGN KEY ("ENTITY_ID")
	  REFERENCES "KRIM_ENTITY_T" ("ENTITY_ID") ON DELETE CASCADE ENABLE;
  ALTER TABLE "KRIM_ENTITY_CTZNSHP_T" ADD CONSTRAINT "KRIM_ENTITY_CTZNSHP_TR2" FOREIGN KEY ("CTZNSHP_STAT_CD")
	  REFERENCES "KRIM_CTZNSHP_STAT_T" ("CTZNSHP_STAT_CD") ENABLE;
--------------------------------------------------------
--  Ref Constraints for Table KRIM_ENTITY_EMAIL_T
--------------------------------------------------------

  ALTER TABLE "KRIM_ENTITY_EMAIL_T" ADD CONSTRAINT "KRIM_ENTITY_EMAIL_TR1" FOREIGN KEY ("ENT_TYP_CD", "ENTITY_ID")
	  REFERENCES "KRIM_ENTITY_ENT_TYP_T" ("ENT_TYP_CD", "ENTITY_ID") ON DELETE CASCADE ENABLE;
--------------------------------------------------------
--  Ref Constraints for Table KRIM_ENTITY_EMP_INFO_T
--------------------------------------------------------

  ALTER TABLE "KRIM_ENTITY_EMP_INFO_T" ADD CONSTRAINT "KRIM_ENTITY_EMP_INFO_TR1" FOREIGN KEY ("ENTITY_ID")
	  REFERENCES "KRIM_ENTITY_T" ("ENTITY_ID") ON DELETE CASCADE ENABLE;
  ALTER TABLE "KRIM_ENTITY_EMP_INFO_T" ADD CONSTRAINT "KRIM_ENTITY_EMP_INFO_TR2" FOREIGN KEY ("EMP_STAT_CD")
	  REFERENCES "KRIM_EMP_STAT_T" ("EMP_STAT_CD") ENABLE;
  ALTER TABLE "KRIM_ENTITY_EMP_INFO_T" ADD CONSTRAINT "KRIM_ENTITY_EMP_INFO_TR3" FOREIGN KEY ("EMP_TYP_CD")
	  REFERENCES "KRIM_EMP_TYP_T" ("EMP_TYP_CD") ENABLE;
  ALTER TABLE "KRIM_ENTITY_EMP_INFO_T" ADD CONSTRAINT "KRIM_ENTITY_EMP_INFO_TR4" FOREIGN KEY ("ENTITY_AFLTN_ID")
	  REFERENCES "KRIM_ENTITY_AFLTN_T" ("ENTITY_AFLTN_ID") ENABLE;
--------------------------------------------------------
--  Ref Constraints for Table KRIM_ENTITY_ENT_TYP_T
--------------------------------------------------------

  ALTER TABLE "KRIM_ENTITY_ENT_TYP_T" ADD CONSTRAINT "KRIM_ENTITY_ENT_TYP_TR1" FOREIGN KEY ("ENTITY_ID")
	  REFERENCES "KRIM_ENTITY_T" ("ENTITY_ID") ON DELETE CASCADE ENABLE;
  ALTER TABLE "KRIM_ENTITY_ENT_TYP_T" ADD CONSTRAINT "KRIM_ENTITY_ENT_TYP_TR2" FOREIGN KEY ("ENT_TYP_CD")
	  REFERENCES "KRIM_ENT_TYP_T" ("ENT_TYP_CD") ENABLE;
--------------------------------------------------------
--  Ref Constraints for Table KRIM_ENTITY_ETHNIC_T
--------------------------------------------------------

  ALTER TABLE "KRIM_ENTITY_ETHNIC_T" ADD CONSTRAINT "KRIM_ENTITY_ETHNIC_TR1" FOREIGN KEY ("ENTITY_ID")
	  REFERENCES "KRIM_ENTITY_T" ("ENTITY_ID") ENABLE;
--------------------------------------------------------
--  Ref Constraints for Table KRIM_ENTITY_EXT_ID_T
--------------------------------------------------------

  ALTER TABLE "KRIM_ENTITY_EXT_ID_T" ADD CONSTRAINT "KRIM_ENTITY_EXT_ID_TR1" FOREIGN KEY ("ENTITY_ID")
	  REFERENCES "KRIM_ENTITY_T" ("ENTITY_ID") ON DELETE CASCADE ENABLE;
  ALTER TABLE "KRIM_ENTITY_EXT_ID_T" ADD CONSTRAINT "KRIM_ENTITY_EXT_ID_TR2" FOREIGN KEY ("EXT_ID_TYP_CD")
	  REFERENCES "KRIM_EXT_ID_TYP_T" ("EXT_ID_TYP_CD") ENABLE;
--------------------------------------------------------
--  Ref Constraints for Table KRIM_ENTITY_NM_T
--------------------------------------------------------

  ALTER TABLE "KRIM_ENTITY_NM_T" ADD CONSTRAINT "KRIM_ENTITY_NM_TR1" FOREIGN KEY ("ENTITY_ID")
	  REFERENCES "KRIM_ENTITY_T" ("ENTITY_ID") ON DELETE CASCADE ENABLE;
--------------------------------------------------------
--  Ref Constraints for Table KRIM_ENTITY_PHONE_T
--------------------------------------------------------

  ALTER TABLE "KRIM_ENTITY_PHONE_T" ADD CONSTRAINT "KRIM_ENTITY_PHONE_TR1" FOREIGN KEY ("ENT_TYP_CD", "ENTITY_ID")
	  REFERENCES "KRIM_ENTITY_ENT_TYP_T" ("ENT_TYP_CD", "ENTITY_ID") ON DELETE CASCADE ENABLE;
  ALTER TABLE "KRIM_ENTITY_PHONE_T" ADD CONSTRAINT "KRIM_ENTITY_PHONE_TR2" FOREIGN KEY ("PHONE_TYP_CD")
	  REFERENCES "KRIM_PHONE_TYP_T" ("PHONE_TYP_CD") ENABLE;
--------------------------------------------------------
--  Ref Constraints for Table KRIM_ENTITY_RESIDENCY_T
--------------------------------------------------------

  ALTER TABLE "KRIM_ENTITY_RESIDENCY_T" ADD CONSTRAINT "KRIM_ENTITY_RESIDENCY_TR1" FOREIGN KEY ("ENTITY_ID")
	  REFERENCES "KRIM_ENTITY_T" ("ENTITY_ID") ENABLE;
--------------------------------------------------------
--  Ref Constraints for Table KRIM_ENTITY_VISA_T
--------------------------------------------------------

  ALTER TABLE "KRIM_ENTITY_VISA_T" ADD CONSTRAINT "KRIM_ENTITY_VISA_TR1" FOREIGN KEY ("ENTITY_ID")
	  REFERENCES "KRIM_ENTITY_T" ("ENTITY_ID") ENABLE;
--------------------------------------------------------
--  Ref Constraints for Table KRIM_GRP_ATTR_DATA_T
--------------------------------------------------------

  ALTER TABLE "KRIM_GRP_ATTR_DATA_T" ADD CONSTRAINT "KRIM_GRP_ATTR_DATA_TR1" FOREIGN KEY ("KIM_TYP_ID")
	  REFERENCES "KRIM_TYP_T" ("KIM_TYP_ID") ENABLE;
  ALTER TABLE "KRIM_GRP_ATTR_DATA_T" ADD CONSTRAINT "KRIM_GRP_ATTR_DATA_TR2" FOREIGN KEY ("KIM_ATTR_DEFN_ID")
	  REFERENCES "KRIM_ATTR_DEFN_T" ("KIM_ATTR_DEFN_ID") ENABLE;
  ALTER TABLE "KRIM_GRP_ATTR_DATA_T" ADD CONSTRAINT "KRIM_GRP_ATTR_DATA_TR3" FOREIGN KEY ("GRP_ID")
	  REFERENCES "KRIM_GRP_T" ("GRP_ID") ON DELETE CASCADE ENABLE;
--------------------------------------------------------
--  Ref Constraints for Table KRIM_GRP_MBR_T
--------------------------------------------------------

  ALTER TABLE "KRIM_GRP_MBR_T" ADD CONSTRAINT "KRIM_GRP_MBR_TR1" FOREIGN KEY ("GRP_ID")
	  REFERENCES "KRIM_GRP_T" ("GRP_ID") ON DELETE CASCADE ENABLE;
--------------------------------------------------------
--  Ref Constraints for Table KRIM_GRP_T
--------------------------------------------------------

  ALTER TABLE "KRIM_GRP_T" ADD CONSTRAINT "KRIM_GRP_TR1" FOREIGN KEY ("KIM_TYP_ID")
	  REFERENCES "KRIM_TYP_T" ("KIM_TYP_ID") ENABLE;
--------------------------------------------------------
--  Ref Constraints for Table KRIM_PERM_ATTR_DATA_T
--------------------------------------------------------

  ALTER TABLE "KRIM_PERM_ATTR_DATA_T" ADD CONSTRAINT "KRIM_PERM_ATTR_DATA_TR1" FOREIGN KEY ("KIM_TYP_ID")
	  REFERENCES "KRIM_TYP_T" ("KIM_TYP_ID") ENABLE;
  ALTER TABLE "KRIM_PERM_ATTR_DATA_T" ADD CONSTRAINT "KRIM_PERM_ATTR_DATA_TR2" FOREIGN KEY ("KIM_ATTR_DEFN_ID")
	  REFERENCES "KRIM_ATTR_DEFN_T" ("KIM_ATTR_DEFN_ID") ENABLE;
  ALTER TABLE "KRIM_PERM_ATTR_DATA_T" ADD CONSTRAINT "KRIM_PERM_ATTR_DATA_TR3" FOREIGN KEY ("PERM_ID")
	  REFERENCES "KRIM_PERM_T" ("PERM_ID") ON DELETE CASCADE ENABLE;
--------------------------------------------------------
--  Ref Constraints for Table KRIM_PERM_T
--------------------------------------------------------

  ALTER TABLE "KRIM_PERM_T" ADD CONSTRAINT "KRIM_PERM_TR1" FOREIGN KEY ("PERM_TMPL_ID")
	  REFERENCES "KRIM_PERM_TMPL_T" ("PERM_TMPL_ID") ENABLE;
--------------------------------------------------------
--  Ref Constraints for Table KRIM_PERM_TMPL_T
--------------------------------------------------------

  ALTER TABLE "KRIM_PERM_TMPL_T" ADD CONSTRAINT "KRIM_PERM_TMPL_TR1" FOREIGN KEY ("KIM_TYP_ID")
	  REFERENCES "KRIM_TYP_T" ("KIM_TYP_ID") ENABLE;
--------------------------------------------------------
--  Ref Constraints for Table KRIM_PND_AFLTN_MT
--------------------------------------------------------

  ALTER TABLE "KRIM_PND_AFLTN_MT" ADD CONSTRAINT "KRIM_PND_AFLTN_MT_FK1" FOREIGN KEY ("FDOC_NBR")
	  REFERENCES "KRIM_PERSON_DOCUMENT_T" ("FDOC_NBR") ENABLE;
--------------------------------------------------------
--  Ref Constraints for Table KRIM_PRNCPL_T
--------------------------------------------------------

  ALTER TABLE "KRIM_PRNCPL_T" ADD CONSTRAINT "KRIM_PRNCPL_TR1" FOREIGN KEY ("ENTITY_ID")
	  REFERENCES "KRIM_ENTITY_T" ("ENTITY_ID") ON DELETE CASCADE ENABLE;
--------------------------------------------------------
--  Ref Constraints for Table KRIM_ROLE_MBR_ATTR_DATA_T
--------------------------------------------------------

  ALTER TABLE "KRIM_ROLE_MBR_ATTR_DATA_T" ADD CONSTRAINT "KRIM_ROLE_MBR_ATTR_DATA_TR1" FOREIGN KEY ("KIM_TYP_ID")
	  REFERENCES "KRIM_TYP_T" ("KIM_TYP_ID") ENABLE;
  ALTER TABLE "KRIM_ROLE_MBR_ATTR_DATA_T" ADD CONSTRAINT "KRIM_ROLE_MBR_ATTR_DATA_TR2" FOREIGN KEY ("KIM_ATTR_DEFN_ID")
	  REFERENCES "KRIM_ATTR_DEFN_T" ("KIM_ATTR_DEFN_ID") ENABLE;
--------------------------------------------------------
--  Ref Constraints for Table KRIM_ROLE_MBR_T
--------------------------------------------------------

  ALTER TABLE "KRIM_ROLE_MBR_T" ADD CONSTRAINT "KRIM_ROLE_MBR_TR1" FOREIGN KEY ("ROLE_ID")
	  REFERENCES "KRIM_ROLE_T" ("ROLE_ID") ON DELETE CASCADE ENABLE;
--------------------------------------------------------
--  Ref Constraints for Table KRIM_ROLE_PERM_T
--------------------------------------------------------

  ALTER TABLE "KRIM_ROLE_PERM_T" ADD CONSTRAINT "KRIM_ROLE_PERM_TR1" FOREIGN KEY ("PERM_ID")
	  REFERENCES "KRIM_PERM_T" ("PERM_ID") ENABLE;
--------------------------------------------------------
--  Ref Constraints for Table KRIM_ROLE_RSP_T
--------------------------------------------------------

  ALTER TABLE "KRIM_ROLE_RSP_T" ADD CONSTRAINT "KRIM_ROLE_RSP_TR1" FOREIGN KEY ("RSP_ID")
	  REFERENCES "KRIM_RSP_T" ("RSP_ID") ENABLE;
--------------------------------------------------------
--  Ref Constraints for Table KRIM_ROLE_T
--------------------------------------------------------

  ALTER TABLE "KRIM_ROLE_T" ADD CONSTRAINT "KRIM_ROLE_TR1" FOREIGN KEY ("KIM_TYP_ID")
	  REFERENCES "KRIM_TYP_T" ("KIM_TYP_ID") ENABLE;
--------------------------------------------------------
--  Ref Constraints for Table KRIM_RSP_ATTR_DATA_T
--------------------------------------------------------

  ALTER TABLE "KRIM_RSP_ATTR_DATA_T" ADD CONSTRAINT "KRIM_RSP_ATTR_DATA_TR1" FOREIGN KEY ("KIM_TYP_ID")
	  REFERENCES "KRIM_TYP_T" ("KIM_TYP_ID") ENABLE;
  ALTER TABLE "KRIM_RSP_ATTR_DATA_T" ADD CONSTRAINT "KRIM_RSP_ATTR_DATA_TR2" FOREIGN KEY ("KIM_ATTR_DEFN_ID")
	  REFERENCES "KRIM_ATTR_DEFN_T" ("KIM_ATTR_DEFN_ID") ENABLE;
  ALTER TABLE "KRIM_RSP_ATTR_DATA_T" ADD CONSTRAINT "KRIM_RSP_ATTR_DATA_TR3" FOREIGN KEY ("RSP_ID")
	  REFERENCES "KRIM_RSP_T" ("RSP_ID") ON DELETE CASCADE ENABLE;
--------------------------------------------------------
--  Ref Constraints for Table KRIM_RSP_T
--------------------------------------------------------

  ALTER TABLE "KRIM_RSP_T" ADD CONSTRAINT "KRIM_RSP_TR1" FOREIGN KEY ("RSP_TMPL_ID")
	  REFERENCES "KRIM_RSP_TMPL_T" ("RSP_TMPL_ID") ENABLE;
--------------------------------------------------------
--  Ref Constraints for Table KRIM_RSP_TMPL_T
--------------------------------------------------------

  ALTER TABLE "KRIM_RSP_TMPL_T" ADD CONSTRAINT "KRIM_RSP_TMPL_TR1" FOREIGN KEY ("KIM_TYP_ID")
	  REFERENCES "KRIM_TYP_T" ("KIM_TYP_ID") ENABLE;
--------------------------------------------------------
--  Ref Constraints for Table KRIM_TYP_ATTR_T
--------------------------------------------------------

  ALTER TABLE "KRIM_TYP_ATTR_T" ADD CONSTRAINT "KRIM_TYP_ATTRIBUTE_TR1" FOREIGN KEY ("KIM_TYP_ID")
	  REFERENCES "KRIM_TYP_T" ("KIM_TYP_ID") ON DELETE CASCADE ENABLE;
  ALTER TABLE "KRIM_TYP_ATTR_T" ADD CONSTRAINT "KRIM_TYP_ATTR_TR2" FOREIGN KEY ("KIM_ATTR_DEFN_ID")
	  REFERENCES "KRIM_ATTR_DEFN_T" ("KIM_ATTR_DEFN_ID") ON DELETE CASCADE ENABLE;
--------------------------------------------------------
--  Ref Constraints for Table KRLC_CMP_T
--------------------------------------------------------

  ALTER TABLE "KRLC_CMP_T" ADD CONSTRAINT "SH_CAMPUS_TR1" FOREIGN KEY ("CAMPUS_TYP_CD")
	  REFERENCES "KRLC_CMP_TYP_T" ("CAMPUS_TYP_CD") ENABLE;
--------------------------------------------------------
--  Ref Constraints for Table KRLC_CNTY_T
--------------------------------------------------------

  ALTER TABLE "KRLC_CNTY_T" ADD CONSTRAINT "KRLC_CNTY_TR1" FOREIGN KEY ("STATE_CD", "POSTAL_CNTRY_CD")
	  REFERENCES "KRLC_ST_T" ("POSTAL_STATE_CD", "POSTAL_CNTRY_CD") ENABLE;
--------------------------------------------------------
--  Ref Constraints for Table KRLC_PSTL_CD_T
--------------------------------------------------------

  ALTER TABLE "KRLC_PSTL_CD_T" ADD CONSTRAINT "KR_POSTAL_CODE_TR1" FOREIGN KEY ("POSTAL_CNTRY_CD")
	  REFERENCES "KRLC_CNTRY_T" ("POSTAL_CNTRY_CD") ENABLE;
  ALTER TABLE "KRLC_PSTL_CD_T" ADD CONSTRAINT "KR_POSTAL_CODE_TR2" FOREIGN KEY ("POSTAL_STATE_CD", "POSTAL_CNTRY_CD")
	  REFERENCES "KRLC_ST_T" ("POSTAL_STATE_CD", "POSTAL_CNTRY_CD") ENABLE;
  ALTER TABLE "KRLC_PSTL_CD_T" ADD CONSTRAINT "KR_POSTAL_CODE_TR3" FOREIGN KEY ("COUNTY_CD", "POSTAL_STATE_CD", "POSTAL_CNTRY_CD")
	  REFERENCES "KRLC_CNTY_T" ("COUNTY_CD", "STATE_CD", "POSTAL_CNTRY_CD") ENABLE;
--------------------------------------------------------
--  Ref Constraints for Table KRLC_ST_T
--------------------------------------------------------

  ALTER TABLE "KRLC_ST_T" ADD CONSTRAINT "KR_STATE_TR1" FOREIGN KEY ("POSTAL_CNTRY_CD")
	  REFERENCES "KRLC_CNTRY_T" ("POSTAL_CNTRY_CD") ENABLE;
--------------------------------------------------------
--  Ref Constraints for Table KRMS_ACTN_ATTR_T
--------------------------------------------------------

  ALTER TABLE "KRMS_ACTN_ATTR_T" ADD CONSTRAINT "KRMS_ACTN_ATTR_FK1" FOREIGN KEY ("ACTN_ID")
	  REFERENCES "KRMS_ACTN_T" ("ACTN_ID") ENABLE;
  ALTER TABLE "KRMS_ACTN_ATTR_T" ADD CONSTRAINT "KRMS_ACTN_ATTR_FK2" FOREIGN KEY ("ATTR_DEFN_ID")
	  REFERENCES "KRMS_ATTR_DEFN_T" ("ATTR_DEFN_ID") ENABLE;
--------------------------------------------------------
--  Ref Constraints for Table KRMS_ACTN_T
--------------------------------------------------------

  ALTER TABLE "KRMS_ACTN_T" ADD CONSTRAINT "KRMS_ACTN_FK1" FOREIGN KEY ("RULE_ID")
	  REFERENCES "KRMS_RULE_T" ("RULE_ID") ENABLE;
--------------------------------------------------------
--  Ref Constraints for Table KRMS_AGENDA_ATTR_T
--------------------------------------------------------

  ALTER TABLE "KRMS_AGENDA_ATTR_T" ADD CONSTRAINT "KRMS_AGENDA_ATTR_FK1" FOREIGN KEY ("AGENDA_ID")
	  REFERENCES "KRMS_AGENDA_T" ("AGENDA_ID") ENABLE;
  ALTER TABLE "KRMS_AGENDA_ATTR_T" ADD CONSTRAINT "KRMS_AGENDA_ATTR_FK2" FOREIGN KEY ("ATTR_DEFN_ID")
	  REFERENCES "KRMS_ATTR_DEFN_T" ("ATTR_DEFN_ID") ENABLE;
--------------------------------------------------------
--  Ref Constraints for Table KRMS_AGENDA_ITM_T
--------------------------------------------------------

  ALTER TABLE "KRMS_AGENDA_ITM_T" ADD CONSTRAINT "KRMS_AGENDA_ITM_FK1" FOREIGN KEY ("RULE_ID")
	  REFERENCES "KRMS_RULE_T" ("RULE_ID") ENABLE;
  ALTER TABLE "KRMS_AGENDA_ITM_T" ADD CONSTRAINT "KRMS_AGENDA_ITM_FK2" FOREIGN KEY ("AGENDA_ID")
	  REFERENCES "KRMS_AGENDA_T" ("AGENDA_ID") ENABLE;
  ALTER TABLE "KRMS_AGENDA_ITM_T" ADD CONSTRAINT "KRMS_AGENDA_ITM_FK3" FOREIGN KEY ("SUB_AGENDA_ID")
	  REFERENCES "KRMS_AGENDA_T" ("AGENDA_ID") ENABLE;
  ALTER TABLE "KRMS_AGENDA_ITM_T" ADD CONSTRAINT "KRMS_AGENDA_ITM_FK4" FOREIGN KEY ("WHEN_TRUE")
	  REFERENCES "KRMS_AGENDA_ITM_T" ("AGENDA_ITM_ID") ENABLE;
  ALTER TABLE "KRMS_AGENDA_ITM_T" ADD CONSTRAINT "KRMS_AGENDA_ITM_FK5" FOREIGN KEY ("WHEN_FALSE")
	  REFERENCES "KRMS_AGENDA_ITM_T" ("AGENDA_ITM_ID") ENABLE;
  ALTER TABLE "KRMS_AGENDA_ITM_T" ADD CONSTRAINT "KRMS_AGENDA_ITM_FK6" FOREIGN KEY ("ALWAYS")
	  REFERENCES "KRMS_AGENDA_ITM_T" ("AGENDA_ITM_ID") ENABLE;
--------------------------------------------------------
--  Ref Constraints for Table KRMS_AGENDA_T
--------------------------------------------------------

  ALTER TABLE "KRMS_AGENDA_T" ADD CONSTRAINT "KRMS_AGENDA_FK1" FOREIGN KEY ("CNTXT_ID")
	  REFERENCES "KRMS_CNTXT_T" ("CNTXT_ID") ENABLE;
--------------------------------------------------------
--  Ref Constraints for Table KRMS_CMPND_PROP_PROPS_T
--------------------------------------------------------

  ALTER TABLE "KRMS_CMPND_PROP_PROPS_T" ADD CONSTRAINT "KRMS_CMPND_PROP_PROPS_FK1" FOREIGN KEY ("PROP_ID")
	  REFERENCES "KRMS_PROP_T" ("PROP_ID") ENABLE;
  ALTER TABLE "KRMS_CMPND_PROP_PROPS_T" ADD CONSTRAINT "KRMS_CMPND_PROP_PROPS_FK2" FOREIGN KEY ("CMPND_PROP_ID")
	  REFERENCES "KRMS_PROP_T" ("PROP_ID") ENABLE;
--------------------------------------------------------
--  Ref Constraints for Table KRMS_CNTXT_ATTR_T
--------------------------------------------------------

  ALTER TABLE "KRMS_CNTXT_ATTR_T" ADD CONSTRAINT "KRMS_CNTXT_ATTR_FK1" FOREIGN KEY ("CNTXT_ID")
	  REFERENCES "KRMS_CNTXT_T" ("CNTXT_ID") ENABLE;
  ALTER TABLE "KRMS_CNTXT_ATTR_T" ADD CONSTRAINT "KRMS_CNTXT_ATTR_FK2" FOREIGN KEY ("ATTR_DEFN_ID")
	  REFERENCES "KRMS_ATTR_DEFN_T" ("ATTR_DEFN_ID") ENABLE;
--------------------------------------------------------
--  Ref Constraints for Table KRMS_CNTXT_VLD_ACTN_TYP_T
--------------------------------------------------------

  ALTER TABLE "KRMS_CNTXT_VLD_ACTN_TYP_T" ADD CONSTRAINT "KRMS_CNTXT_VLD_ACTN_TYP_FK1" FOREIGN KEY ("CNTXT_ID")
	  REFERENCES "KRMS_CNTXT_T" ("CNTXT_ID") ENABLE;
--------------------------------------------------------
--  Ref Constraints for Table KRMS_CNTXT_VLD_AGENDA_TYP_T
--------------------------------------------------------

  ALTER TABLE "KRMS_CNTXT_VLD_AGENDA_TYP_T" ADD CONSTRAINT "KRMS_CNTXT_VLD_AGENDA_TYP_FK1" FOREIGN KEY ("CNTXT_ID")
	  REFERENCES "KRMS_CNTXT_T" ("CNTXT_ID") ENABLE;
--------------------------------------------------------
--  Ref Constraints for Table KRMS_CNTXT_VLD_FUNC_T
--------------------------------------------------------

  ALTER TABLE "KRMS_CNTXT_VLD_FUNC_T" ADD CONSTRAINT "KRMS_CNTXT_VLD_FUNC_FK1" FOREIGN KEY ("CNTXT_ID")
	  REFERENCES "KRMS_CNTXT_T" ("CNTXT_ID") ENABLE;
--------------------------------------------------------
--  Ref Constraints for Table KRMS_CNTXT_VLD_RULE_TYP_T
--------------------------------------------------------

  ALTER TABLE "KRMS_CNTXT_VLD_RULE_TYP_T" ADD CONSTRAINT "KRMS_CNTXT_VLD_RULE_TYP_FK1" FOREIGN KEY ("CNTXT_ID")
	  REFERENCES "KRMS_CNTXT_T" ("CNTXT_ID") ENABLE;
--------------------------------------------------------
--  Ref Constraints for Table KRMS_CNTXT_VLD_TERM_SPEC_T
--------------------------------------------------------

  ALTER TABLE "KRMS_CNTXT_VLD_TERM_SPEC_T" ADD CONSTRAINT "KRMS_CNTXT_VLD_TERM_SPEC_TI1" FOREIGN KEY ("CNTXT_ID")
	  REFERENCES "KRMS_CNTXT_T" ("CNTXT_ID") ENABLE;
  ALTER TABLE "KRMS_CNTXT_VLD_TERM_SPEC_T" ADD CONSTRAINT "KRMS_CNTXT_VLD_TERM_SPEC_TI2" FOREIGN KEY ("TERM_SPEC_ID")
	  REFERENCES "KRMS_TERM_SPEC_T" ("TERM_SPEC_ID") ENABLE;
--------------------------------------------------------
--  Ref Constraints for Table KRMS_FUNC_CTGRY_T
--------------------------------------------------------

  ALTER TABLE "KRMS_FUNC_CTGRY_T" ADD CONSTRAINT "KRMS_FUNC_CTGRY_FK1" FOREIGN KEY ("FUNC_ID")
	  REFERENCES "KRMS_FUNC_T" ("FUNC_ID") ENABLE;
  ALTER TABLE "KRMS_FUNC_CTGRY_T" ADD CONSTRAINT "KRMS_FUNC_CTGRY_FK2" FOREIGN KEY ("CTGRY_ID")
	  REFERENCES "KRMS_CTGRY_T" ("CTGRY_ID") ENABLE;
--------------------------------------------------------
--  Ref Constraints for Table KRMS_FUNC_PARM_T
--------------------------------------------------------

  ALTER TABLE "KRMS_FUNC_PARM_T" ADD CONSTRAINT "KRMS_FUNC_PARM_FK1" FOREIGN KEY ("FUNC_ID")
	  REFERENCES "KRMS_FUNC_T" ("FUNC_ID") ENABLE;
--------------------------------------------------------
--  Ref Constraints for Table KRMS_FUNC_T
--------------------------------------------------------

  ALTER TABLE "KRMS_FUNC_T" ADD CONSTRAINT "KRMS_FUNC_FK1" FOREIGN KEY ("TYP_ID")
	  REFERENCES "KRMS_TYP_T" ("TYP_ID") ENABLE;
--------------------------------------------------------
--  Ref Constraints for Table KRMS_NL_TMPL_ATTR_T
--------------------------------------------------------

  ALTER TABLE "KRMS_NL_TMPL_ATTR_T" ADD CONSTRAINT "KRMS_NL_TMPL_ATTR_FK1" FOREIGN KEY ("NL_TMPL_ID")
	  REFERENCES "KRMS_NL_TMPL_T" ("NL_TMPL_ID") ENABLE;
  ALTER TABLE "KRMS_NL_TMPL_ATTR_T" ADD CONSTRAINT "KRMS_NL_TMPL_ATTR_FK2" FOREIGN KEY ("ATTR_DEFN_ID")
	  REFERENCES "KRMS_ATTR_DEFN_T" ("ATTR_DEFN_ID") ENABLE;
--------------------------------------------------------
--  Ref Constraints for Table KRMS_NL_TMPL_T
--------------------------------------------------------

  ALTER TABLE "KRMS_NL_TMPL_T" ADD CONSTRAINT "KRMS_NL_TMPL_FK1" FOREIGN KEY ("NL_USAGE_ID")
	  REFERENCES "KRMS_NL_USAGE_T" ("NL_USAGE_ID") ENABLE;
  ALTER TABLE "KRMS_NL_TMPL_T" ADD CONSTRAINT "KRMS_TYP_T" FOREIGN KEY ("TYP_ID")
	  REFERENCES "KRMS_TYP_T" ("TYP_ID") ENABLE;
--------------------------------------------------------
--  Ref Constraints for Table KRMS_NL_USAGE_ATTR_T
--------------------------------------------------------

  ALTER TABLE "KRMS_NL_USAGE_ATTR_T" ADD CONSTRAINT "KRMS_NL_USAGE_ATTR_FK1" FOREIGN KEY ("NL_USAGE_ID")
	  REFERENCES "KRMS_NL_USAGE_T" ("NL_USAGE_ID") ENABLE;
  ALTER TABLE "KRMS_NL_USAGE_ATTR_T" ADD CONSTRAINT "KRMS_NL_USAGE_ATTR_FK2" FOREIGN KEY ("ATTR_DEFN_ID")
	  REFERENCES "KRMS_ATTR_DEFN_T" ("ATTR_DEFN_ID") ENABLE;
--------------------------------------------------------
--  Ref Constraints for Table KRMS_PROP_PARM_T
--------------------------------------------------------

  ALTER TABLE "KRMS_PROP_PARM_T" ADD CONSTRAINT "KRMS_PROP_PARM_FK1" FOREIGN KEY ("PROP_ID")
	  REFERENCES "KRMS_PROP_T" ("PROP_ID") ENABLE;
--------------------------------------------------------
--  Ref Constraints for Table KRMS_PROP_T
--------------------------------------------------------

  ALTER TABLE "KRMS_PROP_T" ADD CONSTRAINT "KRMS_PROP_FK2" FOREIGN KEY ("TYP_ID")
	  REFERENCES "KRMS_TYP_T" ("TYP_ID") ENABLE;
--------------------------------------------------------
--  Ref Constraints for Table KRMS_RULE_ATTR_T
--------------------------------------------------------

  ALTER TABLE "KRMS_RULE_ATTR_T" ADD CONSTRAINT "KRMS_RULE_ATTR_FK1" FOREIGN KEY ("RULE_ID")
	  REFERENCES "KRMS_RULE_T" ("RULE_ID") ENABLE;
  ALTER TABLE "KRMS_RULE_ATTR_T" ADD CONSTRAINT "KRMS_RULE_ATTR_FK2" FOREIGN KEY ("ATTR_DEFN_ID")
	  REFERENCES "KRMS_ATTR_DEFN_T" ("ATTR_DEFN_ID") ENABLE;
--------------------------------------------------------
--  Ref Constraints for Table KRMS_RULE_T
--------------------------------------------------------

  ALTER TABLE "KRMS_RULE_T" ADD CONSTRAINT "KRMS_RULE_FK1" FOREIGN KEY ("PROP_ID")
	  REFERENCES "KRMS_PROP_T" ("PROP_ID") ENABLE;
--------------------------------------------------------
--  Ref Constraints for Table KRMS_TERM_PARM_T
--------------------------------------------------------

  ALTER TABLE "KRMS_TERM_PARM_T" ADD CONSTRAINT "KRMS_TERM_PARM_FK1" FOREIGN KEY ("TERM_ID")
	  REFERENCES "KRMS_TERM_T" ("TERM_ID") ENABLE;
--------------------------------------------------------
--  Ref Constraints for Table KRMS_TERM_RSLVR_ATTR_T
--------------------------------------------------------

  ALTER TABLE "KRMS_TERM_RSLVR_ATTR_T" ADD CONSTRAINT "KRMS_TERM_RSLVR_ATTR_FK1" FOREIGN KEY ("TERM_RSLVR_ID")
	  REFERENCES "KRMS_TERM_RSLVR_T" ("TERM_RSLVR_ID") ENABLE;
  ALTER TABLE "KRMS_TERM_RSLVR_ATTR_T" ADD CONSTRAINT "KRMS_TERM_RSLVR_ATTR_FK2" FOREIGN KEY ("ATTR_DEFN_ID")
	  REFERENCES "KRMS_ATTR_DEFN_T" ("ATTR_DEFN_ID") ENABLE;
--------------------------------------------------------
--  Ref Constraints for Table KRMS_TERM_RSLVR_INPUT_SPEC_T
--------------------------------------------------------

  ALTER TABLE "KRMS_TERM_RSLVR_INPUT_SPEC_T" ADD CONSTRAINT "KRMS_INPUT_ASSET_FK1" FOREIGN KEY ("TERM_RSLVR_ID")
	  REFERENCES "KRMS_TERM_RSLVR_T" ("TERM_RSLVR_ID") ENABLE;
  ALTER TABLE "KRMS_TERM_RSLVR_INPUT_SPEC_T" ADD CONSTRAINT "KRMS_INPUT_ASSET_FK2" FOREIGN KEY ("TERM_SPEC_ID")
	  REFERENCES "KRMS_TERM_SPEC_T" ("TERM_SPEC_ID") ENABLE;
--------------------------------------------------------
--  Ref Constraints for Table KRMS_TERM_RSLVR_PARM_SPEC_T
--------------------------------------------------------

  ALTER TABLE "KRMS_TERM_RSLVR_PARM_SPEC_T" ADD CONSTRAINT "KRMS_TERM_RESLV_PARM_FK1" FOREIGN KEY ("TERM_RSLVR_ID")
	  REFERENCES "KRMS_TERM_RSLVR_T" ("TERM_RSLVR_ID") ENABLE;
--------------------------------------------------------
--  Ref Constraints for Table KRMS_TERM_RSLVR_T
--------------------------------------------------------

  ALTER TABLE "KRMS_TERM_RSLVR_T" ADD CONSTRAINT "KRMS_TERM_RSLVR_FK1" FOREIGN KEY ("OUTPUT_TERM_SPEC_ID")
	  REFERENCES "KRMS_TERM_SPEC_T" ("TERM_SPEC_ID") ENABLE;
  ALTER TABLE "KRMS_TERM_RSLVR_T" ADD CONSTRAINT "KRMS_TERM_RSLVR_FK3" FOREIGN KEY ("TYP_ID")
	  REFERENCES "KRMS_TYP_T" ("TYP_ID") ENABLE;
--------------------------------------------------------
--  Ref Constraints for Table KRMS_TERM_SPEC_CTGRY_T
--------------------------------------------------------

  ALTER TABLE "KRMS_TERM_SPEC_CTGRY_T" ADD CONSTRAINT "KRMS_TERM_SPEC_CTGRY_FK1" FOREIGN KEY ("TERM_SPEC_ID")
	  REFERENCES "KRMS_TERM_SPEC_T" ("TERM_SPEC_ID") ENABLE;
  ALTER TABLE "KRMS_TERM_SPEC_CTGRY_T" ADD CONSTRAINT "KRMS_TERM_SPEC_CTGRY_FK2" FOREIGN KEY ("CTGRY_ID")
	  REFERENCES "KRMS_CTGRY_T" ("CTGRY_ID") ENABLE;
--------------------------------------------------------
--  Ref Constraints for Table KRMS_TERM_T
--------------------------------------------------------

  ALTER TABLE "KRMS_TERM_T" ADD CONSTRAINT "KRMS_TERM_T__FK1" FOREIGN KEY ("TERM_SPEC_ID")
	  REFERENCES "KRMS_TERM_SPEC_T" ("TERM_SPEC_ID") ENABLE;
--------------------------------------------------------
--  Ref Constraints for Table KRMS_TYP_ATTR_T
--------------------------------------------------------

  ALTER TABLE "KRMS_TYP_ATTR_T" ADD CONSTRAINT "KRMS_TYP_ATTR_FK1" FOREIGN KEY ("ATTR_DEFN_ID")
	  REFERENCES "KRMS_ATTR_DEFN_T" ("ATTR_DEFN_ID") ENABLE;
  ALTER TABLE "KRMS_TYP_ATTR_T" ADD CONSTRAINT "KRMS_TYP_ATTR_FK2" FOREIGN KEY ("TYP_ID")
	  REFERENCES "KRMS_TYP_T" ("TYP_ID") ENABLE;
--------------------------------------------------------
--  Ref Constraints for Table KRMS_TYP_RELN_T
--------------------------------------------------------

  ALTER TABLE "KRMS_TYP_RELN_T" ADD CONSTRAINT "KRMS_TYP_RELN_FK1" FOREIGN KEY ("FROM_TYP_ID")
	  REFERENCES "KRMS_TYP_T" ("TYP_ID") ENABLE;
  ALTER TABLE "KRMS_TYP_RELN_T" ADD CONSTRAINT "KRMS_TYP_RELN_FK2" FOREIGN KEY ("TO_TYP_ID")
	  REFERENCES "KRMS_TYP_T" ("TYP_ID") ENABLE;
--------------------------------------------------------
--  Ref Constraints for Table KRNS_ATT_T
--------------------------------------------------------

  ALTER TABLE "KRNS_ATT_T" ADD CONSTRAINT "KRNS_ATT_TR1" FOREIGN KEY ("NTE_ID")
	  REFERENCES "KRNS_NTE_T" ("NTE_ID") ENABLE;
--------------------------------------------------------
--  Ref Constraints for Table KRNS_MAINT_DOC_ATT_LST_T
--------------------------------------------------------

  ALTER TABLE "KRNS_MAINT_DOC_ATT_LST_T" ADD CONSTRAINT "KRNS_MAINT_DOC_ATT_LST_FK1" FOREIGN KEY ("DOC_HDR_ID")
	  REFERENCES "KRNS_MAINT_DOC_T" ("DOC_HDR_ID") ENABLE;
--------------------------------------------------------
--  Ref Constraints for Table KRNS_MAINT_DOC_T
--------------------------------------------------------

  ALTER TABLE "KRNS_MAINT_DOC_T" ADD CONSTRAINT "KRNS_MAINT_DOC_TR1" FOREIGN KEY ("DOC_HDR_ID")
	  REFERENCES "KRNS_DOC_HDR_T" ("DOC_HDR_ID") ENABLE;
--------------------------------------------------------
--  Ref Constraints for Table KRNS_NTE_T
--------------------------------------------------------

  ALTER TABLE "KRNS_NTE_T" ADD CONSTRAINT "KRNS_NTE_TR1" FOREIGN KEY ("NTE_TYP_CD")
	  REFERENCES "KRNS_NTE_TYP_T" ("NTE_TYP_CD") ENABLE;
--------------------------------------------------------
--  Ref Constraints for Table KRSB_QRTZ_BLOB_TRIGGERS
--------------------------------------------------------

  ALTER TABLE "KRSB_QRTZ_BLOB_TRIGGERS" ADD CONSTRAINT "KRSB_QRTZ_BLOB_TRIGGERS_TR1" FOREIGN KEY ("TRIGGER_NAME", "TRIGGER_GROUP")
	  REFERENCES "KRSB_QRTZ_TRIGGERS" ("TRIGGER_NAME", "TRIGGER_GROUP") ENABLE;
--------------------------------------------------------
--  Ref Constraints for Table KRSB_QRTZ_CRON_TRIGGERS
--------------------------------------------------------

  ALTER TABLE "KRSB_QRTZ_CRON_TRIGGERS" ADD CONSTRAINT "KRSB_QRTZ_CRON_TRIGGERS_TR1" FOREIGN KEY ("TRIGGER_NAME", "TRIGGER_GROUP")
	  REFERENCES "KRSB_QRTZ_TRIGGERS" ("TRIGGER_NAME", "TRIGGER_GROUP") ENABLE;
--------------------------------------------------------
--  Ref Constraints for Table KRSB_QRTZ_JOB_LISTENERS
--------------------------------------------------------

  ALTER TABLE "KRSB_QRTZ_JOB_LISTENERS" ADD CONSTRAINT "KRSB_QUARTZ_JOB_LISTENERS_TR1" FOREIGN KEY ("JOB_NAME", "JOB_GROUP")
	  REFERENCES "KRSB_QRTZ_JOB_DETAILS" ("JOB_NAME", "JOB_GROUP") ENABLE;
--------------------------------------------------------
--  Ref Constraints for Table KRSB_QRTZ_SIMPLE_TRIGGERS
--------------------------------------------------------

  ALTER TABLE "KRSB_QRTZ_SIMPLE_TRIGGERS" ADD CONSTRAINT "KRSB_QRTZ_SIMPLE_TRIGGERS_TR1" FOREIGN KEY ("TRIGGER_NAME", "TRIGGER_GROUP")
	  REFERENCES "KRSB_QRTZ_TRIGGERS" ("TRIGGER_NAME", "TRIGGER_GROUP") ENABLE;
--------------------------------------------------------
--  Ref Constraints for Table KRSB_QRTZ_TRIGGER_LISTENERS
--------------------------------------------------------

  ALTER TABLE "KRSB_QRTZ_TRIGGER_LISTENERS" ADD CONSTRAINT "KRSB_QRTZ_TRIGGER_LISTENE_TR1" FOREIGN KEY ("TRIGGER_NAME", "TRIGGER_GROUP")
	  REFERENCES "KRSB_QRTZ_TRIGGERS" ("TRIGGER_NAME", "TRIGGER_GROUP") ENABLE;
--------------------------------------------------------
--  Ref Constraints for Table KRSB_SVC_DEF_T
--------------------------------------------------------

  ALTER TABLE "KRSB_SVC_DEF_T" ADD CONSTRAINT "KRSB_SVC_DEF_FK1" FOREIGN KEY ("SVC_DSCRPTR_ID")
	  REFERENCES "KRSB_SVC_DSCRPTR_T" ("SVC_DSCRPTR_ID") ON DELETE CASCADE ENABLE;
--------------------------------------------------------
--  Ref Constraints for Table TRV_MULTI_ATT_SAMPLE
--------------------------------------------------------

  ALTER TABLE "TRV_MULTI_ATT_SAMPLE" ADD CONSTRAINT "SYS_C003453453" FOREIGN KEY ("ATTACHMENT_ID")
	  REFERENCES "TRV_ATT_SAMPLE" ("ATTACHMENT_ID") ENABLE;
